      Step     Time          Energy          fmax
FIRE:    0 18:52:44    87382.320312     5476.748535
FIRE:    1 18:52:44    81223.007812     4669.437012
FIRE:    2 18:52:45    75344.554688     4180.446777
FIRE:    3 18:52:46    69769.421875     3671.685791
FIRE:    4 18:52:47    64618.324219     3126.641602
FIRE:    5 18:52:47    59867.207031     3334.849365
FIRE:    6 18:52:47    55458.882812     3387.786377
FIRE:    7 18:52:48    51378.675781     3315.824951
FIRE:    8 18:52:48    47625.531250     3006.901367
FIRE:    9 18:52:49    44169.691406     2757.305176
FIRE:   10 18:52:49    40988.714844     2589.866699
FIRE:   11 18:52:49    38063.523438     2213.530273
FIRE:   12 18:52:50    35389.976562     1898.868164
FIRE:   13 18:52:50    32946.941406     1729.388062
FIRE:   14 18:52:50    30713.728516     1442.281616
FIRE:   15 18:52:51    28687.351562     1207.853394
FIRE:   16 18:52:51    26838.052734     1010.232910
FIRE:   17 18:52:52    25140.443359      850.074341
FIRE:   18 18:52:52    23576.505859      717.952087
FIRE:   19 18:52:52    22124.125000      612.575867
FIRE:   20 18:52:53    20769.408203      515.718140
FIRE:   21 18:52:53    19500.091797      433.617432
FIRE:   22 18:52:53    18305.431641      390.554535
FIRE:   23 18:52:54    17178.021484      376.120270
FIRE:   24 18:52:54    16112.040039      362.780609
FIRE:   25 18:52:55    15102.346680      352.498383
FIRE:   26 18:52:55    14144.386719      344.166595
FIRE:   27 18:52:55    13234.142578      335.156982
FIRE:   28 18:52:56    12368.000000      325.036530
FIRE:   29 18:52:56    11542.795898      314.728394
FIRE:   30 18:52:56    10755.539062      304.422302
FIRE:   31 18:52:57    10003.690430      293.674805
FIRE:   32 18:52:57     9284.978516      282.280701
FIRE:   33 18:52:58     8597.433594      270.847809
FIRE:   34 18:52:58     7939.246582      259.563019
FIRE:   35 18:52:58     7308.747559      248.222198
FIRE:   36 18:52:59     6704.335938      236.745941
FIRE:   37 18:52:59     6124.597168      225.268173
FIRE:   38 18:52:59     5568.183594      213.993347
FIRE:   39 18:53:00     5033.810547      203.105591
FIRE:   40 18:53:00     4520.334473      192.712021
FIRE:   41 18:53:01     4026.662598      182.860382
FIRE:   42 18:53:01     3551.748291      173.550415
FIRE:   43 18:53:01     3094.639893      164.752396
FIRE:   44 18:53:02     2654.401123      156.425308
FIRE:   45 18:53:02     2230.193604      148.530960
FIRE:   46 18:53:03     1821.207275      141.047974
FIRE:   47 18:53:03     1426.689087      133.955856
FIRE:   48 18:53:03     1045.933350      127.218033
FIRE:   49 18:53:04      678.250305      120.798218
FIRE:   50 18:53:04      323.033447      114.674431
FIRE:   51 18:53:05      -20.303137      108.837265
FIRE:   52 18:53:05     -352.290741      103.283661
FIRE:   53 18:53:06     -673.434875       98.009010
FIRE:   54 18:53:06     -984.200378       93.008255
FIRE:   55 18:53:06    -1285.015869       88.273598
FIRE:   56 18:53:07    -1576.292480       83.795860
FIRE:   57 18:53:07    -1858.404297       79.568840
FIRE:   58 18:53:07    -2131.717041       77.828445
FIRE:   59 18:53:08    -2396.556152       77.239502
FIRE:   60 18:53:08    -2653.257080       76.568771
      Step     Time          Energy          fmax
FIRE:    0 18:58:10    87382.312500     5476.748047
FIRE:    1 18:58:10    81223.015625     4669.437012
FIRE:    2 18:58:11    75344.601562     4180.447754
FIRE:    3 18:58:11    69769.414062     3671.683350
FIRE:    4 18:58:12    64618.316406     3126.640625
FIRE:    5 18:58:13    59867.214844     3334.851074
FIRE:    6 18:58:13    55458.886719     3387.787109
FIRE:    7 18:58:13    51378.683594     3315.824219
FIRE:    8 18:58:14    47625.539062     3006.901855
FIRE:    9 18:58:14    44169.703125     2757.302490
FIRE:   10 18:58:14    40988.703125     2589.866455
FIRE:   11 18:58:15    38063.515625     2213.529297
FIRE:   12 18:58:15    35389.968750     1898.868164
FIRE:   13 18:58:15    32946.925781     1729.387939
FIRE:   14 18:58:16    30713.714844     1442.281616
FIRE:   15 18:58:16    28687.365234     1207.853394
FIRE:   16 18:58:17    26838.050781     1010.232849
FIRE:   17 18:58:17    25140.437500      850.074402
FIRE:   18 18:58:17    23576.503906      717.953491
FIRE:   19 18:58:18    22124.126953      612.575867
FIRE:   20 18:58:18    20769.406250      515.719116
FIRE:   21 18:58:18    19500.105469      433.617462
FIRE:   22 18:58:19    18305.437500      390.554535
FIRE:   23 18:58:19    17178.025391      376.120361
FIRE:   24 18:58:20    16112.041992      362.780640
FIRE:   25 18:58:20    15102.342773      352.498352
FIRE:   26 18:58:20    14144.385742      344.166565
FIRE:   27 18:58:21    13234.138672      335.156982
FIRE:   28 18:58:21    12368.003906      325.036499
FIRE:   29 18:58:21    11542.794922      314.728394
FIRE:   30 18:58:22    10755.541992      304.422302
FIRE:   31 18:58:22    10003.689453      293.674774
FIRE:   32 18:58:22     9284.973633      282.280701
FIRE:   33 18:58:23     8597.438477      270.847839
FIRE:   34 18:58:23     7939.247559      259.563019
FIRE:   35 18:58:24     7308.744141      248.222153
FIRE:   36 18:58:24     6704.335938      236.745911
FIRE:   37 18:58:24     6124.597656      225.268188
FIRE:   38 18:58:25     5568.182129      213.993347
FIRE:   39 18:58:25     5033.810059      203.105591
FIRE:   40 18:58:25     4520.337891      192.712021
FIRE:   41 18:58:26     4026.661621      182.860428
FIRE:   42 18:58:26     3551.747803      173.550415
FIRE:   43 18:58:26     3094.640381      164.752411
FIRE:   44 18:58:27     2654.398682      156.425278
FIRE:   45 18:58:27     2230.192383      148.530991
FIRE:   46 18:58:28     1821.207642      141.047974
FIRE:   47 18:58:28     1426.689575      133.955856
FIRE:   48 18:58:28     1045.932373      127.218056
FIRE:   49 18:58:29      678.251404      120.798218
FIRE:   50 18:58:29      323.034637      114.674423
FIRE:   51 18:58:29      -20.302719      108.837257
FIRE:   52 18:58:30     -352.291779      103.283653
FIRE:   53 18:58:30     -673.435303       98.009026
FIRE:   54 18:58:31     -984.200684       93.008255
FIRE:   55 18:58:31    -1285.014771       88.273407
FIRE:   56 18:58:31    -1576.291016       83.795860
FIRE:   57 18:58:32    -1858.403809       79.568855
FIRE:   58 18:58:32    -2131.716309       77.828972
FIRE:   59 18:58:32    -2396.556396       77.239502
FIRE:   60 18:58:33    -2653.257080       76.568756
FIRE:   61 18:58:33    -2902.113770       75.802483
FIRE:   62 18:58:33    -3143.425293       74.937202
FIRE:   63 18:58:34    -3377.459717       73.976852
FIRE:   64 18:58:34    -3604.497559       72.935928
FIRE:   65 18:58:35    -3824.792480       71.831474
FIRE:   66 18:58:35    -4038.598877       70.681236
FIRE:   67 18:58:35    -4246.150391       69.494736
FIRE:   68 18:58:36    -4447.672852       68.297867
FIRE:   69 18:58:36    -4643.390137       67.358887
FIRE:   70 18:58:36    -4833.495605       66.341484
FIRE:   71 18:58:37    -5018.210449       65.244347
FIRE:   72 18:58:37    -5197.732422       64.063164
FIRE:   73 18:58:37    -5372.229980       62.793465
FIRE:   74 18:58:38    -5541.877441       61.435497
FIRE:   75 18:58:38    -5706.886230       60.006420
FIRE:   76 18:58:39    -5867.385742       58.544128
FIRE:   77 18:58:39    -6023.549316       57.095276
FIRE:   78 18:58:39    -6175.566406       55.682137
FIRE:   79 18:58:40    -6323.544922       54.282471
FIRE:   80 18:58:40    -6467.688965       52.846092
FIRE:   81 18:58:40    -6608.060547       51.336735
FIRE:   82 18:58:41    -6744.846680       49.753536
FIRE:   83 18:58:41    -6878.163574       48.117462
FIRE:   84 18:58:41    -7008.126953       46.456501
FIRE:   85 18:58:42    -7134.888184       44.795975
FIRE:   86 18:58:42    -7258.521973       43.154331
FIRE:   87 18:58:43    -7379.176758       41.543339
FIRE:   88 18:58:43    -7496.941895       39.967674
FIRE:   89 18:58:43    -7611.919434       38.428520
FIRE:   90 18:58:44    -7724.220703       36.924118
FIRE:   91 18:58:44    -7833.966309       35.451050
FIRE:   92 18:58:44    -7941.199707       34.006603
FIRE:   93 18:58:45    -8046.029785       32.590012
FIRE:   94 18:58:45    -8148.566406       31.200991
FIRE:   95 18:58:45    -8248.852539       29.841457
FIRE:   96 18:58:46    -8346.983398       28.514820
FIRE:   97 18:58:46    -8443.032227       27.223707
FIRE:   98 18:58:47    -8537.066406       25.972427
FIRE:   99 18:58:47    -8629.144531       24.763205
FIRE:  100 18:58:47    -8719.352539       23.598661
FIRE:  101 18:58:48    -8807.726562       22.481079
FIRE:  102 18:58:48    -8894.351562       21.584532
FIRE:  103 18:58:48    -8979.267578       21.018448
FIRE:  104 18:58:49    -9062.520508       20.466446
FIRE:  105 18:58:49    -9144.191406       19.928373
FIRE:  106 18:58:50    -9224.299805       19.403957
FIRE:  107 18:58:50    -9302.895508       18.893658
FIRE:  108 18:58:50    -9380.049805       18.396936
FIRE:  109 18:58:51    -9455.765625       17.913591
FIRE:  110 18:58:51    -9530.142578       17.577295
FIRE:  111 18:58:51    -9603.147461       17.349848
FIRE:  112 18:58:52    -9674.884766       17.120304
FIRE:  113 18:58:52    -9745.349609       16.888821
FIRE:  114 18:58:52    -9814.586914       16.656099
FIRE:  115 18:58:53    -9882.625000       16.422720
FIRE:  116 18:58:53    -9949.524414       16.189201
FIRE:  117 18:58:54   -10015.260742       15.955731
FIRE:  118 18:58:54   -10079.921875       15.723048
FIRE:  119 18:58:54   -10143.533203       15.491182
FIRE:  120 18:58:55   -10206.068359       15.260988
FIRE:  121 18:58:55   -10267.575195       15.032481
FIRE:  122 18:58:55   -10328.126953       14.805954
FIRE:  123 18:58:56   -10387.699219       14.805443
FIRE:  124 18:58:56   -10446.346680       14.900939
FIRE:  125 18:58:56   -10504.027344       14.971327
FIRE:  126 18:58:57   -10560.865234       15.014172
FIRE:  127 18:58:57   -10616.790039       15.027280
FIRE:  128 18:58:58   -10671.887695       15.008960
FIRE:  129 18:58:58   -10726.147461       14.957770
FIRE:  130 18:58:58   -10779.578125       14.872912
FIRE:  131 18:58:59   -10832.219727       14.754009
FIRE:  132 18:58:59   -10884.101562       14.601117
FIRE:  133 18:58:59   -10935.191406       14.414969
FIRE:  134 18:59:00   -10985.549805       14.196438
FIRE:  135 18:59:00   -11035.200195       13.947145
FIRE:  136 18:59:00   -11084.128906       13.669022
FIRE:  137 18:59:01   -11132.371094       13.364451
FIRE:  138 18:59:01   -11179.925781       13.036507
FIRE:  139 18:59:02   -11226.826172       12.688714
FIRE:  140 18:59:02   -11273.052734       12.325235
FIRE:  141 18:59:02   -11318.686523       11.950408
FIRE:  142 18:59:03   -11363.654297       11.569180
FIRE:  143 18:59:03   -11408.008789       11.186214
FIRE:  144 18:59:03   -11451.798828       10.903358
FIRE:  145 18:59:04   -11494.996094       10.777172
FIRE:  146 18:59:04   -11537.608398       10.650147
FIRE:  147 18:59:04   -11579.656250       10.522314
FIRE:  148 18:59:05   -11621.176758       10.393768
FIRE:  149 18:59:05   -11662.139648       10.264463
FIRE:  150 18:59:05   -11702.592773       10.134506
FIRE:  151 18:59:06   -11742.515625       10.003827
FIRE:  152 18:59:06   -11781.925781        9.872545
FIRE:  153 18:59:07   -11820.871094        9.740709
FIRE:  154 18:59:07   -11859.304688        9.608381
FIRE:  155 18:59:07   -11897.284180        9.475687
FIRE:  156 18:59:08   -11934.811523        9.342713
FIRE:  157 18:59:08   -11971.858398        9.209605
FIRE:  158 18:59:08   -12008.466797        9.076465
FIRE:  159 18:59:09   -12044.642578        8.943427
FIRE:  160 18:59:09   -12080.384766        8.810662
FIRE:  161 18:59:09   -12115.732422        8.752619
FIRE:  162 18:59:10   -12150.621094        8.750485
FIRE:  163 18:59:10   -12185.144531        8.743546
FIRE:  164 18:59:11   -12219.259766        8.731913
FIRE:  165 18:59:11   -12253.011719        8.715469
FIRE:  166 18:59:11   -12286.370117        8.694266
FIRE:  167 18:59:12   -12319.335938        8.668396
FIRE:  168 18:59:12   -12351.986328        8.637955
FIRE:  169 18:59:12   -12384.275391        8.603014
FIRE:  170 18:59:13   -12416.195312        8.563752
FIRE:  171 18:59:13   -12447.794922        8.683432
FIRE:  172 18:59:13   -12479.034180        8.876081
FIRE:  173 18:59:14   -12509.998047        9.034860
FIRE:  174 18:59:14   -12540.598633        9.157520
FIRE:  175 18:59:14   -12570.892578        9.243325
FIRE:  176 18:59:15   -12600.901367        9.290653
FIRE:  177 18:59:15   -12630.583984        9.299823
FIRE:  178 18:59:16   -12659.977539        9.270000
FIRE:  179 18:59:16   -12689.070312        9.202969
FIRE:  180 18:59:16   -12717.893555        9.098957
FIRE:  181 18:59:17   -12746.413086        8.959969
FIRE:  182 18:59:17   -12774.667969        8.787825
FIRE:  183 18:59:17   -12802.664062        8.584827
FIRE:  184 18:59:18   -12830.389648        8.353241
FIRE:  185 18:59:18   -12857.841797        8.239310
FIRE:  186 18:59:18   -12885.034180        8.351529
FIRE:  187 18:59:19   -12911.944336        8.417438
FIRE:  188 18:59:19   -12938.642578        8.436437
FIRE:  189 18:59:19   -12965.081055        8.409644
FIRE:  190 18:59:20   -12991.255859        8.623343
FIRE:  191 18:59:20   -13017.189453        8.973553
FIRE:  192 18:59:20   -13042.871094        9.285682
FIRE:  193 18:59:21   -13068.329102        9.555738
FIRE:  194 18:59:21   -13093.541992        9.782091
FIRE:  195 18:59:22   -13118.511719        9.962529
FIRE:  196 18:59:22   -13143.257812       10.095049
FIRE:  197 18:59:22   -13167.756836       10.179134
FIRE:  198 18:59:23   -13192.043945       10.214932
FIRE:  199 18:59:23   -13216.068359       10.202324
FIRE:  200 18:59:23   -13239.894531       10.143020
FIRE:  201 18:59:24   -13263.489258       10.037426
FIRE:  202 18:59:24   -13286.868164        9.888502
FIRE:  203 18:59:24   -13310.009766        9.848693
FIRE:  204 18:59:25   -13332.924805        9.881012
FIRE:  205 18:59:25   -13355.621094        9.871790
FIRE:  206 18:59:25   -13378.126953        9.821620
FIRE:  207 18:59:26   -13400.395508       10.203422
FIRE:  208 18:59:26   -13422.455078       10.761742
FIRE:  209 18:59:27   -13444.314453       11.287136
FIRE:  210 18:59:27   -13465.940430       11.774429
FIRE:  211 18:59:27   -13487.365234       12.218552
FIRE:  212 18:59:28   -13508.597656       12.614945
FIRE:  213 18:59:28   -13529.619141       12.959457
FIRE:  214 18:59:28   -13550.477539       13.248604
FIRE:  215 18:59:29   -13571.148438       13.479789
FIRE:  216 18:59:29   -13591.580078       13.651040
FIRE:  217 18:59:29   -13611.850586       13.761302
FIRE:  218 18:59:30   -13631.918945       14.057636
FIRE:  219 18:59:30   -13651.844727       14.315747
FIRE:  220 18:59:30   -13671.580078       14.895024
FIRE:  221 18:59:31   -13691.142578       16.056026
FIRE:  222 18:59:31   -13710.566406       17.165287
FIRE:  223 18:59:31   -13729.801758       18.208525
FIRE:  224 18:59:32   -13748.893555       19.170759
FIRE:  225 18:59:32   -13767.823242       20.038511
FIRE:  226 18:59:32   -13786.589844       20.799875
FIRE:  227 18:59:33   -13805.212891       21.443878
FIRE:  228 18:59:33   -13823.683594       21.961557
FIRE:  229 18:59:34   -13841.978516       22.347210
FIRE:  230 18:59:34   -13860.183594       22.596077
FIRE:  231 18:59:34   -13878.189453       22.706236
FIRE:  232 18:59:35   -13896.089844       22.677990
FIRE:  233 18:59:35   -13913.803711       22.514114
FIRE:  234 18:59:35   -13931.365234       22.219324
FIRE:  235 18:59:36   -13948.762695       21.800655
FIRE:  236 18:59:36   -13966.041992       21.266228
FIRE:  237 18:59:36   -13983.123047       20.626177
FIRE:  238 18:59:37   -14000.075195       19.891672
FIRE:  239 18:59:37   -14016.837891       19.731949
FIRE:  240 18:59:37   -14033.474609       20.304228
FIRE:  241 18:59:38   -14049.902344       20.785662
FIRE:  242 18:59:38   -14066.186523       21.170511
FIRE:  243 18:59:38   -14082.314453       21.454597
FIRE:  244 18:59:39   -14098.250977       21.635311
FIRE:  245 18:59:39   -14114.065430       21.711618
FIRE:  246 18:59:40   -14129.687500       21.684328
FIRE:  247 18:59:40   -14145.148438       21.555639
FIRE:  248 18:59:40   -14160.460938       21.584633
FIRE:  249 18:59:41   -14175.600586       22.213154
FIRE:  250 18:59:41   -14190.600586       22.738232
FIRE:  251 18:59:41   -14205.423828       23.154776
FIRE:  252 18:59:42   -14220.101562       23.458286
FIRE:  253 18:59:42   -14234.642578       23.734247
FIRE:  254 18:59:42   -14249.026367       24.151331
FIRE:  255 18:59:43   -14263.240234       24.529165
FIRE:  256 18:59:43   -14277.321289       24.986679
FIRE:  257 18:59:43   -14291.265625       25.328508
FIRE:  258 18:59:44   -14305.022461       25.551058
FIRE:  259 18:59:44   -14318.675781       25.652973
FIRE:  260 18:59:44   -14332.160156       25.635061
FIRE:  261 18:59:45   -14345.496094       25.498980
FIRE:  262 18:59:45   -14358.681641       25.249065
FIRE:  263 18:59:45   -14371.662109       24.890377
FIRE:  264 18:59:46   -14384.561523       24.430138
FIRE:  265 18:59:46   -14397.290039       23.875929
FIRE:  266 18:59:46   -14409.887695       23.236778
FIRE:  267 18:59:47   -14422.268555       22.522573
FIRE:  268 18:59:47   -14434.558594       23.228380
FIRE:  269 18:59:48   -14446.671875       24.309267
FIRE:  270 18:59:48   -14458.632812       25.322004
FIRE:  271 18:59:48   -14470.469727       26.254883
FIRE:  272 18:59:49   -14482.152344       27.098438
FIRE:  273 18:59:49   -14493.702148       27.843155
FIRE:  274 18:59:49   -14505.083008       28.481096
FIRE:  275 18:59:50   -14516.368164       29.005779
FIRE:  276 18:59:50   -14527.496094       29.412157
FIRE:  277 18:59:50   -14538.538086       29.696651
FIRE:  278 18:59:51   -14549.398438       29.857517
FIRE:  279 18:59:51   -14560.172852       29.928942
FIRE:  280 18:59:51   -14570.812500       30.153597
FIRE:  281 18:59:52   -14581.343750       30.267145
FIRE:  282 18:59:52   -14591.769531       30.269979
FIRE:  283 18:59:52   -14602.065430       30.729300
FIRE:  284 18:59:53   -14612.273438       31.566616
FIRE:  285 18:59:53   -14622.382812       32.295361
FIRE:  286 18:59:53   -14632.353516       32.909435
FIRE:  287 18:59:54   -14642.264648       33.404423
FIRE:  288 18:59:54   -14652.038086       33.775661
FIRE:  289 18:59:55   -14661.672852       34.019520
FIRE:  290 18:59:55   -14671.291992       34.137398
FIRE:  291 18:59:55   -14680.719727       34.128082
FIRE:  292 18:59:56   -14690.078125       33.994667
FIRE:  293 18:59:56   -14699.338867       33.739182
FIRE:  294 18:59:56   -14708.451172       33.366226
FIRE:  295 18:59:57   -14717.464844       32.881573
FIRE:  296 18:59:57   -14726.375977       32.290325
FIRE:  297 18:59:57   -14735.125000       31.602240
FIRE:  298 18:59:58   -14743.826172       31.100132
FIRE:  299 18:59:58   -14752.332031       30.585354
FIRE:  300 18:59:58   -14760.784180       30.731237
FIRE:  301 18:59:59   -14769.063477       31.678806
FIRE:  302 18:59:59   -14777.274414       33.568348
FIRE:  303 18:59:59   -14785.348633       35.799809
FIRE:  304 19:00:00   -14793.287109       37.992783
FIRE:  305 19:00:00   -14801.126953       40.129837
FIRE:  306 19:00:00   -14808.809570       42.190254
FIRE:  307 19:00:01   -14816.412109       44.153816
FIRE:  308 19:00:01   -14823.881836       46.002850
FIRE:  309 19:00:01   -14831.281250       47.714657
FIRE:  310 19:00:02   -14838.536133       49.271824
FIRE:  311 19:00:02   -14845.666992       50.657063
FIRE:  312 19:00:03   -14852.736328       51.855099
FIRE:  313 19:00:03   -14859.646484       52.852520
FIRE:  314 19:00:03   -14866.512695       53.637543
FIRE:  315 19:00:04   -14873.212891       54.203426
FIRE:  316 19:00:04   -14879.818359       54.543381
FIRE:  317 19:00:04   -14886.375977       54.655960
FIRE:  318 19:00:05   -14892.777344       54.542995
FIRE:  319 19:00:05   -14899.072266       54.205830
FIRE:  320 19:00:05   -14905.281250       53.652531
FIRE:  321 19:00:06   -14911.373047       52.893246
FIRE:  322 19:00:06   -14917.357422       51.937218
FIRE:  323 19:00:06   -14923.238281       50.800381
FIRE:  324 19:00:07   -14928.976562       49.496250
FIRE:  325 19:00:07   -14934.632812       48.040009
FIRE:  326 19:00:07   -14940.178711       46.453011
FIRE:  327 19:00:08   -14945.578125       44.750828
FIRE:  328 19:00:08   -14950.851562       42.951080
FIRE:  329 19:00:08   -14955.996094       41.074745
FIRE:  330 19:00:09   -14961.062500       39.135994
FIRE:  331 19:00:09   -14965.916016       37.152767
FIRE:  332 19:00:09   -14970.716797       36.740044
FIRE:  333 19:00:10   -14975.364258       37.401833
FIRE:  334 19:00:10   -14979.881836       37.978447
FIRE:  335 19:00:11   -14984.266602       38.466061
FIRE:  336 19:00:11   -14988.524414       38.862183
FIRE:  337 19:00:11   -14992.674805       39.164738
FIRE:  338 19:00:12   -14996.653320       39.372524
FIRE:  339 19:00:12   -15000.566406       39.779842
FIRE:  340 19:00:12   -15004.336914       41.071201
FIRE:  341 19:00:13   -15007.985352       42.286438
FIRE:  342 19:00:13   -15011.533203       43.416710
FIRE:  343 19:00:13   -15014.970703       44.452557
FIRE:  344 19:00:14   -15018.316406       45.589661
FIRE:  345 19:00:14   -15021.544922       47.746216
FIRE:  346 19:00:14   -15024.679688       49.845482
FIRE:  347 19:00:15   -15027.739258       51.868618
FIRE:  348 19:00:15   -15030.710938       53.798061
FIRE:  349 19:00:15   -15033.619141       55.614880
FIRE:  350 19:00:16   -15036.407227       57.299370
FIRE:  351 19:00:16   -15039.153320       58.876324
FIRE:  352 19:00:16   -15041.832031       60.283848
FIRE:  353 19:00:17   -15044.436523       61.507641
FIRE:  354 19:00:17   -15046.986328       62.532845
FIRE:  355 19:00:17   -15049.486328       63.346832
FIRE:  356 19:00:18   -15051.916992       63.941284
FIRE:  357 19:00:18   -15054.321289       64.310783
FIRE:  358 19:00:19   -15056.638672       64.450180
FIRE:  359 19:00:19   -15058.911133       64.360939
FIRE:  360 19:00:19   -15061.139648       64.044128
FIRE:  361 19:00:20   -15063.328125       63.507652
FIRE:  362 19:00:20   -15065.413086       62.757286
FIRE:  363 19:00:20   -15067.475586       61.804844
FIRE:  364 19:00:21   -15069.482422       60.737389
FIRE:  365 19:00:21   -15071.429688       61.115070
FIRE:  366 19:00:21   -15073.291992       61.305462
FIRE:  367 19:00:22   -15075.088867       61.302402
FIRE:  368 19:00:22   -15076.833008       61.111832
FIRE:  369 19:00:22   -15078.461914       60.731495
FIRE:  370 19:00:23   -15080.059570       60.169270
FIRE:  371 19:00:23   -15081.555664       59.428074
FIRE:  372 19:00:23   -15082.968750       60.045258
FIRE:  373 19:00:24   -15084.321289       62.089054
FIRE:  374 19:00:24   -15085.585938       63.989304
FIRE:  375 19:00:24   -15086.755859       65.728745
FIRE:  376 19:00:25   -15087.837891       67.293564
FIRE:  377 19:00:25   -15088.829102       68.668159
FIRE:  378 19:00:25   -15089.738281       69.840324
FIRE:  379 19:00:26   -15090.564453       70.801865
FIRE:  380 19:00:26   -15091.271484       71.540451
FIRE:  381 19:00:26   -15091.907227       72.051437
FIRE:  382 19:00:27   -15092.463867       72.329575
FIRE:  383 19:00:27   -15092.904297       72.373863
FIRE:  384 19:00:28   -15093.297852       72.184891
FIRE:  385 19:00:28   -15093.598633       71.763962
FIRE:  386 19:00:28   -15093.791016       71.115639
FIRE:  387 19:00:29   -15093.937500       70.249908
FIRE:  388 19:00:29   -15146.095703       38.215046
FIRE:  389 19:00:29   -15191.751953       20.844547
FIRE:  390 19:00:30   -15232.913086       16.843292
FIRE:  391 19:00:30   -15270.743164       14.533902
FIRE:  392 19:00:30   -15305.924805       12.665707
FIRE:  393 19:00:31   -15338.873047       11.503912
FIRE:  394 19:00:31   -15369.924805       11.009069
FIRE:  395 19:00:31   -15399.382812       10.519017
FIRE:  396 19:00:32   -15427.434570       10.027514
FIRE:  397 19:00:32   -15454.230469        9.528018
FIRE:  398 19:00:32   -15479.944336        9.157475
FIRE:  399 19:00:33   -15504.690430        8.923409
FIRE:  400 19:00:33   -15528.592773        8.646711
FIRE:  401 19:00:33   -15551.657227        8.321159
FIRE:  402 19:00:34   -15574.033203        7.941950
FIRE:  403 19:00:34   -15595.738281        7.832965
FIRE:  404 19:00:34   -15616.736328        7.708280
FIRE:  405 19:00:35   -15637.167969        7.545977
FIRE:  406 19:00:35   -15657.003906        7.340888
FIRE:  407 19:00:35   -15676.295898        7.087607
FIRE:  408 19:00:36   -15695.014648        7.075780
FIRE:  409 19:00:36   -15713.262695        7.116608
FIRE:  410 19:00:36   -15731.062500        7.109815
FIRE:  411 19:00:37   -15748.368164        7.235059
FIRE:  412 19:00:37   -15765.271484        7.366999
FIRE:  413 19:00:38   -15781.811523        7.502330
FIRE:  414 19:00:38   -15797.970703        7.636981
FIRE:  415 19:00:38   -15813.803711        7.766073
FIRE:  416 19:00:39   -15829.365234        7.883821
FIRE:  417 19:00:39   -15844.694336        7.983509
FIRE:  418 19:00:39   -15859.739258        8.057352
FIRE:  419 19:00:40   -15874.601562        8.096469
FIRE:  420 19:00:40   -15889.279297        8.091136
FIRE:  421 19:00:40   -15903.750977        8.029979
FIRE:  422 19:00:41   -15918.096680        7.898606
FIRE:  423 19:00:41   -15932.279297        7.680883
FIRE:  424 19:00:41   -15946.330078        7.360229
FIRE:  425 19:00:42   -15960.232422        6.921360
FIRE:  426 19:00:42   -15974.006836        6.351238
FIRE:  427 19:00:42   -15987.634766        5.799993
FIRE:  428 19:00:43   -16001.102539        6.062859
FIRE:  429 19:00:43   -16014.428711        6.061423
FIRE:  430 19:00:43   -16027.644531        6.046559
FIRE:  431 19:00:44   -16040.680664        6.185068
FIRE:  432 19:00:44   -16053.600586        6.322995
FIRE:  433 19:00:44   -16066.380859        6.459187
FIRE:  434 19:00:45   -16079.088867        6.592454
FIRE:  435 19:00:45   -16091.670898        6.721269
FIRE:  436 19:00:45   -16104.180664        7.076430
FIRE:  437 19:00:46   -16116.638672        8.058588
FIRE:  438 19:00:46   -16129.073242        8.632433
FIRE:  439 19:00:46   -16141.418945        8.762877
FIRE:  440 19:00:47   -16153.728516        8.468960
FIRE:  441 19:00:47   -16166.029297        7.817805
FIRE:  442 19:00:47   -16178.232422        7.060511
FIRE:  443 19:00:48   -16190.333008        6.900471
FIRE:  444 19:00:48   -16202.385742        6.646138
FIRE:  445 19:00:49   -16214.333984        6.302257
FIRE:  446 19:00:49   -16226.163086        6.414079
FIRE:  447 19:00:49   -16237.884766        6.494948
FIRE:  448 19:00:50   -16249.498047        6.544259
FIRE:  449 19:00:50   -16260.960938        6.564240
FIRE:  450 19:00:50   -16272.318359        6.559104
FIRE:  451 19:00:51   -16283.500000        6.533331
FIRE:  452 19:00:51   -16294.557617        6.490096
FIRE:  453 19:00:51   -16305.496094        6.429684
FIRE:  454 19:00:52   -16316.313477        6.348385
FIRE:  455 19:00:52   -16327.055664        6.237777
FIRE:  456 19:00:52   -16337.712891        6.654088
FIRE:  457 19:00:53   -16348.364258        7.686635
FIRE:  458 19:00:53   -16358.954102        8.481319
FIRE:  459 19:00:53   -16369.522461        8.976134
FIRE:  460 19:00:54   -16380.100586        9.138211
FIRE:  461 19:00:54   -16390.669922        8.969663
FIRE:  462 19:00:54   -16401.214844        8.581074
FIRE:  463 19:00:55   -16411.751953        8.004189
FIRE:  464 19:00:55   -16422.226562        7.222345
FIRE:  465 19:00:55   -16432.675781        6.822687
FIRE:  466 19:00:56   -16443.023438        7.206350
FIRE:  467 19:00:56   -16453.312500        7.409647
FIRE:  468 19:00:56   -16463.556641        7.423084
FIRE:  469 19:00:57   -16473.755859        7.251383
FIRE:  470 19:00:57   -16483.929688        8.389152
FIRE:  471 19:00:57   -16494.093750        9.492406
FIRE:  472 19:00:58   -16504.191406       10.252108
FIRE:  473 19:00:58   -16514.345703       10.597898
FIRE:  474 19:00:58   -16524.468750       10.506935
FIRE:  475 19:00:59   -16534.562500       10.007280
FIRE:  476 19:00:59   -16544.621094        9.168707
FIRE:  477 19:00:59   -16554.654297        8.085789
FIRE:  478 19:01:00   -16564.615234        6.858421
FIRE:  479 19:01:00   -16574.503906        6.696990
FIRE:  480 19:01:00   -16584.361328        6.818270
FIRE:  481 19:01:01   -16594.138672        6.920417
FIRE:  482 19:01:01   -16603.892578        7.000113
FIRE:  483 19:01:02   -16613.597656        7.050380
FIRE:  484 19:01:02   -16623.257812        7.582306
FIRE:  485 19:01:02   -16632.933594        7.969342
FIRE:  486 19:01:03   -16642.554688        8.126903
FIRE:  487 19:01:03   -16652.171875        8.055050
FIRE:  488 19:01:03   -16661.800781        7.769753
FIRE:  489 19:01:04   -16671.406250        7.300098
FIRE:  490 19:01:04   -16680.980469        7.197379
FIRE:  491 19:01:04   -16690.494141        7.354592
FIRE:  492 19:01:05   -16699.902344        7.540270
FIRE:  493 19:01:05   -16709.238281        7.732976
FIRE:  494 19:01:05   -16718.478516        7.865726
FIRE:  495 19:01:06   -16727.560547        7.922594
FIRE:  496 19:01:06   -16736.531250        7.886865
FIRE:  497 19:01:06   -16745.412109        9.157514
FIRE:  498 19:01:07   -16754.101562       11.840627
FIRE:  499 19:01:07   -16762.759766       14.333678
FIRE:  500 19:01:07   -16771.291016       16.382835
FIRE:  501 19:01:08   -16779.810547       17.751453
FIRE:  502 19:01:08   -16788.322266       18.277094
FIRE:  503 19:01:08   -16796.757812       17.918762
FIRE:  504 19:01:09   -16805.195312       16.758940
FIRE:  505 19:01:09   -16813.527344       14.980967
FIRE:  506 19:01:09   -16821.751953       12.817286
FIRE:  507 19:01:10   -16829.931641       10.494819
FIRE:  508 19:01:10   -16837.962891        8.444972
FIRE:  509 19:01:10   -16845.861328       10.893426
FIRE:  510 19:01:11   -16853.667969       13.267900
FIRE:  511 19:01:11   -16861.488281       15.377295
FIRE:  512 19:01:11   -16869.279297       17.029148
FIRE:  513 19:01:12   -16877.121094       18.059072
FIRE:  514 19:01:12   -16885.046875       18.371948
FIRE:  515 19:01:12   -16892.992188       17.954407
FIRE:  516 19:01:13   -16901.066406       16.879238
FIRE:  517 19:01:13   -16909.162109       15.285371
FIRE:  518 19:01:14   -16917.291016       13.345734
FIRE:  519 19:01:14   -16925.396484       11.232243
FIRE:  520 19:01:14   -16933.488281        9.422919
FIRE:  521 19:01:15   -16941.527344        9.286405
FIRE:  522 19:01:15   -16949.507812        9.924320
FIRE:  523 19:01:15   -16957.423828       11.520006
FIRE:  524 19:01:16   -16965.291016       12.894347
FIRE:  525 19:01:16   -16973.126953       13.939345
FIRE:  526 19:01:16   -16980.902344       14.568566
FIRE:  527 19:01:17   -16988.675781       14.732770
FIRE:  528 19:01:17   -16996.396484       14.431087
FIRE:  529 19:01:17   -17004.080078       13.706762
FIRE:  530 19:01:18   -17011.736328       13.013978
FIRE:  531 19:01:18   -17019.339844       13.686548
FIRE:  532 19:01:18   -17026.908203       13.952915
FIRE:  533 19:01:19   -17034.390625       13.794785
FIRE:  534 19:01:19   -17041.791016       13.234111
FIRE:  535 19:01:19   -17049.117188       12.326620
FIRE:  536 19:01:20   -17056.271484       11.152469
FIRE:  537 19:01:20   -17063.361328        9.802249
FIRE:  538 19:01:20   -17070.351562        8.364886
FIRE:  539 19:01:21   -17077.230469        9.941499
FIRE:  540 19:01:21   -17084.017578       11.846435
FIRE:  541 19:01:21   -17090.748047       13.589171
FIRE:  542 19:01:22   -17097.466797       15.042525
FIRE:  543 19:01:22   -17104.205078       16.093315
FIRE:  544 19:01:22   -17110.931641       16.660025
FIRE:  545 19:01:23   -17117.718750       16.704824
FIRE:  546 19:01:23   -17124.580078       16.237597
FIRE:  547 19:01:23   -17131.513672       15.314113
FIRE:  548 19:01:24   -17138.464844       14.023511
FIRE:  549 19:01:24   -17145.478516       12.473944
FIRE:  550 19:01:24   -17152.505859       10.775720
FIRE:  551 19:01:25   -17159.556641        9.029106
FIRE:  552 19:01:25   -17166.591797        8.337547
FIRE:  553 19:01:26   -17173.603516        8.349543
FIRE:  554 19:01:26   -17180.644531        8.236602
FIRE:  555 19:01:26   -17187.570312        8.005716
FIRE:  556 19:01:27   -17194.587891        7.668082
FIRE:  557 19:01:27   -17201.462891        7.897843
FIRE:  558 19:01:27   -17208.316406        8.260592
FIRE:  559 19:01:28   -17215.121094        8.450472
FIRE:  560 19:01:28   -17221.865234        8.460596
FIRE:  561 19:01:28   -17228.574219        8.295885
FIRE:  562 19:01:29   -17235.218750        7.968341
FIRE:  563 19:01:29   -17241.767578        7.499371
FIRE:  564 19:01:30   -17248.273438        8.320297
FIRE:  565 19:01:30   -17254.740234        9.161155
FIRE:  566 19:01:30   -17261.144531        9.907296
FIRE:  567 19:01:31   -17267.515625       10.520945
FIRE:  568 19:01:31   -17273.867188       10.969407
FIRE:  569 19:01:31   -17280.140625       11.228756
FIRE:  570 19:01:32   -17286.431641       11.285728
FIRE:  571 19:01:32   -17292.730469       11.139423
FIRE:  572 19:01:32   -17299.027344       10.801376
FIRE:  573 19:01:33   -17305.335938       10.293224
FIRE:  574 19:01:33   -17311.689453        9.644802
FIRE:  575 19:01:33   -17318.009766        9.168102
FIRE:  576 19:01:34   -17324.333984        9.155438
FIRE:  577 19:01:34   -17330.751953        8.976404
FIRE:  578 19:01:34   -17337.140625        8.640585
FIRE:  579 19:01:35   -17343.529297        8.166122
FIRE:  580 19:01:35   -17349.900391        7.575152
FIRE:  581 19:01:35   -17356.240234        6.894187
FIRE:  582 19:01:36   -17362.638672        6.216672
FIRE:  583 19:01:36   -17368.933594        6.376219
FIRE:  584 19:01:36   -17375.261719        6.581236
FIRE:  585 19:01:37   -17381.505859        6.954575
FIRE:  586 19:01:37   -17387.736328        7.444353
FIRE:  587 19:01:37   -17393.888672        7.859447
FIRE:  588 19:01:38   -17400.003906        8.181874
FIRE:  589 19:01:38   -17406.056641        8.398897
FIRE:  590 19:01:38   -17412.033203        8.500896
FIRE:  591 19:01:39   -17417.937500        8.483036
FIRE:  592 19:01:39   -17423.767578        8.345975
FIRE:  593 19:01:39   -17429.556641        9.946632
FIRE:  594 19:01:40   -17435.236328       12.086093
FIRE:  595 19:01:40   -17440.873047       14.212703
FIRE:  596 19:01:40   -17446.445312       16.231049
FIRE:  597 19:01:41   -17451.953125       18.033436
FIRE:  598 19:01:41   -17457.472656       19.511267
FIRE:  599 19:01:41   -17462.960938       20.567265
FIRE:  600 19:01:42   -17468.375000       21.129944
FIRE:  601 19:01:42   -17473.769531       21.162931
FIRE:  602 19:01:43   -17479.179688       20.671236
FIRE:  603 19:01:43   -17484.464844       19.700026
FIRE:  604 19:01:43   -17489.695312       18.326839
FIRE:  605 19:01:44   -17494.843750       16.649519
FIRE:  606 19:01:44   -17499.849609       14.773704
FIRE:  607 19:01:44   -17504.806641       14.763816
FIRE:  608 19:01:45   -17509.642578       15.752819
FIRE:  609 19:01:45   -17514.330078       17.806961
FIRE:  610 19:01:45   -17518.984375       20.105400
FIRE:  611 19:01:46   -17523.566406       22.107357
FIRE:  612 19:01:46   -17528.103516       23.663034
FIRE:  613 19:01:46   -17532.607422       24.651114
FIRE:  614 19:01:47   -17537.166016       24.994371
FIRE:  615 19:01:47   -17541.703125       24.672201
FIRE:  616 19:01:47   -17546.326172       23.721161
FIRE:  617 19:01:48   -17550.968750       22.325731
FIRE:  618 19:01:48   -17555.623047       24.243422
FIRE:  619 19:01:48   -17560.363281       25.657101
FIRE:  620 19:01:49   -17565.166016       26.472267
FIRE:  621 19:01:49   -17569.970703       26.634733
FIRE:  622 19:01:49   -17574.832031       26.132965
FIRE:  623 19:01:50   -17579.646484       25.002777
FIRE:  624 19:01:50   -17584.414062       23.318531
FIRE:  625 19:01:50   -17589.169922       21.279608
FIRE:  626 19:01:51   -17593.779297       18.983311
FIRE:  627 19:01:51   -17598.279297       16.533375
FIRE:  628 19:01:51   -17602.666016       17.448883
FIRE:  629 19:01:52   -17606.921875       19.406830
FIRE:  630 19:01:52   -17611.099609       21.085323
FIRE:  631 19:01:52   -17615.166016       22.384523
FIRE:  632 19:01:53   -17619.148438       23.223215
FIRE:  633 19:01:53   -17623.082031       23.548506
FIRE:  634 19:01:53   -17626.976562       23.342323
FIRE:  635 19:01:54   -17630.916016       22.622242
FIRE:  636 19:01:54   -17634.833984       22.781435
FIRE:  637 19:01:54   -17638.736328       22.982508
FIRE:  638 19:01:55   -17642.671875       22.690893
FIRE:  639 19:01:55   -17646.566406       21.929502
FIRE:  640 19:01:55   -17650.443359       20.751814
FIRE:  641 19:01:56   -17654.296875       23.132542
FIRE:  642 19:01:56   -17658.214844       25.865883
FIRE:  643 19:01:56   -17662.123047       28.208799
FIRE:  644 19:01:57   -17665.994141       29.984850
FIRE:  645 19:01:57   -17670.003906       31.048899
FIRE:  646 19:01:57   -17674.054688       31.311079
FIRE:  647 19:01:58   -17678.105469       30.749886
FIRE:  648 19:01:58   -17682.226562       29.415930
FIRE:  649 19:01:58   -17686.392578       27.424128
FIRE:  650 19:01:59   -17690.558594       24.934025
FIRE:  651 19:01:59   -17694.712891       22.123997
FIRE:  652 19:02:00   -17698.863281       19.168747
FIRE:  653 19:02:00   -17702.912109       16.220148
FIRE:  654 19:02:00   -17706.933594       14.618088
FIRE:  655 19:02:01   -17710.878906       14.598011
FIRE:  656 19:02:01   -17714.726562       14.495030
FIRE:  657 19:02:01   -17718.525391       14.313483
FIRE:  658 19:02:02   -17722.253906       14.059087
FIRE:  659 19:02:02   -17725.896484       13.738852
FIRE:  660 19:02:02   -17729.494141       13.361087
FIRE:  661 19:02:03   -17733.035156       12.934752
FIRE:  662 19:02:03   -17736.500000       12.468914
FIRE:  663 19:02:03   -17739.949219       11.972576
FIRE:  664 19:02:04   -17743.320312       11.454432
FIRE:  665 19:02:04   -17746.685547       10.922615
FIRE:  666 19:02:04   -17749.980469       10.384343
FIRE:  667 19:02:05   -17753.255859        9.846171
FIRE:  668 19:02:05   -17756.482422        9.627589
FIRE:  669 19:02:05   -17759.697266       10.385697
FIRE:  670 19:02:06   -17762.878906       11.193676
FIRE:  671 19:02:06   -17766.062500       11.958421
FIRE:  672 19:02:06   -17769.236328       12.658018
FIRE:  673 19:02:07   -17772.378906       13.269326
FIRE:  674 19:02:07   -17775.533203       13.770681
FIRE:  675 19:02:07   -17778.705078       14.141936
FIRE:  676 19:02:08   -17781.849609       14.366672
FIRE:  677 19:02:08   -17785.041016       14.433640
FIRE:  678 19:02:08   -17788.226562       14.336586
FIRE:  679 19:02:09   -17791.435547       14.076340
FIRE:  680 19:02:09   -17794.619141       13.658504
FIRE:  681 19:02:09   -17797.880859       13.095193
FIRE:  682 19:02:10   -17801.181641       12.402838
FIRE:  683 19:02:10   -17804.439453       12.430499
FIRE:  684 19:02:10   -17807.742188       12.623010
FIRE:  685 19:02:11   -17811.031250       12.632153
FIRE:  686 19:02:11   -17814.402344       12.459114
FIRE:  687 19:02:11   -17817.669922       12.113723
FIRE:  688 19:02:12   -17821.021484       11.612938
FIRE:  689 19:02:12   -17824.353516       11.730098
FIRE:  690 19:02:12   -17827.718750       12.796561
FIRE:  691 19:02:13   -17831.068359       13.771241
FIRE:  692 19:02:13   -17834.414062       14.622552
FIRE:  693 19:02:13   -17837.800781       15.320246
FIRE:  694 19:02:14   -17841.166016       15.838278
FIRE:  695 19:02:14   -17844.593750       16.156404
FIRE:  696 19:02:14   -17847.970703       16.262094
FIRE:  697 19:02:15   -17851.388672       16.152069
FIRE:  698 19:02:15   -17854.824219       15.831458
FIRE:  699 19:02:16   -17858.248047       15.315289
FIRE:  700 19:02:16   -17861.699219       14.624672
FIRE:  701 19:02:16   -17865.132812       13.924689
FIRE:  702 19:02:17   -17868.562500       13.833981
FIRE:  703 19:02:17   -17871.990234       13.588728
FIRE:  704 19:02:17   -17875.351562       13.198147
FIRE:  705 19:02:18   -17878.714844       12.676119
FIRE:  706 19:02:18   -17882.054688       12.665969
FIRE:  707 19:02:18   -17885.363281       13.263187
FIRE:  708 19:02:19   -17888.603516       13.727093
FIRE:  709 19:02:19   -17891.857422       14.041934
FIRE:  710 19:02:19   -17895.060547       14.196633
FIRE:  711 19:02:20   -17898.210938       14.277588
FIRE:  712 19:02:20   -17901.380859       14.809128
FIRE:  713 19:02:20   -17904.488281       15.188589
FIRE:  714 19:02:21   -17907.587891       15.406152
FIRE:  715 19:02:21   -17910.669922       15.458238
FIRE:  716 19:02:21   -17913.779297       15.347691
FIRE:  717 19:02:22   -17916.781250       15.082418
FIRE:  718 19:02:22   -17919.828125       15.564795
FIRE:  719 19:02:22   -17922.851562       16.396690
FIRE:  720 19:02:23   -17925.830078       17.010986
      Step     Time          Energy          fmax
FIRE:    0 19:03:49    87382.367188     5476.748047
FIRE:    1 19:03:49    81223.007812     4669.438965
FIRE:    2 19:03:50    75344.601562     4180.447266
FIRE:    3 19:03:51    69769.421875     3671.684570
FIRE:    4 19:03:52    64618.308594     3126.641602
FIRE:    5 19:03:52    59867.230469     3334.850586
FIRE:    6 19:03:53    55458.894531     3387.786377
FIRE:    7 19:03:53    51378.679688     3315.820068
FIRE:    8 19:03:54    47625.519531     3006.896973
FIRE:    9 19:03:54    44169.691406     2757.302246
FIRE:   10 19:03:55    40988.707031     2589.864746
FIRE:   11 19:03:55    38063.515625     2213.527100
FIRE:   12 19:03:56    35389.976562     1898.868164
FIRE:   13 19:03:57    32946.937500     1729.387939
FIRE:   14 19:03:57    30713.716797     1442.281616
FIRE:   15 19:03:58    28687.357422     1207.853394
FIRE:   16 19:03:58    26838.041016     1010.232849
FIRE:   17 19:03:58    25140.419922      850.074402
      Step     Time          Energy          fmax
FIRE:    0 19:04:19    87382.367188     5476.748535
FIRE:    1 19:04:19    81222.984375     4669.437988
FIRE:    2 19:04:20    75344.593750     4180.447266
FIRE:    3 19:04:20    69769.429688     3671.681885
FIRE:    4 19:04:21    64618.339844     3126.642822
FIRE:    5 19:04:22    59867.226562     3334.851562
FIRE:    6 19:04:22    55458.894531     3387.786377
FIRE:    7 19:04:22    51378.679688     3315.824463
FIRE:    8 19:04:23    47625.519531     3006.898193
FIRE:    9 19:04:23    44169.710938     2757.303467
FIRE:   10 19:04:24    40988.703125     2589.864746
FIRE:   11 19:04:24    38063.515625     2213.528320
FIRE:   12 19:04:24    35389.984375     1898.868286
FIRE:   13 19:04:25    32946.941406     1729.387939
FIRE:   14 19:04:25    30713.707031     1442.270752
FIRE:   15 19:04:26    28687.353516     1207.853394
FIRE:   16 19:04:26    26838.025391     1010.232910
FIRE:   17 19:04:26    25140.435547      850.074402
FIRE:   18 19:04:27    23576.509766      717.953369
FIRE:   19 19:04:27    22124.130859      612.575867
FIRE:   20 19:04:27    20769.408203      515.719910
FIRE:   21 19:04:28    19500.085938      433.614960
FIRE:   22 19:04:28    18305.431641      390.554596
FIRE:   23 19:04:29    17178.017578      376.120331
FIRE:   24 19:04:29    16112.040039      362.780640
FIRE:   25 19:04:29    15102.345703      352.498383
FIRE:   26 19:04:30    14144.385742      344.166626
FIRE:   27 19:04:30    13234.137695      335.157013
FIRE:   28 19:04:31    12368.001953      325.036499
FIRE:   29 19:04:31    11542.794922      314.728394
FIRE:   30 19:04:32    10755.547852      304.422241
FIRE:   31 19:04:32    10003.688477      293.674774
FIRE:   32 19:04:33     9284.977539      282.280701
FIRE:   33 19:04:33     8597.433594      270.847839
FIRE:   34 19:04:33     7939.244141      259.562988
FIRE:   35 19:04:34     7308.744629      248.222168
FIRE:   36 19:04:34     6704.339355      236.745926
FIRE:   37 19:04:35     6124.598145      225.268188
FIRE:   38 19:04:35     5568.179199      213.993347
FIRE:   39 19:04:35     5033.810059      203.105576
FIRE:   40 19:04:36     4520.336914      192.712021
FIRE:   41 19:04:36     4026.658691      182.860428
FIRE:   42 19:04:37     3551.749023      173.550400
FIRE:   43 19:04:37     3094.639648      164.752426
FIRE:   44 19:04:37     2654.399170      156.425278
FIRE:   45 19:04:38     2230.193359      148.530960
FIRE:   46 19:04:38     1821.207031      141.047974
FIRE:   47 19:04:38     1426.689819      133.955856
FIRE:   48 19:04:39     1045.931519      127.218048
FIRE:   49 19:04:39      678.251099      120.798195
FIRE:   50 19:04:40      323.034058      114.674431
FIRE:   51 19:04:40      -20.302837      108.837242
FIRE:   52 19:04:41     -352.291718      103.283821
FIRE:   53 19:04:41     -673.434937       98.009026
FIRE:   54 19:04:42     -984.200684       93.008255
FIRE:   55 19:04:42    -1285.015503       88.273407
FIRE:   56 19:04:43    -1576.291504       83.795860
FIRE:   57 19:04:43    -1858.403931       79.568855
FIRE:   58 19:04:43    -2131.716797       77.828430
FIRE:   59 19:04:44    -2396.559326       77.239502
FIRE:   60 19:04:44    -2653.256592       76.568756
FIRE:   61 19:04:45    -2902.115967       75.803024
FIRE:   62 19:04:45    -3143.425781       74.937218
FIRE:   63 19:04:45    -3377.459229       73.976860
FIRE:   64 19:04:46    -3604.496338       72.935936
FIRE:   65 19:04:46    -3824.791748       71.831474
FIRE:   66 19:04:47    -4038.598877       70.681236
FIRE:   67 19:04:47    -4246.151855       69.494759
FIRE:   68 19:04:47    -4447.670410       68.297852
FIRE:   69 19:04:48    -4643.388184       67.358879
FIRE:   70 19:04:48    -4833.493652       66.341484
FIRE:   71 19:04:48    -5018.210449       65.244347
FIRE:   72 19:04:49    -5197.732910       64.063156
FIRE:   73 19:04:49    -5372.232910       62.793465
FIRE:   74 19:04:50    -5541.874512       61.435501
FIRE:   75 19:04:50    -5706.885254       60.006432
FIRE:   76 19:04:50    -5867.388184       58.544510
FIRE:   77 19:04:51    -6023.548828       57.095280
FIRE:   78 19:04:51    -6175.568359       55.682140
FIRE:   79 19:04:51    -6323.549805       54.282471
FIRE:   80 19:04:52    -6467.686035       52.846096
FIRE:   81 19:04:52    -6608.062988       51.336735
FIRE:   82 19:04:53    -6744.846680       49.753532
FIRE:   83 19:04:53    -6878.165039       48.117455
FIRE:   84 19:04:53    -7008.127441       46.456509
FIRE:   85 19:04:54    -7134.889160       44.795982
FIRE:   86 19:04:54    -7258.522949       43.154331
FIRE:   87 19:04:55    -7379.171875       41.543343
FIRE:   88 19:04:55    -7496.945312       39.967667
FIRE:   89 19:04:55    -7611.920410       38.428520
FIRE:   90 19:04:56    -7724.222656       36.924110
FIRE:   91 19:04:56    -7833.968750       35.450974
FIRE:   92 19:04:56    -7941.199219       34.006607
FIRE:   93 19:04:57    -8046.033691       32.589916
FIRE:   94 19:04:57    -8148.561035       31.200777
FIRE:   95 19:04:58    -8248.850586       29.841457
FIRE:   96 19:04:58    -8346.979492       28.514824
FIRE:   97 19:04:58    -8443.030273       27.223705
FIRE:   98 19:04:59    -8537.068359       25.972433
FIRE:   99 19:04:59    -8629.142578       24.763210
FIRE:  100 19:04:59    -8719.354492       23.598658
FIRE:  101 19:05:00    -8807.718750       22.481077
FIRE:  102 19:05:00    -8894.347656       21.584534
FIRE:  103 19:05:01    -8979.269531       21.018442
FIRE:  104 19:05:01    -9062.516602       20.466446
FIRE:  105 19:05:01    -9144.189453       19.928402
FIRE:  106 19:05:02    -9224.300781       19.403955
FIRE:  107 19:05:02    -9302.897461       18.893654
FIRE:  108 19:05:02    -9380.054688       18.396936
FIRE:  109 19:05:03    -9455.767578       17.913591
FIRE:  110 19:05:03    -9530.136719       17.577290
FIRE:  111 19:05:03    -9603.148438       17.349848
FIRE:  112 19:05:04    -9674.891602       17.120308
FIRE:  113 19:05:04    -9745.346680       16.888823
FIRE:  114 19:05:05    -9814.594727       16.656099
FIRE:  115 19:05:05    -9882.619141       16.422718
FIRE:  116 19:05:05    -9949.524414       16.189199
FIRE:  117 19:05:06   -10015.252930       15.955733
FIRE:  118 19:05:06   -10079.913086       15.723051
FIRE:  119 19:05:07   -10143.529297       15.491305
FIRE:  120 19:05:07   -10206.061523       15.260985
FIRE:  121 19:05:07   -10267.575195       15.032483
FIRE:  122 19:05:08   -10328.128906       14.806067
FIRE:  123 19:05:08   -10387.691406       14.805443
FIRE:  124 19:05:08   -10446.344727       14.900937
FIRE:  125 19:05:09   -10504.022461       14.971326
FIRE:  126 19:05:09   -10560.866211       15.014174
FIRE:  127 19:05:10   -10616.789062       15.027280
FIRE:  128 19:05:10   -10671.890625       15.008960
FIRE:  129 19:05:10   -10726.143555       14.957770
FIRE:  130 19:05:11   -10779.583984       14.872910
FIRE:  131 19:05:11   -10832.215820       14.754005
FIRE:  132 19:05:11   -10884.103516       14.601116
FIRE:  133 19:05:12   -10935.192383       14.414968
FIRE:  134 19:05:12   -10985.548828       14.196440
FIRE:  135 19:05:13   -11035.196289       13.947144
FIRE:  136 19:05:13   -11084.127930       13.669022
FIRE:  137 19:05:13   -11132.368164       13.364450
FIRE:  138 19:05:14   -11179.916016       13.036506
FIRE:  139 19:05:14   -11226.825195       12.688713
FIRE:  140 19:05:14   -11273.053711       12.325237
FIRE:  141 19:05:15   -11318.682617       11.950406
FIRE:  142 19:05:15   -11363.654297       11.569178
FIRE:  143 19:05:15   -11408.011719       11.186214
FIRE:  144 19:05:16   -11451.795898       10.903358
FIRE:  145 19:05:16   -11494.999023       10.777171
FIRE:  146 19:05:17   -11537.612305       10.650148
FIRE:  147 19:05:17   -11579.663086       10.522311
FIRE:  148 19:05:17   -11621.174805       10.393768
FIRE:  149 19:05:18   -11662.143555       10.264472
FIRE:  150 19:05:18   -11702.594727       10.134508
FIRE:  151 19:05:18   -11742.517578       10.003826
FIRE:  152 19:05:19   -11781.935547        9.872545
FIRE:  153 19:05:19   -11820.868164        9.740710
FIRE:  154 19:05:20   -11859.311523        9.608383
FIRE:  155 19:05:20   -11897.287109        9.475688
FIRE:  156 19:05:20   -11934.811523        9.342713
FIRE:  157 19:05:21   -11971.861328        9.209607
FIRE:  158 19:05:21   -12008.468750        9.076466
FIRE:  159 19:05:21   -12044.641602        8.943427
FIRE:  160 19:05:22   -12080.383789        8.810668
FIRE:  161 19:05:22   -12115.722656        8.752617
FIRE:  162 19:05:22   -12150.619141        8.750485
FIRE:  163 19:05:23   -12185.143555        8.743547
FIRE:  164 19:05:23   -12219.260742        8.731912
FIRE:  165 19:05:24   -12253.018555        8.715468
FIRE:  166 19:05:24   -12286.368164        8.694267
FIRE:  167 19:05:24   -12319.348633        8.668395
FIRE:  168 19:05:25   -12351.988281        8.637954
FIRE:  169 19:05:25   -12384.282227        8.603014
FIRE:  170 19:05:26   -12416.192383        8.563752
FIRE:  171 19:05:26   -12447.799805        8.683431
FIRE:  172 19:05:26   -12479.037109        8.876081
FIRE:  173 19:05:27   -12509.995117        9.034859
FIRE:  174 19:05:27   -12540.596680        9.157598
FIRE:  175 19:05:28   -12570.889648        9.243326
FIRE:  176 19:05:28   -12600.905273        9.290664
FIRE:  177 19:05:28   -12630.587891        9.299819
FIRE:  178 19:05:29   -12659.978516        9.270000
FIRE:  179 19:05:29   -12689.077148        9.202977
FIRE:  180 19:05:29   -12717.893555        9.098952
FIRE:  181 19:05:30   -12746.415039        8.959966
FIRE:  182 19:05:30   -12774.672852        8.787826
FIRE:  183 19:05:31   -12802.670898        8.584827
FIRE:  184 19:05:31   -12830.390625        8.353242
FIRE:  185 19:05:31   -12857.845703        8.239310
FIRE:  186 19:05:32   -12885.033203        8.351527
FIRE:  187 19:05:32   -12911.949219        8.417439
FIRE:  188 19:05:32   -12938.640625        8.436434
FIRE:  189 19:05:33   -12965.078125        8.409645
FIRE:  190 19:05:33   -12991.254883        8.623345
FIRE:  191 19:05:33   -13017.183594        8.973554
FIRE:  192 19:05:34   -13042.868164        9.285639
FIRE:  193 19:05:34   -13068.326172        9.555737
FIRE:  194 19:05:35   -13093.544922        9.782092
FIRE:  195 19:05:35   -13118.518555        9.962527
FIRE:  196 19:05:35   -13143.258789       10.095048
FIRE:  197 19:05:36   -13167.754883       10.179133
FIRE:  198 19:05:36   -13192.041016       10.214930
FIRE:  199 19:05:36   -13216.063477       10.202287
FIRE:  200 19:05:37   -13239.892578       10.143021
FIRE:  201 19:05:37   -13263.489258       10.037427
FIRE:  202 19:05:37   -13286.871094        9.888502
FIRE:  203 19:05:38   -13310.004883        9.848697
FIRE:  204 19:05:38   -13332.920898        9.881012
FIRE:  205 19:05:39   -13355.621094        9.871790
FIRE:  206 19:05:39   -13378.125000        9.821618
FIRE:  207 19:05:39   -13400.398438       10.203416
FIRE:  208 19:05:40   -13422.457031       10.761747
FIRE:  209 19:05:40   -13444.310547       11.287138
FIRE:  210 19:05:40   -13465.937500       11.774435
FIRE:  211 19:05:41   -13487.362305       12.218557
FIRE:  212 19:05:41   -13508.610352       12.614950
FIRE:  213 19:05:41   -13529.624023       12.959452
FIRE:  214 19:05:42   -13550.472656       13.248611
FIRE:  215 19:05:42   -13571.144531       13.479798
FIRE:  216 19:05:43   -13591.572266       13.651119
FIRE:  217 19:05:43   -13611.852539       13.761397
FIRE:  218 19:05:43   -13631.922852       14.057638
FIRE:  219 19:05:44   -13651.845703       14.315749
FIRE:  220 19:05:44   -13671.571289       14.895026
FIRE:  221 19:05:44   -13691.138672       16.056026
FIRE:  222 19:05:45   -13710.569336       17.165281
FIRE:  223 19:05:45   -13729.801758       18.208527
FIRE:  224 19:05:45   -13748.885742       19.170755
FIRE:  225 19:05:46   -13767.822266       20.038513
FIRE:  226 19:05:46   -13786.586914       20.799875
FIRE:  227 19:05:46   -13805.213867       21.443787
FIRE:  228 19:05:47   -13823.689453       21.961439
FIRE:  229 19:05:47   -13841.974609       22.347206
FIRE:  230 19:05:48   -13860.184570       22.596079
FIRE:  231 19:05:48   -13878.192383       22.706236
FIRE:  232 19:05:48   -13896.091797       22.677988
FIRE:  233 19:05:49   -13913.803711       22.514120
FIRE:  234 19:05:49   -13931.369141       22.219326
FIRE:  235 19:05:49   -13948.760742       21.800653
FIRE:  236 19:05:50   -13966.043945       21.266232
FIRE:  237 19:05:50   -13983.123047       20.626177
FIRE:  238 19:05:50   -14000.074219       19.891670
FIRE:  239 19:05:51   -14016.834961       19.731951
FIRE:  240 19:05:51   -14033.470703       20.304232
FIRE:  241 19:05:51   -14049.908203       20.785664
FIRE:  242 19:05:52   -14066.194336       21.170513
FIRE:  243 19:05:52   -14082.319336       21.454596
FIRE:  244 19:05:53   -14098.256836       21.635309
FIRE:  245 19:05:53   -14114.074219       21.711622
FIRE:  246 19:05:53   -14129.690430       21.684326
FIRE:  247 19:05:54   -14145.145508       21.555639
FIRE:  248 19:05:54   -14160.461914       21.584629
FIRE:  249 19:05:54   -14175.597656       22.213137
FIRE:  250 19:05:55   -14190.595703       22.738232
FIRE:  251 19:05:55   -14205.429688       23.154537
FIRE:  252 19:05:55   -14220.096680       23.458406
FIRE:  253 19:05:56   -14234.642578       23.734251
FIRE:  254 19:05:56   -14249.030273       24.151327
FIRE:  255 19:05:57   -14263.240234       24.529165
FIRE:  256 19:05:57   -14277.316406       24.986679
FIRE:  257 19:05:57   -14291.260742       25.328508
FIRE:  258 19:05:58   -14305.021484       25.551060
FIRE:  259 19:05:58   -14318.676758       25.652973
FIRE:  260 19:05:58   -14332.160156       25.635059
FIRE:  261 19:05:59   -14345.488281       25.498980
FIRE:  262 19:05:59   -14358.685547       25.249067
FIRE:  263 19:05:59   -14371.657227       24.890375
FIRE:  264 19:06:00   -14384.568359       24.430134
FIRE:  265 19:06:00   -14397.293945       23.875929
FIRE:  266 19:06:00   -14409.881836       23.236773
FIRE:  267 19:06:01   -14422.267578       22.522573
FIRE:  268 19:06:01   -14434.553711       23.228384
FIRE:  269 19:06:02   -14446.671875       24.309267
FIRE:  270 19:06:02   -14458.634766       25.322004
FIRE:  271 19:06:02   -14470.467773       26.254883
FIRE:  272 19:06:03   -14482.160156       27.098434
FIRE:  273 19:06:03   -14493.704102       27.843187
FIRE:  274 19:06:03   -14505.083984       28.481096
FIRE:  275 19:06:04   -14516.370117       29.005772
FIRE:  276 19:06:04   -14527.495117       29.412144
FIRE:  277 19:06:04   -14538.534180       29.696655
FIRE:  278 19:06:05   -14549.400391       29.857687
FIRE:  279 19:06:05   -14560.167969       29.928915
FIRE:  280 19:06:05   -14570.810547       30.153595
FIRE:  281 19:06:06   -14581.337891       30.267147
FIRE:  282 19:06:06   -14591.766602       30.269983
FIRE:  283 19:06:07   -14602.064453       30.729300
FIRE:  284 19:06:07   -14612.272461       31.566616
FIRE:  285 19:06:07   -14622.387695       32.295357
FIRE:  286 19:06:08   -14632.357422       32.909428
FIRE:  287 19:06:08   -14642.262695       33.404427
FIRE:  288 19:06:08   -14652.040039       33.775661
FIRE:  289 19:06:09   -14661.672852       34.019512
FIRE:  290 19:06:09   -14671.287109       34.137402
FIRE:  291 19:06:09   -14680.722656       34.128086
FIRE:  292 19:06:10   -14690.078125       33.994663
FIRE:  293 19:06:10   -14699.339844       33.739185
FIRE:  294 19:06:10   -14708.456055       33.366222
FIRE:  295 19:06:11   -14717.455078       32.881577
FIRE:  296 19:06:11   -14726.381836       32.290321
FIRE:  297 19:06:12   -14735.125000       31.602247
FIRE:  298 19:06:12   -14743.823242       31.100124
FIRE:  299 19:06:12   -14752.333008       30.585352
FIRE:  300 19:06:13   -14760.788086       30.731239
FIRE:  301 19:06:13   -14769.062500       31.678806
FIRE:  302 19:06:13   -14777.270508       33.568348
FIRE:  303 19:06:14   -14785.340820       35.799793
FIRE:  304 19:06:14   -14793.281250       37.992744
FIRE:  305 19:06:14   -14801.116211       40.129807
FIRE:  306 19:06:15   -14808.806641       42.190250
FIRE:  307 19:06:15   -14816.416992       44.153820
FIRE:  308 19:06:15   -14823.886719       46.002815
FIRE:  309 19:06:16   -14831.285156       47.714653
FIRE:  310 19:06:16   -14838.538086       49.271820
FIRE:  311 19:06:17   -14845.670898       50.657078
FIRE:  312 19:06:17   -14852.741211       51.855095
FIRE:  313 19:06:17   -14859.650391       52.852520
FIRE:  314 19:06:18   -14866.516602       53.637535
FIRE:  315 19:06:18   -14873.213867       54.203426
FIRE:  316 19:06:18   -14879.819336       54.543377
FIRE:  317 19:06:19   -14886.373047       54.655960
FIRE:  318 19:06:19   -14892.785156       54.542976
FIRE:  319 19:06:19   -14899.068359       54.206184
FIRE:  320 19:06:20   -14905.274414       53.652542
FIRE:  321 19:06:20   -14911.374023       52.893250
FIRE:  322 19:06:20   -14917.354492       51.937222
FIRE:  323 19:06:21   -14923.239258       50.800381
FIRE:  324 19:06:21   -14928.980469       49.496250
FIRE:  325 19:06:21   -14934.635742       48.040016
FIRE:  326 19:06:22   -14940.169922       46.453011
FIRE:  327 19:06:22   -14945.574219       44.750824
FIRE:  328 19:06:23   -14950.854492       42.951084
FIRE:  329 19:06:23   -14955.997070       41.074745
FIRE:  330 19:06:23   -14961.053711       39.135994
FIRE:  331 19:06:24   -14965.917969       37.152763
FIRE:  332 19:06:24   -14970.721680       36.740047
FIRE:  333 19:06:24   -14975.359375       37.401825
FIRE:  334 19:06:25   -14979.879883       37.978386
FIRE:  335 19:06:25   -14984.279297       38.466064
FIRE:  336 19:06:25   -14988.526367       38.862175
FIRE:  337 19:06:26   -14992.675781       39.164745
FIRE:  338 19:06:26   -14996.649414       39.372433
FIRE:  339 19:06:26   -15000.559570       39.779831
FIRE:  340 19:06:27   -15004.337891       41.071140
FIRE:  341 19:06:27   -15007.981445       42.286411
FIRE:  342 19:06:27   -15011.531250       43.416683
FIRE:  343 19:06:28   -15014.980469       44.452576
FIRE:  344 19:06:28   -15018.319336       45.589649
FIRE:  345 19:06:29   -15021.549805       47.746216
FIRE:  346 19:06:29   -15024.676758       49.845486
FIRE:  347 19:06:29   -15027.735352       51.868607
FIRE:  348 19:06:30   -15030.716797       53.798061
FIRE:  349 19:06:30   -15033.612305       55.614628
FIRE:  350 19:06:30   -15036.404297       57.299377
FIRE:  351 19:06:31   -15039.160156       58.876328
FIRE:  352 19:06:31   -15041.832031       60.283859
FIRE:  353 19:06:31   -15044.433594       61.507641
FIRE:  354 19:06:32   -15046.985352       62.532837
FIRE:  355 19:06:32   -15049.486328       63.346832
FIRE:  356 19:06:32   -15051.915039       63.941284
FIRE:  357 19:06:33   -15054.319336       64.310783
FIRE:  358 19:06:33   -15056.652344       64.450180
FIRE:  359 19:06:33   -15058.911133       64.360931
FIRE:  360 19:06:34   -15061.140625       64.044762
FIRE:  361 19:06:34   -15063.335938       63.507660
FIRE:  362 19:06:34   -15065.416016       62.757290
FIRE:  363 19:06:35   -15067.478516       61.804844
FIRE:  364 19:06:35   -15069.484375       60.737381
FIRE:  365 19:06:36   -15071.427734       61.116741
FIRE:  366 19:06:36   -15073.288086       61.304100
FIRE:  367 19:06:36   -15075.086914       61.302380
FIRE:  368 19:06:37   -15076.826172       61.110474
FIRE:  369 19:06:37   -15078.461914       60.731503
FIRE:  370 19:06:37   -15080.052734       60.169266
FIRE:  371 19:06:38   -15081.553711       59.428165
FIRE:  372 19:06:38   -15082.961914       60.045258
FIRE:  373 19:06:38   -15084.325195       62.089058
FIRE:  374 19:06:39   -15085.582031       63.989311
FIRE:  375 19:06:39   -15086.757812       65.728745
FIRE:  376 19:06:39   -15087.835938       67.293564
FIRE:  377 19:06:40   -15088.833984       68.668167
FIRE:  378 19:06:40   -15089.742188       69.840332
FIRE:  379 19:06:40   -15090.564453       70.801865
FIRE:  380 19:06:41   -15091.277344       71.540451
FIRE:  381 19:06:41   -15091.904297       72.051430
FIRE:  382 19:06:41   -15092.462891       72.329880
FIRE:  383 19:06:42   -15092.900391       72.373863
FIRE:  384 19:06:42   -15093.302734       72.184410
FIRE:  385 19:06:43   -15093.590820       71.763947
FIRE:  386 19:06:43   -15093.796875       71.115639
FIRE:  387 19:06:43   -15093.935547       70.249908
FIRE:  388 19:06:44   -15146.097656       38.215042
FIRE:  389 19:06:44   -15191.757812       20.844648
FIRE:  390 19:06:44   -15232.910156       16.843323
FIRE:  391 19:06:45   -15270.750977       14.533902
FIRE:  392 19:06:45   -15305.920898       12.665702
FIRE:  393 19:06:45   -15338.880859       11.503903
FIRE:  394 19:06:46   -15369.928711       11.009068
FIRE:  395 19:06:46   -15399.389648       10.519018
FIRE:  396 19:06:46   -15427.436523       10.027525
FIRE:  397 19:06:47   -15454.237305        9.528016
FIRE:  398 19:06:47   -15479.944336        9.157470
FIRE:  399 19:06:47   -15504.696289        8.923371
FIRE:  400 19:06:48   -15528.593750        8.646713
FIRE:  401 19:06:48   -15551.667969        8.321133
FIRE:  402 19:06:48   -15574.030273        7.941954
FIRE:  403 19:06:49   -15595.738281        7.832970
FIRE:  404 19:06:49   -15616.742188        7.708263
FIRE:  405 19:06:50   -15637.162109        7.545987
FIRE:  406 19:06:50   -15657.005859        7.340895
FIRE:  407 19:06:50   -15676.296875        7.087607
FIRE:  408 19:06:51   -15695.007812        7.075784
FIRE:  409 19:06:51   -15713.258789        7.116608
FIRE:  410 19:06:51   -15731.056641        7.109814
FIRE:  411 19:06:52   -15748.370117        7.235058
FIRE:  412 19:06:52   -15765.267578        7.366998
FIRE:  413 19:06:52   -15781.800781        7.502333
FIRE:  414 19:06:53   -15797.958984        7.636982
FIRE:  415 19:06:53   -15813.804688        7.766072
FIRE:  416 19:06:53   -15829.365234        7.883821
FIRE:  417 19:06:54   -15844.694336        7.983510
FIRE:  418 19:06:54   -15859.747070        8.057353
FIRE:  419 19:06:54   -15874.599609        8.096470
FIRE:  420 19:06:55   -15889.283203        8.091135
FIRE:  421 19:06:55   -15903.750977        8.029978
FIRE:  422 19:06:55   -15918.097656        7.898607
FIRE:  423 19:06:56   -15932.282227        7.680881
FIRE:  424 19:06:56   -15946.328125        7.360229
FIRE:  425 19:06:56   -15960.226562        6.921362
FIRE:  426 19:06:57   -15974.004883        6.351239
FIRE:  427 19:06:57   -15987.630859        5.799986
FIRE:  428 19:06:58   -16001.103516        6.062858
FIRE:  429 19:06:58   -16014.433594        6.061424
FIRE:  430 19:06:58   -16027.644531        6.046570
FIRE:  431 19:06:59   -16040.684570        6.185062
FIRE:  432 19:06:59   -16053.601562        6.322976
FIRE:  433 19:06:59   -16066.377930        6.459184
FIRE:  434 19:07:00   -16079.090820        6.592438
FIRE:  435 19:07:00   -16091.677734        6.721270
FIRE:  436 19:07:00   -16104.185547        7.076426
FIRE:  437 19:07:01   -16116.642578        8.058597
FIRE:  438 19:07:01   -16129.062500        8.632433
FIRE:  439 19:07:01   -16141.419922        8.762881
FIRE:  440 19:07:02   -16153.730469        8.468959
FIRE:  441 19:07:02   -16166.026367        7.817802
FIRE:  442 19:07:02   -16178.230469        7.060531
FIRE:  443 19:07:03   -16190.329102        6.900485
FIRE:  444 19:07:03   -16202.384766        6.646150
FIRE:  445 19:07:03   -16214.333008        6.302260
FIRE:  446 19:07:04   -16226.165039        6.414079
FIRE:  447 19:07:04   -16237.882812        6.494948
FIRE:  448 19:07:04   -16249.492188        6.544261
FIRE:  449 19:07:05   -16260.956055        6.564245
FIRE:  450 19:07:05   -16272.318359        6.559107
FIRE:  451 19:07:05   -16283.494141        6.533335
FIRE:  452 19:07:06   -16294.562500        6.490086
FIRE:  453 19:07:06   -16305.500000        6.429678
FIRE:  454 19:07:07   -16316.316406        6.348381
FIRE:  455 19:07:07   -16327.063477        6.237766
FIRE:  456 19:07:07   -16337.708984        6.654130
FIRE:  457 19:07:08   -16348.364258        7.686609
FIRE:  458 19:07:08   -16358.948242        8.481316
FIRE:  459 19:07:08   -16369.515625        8.976073
FIRE:  460 19:07:09   -16380.098633        9.138206
FIRE:  461 19:07:09   -16390.666016        8.969688
FIRE:  462 19:07:09   -16401.218750        8.581072
FIRE:  463 19:07:10   -16411.755859        8.004189
FIRE:  464 19:07:10   -16422.228516        7.222344
FIRE:  465 19:07:10   -16432.675781        6.822724
FIRE:  466 19:07:11   -16443.017578        7.206347
FIRE:  467 19:07:11   -16453.308594        7.409695
FIRE:  468 19:07:11   -16463.560547        7.423081
FIRE:  469 19:07:12   -16473.755859        7.251410
FIRE:  470 19:07:12   -16483.929688        8.389155
FIRE:  471 19:07:12   -16494.089844        9.492450
FIRE:  472 19:07:13   -16504.189453       10.252128
FIRE:  473 19:07:13   -16514.345703       10.597904
FIRE:  474 19:07:13   -16524.468750       10.506941
FIRE:  475 19:07:14   -16534.560547       10.007254
FIRE:  476 19:07:14   -16544.628906        9.168701
FIRE:  477 19:07:14   -16554.656250        8.085775
FIRE:  478 19:07:15   -16564.615234        6.858401
FIRE:  479 19:07:15   -16574.501953        6.696990
FIRE:  480 19:07:15   -16584.367188        6.818270
FIRE:  481 19:07:16   -16594.140625        6.920416
FIRE:  482 19:07:16   -16603.894531        7.000124
FIRE:  483 19:07:16   -16613.593750        7.050378
FIRE:  484 19:07:17   -16623.261719        7.582296
FIRE:  485 19:07:17   -16632.927734        7.969353
FIRE:  486 19:07:17   -16642.552734        8.126904
FIRE:  487 19:07:18   -16652.179688        8.055048
FIRE:  488 19:07:18   -16661.794922        7.769764
FIRE:  489 19:07:18   -16671.414062        7.300101
FIRE:  490 19:07:19   -16680.974609        7.197380
FIRE:  491 19:07:19   -16690.484375        7.354593
FIRE:  492 19:07:19   -16699.900391        7.540238
FIRE:  493 19:07:20   -16709.246094        7.732949
FIRE:  494 19:07:20   -16718.480469        7.865657
FIRE:  495 19:07:20   -16727.558594        7.922461
FIRE:  496 19:07:21   -16736.535156        7.886869
FIRE:  497 19:07:21   -16745.416016        9.157513
FIRE:  498 19:07:21   -16754.109375       11.840627
FIRE:  499 19:07:22   -16762.753906       14.333680
FIRE:  500 19:07:22   -16771.292969       16.382835
FIRE:  501 19:07:22   -16779.812500       17.751450
FIRE:  502 19:07:23   -16788.310547       18.276939
FIRE:  503 19:07:23   -16796.753906       17.918762
FIRE:  504 19:07:24   -16805.191406       16.758947
FIRE:  505 19:07:24   -16813.537109       14.980968
FIRE:  506 19:07:24   -16821.763672       12.817288
FIRE:  507 19:07:25   -16829.935547       10.495156
FIRE:  508 19:07:25   -16837.964844        8.444301
FIRE:  509 19:07:25   -16845.865234       10.893479
FIRE:  510 19:07:26   -16853.658203       13.267818
FIRE:  511 19:07:26   -16861.472656       15.377423
FIRE:  512 19:07:26   -16869.277344       17.028219
FIRE:  513 19:07:27   -16877.130859       18.058990
FIRE:  514 19:07:27   -16885.054688       18.371946
FIRE:  515 19:07:27   -16892.994141       17.954201
FIRE:  516 19:07:28   -16901.052734       16.879250
FIRE:  517 19:07:28   -16909.160156       15.285708
FIRE:  518 19:07:28   -16917.306641       13.346030
FIRE:  519 19:07:29   -16925.390625       11.232381
FIRE:  520 19:07:29   -16933.484375        9.422917
FIRE:  521 19:07:29   -16941.521484        9.286399
FIRE:  522 19:07:30   -16949.500000        9.924430
FIRE:  523 19:07:30   -16957.423828       11.520036
FIRE:  524 19:07:30   -16965.289062       12.894358
FIRE:  525 19:07:31   -16973.128906       13.939353
FIRE:  526 19:07:31   -16980.906250       14.568618
FIRE:  527 19:07:31   -16988.671875       14.732352
FIRE:  528 19:07:32   -16996.382812       14.431095
FIRE:  529 19:07:32   -17004.080078       13.706779
FIRE:  530 19:07:32   -17011.734375       13.013991
FIRE:  531 19:07:33   -17019.345703       13.686636
FIRE:  532 19:07:33   -17026.908203       13.952917
FIRE:  533 19:07:33   -17034.378906       13.794525
FIRE:  534 19:07:34   -17041.787109       13.234172
FIRE:  535 19:07:34   -17049.107422       12.326666
FIRE:  536 19:07:34   -17056.271484       11.152482
FIRE:  537 19:07:35   -17063.365234        9.802235
FIRE:  538 19:07:35   -17070.349609        8.364888
FIRE:  539 19:07:35   -17077.232422        9.941499
FIRE:  540 19:07:36   -17084.007812       11.846398
FIRE:  541 19:07:36   -17090.744141       13.588954
FIRE:  542 19:07:36   -17097.466797       15.042288
FIRE:  543 19:07:37   -17104.199219       16.093306
FIRE:  544 19:07:37   -17110.927734       16.659996
FIRE:  545 19:07:37   -17117.705078       16.704851
FIRE:  546 19:07:38   -17124.578125       16.237585
FIRE:  547 19:07:38   -17131.521484       15.314098
FIRE:  548 19:07:38   -17138.470703       14.023466
FIRE:  549 19:07:39   -17145.476562       12.473940
FIRE:  550 19:07:39   -17152.503906       10.775719
FIRE:  551 19:07:39   -17159.552734        9.029282
FIRE:  552 19:07:40   -17166.585938        8.337360
FIRE:  553 19:07:40   -17173.599609        8.349420
FIRE:  554 19:07:40   -17180.642578        8.236434
FIRE:  555 19:07:41   -17187.568359        8.005716
FIRE:  556 19:07:41   -17194.580078        7.668082
FIRE:  557 19:07:41   -17201.464844        7.897723
FIRE:  558 19:07:42   -17208.316406        8.260491
FIRE:  559 19:07:42   -17215.128906        8.450368
FIRE:  560 19:07:42   -17221.859375        8.460876
FIRE:  561 19:07:43   -17228.568359        8.295888
FIRE:  562 19:07:43   -17235.207031        7.968602
FIRE:  563 19:07:43   -17241.765625        7.499370
FIRE:  564 19:07:44   -17248.269531        8.320297
FIRE:  565 19:07:44   -17254.744141        9.161138
FIRE:  566 19:07:44   -17261.140625        9.907303
FIRE:  567 19:07:45   -17267.521484       10.520760
FIRE:  568 19:07:45   -17273.867188       10.969386
FIRE:  569 19:07:45   -17280.142578       11.228752
FIRE:  570 19:07:46   -17286.427734       11.285522
FIRE:  571 19:07:46   -17292.726562       11.139420
FIRE:  572 19:07:47   -17299.025391       10.801193
FIRE:  573 19:07:47   -17305.324219       10.293232
FIRE:  574 19:07:47   -17311.689453        9.644794
FIRE:  575 19:07:48   -17318.017578        9.168071
FIRE:  576 19:07:48   -17324.326172        9.155439
FIRE:  577 19:07:48   -17330.746094        8.976336
FIRE:  578 19:07:49   -17337.136719        8.640813
FIRE:  579 19:07:49   -17343.517578        8.166074
FIRE:  580 19:07:49   -17349.894531        7.575155
FIRE:  581 19:07:50   -17356.236328        6.894155
FIRE:  582 19:07:50   -17362.642578        6.216656
FIRE:  583 19:07:50   -17368.943359        6.376216
FIRE:  584 19:07:51   -17375.261719        6.581225
FIRE:  585 19:07:51   -17381.505859        6.954642
FIRE:  586 19:07:51   -17387.738281        7.444345
FIRE:  587 19:07:52   -17393.904297        7.859129
FIRE:  588 19:07:52   -17399.988281        8.181931
FIRE:  589 19:07:52   -17406.058594        8.398900
FIRE:  590 19:07:53   -17412.039062        8.500553
FIRE:  591 19:07:53   -17417.931641        8.482698
FIRE:  592 19:07:53   -17423.769531        8.345974
FIRE:  593 19:07:54   -17429.554688        9.946299
FIRE:  594 19:07:54   -17435.236328       12.085866
FIRE:  595 19:07:54   -17440.873047       14.212475
FIRE:  596 19:07:55   -17446.447266       16.230890
FIRE:  597 19:07:55   -17451.958984       18.033291
FIRE:  598 19:07:55   -17457.478516       19.510893
FIRE:  599 19:07:56   -17462.958984       20.567266
FIRE:  600 19:07:56   -17468.373047       21.129942
FIRE:  601 19:07:56   -17473.771484       21.162926
FIRE:  602 19:07:57   -17479.169922       20.671362
FIRE:  603 19:07:57   -17484.449219       19.700159
FIRE:  604 19:07:57   -17489.708984       18.326935
FIRE:  605 19:07:58   -17494.837891       16.649622
FIRE:  606 19:07:58   -17499.849609       14.773949
FIRE:  607 19:07:58   -17504.802734       14.763809
FIRE:  608 19:07:59   -17509.640625       15.752809
FIRE:  609 19:07:59   -17514.341797       17.807056
FIRE:  610 19:07:59   -17518.984375       20.105417
FIRE:  611 19:08:00   -17523.568359       22.107344
FIRE:  612 19:08:00   -17528.115234       23.663391
FIRE:  613 19:08:00   -17532.597656       24.651299
FIRE:  614 19:08:01   -17537.171875       24.994688
FIRE:  615 19:08:01   -17541.679688       24.672174
FIRE:  616 19:08:01   -17546.330078       23.721140
FIRE:  617 19:08:02   -17550.949219       22.326473
FIRE:  618 19:08:02   -17555.625000       24.243723
FIRE:  619 19:08:02   -17560.375000       25.657698
FIRE:  620 19:08:03   -17565.183594       26.472757
FIRE:  621 19:08:03   -17569.964844       26.634708
FIRE:  622 19:08:03   -17574.824219       26.132895
FIRE:  623 19:08:04   -17579.650391       25.002165
FIRE:  624 19:08:04   -17584.402344       23.317841
FIRE:  625 19:08:04   -17589.154297       21.278673
FIRE:  626 19:08:05   -17593.779297       18.982441
FIRE:  627 19:08:05   -17598.279297       16.532549
FIRE:  628 19:08:05   -17602.658203       17.448725
FIRE:  629 19:08:06   -17606.931641       19.406549
FIRE:  630 19:08:06   -17611.099609       21.085079
FIRE:  631 19:08:06   -17615.152344       22.384331
FIRE:  632 19:08:07   -17619.150391       23.223053
FIRE:  633 19:08:07   -17623.093750       23.548470
FIRE:  634 19:08:07   -17626.976562       23.342331
FIRE:  635 19:08:08   -17630.916016       22.622156
FIRE:  636 19:08:08   -17634.841797       22.781441
FIRE:  637 19:08:08   -17638.730469       22.982637
FIRE:  638 19:08:09   -17642.664062       22.690659
FIRE:  639 19:08:09   -17646.548828       21.929594
FIRE:  640 19:08:09   -17650.443359       20.751715
FIRE:  641 19:08:10   -17654.302734       23.132689
FIRE:  642 19:08:10   -17658.207031       25.866283
FIRE:  643 19:08:11   -17662.117188       28.208969
FIRE:  644 19:08:11   -17666.003906       29.985001
FIRE:  645 19:08:11   -17670.001953       31.049011
FIRE:  646 19:08:12   -17674.044922       31.311178
FIRE:  647 19:08:12   -17678.101562       30.749628
FIRE:  648 19:08:12   -17682.228516       29.415842
FIRE:  649 19:08:13   -17686.394531       27.424202
FIRE:  650 19:08:13   -17690.550781       24.934067
FIRE:  651 19:08:13   -17694.707031       22.123732
FIRE:  652 19:08:14   -17698.859375       19.168468
FIRE:  653 19:08:14   -17702.912109       16.219734
FIRE:  654 19:08:14   -17706.937500       14.618099
FIRE:  655 19:08:15   -17710.876953       14.597963
FIRE:  656 19:08:15   -17714.730469       14.495036
FIRE:  657 19:08:15   -17718.521484       14.313426
FIRE:  658 19:08:16   -17722.253906       14.058954
FIRE:  659 19:08:16   -17725.900391       13.738757
FIRE:  660 19:08:16   -17729.492188       13.361091
FIRE:  661 19:08:17   -17733.023438       12.934701
FIRE:  662 19:08:17   -17736.501953       12.468808
FIRE:  663 19:08:17   -17739.951172       11.972543
FIRE:  664 19:08:18   -17743.326172       11.454363
FIRE:  665 19:08:18   -17746.693359       10.922584
FIRE:  666 19:08:18   -17749.960938       10.384252
FIRE:  667 19:08:19   -17753.251953        9.846088
FIRE:  668 19:08:19   -17756.482422        9.627584
FIRE:  669 19:08:19   -17759.697266       10.385694
FIRE:  670 19:08:20   -17762.890625       11.193601
FIRE:  671 19:08:20   -17766.056641       11.958430
FIRE:  672 19:08:20   -17769.234375       12.657938
FIRE:  673 19:08:21   -17772.378906       13.269340
FIRE:  674 19:08:21   -17775.539062       13.770678
FIRE:  675 19:08:21   -17778.701172       14.141947
FIRE:  676 19:08:22   -17781.839844       14.366692
FIRE:  677 19:08:22   -17785.039062       14.433655
FIRE:  678 19:08:22   -17788.226562       14.336799
FIRE:  679 19:08:23   -17791.437500       14.076335
FIRE:  680 19:08:23   -17794.626953       13.658527
FIRE:  681 19:08:23   -17797.875000       13.095205
FIRE:  682 19:08:24   -17801.177734       12.402847
FIRE:  683 19:08:24   -17804.427734       12.430504
FIRE:  684 19:08:24   -17807.751953       12.622999
FIRE:  685 19:08:25   -17811.039062       12.632134
FIRE:  686 19:08:25   -17814.402344       12.459104
FIRE:  687 19:08:25   -17817.679688       12.113688
FIRE:  688 19:08:26   -17821.011719       11.612929
FIRE:  689 19:08:26   -17824.355469       11.729993
FIRE:  690 19:08:26   -17827.714844       12.796514
FIRE:  691 19:08:27   -17831.070312       13.771120
FIRE:  692 19:08:27   -17834.404297       14.622451
FIRE:  693 19:08:27   -17837.794922       15.320242
FIRE:  694 19:08:28   -17841.160156       15.838285
FIRE:  695 19:08:28   -17844.585938       16.156233
FIRE:  696 19:08:28   -17847.976562       16.261887
FIRE:  697 19:08:29   -17851.384766       16.151855
FIRE:  698 19:08:29   -17854.833984       15.831453
FIRE:  699 19:08:29   -17858.248047       15.315377
FIRE:  700 19:08:30   -17861.705078       14.624891
FIRE:  701 19:08:30   -17865.130859       13.924679
FIRE:  702 19:08:30   -17868.568359       13.833980
FIRE:  703 19:08:31   -17871.990234       13.588856
FIRE:  704 19:08:31   -17875.357422       13.198230
FIRE:  705 19:08:31   -17878.710938       12.676367
FIRE:  706 19:08:32   -17882.052734       12.666164
FIRE:  707 19:08:32   -17885.355469       13.263331
FIRE:  708 19:08:32   -17888.613281       13.727551
FIRE:  709 19:08:33   -17891.867188       14.042099
FIRE:  710 19:08:33   -17895.054688       14.196747
FIRE:  711 19:08:33   -17898.222656       14.277630
FIRE:  712 19:08:34   -17901.365234       14.809146
FIRE:  713 19:08:34   -17904.482422       15.188648
FIRE:  714 19:08:34   -17907.587891       15.406119
FIRE:  715 19:08:35   -17910.691406       15.458356
FIRE:  716 19:08:35   -17913.777344       15.347569
FIRE:  717 19:08:35   -17916.779297       15.082499
FIRE:  718 19:08:36   -17919.832031       15.564687
FIRE:  719 19:08:36   -17922.857422       16.396721
FIRE:  720 19:08:36   -17925.833984       17.010885
FIRE:  721 19:08:37   -17928.802734       17.380703
FIRE:  722 19:08:37   -17931.736328       17.489687
FIRE:  723 19:08:37   -17934.644531       17.333158
FIRE:  724 19:08:38   -17937.583984       16.919439
FIRE:  725 19:08:38   -17940.433594       16.268656
FIRE:  726 19:08:38   -17943.263672       15.411827
FIRE:  727 19:08:39   -17946.042969       16.254253
FIRE:  728 19:08:39   -17948.851562       17.297956
FIRE:  729 19:08:39   -17951.607422       18.116346
FIRE:  730 19:08:40   -17954.351562       18.676146
FIRE:  731 19:08:40   -17957.099609       18.953650
FIRE:  732 19:08:40   -17959.767578       18.937941
FIRE:  733 19:08:41   -17962.468750       18.631905
FIRE:  734 19:08:41   -17965.103516       18.052155
FIRE:  735 19:08:41   -17967.712891       17.225843
FIRE:  736 19:08:42   -17970.294922       16.189665
FIRE:  737 19:08:42   -17972.880859       14.987368
FIRE:  738 19:08:42   -17975.412109       13.664350
FIRE:  739 19:08:43   -17977.921875       12.266018
FIRE:  740 19:08:43   -17980.392578       11.948084
FIRE:  741 19:08:43   -17982.824219       12.955617
FIRE:  742 19:08:44   -17985.189453       13.930431
FIRE:  743 19:08:44   -17987.562500       14.923039
FIRE:  744 19:08:44   -17989.919922       15.799090
FIRE:  745 19:08:45   -17992.257812       16.529161
FIRE:  746 19:08:45   -17994.564453       17.090742
FIRE:  747 19:08:45   -17996.853516       17.466261
FIRE:  748 19:08:46   -17999.156250       17.646944
FIRE:  749 19:08:46   -18001.498047       19.157080
FIRE:  750 19:08:46   -18003.884766       20.748108
FIRE:  751 19:08:47   -18006.277344       22.112265
FIRE:  752 19:08:47   -18008.705078       23.181913
FIRE:  753 19:08:47   -18011.218750       23.900402
FIRE:  754 19:08:48   -18013.792969       24.228790
FIRE:  755 19:08:48   -18016.410156       24.149960
FIRE:  756 19:08:48   -18019.093750       23.669605
FIRE:  757 19:08:49   -18021.816406       22.817869
FIRE:  758 19:08:49   -18024.595703       21.642576
FIRE:  759 19:08:49   -18027.396484       20.205847
FIRE:  760 19:08:50   -18030.181641       18.577068
FIRE:  761 19:08:50   -18032.966797       16.826159
FIRE:  762 19:08:50   -18035.816406       15.017608
FIRE:  763 19:08:51   -18038.589844       13.206613
FIRE:  764 19:08:51   -18041.337891       11.852240
FIRE:  765 19:08:51   -18044.082031       12.743565
FIRE:  766 19:08:52   -18046.808594       13.592767
FIRE:  767 19:08:52   -18049.462891       14.378638
FIRE:  768 19:08:52   -18052.113281       15.078443
FIRE:  769 19:08:53   -18054.771484       15.670380
FIRE:  770 19:08:53   -18057.345703       16.134377
FIRE:  771 19:08:53   -18059.916016       16.450731
FIRE:  772 19:08:54   -18062.398438       16.605835
FIRE:  773 19:08:54   -18064.978516       16.588545
FIRE:  774 19:08:54   -18067.433594       16.394247
FIRE:  775 19:08:55   -18069.925781       16.024836
FIRE:  776 19:08:55   -18072.314453       15.486072
FIRE:  777 19:08:55   -18074.769531       14.790951
FIRE:  778 19:08:56   -18077.164062       14.022175
FIRE:  779 19:08:56   -18079.500000       13.339519
FIRE:  780 19:08:56   -18081.785156       12.603950
FIRE:  781 19:08:57   -18084.033203       12.777439
FIRE:  782 19:08:57   -18086.255859       12.844123
FIRE:  783 19:08:57   -18088.441406       13.033977
FIRE:  784 19:08:58   -18090.603516       14.496655
FIRE:  785 19:08:58   -18092.693359       15.908410
FIRE:  786 19:08:58   -18094.759766       17.226313
FIRE:  787 19:08:59   -18096.794922       18.403273
FIRE:  788 19:08:59   -18098.810547       19.394152
FIRE:  789 19:08:59   -18100.855469       20.157612
FIRE:  790 19:09:00   -18102.876953       20.659191
FIRE:  791 19:09:00   -18104.925781       20.873857
FIRE:  792 19:09:00   -18106.937500       20.790916
FIRE:  793 19:09:01   -18108.992188       20.411249
FIRE:  794 19:09:01   -18111.050781       19.751087
FIRE:  795 19:09:01   -18113.154297       18.836868
FIRE:  796 19:09:02   -18115.285156       17.705404
FIRE:  797 19:09:02   -18117.480469       16.399185
FIRE:  798 19:09:02   -18119.664062       15.783134
FIRE:  799 19:09:03   -18121.863281       16.535458
FIRE:  800 19:09:03   -18124.140625       17.127607
FIRE:  801 19:09:03   -18126.404297       17.538300
FIRE:  802 19:09:04   -18128.755859       17.753014
FIRE:  803 19:09:04   -18131.078125       17.764021
FIRE:  804 19:09:04   -18133.433594       17.571718
FIRE:  805 19:09:05   -18135.890625       17.184694
FIRE:  806 19:09:05   -18138.263672       16.617672
FIRE:  807 19:09:05   -18140.693359       15.892668
FIRE:  808 19:09:06   -18143.128906       15.034586
FIRE:  809 19:09:06   -18145.515625       14.072146
FIRE:  810 19:09:06   -18147.898438       13.273765
FIRE:  811 19:09:07   -18150.242188       12.911969
FIRE:  812 19:09:07   -18152.548828       12.498470
FIRE:  813 19:09:07   -18154.839844       12.041029
FIRE:  814 19:09:08   -18157.044922       11.547851
FIRE:  815 19:09:08   -18159.246094       11.026942
FIRE:  816 19:09:08   -18161.369141       10.485991
FIRE:  817 19:09:09   -18163.429688       10.254578
FIRE:  818 19:09:09   -18165.392578       10.692057
FIRE:  819 19:09:09   -18167.306641       11.272271
FIRE:  820 19:09:10   -18169.109375       11.783500
FIRE:  821 19:09:10   -18170.929688       12.212543
FIRE:  822 19:09:10   -18172.625000       12.548381
FIRE:  823 19:09:11   -18174.287109       13.459920
FIRE:  824 19:09:11   -18175.884766       15.858511
FIRE:  825 19:09:11   -18177.447266       18.383497
FIRE:  826 19:09:12   -18178.994141       20.942926
FIRE:  827 19:09:12   -18180.562500       23.449625
FIRE:  828 19:09:12   -18182.121094       25.807365
FIRE:  829 19:09:13   -18183.712891       27.910273
FIRE:  830 19:09:13   -18185.345703       29.656713
FIRE:  831 19:09:13   -18187.083984       30.952534
FIRE:  832 19:09:14   -18188.912109       31.725384
FIRE:  833 19:09:14   -18190.818359       31.933075
FIRE:  834 19:09:14   -18192.826172       31.563951
FIRE:  835 19:09:15   -18194.949219       30.641752
FIRE:  836 19:09:15   -18197.136719       29.222847
FIRE:  837 19:09:15   -18199.378906       27.385633
FIRE:  838 19:09:16   -18201.646484       25.228117
FIRE:  839 19:09:16   -18203.929688       22.851641
FIRE:  840 19:09:16   -18206.201172       20.357466
FIRE:  841 19:09:17   -18208.468750       17.838280
FIRE:  842 19:09:17   -18210.677734       15.394341
FIRE:  843 19:09:17   -18212.792969       13.065298
FIRE:  844 19:09:18   -18214.902344       10.892779
FIRE:  845 19:09:18   -18216.900391       11.134407
FIRE:  846 19:09:18   -18218.839844       11.912198
FIRE:  847 19:09:19   -18220.740234       12.759228
FIRE:  848 19:09:19   -18222.570312       13.559015
FIRE:  849 19:09:19   -18224.333984       14.291752
FIRE:  850 19:09:20   -18226.044922       14.938678
FIRE:  851 19:09:20   -18227.675781       15.480197
FIRE:  852 19:09:20   -18229.306641       15.900097
FIRE:  853 19:09:21   -18230.837891       16.182980
FIRE:  854 19:09:21   -18232.410156       16.319372
FIRE:  855 19:09:21   -18233.861328       16.302187
FIRE:  856 19:09:22   -18235.322266       16.130857
FIRE:  857 19:09:22   -18236.740234       15.807649
FIRE:  858 19:09:22   -18238.111328       15.340535
FIRE:  859 19:09:23   -18239.445312       14.741716
FIRE:  860 19:09:23   -18240.757812       14.026416
FIRE:  861 19:09:23   -18242.000000       13.211736
FIRE:  862 19:09:24   -18243.199219       12.316450
FIRE:  863 19:09:24   -18244.433594       12.254494
FIRE:  864 19:09:24   -18245.552734       13.225373
FIRE:  865 19:09:25   -18246.671875       14.162079
FIRE:  866 19:09:25   -18247.742188       15.044567
FIRE:  867 19:09:25   -18248.794922       15.851509
FIRE:  868 19:09:26   -18249.820312       16.561609
FIRE:  869 19:09:26   -18250.869141       17.154800
FIRE:  870 19:09:26   -18251.892578       17.613157
FIRE:  871 19:09:27   -18252.931641       17.922447
FIRE:  872 19:09:27   -18253.966797       18.072794
FIRE:  873 19:09:27   -18255.000000       18.059299
FIRE:  874 19:09:28   -18256.097656       17.883007
FIRE:  875 19:09:28   -18257.248047       17.550358
FIRE:  876 19:09:28   -18258.369141       17.072947
FIRE:  877 19:09:29   -18259.582031       16.512009
FIRE:  878 19:09:29   -18260.822266       15.981503
FIRE:  879 19:09:29   -18262.037109       16.043159
FIRE:  880 19:09:30   -18263.347656       17.162838
FIRE:  881 19:09:30   -18264.701172       18.180395
FIRE:  882 19:09:30   -18266.017578       19.063898
FIRE:  883 19:09:31   -18267.406250       19.785007
FIRE:  884 19:09:31   -18268.806641       20.319963
FIRE:  885 19:09:31   -18270.251953       20.647936
FIRE:  886 19:09:32   -18271.722656       20.759310
FIRE:  887 19:09:32   -18273.156250       20.649361
FIRE:  888 19:09:32   -18274.650391       20.322668
FIRE:  889 19:09:33   -18276.150391       19.791016
FIRE:  890 19:09:33   -18277.673828       19.075241
FIRE:  891 19:09:33   -18279.164062       18.199387
FIRE:  892 19:09:34   -18280.664062       17.192087
FIRE:  893 19:09:34   -18282.181641       16.085072
FIRE:  894 19:09:34   -18283.673828       14.908961
FIRE:  895 19:09:35   -18285.173828       13.693419
FIRE:  896 19:09:35   -18286.710938       13.194800
FIRE:  897 19:09:35   -18288.203125       12.997504
FIRE:  898 19:09:36   -18289.730469       13.643222
FIRE:  899 19:09:36   -18291.232422       14.322291
FIRE:  900 19:09:36   -18292.800781       14.889950
FIRE:  901 19:09:37   -18294.361328       15.331349
FIRE:  902 19:09:37   -18295.925781       15.633980
FIRE:  903 19:09:37   -18297.507812       15.789809
FIRE:  904 19:09:38   -18299.177734       15.795470
FIRE:  905 19:09:38   -18300.800781       15.651654
FIRE:  906 19:09:38   -18302.542969       15.363971
FIRE:  907 19:09:39   -18304.271484       14.942753
FIRE:  908 19:09:39   -18306.066406       14.400948
FIRE:  909 19:09:39   -18307.816406       13.754930
FIRE:  910 19:09:40   -18309.603516       13.023148
FIRE:  911 19:09:40   -18311.406250       12.428812
FIRE:  912 19:09:40   -18313.193359       12.389662
FIRE:  913 19:09:41   -18314.986328       12.256715
FIRE:  914 19:09:41   -18316.804688       12.034688
FIRE:  915 19:09:41   -18318.539062       11.729710
FIRE:  916 19:09:41   -18320.236328       11.349928
FIRE:  917 19:09:42   -18321.927734       10.904505
FIRE:  918 19:09:42   -18323.539062       10.403414
FIRE:  919 19:09:42   -18325.121094        9.899071
FIRE:  920 19:09:43   -18326.669922        9.977859
FIRE:  921 19:09:43   -18328.136719       10.192358
FIRE:  922 19:09:43   -18329.523438       11.131618
FIRE:  923 19:09:44   -18330.843750       12.083882
FIRE:  924 19:09:44   -18332.132812       13.000191
FIRE:  925 19:09:44   -18333.341797       13.859195
FIRE:  926 19:09:45   -18334.568359       14.638266
FIRE:  927 19:09:45   -18335.673828       15.315866
FIRE:  928 19:09:45   -18336.808594       15.871352
FIRE:  929 19:09:46   -18337.880859       16.287241
FIRE:  930 19:09:46   -18338.998047       16.549322
FIRE:  931 19:09:46   -18340.029297       16.647831
FIRE:  932 19:09:47   -18341.111328       16.579012
FIRE:  933 19:09:47   -18342.173828       16.344685
FIRE:  934 19:09:47   -18343.291016       16.402138
FIRE:  935 19:09:48   -18344.388672       16.305105
FIRE:  936 19:09:48   -18345.537109       16.039454
FIRE:  937 19:09:48   -18346.667969       15.616315
FIRE:  938 19:09:49   -18347.857422       15.052513
FIRE:  939 19:09:49   -18349.089844       14.368204
FIRE:  940 19:09:49   -18350.298828       13.876164
FIRE:  941 19:09:50   -18351.570312       14.006458
FIRE:  942 19:09:50   -18352.859375       14.025340
FIRE:  943 19:09:50   -18354.080078       13.932939
FIRE:  944 19:09:51   -18355.390625       13.730721
FIRE:  945 19:09:51   -18356.750000       13.424522
FIRE:  946 19:09:51   -18358.039062       13.021585
FIRE:  947 19:09:52   -18359.371094       12.532028
FIRE:  948 19:09:52   -18360.722656       12.743697
FIRE:  949 19:09:52   -18362.068359       13.013439
FIRE:  950 19:09:53   -18363.412109       13.198211
FIRE:  951 19:09:53   -18364.767578       13.295284
FIRE:  952 19:09:53   -18366.128906       13.303629
FIRE:  953 19:09:54   -18367.507812       13.399361
FIRE:  954 19:09:54   -18368.890625       13.468995
FIRE:  955 19:09:54   -18370.265625       13.505440
FIRE:  956 19:09:55   -18371.742188       13.515034
FIRE:  957 19:09:55   -18373.117188       13.504080
FIRE:  958 19:09:55   -18374.580078       13.478829
FIRE:  959 19:09:56   -18376.095703       13.443994
FIRE:  960 19:09:56   -18377.650391       13.403131
FIRE:  961 19:09:56   -18379.208984       13.603423
FIRE:  962 19:09:57   -18380.800781       13.869391
FIRE:  963 19:09:57   -18382.458984       13.996157
FIRE:  964 19:09:57   -18384.146484       13.982345
FIRE:  965 19:09:58   -18385.851562       13.828996
FIRE:  966 19:09:58   -18387.630859       13.784746
FIRE:  967 19:09:58   -18389.462891       13.695051
FIRE:  968 19:09:59   -18391.314453       13.503238
FIRE:  969 19:09:59   -18393.167969       13.214845
FIRE:  970 19:09:59   -18395.066406       12.836451
FIRE:  971 19:10:00   -18396.996094       12.377004
FIRE:  972 19:10:00   -18398.892578       11.912152
FIRE:  973 19:10:00   -18400.792969       11.630052
FIRE:  974 19:10:01   -18402.699219       11.323164
FIRE:  975 19:10:01   -18404.556641       10.995870
FIRE:  976 19:10:01   -18406.386719       10.931527
FIRE:  977 19:10:02   -18408.212891       10.819912
FIRE:  978 19:10:02   -18410.011719       10.648472
FIRE:  979 19:10:02   -18411.714844       10.419861
FIRE:  980 19:10:03   -18413.416016       10.138337
FIRE:  981 19:10:03   -18415.021484        9.807989
FIRE:  982 19:10:03   -18416.578125        9.434706
FIRE:  983 19:10:04   -18418.087891        9.024530
FIRE:  984 19:10:04   -18419.441406        8.582463
FIRE:  985 19:10:04   -18420.761719        9.156725
FIRE:  986 19:10:05   -18422.025391        9.942397
FIRE:  987 19:10:05   -18423.177734       10.710869
FIRE:  988 19:10:05   -18424.300781       11.451711
FIRE:  989 19:10:06   -18425.277344       12.152409
FIRE:  990 19:10:06   -18426.257812       12.800879
FIRE:  991 19:10:06   -18427.158203       13.383957
FIRE:  992 19:10:07   -18427.996094       13.889721
FIRE:  993 19:10:07   -18428.796875       14.869527
FIRE:  994 19:10:07   -18429.531250       16.052015
FIRE:  995 19:10:08   -18430.279297       17.186047
FIRE:  996 19:10:08   -18430.966797       18.244043
FIRE:  997 19:10:08   -18431.687500       19.197931
FIRE:  998 19:10:09   -18432.404297       20.020374
FIRE:  999 19:10:09   -18433.115234       20.686872
FIRE:  1000 19:10:09   -18433.853516       21.176205
FIRE:  1001 19:10:09   -18434.667969       21.472137
FIRE:  1002 19:10:10   -18435.458984       21.564928
FIRE:  1003 19:10:10   -18436.318359       21.451300
FIRE:  1004 19:10:10   -18437.261719       21.135895
FIRE:  1005 19:10:11   -18438.226562       20.627596
FIRE:  1006 19:10:11   -18439.251953       19.944685
FIRE:  1007 19:10:11   -18440.281250       19.106445
FIRE:  1008 19:10:12   -18441.431641       18.139065
FIRE:  1009 19:10:12   -18442.589844       17.068079
FIRE:  1010 19:10:12   -18443.810547       16.757240
FIRE:  1011 19:10:13   -18445.097656       17.905773
FIRE:  1012 19:10:13   -18446.361328       18.928341
FIRE:  1013 19:10:13   -18447.751953       19.795399
FIRE:  1014 19:10:14   -18449.183594       20.478500
FIRE:  1015 19:10:14   -18450.638672       20.957623
FIRE:  1016 19:10:14   -18452.187500       21.215384
FIRE:  1017 19:10:15   -18453.714844       21.245188
FIRE:  1018 19:10:15   -18455.269531       21.044649
FIRE:  1019 19:10:15   -18456.916016       20.623032
FIRE:  1020 19:10:16   -18458.529297       19.994379
FIRE:  1021 19:10:16   -18460.193359       19.180281
FIRE:  1022 19:10:16   -18461.869141       18.207850
FIRE:  1023 19:10:17   -18463.556641       17.104771
FIRE:  1024 19:10:17   -18465.214844       15.903305
FIRE:  1025 19:10:17   -18466.843750       14.633683
FIRE:  1026 19:10:18   -18468.472656       13.325215
FIRE:  1027 19:10:18   -18470.125000       12.004004
FIRE:  1028 19:10:18   -18471.691406       10.693140
FIRE:  1029 19:10:19   -18473.183594        9.874817
FIRE:  1030 19:10:19   -18474.679688        9.564580
FIRE:  1031 19:10:19   -18476.132812        9.398581
FIRE:  1032 19:10:20   -18477.521484        9.536053
FIRE:  1033 19:10:20   -18478.849609        9.595454
FIRE:  1034 19:10:20   -18480.115234        9.576019
FIRE:  1035 19:10:21   -18481.365234        9.478978
FIRE:  1036 19:10:21   -18482.490234        9.306611
FIRE:  1037 19:10:21   -18483.580078        9.146887
FIRE:  1038 19:10:22   -18484.583984        9.563053
FIRE:  1039 19:10:22   -18485.583984        9.968309
FIRE:  1040 19:10:22   -18486.468750       10.325469
FIRE:  1041 19:10:23   -18487.330078       10.628005
FIRE:  1042 19:10:23   -18488.113281       10.871285
FIRE:  1043 19:10:23   -18488.755859       11.050026
FIRE:  1044 19:10:24   -18489.455078       11.161625
FIRE:  1045 19:10:24   -18490.046875       11.203178
FIRE:  1046 19:10:24   -18490.566406       11.581285
FIRE:  1047 19:10:25   -18491.046875       12.382048
FIRE:  1048 19:10:25   -18491.427734       13.119771
FIRE:  1049 19:10:25   -18491.769531       13.779279
FIRE:  1050 19:10:26   -18492.097656       14.346858
FIRE:  1051 19:10:26   -18492.380859       14.808800
FIRE:  1052 19:10:26   -18492.552734       15.154225
FIRE:  1053 19:10:27   -18492.689453       15.374833
FIRE:  1054 19:10:27   -18509.978516        8.545838
FIRE:  1055 19:10:27   -18525.271484        7.159735
FIRE:  1056 19:10:28   -18539.080078        6.817773
FIRE:  1057 19:10:28   -18551.712891        6.455054
FIRE:  1058 19:10:28   -18563.373047        6.059892
FIRE:  1059 19:10:29   -18574.181641        5.619647
FIRE:  1060 19:10:29   -18584.292969        5.121719
FIRE:  1061 19:10:29   -18593.824219        4.555040
FIRE:  1062 19:10:30   -18602.904297        4.393483
FIRE:  1063 19:10:30   -18611.480469        4.322278
FIRE:  1064 19:10:30   -18619.759766        4.230289
FIRE:  1065 19:10:31   -18627.742188        4.111740
FIRE:  1066 19:10:31   -18635.414062        3.960064
FIRE:  1067 19:10:31   -18642.796875        3.768101
FIRE:  1068 19:10:32   -18649.919922        3.528710
FIRE:  1069 19:10:32   -18656.728516        3.235579
FIRE:  1070 19:10:32   -18663.394531        2.884531
FIRE:  1071 19:10:33   -18669.724609        2.760972
FIRE:  1072 19:10:33   -18675.857422        2.612798
FIRE:  1073 19:10:33   -18681.800781        2.481352
FIRE:  1074 19:10:34   -18687.578125        2.412368
FIRE:  1075 19:10:34   -18693.181641        2.437189
FIRE:  1076 19:10:34   -18698.625000        2.444938
FIRE:  1077 19:10:35   -18703.992188        2.433296
FIRE:  1078 19:10:35   -18709.177734        2.488325
FIRE:  1079 19:10:35   -18714.285156        2.651196
FIRE:  1080 19:10:35   -18719.255859        2.685168
FIRE:  1081 19:10:36   -18724.175781        2.594998
FIRE:  1082 19:10:36   -18728.986328        2.575609
FIRE:  1083 19:10:36   -18733.697266        2.592246
FIRE:  1084 19:10:37   -18738.378906        2.590674
FIRE:  1085 19:10:37   -18742.916016        2.566778
FIRE:  1086 19:10:37   -18747.359375        2.516686
FIRE:  1087 19:10:38   -18751.722656        2.437569
FIRE:  1088 19:10:38   -18756.035156        2.327861
FIRE:  1089 19:10:38   -18760.222656        2.187865
FIRE:  1090 19:10:39   -18764.345703        2.087589
FIRE:  1091 19:10:39   -18768.433594        2.122536
FIRE:  1092 19:10:39   -18772.406250        2.149684
FIRE:  1093 19:10:40   -18776.349609        2.169370
FIRE:  1094 19:10:40   -18780.183594        2.182811
FIRE:  1095 19:10:40   -18783.984375        2.192364
FIRE:  1096 19:10:41   -18787.767578        2.201851
FIRE:  1097 19:10:41   -18791.441406        2.216855
FIRE:  1098 19:10:41   -18795.128906        2.244629
FIRE:  1099 19:10:42   -18798.748047        2.293797
FIRE:  1100 19:10:42   -18802.347656        2.373523
FIRE:  1101 19:10:42   -18805.882812        2.559196
FIRE:  1102 19:10:43   -18809.406250        2.839848
FIRE:  1103 19:10:43   -18812.876953        3.123919
FIRE:  1104 19:10:43   -18816.306641        3.398090
FIRE:  1105 19:10:44   -18819.740234        3.632724
FIRE:  1106 19:10:44   -18823.117188        3.780633
FIRE:  1107 19:10:44   -18826.474609        3.791365
FIRE:  1108 19:10:45   -18829.859375        3.699484
FIRE:  1109 19:10:45   -18833.158203        3.589514
FIRE:  1110 19:10:45   -18836.431641        3.503628
FIRE:  1111 19:10:46   -18839.714844        3.469807
FIRE:  1112 19:10:46   -18842.951172        3.413577
FIRE:  1113 19:10:46   -18846.164062        3.289782
FIRE:  1114 19:10:47   -18849.341797        3.123204
FIRE:  1115 19:10:47   -18852.455078        2.954066
FIRE:  1116 19:10:47   -18855.535156        2.887138
FIRE:  1117 19:10:48   -18858.589844        2.962469
FIRE:  1118 19:10:48   -18861.546875        3.041140
FIRE:  1119 19:10:48   -18864.541016        3.123897
FIRE:  1120 19:10:49   -18867.501953        3.211426
FIRE:  1121 19:10:49   -18870.431641        3.304434
FIRE:  1122 19:10:49   -18873.365234        3.403604
FIRE:  1123 19:10:50   -18876.269531        3.509687
FIRE:  1124 19:10:50   -18879.177734        3.623358
FIRE:  1125 19:10:50   -18882.117188        3.744901
FIRE:  1126 19:10:51   -18884.988281        3.873379
FIRE:  1127 19:10:51   -18887.867188        4.006619
FIRE:  1128 19:10:51   -18890.744141        4.140716
FIRE:  1129 19:10:52   -18893.609375        4.269854
FIRE:  1130 19:10:52   -18896.455078        4.387046
FIRE:  1131 19:10:52   -18899.292969        4.484507
FIRE:  1132 19:10:53   -18902.130859        4.553949
FIRE:  1133 19:10:53   -18904.943359        4.586483
FIRE:  1134 19:10:53   -18907.767578        4.573073
FIRE:  1135 19:10:54   -18910.539062        4.503582
FIRE:  1136 19:10:54   -18913.335938        4.366183
FIRE:  1137 19:10:54   -18916.156250        4.148430
FIRE:  1138 19:10:55   -18919.033203        4.182920
FIRE:  1139 19:10:55   -18921.789062        4.133957
FIRE:  1140 19:10:55   -18924.609375        4.041921
FIRE:  1141 19:10:56   -18927.398438        4.033367
FIRE:  1142 19:10:56   -18930.152344        4.162538
FIRE:  1143 19:10:56   -18932.927734        4.249016
FIRE:  1144 19:10:57   -18935.673828        4.050436
FIRE:  1145 19:10:57   -18938.345703        4.606053
FIRE:  1146 19:10:57   -18940.892578        5.664466
FIRE:  1147 19:10:58   -18943.425781        6.532999
FIRE:  1148 19:10:58   -18945.953125        7.092005
FIRE:  1149 19:10:58   -18948.480469        7.260703
FIRE:  1150 19:10:59   -18950.957031        7.017176
FIRE:  1151 19:10:59   -18953.490234        6.401410
FIRE:  1152 19:10:59   -18956.050781        5.499687
FIRE:  1153 19:11:00   -18958.572266        4.420547
FIRE:  1154 19:11:00   -18961.113281        3.715936
FIRE:  1155 19:11:00   -18963.679688        3.635767
FIRE:  1156 19:11:01   -18966.158203        3.424624
FIRE:  1157 19:11:01   -18968.615234        3.392231
FIRE:  1158 19:11:01   -18971.085938        3.363481
FIRE:  1159 19:11:02   -18973.529297        3.294368
FIRE:  1160 19:11:02   -18975.900391        3.281722
FIRE:  1161 19:11:02   -18978.277344        3.261763
FIRE:  1162 19:11:03   -18980.617188        3.613871
FIRE:  1163 19:11:03   -18982.984375        3.951437
FIRE:  1164 19:11:03   -18985.316406        4.186628
FIRE:  1165 19:11:03   -18987.634766        4.322094
FIRE:  1166 19:11:04   -18989.935547        4.364256
FIRE:  1167 19:11:04   -18992.234375        4.322414
FIRE:  1168 19:11:04   -18994.488281        4.208785
FIRE:  1169 19:11:05   -18996.779297        4.037399
FIRE:  1170 19:11:05   -18999.037109        3.822563
FIRE:  1171 19:11:05   -19001.224609        3.606281
FIRE:  1172 19:11:06   -19003.439453        4.100007
FIRE:  1173 19:11:06   -19005.595703        4.513766
FIRE:  1174 19:11:06   -19007.783203        4.806050
FIRE:  1175 19:11:07   -19009.898438        4.941154
FIRE:  1176 19:11:07   -19012.031250        4.896811
FIRE:  1177 19:11:07   -19014.134766        4.669684
FIRE:  1178 19:11:08   -19016.287109        4.534837
FIRE:  1179 19:11:08   -19018.460938        4.372991
FIRE:  1180 19:11:08   -19020.632812        4.088534
FIRE:  1181 19:11:09   -19022.875000        3.713526
FIRE:  1182 19:11:09   -19025.083984        3.281514
FIRE:  1183 19:11:09   -19027.322266        3.114129
FIRE:  1184 19:11:10   -19029.574219        3.253466
FIRE:  1185 19:11:10   -19031.876953        3.496324
FIRE:  1186 19:11:10   -19034.136719        3.808904
FIRE:  1187 19:11:11   -19036.431641        4.035690
FIRE:  1188 19:11:11   -19038.779297        4.178814
FIRE:  1189 19:11:11   -19041.087891        4.279112
FIRE:  1190 19:11:12   -19043.390625        4.386378
FIRE:  1191 19:11:12   -19045.650391        4.475553
FIRE:  1192 19:11:12   -19047.871094        4.494283
FIRE:  1193 19:11:13   -19050.105469        4.430383
FIRE:  1194 19:11:13   -19052.257812        4.446570
FIRE:  1195 19:11:13   -19054.345703        6.158645
FIRE:  1196 19:11:14   -19056.371094        7.864123
FIRE:  1197 19:11:14   -19058.402344        9.335264
FIRE:  1198 19:11:14   -19060.453125       10.333282
FIRE:  1199 19:11:15   -19062.447266       10.671711
FIRE:  1200 19:11:15   -19064.544922       10.278489
FIRE:  1201 19:11:15   -19066.630859        9.218456
FIRE:  1202 19:11:16   -19068.759766        7.668169
FIRE:  1203 19:11:16   -19070.796875        5.851036
FIRE:  1204 19:11:16   -19072.904297        5.197275
FIRE:  1205 19:11:17   -19074.951172        5.454068
FIRE:  1206 19:11:17   -19076.906250        5.673295
FIRE:  1207 19:11:17   -19078.894531        5.831194
FIRE:  1208 19:11:18   -19080.841797        5.896374
FIRE:  1209 19:11:18   -19082.755859        5.835511
FIRE:  1210 19:11:18   -19084.644531        5.624407
FIRE:  1211 19:11:19   -19086.544922        5.255912
FIRE:  1212 19:11:19   -19088.460938        5.036722
FIRE:  1213 19:11:19   -19090.324219        5.640995
FIRE:  1214 19:11:20   -19092.242188        6.029237
FIRE:  1215 19:11:20   -19094.150391        6.135527
FIRE:  1216 19:11:20   -19096.046875        5.935793
FIRE:  1217 19:11:21   -19098.017578        5.681080
FIRE:  1218 19:11:21   -19099.974609        5.634637
FIRE:  1219 19:11:21   -19101.908203        5.521544
FIRE:  1220 19:11:22   -19103.871094        5.337675
FIRE:  1221 19:11:22   -19105.808594        5.075645
FIRE:  1222 19:11:22   -19107.746094        4.724808
FIRE:  1223 19:11:23   -19109.638672        4.272263
FIRE:  1224 19:11:23   -19111.503906        4.089181
FIRE:  1225 19:11:23   -19113.361328        4.086382
FIRE:  1226 19:11:24   -19115.142578        4.091341
FIRE:  1227 19:11:24   -19116.880859        4.222347
FIRE:  1228 19:11:24   -19118.625000        4.314525
FIRE:  1229 19:11:25   -19120.281250        4.353323
FIRE:  1230 19:11:25   -19121.947266        4.421011
FIRE:  1231 19:11:25   -19123.546875        4.418575
FIRE:  1232 19:11:26   -19125.150391        5.815653
FIRE:  1233 19:11:26   -19126.689453        7.021264
FIRE:  1234 19:11:26   -19128.244141        7.900834
FIRE:  1235 19:11:27   -19129.759766        8.344297
FIRE:  1236 19:11:27   -19131.355469        8.295308
FIRE:  1237 19:11:27   -19132.917969        7.768126
FIRE:  1238 19:11:28   -19134.458984        6.840310
FIRE:  1239 19:11:28   -19135.988281        5.631988
FIRE:  1240 19:11:28   -19137.501953        5.455482
FIRE:  1241 19:11:29   -19138.951172        5.831760
FIRE:  1242 19:11:29   -19140.343750        6.080195
FIRE:  1243 19:11:29   -19141.638672        6.183690
FIRE:  1244 19:11:30   -19142.986328        6.135003
FIRE:  1245 19:11:30   -19144.125000        5.937337
FIRE:  1246 19:11:30   -19145.294922        6.602267
FIRE:  1247 19:11:31   -19146.423828        8.868000
FIRE:  1248 19:11:31   -19147.513672       11.084702
FIRE:  1249 19:11:31   -19148.625000       12.990669
FIRE:  1250 19:11:32   -19149.845703       14.305357
FIRE:  1251 19:11:32   -19151.167969       14.808134
FIRE:  1252 19:11:32   -19152.689453       14.415653
FIRE:  1253 19:11:33   -19154.277344       13.210231
FIRE:  1254 19:11:33   -19155.994141       11.406254
FIRE:  1255 19:11:33   -19157.779297        9.269773
FIRE:  1256 19:11:33   -19159.529297        7.044622
FIRE:  1257 19:11:34   -19161.271484        5.823637
FIRE:  1258 19:11:34   -19162.972656        4.974040
FIRE:  1259 19:11:34   -19164.599609        4.059303
FIRE:  1260 19:11:35   -19166.111328        4.088466
FIRE:  1261 19:11:35   -19167.562500        4.168568
FIRE:  1262 19:11:35   -19169.005859        4.169759
FIRE:  1263 19:11:36   -19170.339844        4.088017
FIRE:  1264 19:11:36   -19171.583984        4.295747
FIRE:  1265 19:11:36   -19172.818359        4.919936
FIRE:  1266 19:11:37   -19174.046875        5.438139
FIRE:  1267 19:11:37   -19175.230469        5.861098
FIRE:  1268 19:11:37   -19176.384766        6.196149
FIRE:  1269 19:11:38   -19177.523438        6.448291
FIRE:  1270 19:11:38   -19178.656250        6.621442
FIRE:  1271 19:11:38   -19179.849609        6.813725
FIRE:  1272 19:11:39   -19181.060547        7.159199
FIRE:  1273 19:11:39   -19182.298828        7.137828
FIRE:  1274 19:11:39   -19183.619141        6.757317
FIRE:  1275 19:11:40   -19184.884766        6.459133
FIRE:  1276 19:11:40   -19186.228516        6.264951
FIRE:  1277 19:11:40   -19187.669922        6.033671
FIRE:  1278 19:11:41   -19189.087891        5.826644
FIRE:  1279 19:11:41   -19190.521484        5.763275
FIRE:  1280 19:11:41   -19192.011719        5.511425
FIRE:  1281 19:11:42   -19193.500000        5.079497
FIRE:  1282 19:11:42   -19195.007812        4.490602
FIRE:  1283 19:11:42   -19196.503906        4.277920
FIRE:  1284 19:11:43   -19197.947266        4.194509
FIRE:  1285 19:11:43   -19199.345703        4.050120
FIRE:  1286 19:11:43   -19200.748047        3.849255
FIRE:  1287 19:11:44   -19202.064453        4.122519
FIRE:  1288 19:11:44   -19203.335938        4.337770
FIRE:  1289 19:11:44   -19204.587891        4.472185
FIRE:  1290 19:11:45   -19205.722656        4.530715
FIRE:  1291 19:11:45   -19206.796875        4.516615
FIRE:  1292 19:11:45   -19207.892578        4.576745
FIRE:  1293 19:11:46   -19208.953125        5.237034
FIRE:  1294 19:11:46   -19210.011719        6.702989
FIRE:  1295 19:11:46   -19211.035156        8.135445
FIRE:  1296 19:11:47   -19212.099609        9.424830
FIRE:  1297 19:11:47   -19213.224609       10.451991
FIRE:  1298 19:11:47   -19214.390625       11.106013
FIRE:  1299 19:11:48   -19215.601562       11.310151
FIRE:  1300 19:11:48   -19216.882812       11.039721
FIRE:  1301 19:11:48   -19218.187500       10.329201
FIRE:  1302 19:11:49   -19219.562500        9.264479
FIRE:  1303 19:11:49   -19220.910156        7.959858
FIRE:  1304 19:11:49   -19222.230469        6.536329
FIRE:  1305 19:11:50   -19223.531250        5.103856
FIRE:  1306 19:11:50   -19224.839844        4.252212
FIRE:  1307 19:11:50   -19226.046875        4.899284
FIRE:  1308 19:11:51   -19227.279297        5.352290
FIRE:  1309 19:11:51   -19228.531250        5.575014
FIRE:  1310 19:11:51   -19229.740234        5.550900
FIRE:  1311 19:11:52   -19230.929688        5.285913
FIRE:  1312 19:11:52   -19232.128906        4.808045
FIRE:  1313 19:11:52   -19233.332031        4.160583
FIRE:  1314 19:11:53   -19234.591797        3.995365
FIRE:  1315 19:11:53   -19235.830078        4.018882
FIRE:  1316 19:11:53   -19237.041016        4.355927
FIRE:  1317 19:11:54   -19238.255859        4.656178
FIRE:  1318 19:11:54   -19239.486328        4.925632
FIRE:  1319 19:11:54   -19240.769531        5.174610
FIRE:  1320 19:11:55   -19242.005859        5.712088
FIRE:  1321 19:11:55   -19243.228516        6.283871
FIRE:  1322 19:11:55   -19244.515625        6.855148
FIRE:  1323 19:11:56   -19245.792969        7.379523
FIRE:  1324 19:11:56   -19247.062500        7.816619
FIRE:  1325 19:11:57   -19248.382812        8.130623
FIRE:  1326 19:11:57   -19249.697266        8.284832
FIRE:  1327 19:11:57   -19251.046875        8.246407
FIRE:  1328 19:11:58   -19252.404297        7.995111
FIRE:  1329 19:11:58   -19253.779297        7.530549
FIRE:  1330 19:11:59   -19255.164062        6.874615
FIRE:  1331 19:11:59   -19256.550781        6.067576
FIRE:  1332 19:12:00   -19257.951172        5.161604
FIRE:  1333 19:12:00   -19259.308594        4.212847
FIRE:  1334 19:12:01   -19260.675781        4.131007
FIRE:  1335 19:12:01   -19261.984375        4.264985
FIRE:  1336 19:12:02   -19263.376953        4.266567
FIRE:  1337 19:12:02   -19264.638672        4.131628
FIRE:  1338 19:12:02   -19265.923828        4.024110
FIRE:  1339 19:12:03   -19267.162109        4.560268
FIRE:  1340 19:12:03   -19268.335938        5.009071
FIRE:  1341 19:12:04   -19269.537109        5.368330
FIRE:  1342 19:12:04   -19270.701172        5.983151
FIRE:  1343 19:12:05   -19271.833984        7.200644
FIRE:  1344 19:12:05   -19272.947266        8.257898
FIRE:  1345 19:12:06   -19274.035156        9.068163
FIRE:  1346 19:12:06   -19275.218750        9.559690
FIRE:  1347 19:12:06   -19276.398438        9.688815
FIRE:  1348 19:12:07   -19277.597656        9.448384
FIRE:  1349 19:12:07   -19278.808594        8.868809
FIRE:  1350 19:12:08   -19280.068359        8.011870
FIRE:  1351 19:12:08   -19281.369141        6.957118
FIRE:  1352 19:12:08   -19282.589844        5.788641
FIRE:  1353 19:12:09   -19283.863281        4.584087
FIRE:  1354 19:12:09   -19285.019531        3.595763
FIRE:  1355 19:12:09   -19286.177734        3.681697
FIRE:  1356 19:12:10   -19287.271484        3.716965
FIRE:  1357 19:12:10   -19288.357422        3.699652
FIRE:  1358 19:12:10   -19289.412109        3.630077
FIRE:  1359 19:12:11   -19290.369141        3.999100
FIRE:  1360 19:12:11   -19291.347656        4.500052
FIRE:  1361 19:12:11   -19292.283203        4.996259
FIRE:  1362 19:12:12   -19293.236328        5.475009
FIRE:  1363 19:12:12   -19294.167969        5.922501
FIRE:  1364 19:12:12   -19295.076172        6.324012
FIRE:  1365 19:12:12   -19296.058594        6.665495
FIRE:  1366 19:12:13   -19297.003906        6.934247
FIRE:  1367 19:12:13   -19297.939453        7.119400
FIRE:  1368 19:12:13   -19298.949219        7.213754
FIRE:  1369 19:12:14   -19299.921875        7.213924
FIRE:  1370 19:12:14   -19300.904297        7.120277
FIRE:  1371 19:12:14   -19301.873047        6.937533
FIRE:  1372 19:12:15   -19302.789062        6.803988
FIRE:  1373 19:12:15   -19303.724609        8.829501
FIRE:  1374 19:12:15   -19304.640625       10.933257
FIRE:  1375 19:12:16   -19305.513672       12.949744
FIRE:  1376 19:12:16   -19306.427734       14.660893
FIRE:  1377 19:12:16   -19307.412109       15.832869
FIRE:  1378 19:12:17   -19308.419922       16.274343
FIRE:  1379 19:12:17   -19309.554688       15.893939
FIRE:  1380 19:12:17   -19310.726562       14.726346
FIRE:  1381 19:12:18   -19311.982422       12.921689
FIRE:  1382 19:12:18   -19313.195312       10.695219
FIRE:  1383 19:12:18   -19314.417969        8.274052
FIRE:  1384 19:12:19   -19315.578125        5.850956
FIRE:  1385 19:12:19   -19316.648438        4.814783
FIRE:  1386 19:12:19   -19317.617188        4.903438
FIRE:  1387 19:12:20   -19318.529297        4.952529
FIRE:  1388 19:12:20   -19319.373047        4.963342
FIRE:  1389 19:12:20   -19320.162109        4.936645
FIRE:  1390 19:12:21   -19320.890625        4.872981
FIRE:  1391 19:12:21   -19321.572266        5.663496
FIRE:  1392 19:12:21   -19322.240234        6.482661
FIRE:  1393 19:12:22   -19322.867188        7.165992
FIRE:  1394 19:12:22   -19323.515625        7.731974
FIRE:  1395 19:12:22   -19324.128906        8.196839
FIRE:  1396 19:12:23   -19324.789062        8.573672
FIRE:  1397 19:12:23   -19325.472656        8.872425
FIRE:  1398 19:12:23   -19326.187500        9.099836
FIRE:  1399 19:12:24   -19326.935547        9.260493
FIRE:  1400 19:12:24   -19327.771484       10.183614
FIRE:  1401 19:12:24   -19328.660156       10.932217
FIRE:  1402 19:12:25   -19329.648438       11.409379
FIRE:  1403 19:12:25   -19330.634766       11.570267
FIRE:  1404 19:12:25   -19331.746094       11.399070
FIRE:  1405 19:12:26   -19332.886719       10.912058
FIRE:  1406 19:12:26   -19334.050781       10.153195
FIRE:  1407 19:12:26   -19335.259766        9.187475
FIRE:  1408 19:12:27   -19336.394531        8.086776
FIRE:  1409 19:12:27   -19337.560547        7.001831
FIRE:  1410 19:12:27   -19338.673828        6.251015
FIRE:  1411 19:12:28   -19339.755859        5.348562
FIRE:  1412 19:12:28   -19340.785156        4.615813
FIRE:  1413 19:12:28   -19341.761719        4.321400
FIRE:  1414 19:12:29   -19342.662109        3.925699
FIRE:  1415 19:12:29   -19343.478516        4.202888
FIRE:  1416 19:12:29   -19344.210938        4.507252
FIRE:  1417 19:12:30   -19344.908203        5.148186
FIRE:  1418 19:12:30   -19345.496094        7.230279
FIRE:  1419 19:12:30   -19346.058594        9.345665
FIRE:  1420 19:12:31   -19346.621094       11.329377
FIRE:  1421 19:12:31   -19347.126953       12.983846
FIRE:  1422 19:12:31   -19347.720703       14.116419
FIRE:  1423 19:12:32   -19348.388672       14.667304
FIRE:  1424 19:12:32   -19349.091797       14.462218
FIRE:  1425 19:12:32   -19349.917969       13.546281
FIRE:  1426 19:12:33   -19350.798828       12.060372
FIRE:  1427 19:12:33   -19351.708984       10.201016
FIRE:  1428 19:12:33   -19352.601562        8.178714
FIRE:  1429 19:12:34   -19353.519531        7.958844
FIRE:  1430 19:12:34   -19354.414062        7.971237
FIRE:  1431 19:12:34   -19355.246094        7.845452
FIRE:  1432 19:12:35   -19356.058594        7.588333
FIRE:  1433 19:12:35   -19356.859375        7.213457
FIRE:  1434 19:12:35   -19357.650391        6.739481
FIRE:  1435 19:12:36   -19358.371094        6.188735
FIRE:  1436 19:12:36   -19359.142578        5.584529
FIRE:  1437 19:12:36   -19359.791016        5.012733
FIRE:  1438 19:12:37   -19360.548828        5.539201
FIRE:  1439 19:12:37   -19361.224609        5.962699
FIRE:  1440 19:12:37   -19361.851562        6.300159
FIRE:  1441 19:12:38   -19362.513672        6.566105
FIRE:  1442 19:12:38   -19363.103516        6.772213
FIRE:  1443 19:12:38   -19363.750000        6.927742
FIRE:  1444 19:12:39   -19364.373047        7.039723
FIRE:  1445 19:12:39   -19364.974609        7.113087
FIRE:  1446 19:12:39   -19365.593750        7.151125
FIRE:  1447 19:12:40   -19366.212891        7.155474
FIRE:  1448 19:12:40   -19366.787109        7.248312
FIRE:  1449 19:12:40   -19367.451172        7.771322
FIRE:  1450 19:12:41   -19368.105469        8.099018
FIRE:  1451 19:12:41   -19368.775391        8.210267
FIRE:  1452 19:12:41   -19369.453125        8.836714
FIRE:  1453 19:12:42   -19370.164062        9.455445
FIRE:  1454 19:12:42   -19370.851562        9.920583
FIRE:  1455 19:12:42   -19371.496094       10.182055
FIRE:  1456 19:12:43   -19372.169922       10.203026
FIRE:  1457 19:12:43   -19372.804688       11.713534
FIRE:  1458 19:12:43   -19373.382812       14.332464
FIRE:  1459 19:12:44   -19374.042969       16.837849
FIRE:  1460 19:12:44   -19374.638672       18.943241
FIRE:  1461 19:12:44   -19375.353516       20.346085
FIRE:  1462 19:12:45   -19376.070312       20.803946
FIRE:  1463 19:12:45   -19376.978516       20.211702
FIRE:  1464 19:12:45   -19377.933594       18.635990
FIRE:  1465 19:12:46   -19378.867188       16.289923
FIRE:  1466 19:12:46   -19379.841797       13.622074
FIRE:  1467 19:12:46   -19380.744141       10.909985
FIRE:  1468 19:12:47   -19381.601562       11.612455
FIRE:  1469 19:12:47   -19382.371094       12.797755
FIRE:  1470 19:12:47   -19383.082031       13.549834
FIRE:  1471 19:12:48   -19383.781250       13.784603
FIRE:  1472 19:12:48   -19384.435547       13.477403
FIRE:  1473 19:12:48   -19385.109375       12.665993
FIRE:  1474 19:12:49   -19385.785156       11.441236
FIRE:  1475 19:12:49   -19386.435547        9.926033
FIRE:  1476 19:12:49   -19387.105469        8.250089
FIRE:  1477 19:12:50   -19387.816406        8.085584
FIRE:  1478 19:12:50   -19388.503906        8.503925
FIRE:  1479 19:12:50   -19389.140625        8.781577
FIRE:  1480 19:12:51   -19389.796875        8.957132
FIRE:  1481 19:12:51   -19390.486328        9.065566
FIRE:  1482 19:12:51   -19391.064453        9.136331
FIRE:  1483 19:12:52   -19391.730469        9.191767
FIRE:  1484 19:12:52   -19392.341797        9.246410
FIRE:  1485 19:12:52   -19392.960938        9.307488
FIRE:  1486 19:12:53   -19393.576172        9.376140
FIRE:  1487 19:12:53   -19394.222656        9.449658
FIRE:  1488 19:12:53   -19394.861328        9.523113
FIRE:  1489 19:12:54   -19395.494141        9.591268
FIRE:  1490 19:12:54   -19396.099609        9.649344
FIRE:  1491 19:12:54   -19396.750000        9.693554
FIRE:  1492 19:12:55   -19397.384766        9.721219
FIRE:  1493 19:12:55   -19398.015625        9.730288
FIRE:  1494 19:12:55   -19398.679688        9.719157
FIRE:  1495 19:12:55   -19399.347656        9.685928
FIRE:  1496 19:12:56   -19399.972656        9.627940
FIRE:  1497 19:12:56   -19400.644531        9.541495
FIRE:  1498 19:12:56   -19401.343750        9.421542
FIRE:  1499 19:12:57   -19402.029297        9.261681
FIRE:  1500 19:12:57   -19402.759766        9.054101
FIRE:  1501 19:12:57   -19403.480469        8.789398
FIRE:  1502 19:12:58   -19404.232422        8.456537
FIRE:  1503 19:12:58   -19405.015625        8.041636
FIRE:  1504 19:12:58   -19405.853516        7.826983
FIRE:  1505 19:12:59   -19406.652344        7.907588
FIRE:  1506 19:12:59   -19407.533203        7.781176
FIRE:  1507 19:12:59   -19408.378906        8.126733
FIRE:  1508 19:13:00   -19409.193359        8.361490
FIRE:  1509 19:13:00   -19410.000000        8.476938
FIRE:  1510 19:13:00   -19410.771484        8.469601
FIRE:  1511 19:13:01   -19411.435547        8.342443
FIRE:  1512 19:13:01   -19412.025391        8.103669
FIRE:  1513 19:13:01   -19412.466797        7.765575
FIRE:  1514 19:13:02   -19412.785156       10.472896
FIRE:  1515 19:13:02   -19413.023438       13.909963
FIRE:  1516 19:13:02   -19413.187500       17.334749
FIRE:  1517 19:13:03   -19413.371094       20.408712
FIRE:  1518 19:13:03   -19413.597656       22.737404
FIRE:  1519 19:13:03   -19413.988281       23.964056
FIRE:  1520 19:13:04   -19414.501953       23.882992
FIRE:  1521 19:13:04   -19415.263672       22.518023
FIRE:  1522 19:13:04   -19416.107422       20.117563
FIRE:  1523 19:13:05   -19417.156250       17.072891
FIRE:  1524 19:13:05   -19418.115234       13.809231
FIRE:  1525 19:13:05   -19419.130859       11.400162
FIRE:  1526 19:13:06   -19420.009766       10.565896
FIRE:  1527 19:13:06   -19420.902344        9.455935
FIRE:  1528 19:13:06   -19421.615234        8.158479
FIRE:  1529 19:13:07   -19422.257812        6.761815
FIRE:  1530 19:13:07   -19422.878906        6.807588
FIRE:  1531 19:13:07   -19423.376953        7.900377
FIRE:  1532 19:13:08   -19423.841797        8.879111
FIRE:  1533 19:13:08   -19424.320312        9.681092
FIRE:  1534 19:13:08   -19424.750000       10.248425
FIRE:  1535 19:13:09   -19425.263672       10.538446
FIRE:  1536 19:13:09   -19425.775391       10.528428
FIRE:  1537 19:13:09   -19426.304688       10.222743
FIRE:  1538 19:13:10   -19426.888672        9.649791
FIRE:  1539 19:13:10   -19427.490234        8.857468
FIRE:  1540 19:13:10   -19428.074219        7.904848
FIRE:  1541 19:13:11   -19428.710938        7.680339
FIRE:  1542 19:13:11   -19429.330078        7.723516
FIRE:  1543 19:13:11   -19429.986328        7.775422
FIRE:  1544 19:13:12   -19430.585938        7.832949
FIRE:  1545 19:13:12   -19431.210938        7.892690
FIRE:  1546 19:13:12   -19431.767578        7.951232
FIRE:  1547 19:13:13   -19432.349609        8.005466
FIRE:  1548 19:13:13   -19432.867188        8.052639
FIRE:  1549 19:13:13   -19433.417969        8.090246
FIRE:  1550 19:13:14   -19433.910156        8.115964
FIRE:  1551 19:13:14   -19434.419922        8.127476
FIRE:  1552 19:13:14   -19434.904297        8.122450
FIRE:  1553 19:13:15   -19435.371094        8.098347
FIRE:  1554 19:13:15   -19435.873047        8.052397
FIRE:  1555 19:13:15   -19436.361328        8.027066
FIRE:  1556 19:13:16   -19436.814453        8.578491
FIRE:  1557 19:13:16   -19437.378906        9.024970
FIRE:  1558 19:13:16   -19437.898438        9.343384
FIRE:  1559 19:13:17   -19438.488281        9.516468
FIRE:  1560 19:13:17   -19439.113281        9.536955
FIRE:  1561 19:13:17   -19439.685547        9.408700
FIRE:  1562 19:13:18   -19440.373047        9.149171
FIRE:  1563 19:13:18   -19441.035156        8.786844
FIRE:  1564 19:13:18   -19441.730469        8.358751
FIRE:  1565 19:13:19   -19442.390625        7.906790
FIRE:  1566 19:13:19   -19443.007812        7.472262
FIRE:  1567 19:13:19   -19443.671875        7.091294
FIRE:  1568 19:13:20   -19444.285156        7.595159
FIRE:  1569 19:13:20   -19444.851562        8.041488
FIRE:  1570 19:13:20   -19445.318359        8.330927
FIRE:  1571 19:13:21   -19445.789062        8.445654
FIRE:  1572 19:13:21   -19446.187500        8.378777
FIRE:  1573 19:13:21   -19446.535156        8.134678
FIRE:  1574 19:13:22   -19446.830078        9.682817
FIRE:  1575 19:13:22   -19447.105469       12.262465
FIRE:  1576 19:13:22   -19447.324219       14.824709
FIRE:  1577 19:13:23   -19447.654297       17.181437
FIRE:  1578 19:13:23   -19448.015625       19.112177
FIRE:  1579 19:13:23   -19448.470703       20.402693
FIRE:  1580 19:13:24   -19448.998047       20.896011
FIRE:  1581 19:13:24   -19449.691406       20.536585
FIRE:  1582 19:13:24   -19450.476562       19.388851
FIRE:  1583 19:13:25   -19451.294922       17.619810
FIRE:  1584 19:13:25   -19452.148438       15.455219
FIRE:  1585 19:13:25   -19452.980469       13.128828
FIRE:  1586 19:13:26   -19453.697266       10.843874
FIRE:  1587 19:13:26   -19454.361328        8.755207
FIRE:  1588 19:13:26   -19454.904297        6.970727
FIRE:  1589 19:13:27   -19455.273438        5.564298
FIRE:  1590 19:13:27   -19455.621094        5.127229
FIRE:  1591 19:13:27   -19455.861328        6.049909
FIRE:  1592 19:13:28   -19455.982422        7.456423
FIRE:  1593 19:13:28   -19456.050781        8.861145
FIRE:  1594 19:13:28   -19462.080078        3.986374
FIRE:  1595 19:13:29   -19466.890625        3.440716
FIRE:  1596 19:13:29   -19470.892578        4.000399
FIRE:  1597 19:13:29   -19474.437500        3.914102
FIRE:  1598 19:13:30   -19477.693359        3.344456
FIRE:  1599 19:13:30   -19480.730469        2.678541
FIRE:  1600 19:13:30   -19483.546875        2.070542
FIRE:  1601 19:13:30   -19486.152344        2.105428
FIRE:  1602 19:13:31   -19488.515625        2.254549
FIRE:  1603 19:13:31   -19490.742188        1.978577
FIRE:  1604 19:13:31   -19492.900391        1.815166
FIRE:  1605 19:13:32   -19495.025391        1.593276
FIRE:  1606 19:13:32   -19497.089844        1.456741
FIRE:  1607 19:13:32   -19499.070312        1.536554
FIRE:  1608 19:13:33   -19500.972656        1.654135
FIRE:  1609 19:13:33   -19502.869141        1.796598
FIRE:  1610 19:13:33   -19504.701172        1.951041
FIRE:  1611 19:13:34   -19506.552734        2.110884
FIRE:  1612 19:13:34   -19508.386719        2.273156
FIRE:  1613 19:13:34   -19510.179688        2.429054
FIRE:  1614 19:13:35   -19511.929688        2.560749
FIRE:  1615 19:13:35   -19513.662109        2.637491
FIRE:  1616 19:13:35   -19515.419922        2.607033
FIRE:  1617 19:13:36   -19517.128906        2.384941
FIRE:  1618 19:13:36   -19518.734375        1.864998
FIRE:  1619 19:13:36   -19520.316406        1.802907
FIRE:  1620 19:13:37   -19521.769531        1.820246
FIRE:  1621 19:13:37   -19523.166016        2.920019
FIRE:  1622 19:13:37   -19524.453125        4.209391
FIRE:  1623 19:13:38   -19525.818359        4.672495
FIRE:  1624 19:13:38   -19527.232422        4.107103
FIRE:  1625 19:13:38   -19528.595703        2.811197
FIRE:  1626 19:13:39   -19529.949219        1.485226
FIRE:  1627 19:13:39   -19531.181641        2.056375
FIRE:  1628 19:13:39   -19532.320312        2.998477
FIRE:  1629 19:13:40   -19533.466797        4.397877
FIRE:  1630 19:13:40   -19534.632812        5.367728
FIRE:  1631 19:13:40   -19535.947266        5.397201
FIRE:  1632 19:13:41   -19537.283203        4.332371
FIRE:  1633 19:13:41   -19538.652344        2.524496
FIRE:  1634 19:13:41   -19539.906250        1.946932
FIRE:  1635 19:13:42   -19541.062500        1.588803
FIRE:  1636 19:13:42   -19542.197266        2.222842
FIRE:  1637 19:13:42   -19543.298828        2.789104
FIRE:  1638 19:13:43   -19544.396484        2.866000
FIRE:  1639 19:13:43   -19545.546875        2.452253
FIRE:  1640 19:13:43   -19546.712891        2.092357
FIRE:  1641 19:13:44   -19547.835938        1.874286
FIRE:  1642 19:13:44   -19548.923828        1.851503
FIRE:  1643 19:13:44   -19550.021484        2.910081
FIRE:  1644 19:13:45   -19551.029297        3.074250
FIRE:  1645 19:13:45   -19552.062500        2.272831
FIRE:  1646 19:13:45   -19553.105469        1.163874
FIRE:  1647 19:13:46   -19554.070312        1.348631
FIRE:  1648 19:13:46   -19555.072266        1.597736
FIRE:  1649 19:13:46   -19556.041016        2.098091
FIRE:  1650 19:13:47   -19557.027344        2.155593
FIRE:  1651 19:13:47   -19558.066406        1.799702
FIRE:  1652 19:13:47   -19559.132812        1.573728
FIRE:  1653 19:13:48   -19560.121094        1.625497
FIRE:  1654 19:13:48   -19561.117188        1.653896
FIRE:  1655 19:13:48   -19562.109375        1.889591
FIRE:  1656 19:13:49   -19563.148438        2.070947
FIRE:  1657 19:13:49   -19564.185547        1.641362
FIRE:  1658 19:13:49   -19565.216797        1.401387
FIRE:  1659 19:13:50   -19566.253906        1.191214
FIRE:  1660 19:13:50   -19567.248047        1.061446
FIRE:  1661 19:13:50   -19568.234375        1.498873
FIRE:  1662 19:13:51   -19569.136719        1.645225
FIRE:  1663 19:13:51   -19570.041016        1.485817
FIRE:  1664 19:13:51   -19571.005859        2.071049
FIRE:  1665 19:13:52   -19571.933594        2.532787
FIRE:  1666 19:13:52   -19572.908203        2.824626
FIRE:  1667 19:13:52   -19573.845703        2.932322
FIRE:  1668 19:13:53   -19574.830078        2.733819
FIRE:  1669 19:13:53   -19575.835938        2.304138
FIRE:  1670 19:13:53   -19576.904297        1.916504
FIRE:  1671 19:13:54   -19577.921875        2.013025
FIRE:  1672 19:13:54   -19578.904297        2.082827
FIRE:  1673 19:13:54   -19579.882812        2.112585
FIRE:  1674 19:13:55   -19580.857422        2.090224
FIRE:  1675 19:13:55   -19581.822266        1.997171
FIRE:  1676 19:13:55   -19582.796875        1.806085
FIRE:  1677 19:13:56   -19583.746094        1.562987
FIRE:  1678 19:13:56   -19584.695312        1.300915
FIRE:  1679 19:13:56   -19585.574219        1.460500
FIRE:  1680 19:13:57   -19586.419922        2.184902
FIRE:  1681 19:13:57   -19587.201172        2.921728
FIRE:  1682 19:13:57   -19588.025391        3.535444
FIRE:  1683 19:13:58   -19588.835938        3.868578
FIRE:  1684 19:13:58   -19589.617188        3.793610
FIRE:  1685 19:13:58   -19590.464844        3.267363
FIRE:  1686 19:13:59   -19591.273438        2.830403
FIRE:  1687 19:13:59   -19592.113281        2.231067
FIRE:  1688 19:13:59   -19592.882812        1.612769
FIRE:  1689 19:14:00   -19593.648438        1.820657
FIRE:  1690 19:14:00   -19594.376953        1.931091
FIRE:  1691 19:14:00   -19595.224609        2.399168
FIRE:  1692 19:14:01   -19595.949219        2.673514
FIRE:  1693 19:14:01   -19596.742188        2.722928
FIRE:  1694 19:14:02   -19597.550781        2.593983
FIRE:  1695 19:14:02   -19598.380859        2.334310
FIRE:  1696 19:14:02   -19599.138672        1.986243
FIRE:  1697 19:14:03   -19599.908203        1.587681
FIRE:  1698 19:14:03   -19600.708984        1.228544
FIRE:  1699 19:14:03   -19601.527344        1.129230
FIRE:  1700 19:14:04   -19602.277344        1.045423
FIRE:  1701 19:14:04   -19603.021484        1.075440
FIRE:  1702 19:14:04   -19603.787109        1.151185
FIRE:  1703 19:14:05   -19604.554688        1.281635
FIRE:  1704 19:14:05   -19605.369141        1.474210
FIRE:  1705 19:14:05   -19606.152344        1.570931
FIRE:  1706 19:14:06   -19606.906250        1.564277
FIRE:  1707 19:14:06   -19607.703125        1.464881
FIRE:  1708 19:14:06   -19608.513672        1.302201
FIRE:  1709 19:14:07   -19609.306641        1.179553
FIRE:  1710 19:14:07   -19610.083984        1.067026
FIRE:  1711 19:14:08   -19610.871094        1.065844
FIRE:  1712 19:14:08   -19611.634766        1.084755
FIRE:  1713 19:14:08   -19612.421875        1.102253
FIRE:  1714 19:14:09   -19613.240234        1.117125
FIRE:  1715 19:14:09   -19613.996094        1.127771
FIRE:  1716 19:14:09   -19614.744141        1.161552
FIRE:  1717 19:14:10   -19615.503906        1.210564
FIRE:  1718 19:14:10   -19616.324219        1.265146
FIRE:  1719 19:14:10   -19617.076172        1.313966
FIRE:  1720 19:14:11   -19617.833984        1.340477
FIRE:  1721 19:14:11   -19618.611328        1.382322
FIRE:  1722 19:14:11   -19619.380859        1.408141
FIRE:  1723 19:14:12   -19620.142578        1.398219
FIRE:  1724 19:14:12   -19620.884766        1.353711
FIRE:  1725 19:14:12   -19621.646484        1.278030
FIRE:  1726 19:14:13   -19622.384766        1.273983
FIRE:  1727 19:14:13   -19623.123047        1.441546
FIRE:  1728 19:14:13   -19623.814453        1.571998
FIRE:  1729 19:14:14   -19624.582031        1.779253
FIRE:  1730 19:14:14   -19625.294922        2.213667
FIRE:  1731 19:14:14   -19626.037109        2.619253
FIRE:  1732 19:14:15   -19626.837891        3.008069
FIRE:  1733 19:14:15   -19627.544922        3.244086
FIRE:  1734 19:14:15   -19628.355469        3.300045
FIRE:  1735 19:14:16   -19629.123047        3.177899
FIRE:  1736 19:14:16   -19629.957031        2.907272
FIRE:  1737 19:14:16   -19630.728516        2.535825
FIRE:  1738 19:14:17   -19631.486328        2.219820
FIRE:  1739 19:14:17   -19632.191406        2.523129
FIRE:  1740 19:14:17   -19632.826172        2.726486
FIRE:  1741 19:14:18   -19633.460938        2.795899
FIRE:  1742 19:14:18   -19634.029297        3.907781
FIRE:  1743 19:14:18   -19634.597656        5.269959
FIRE:  1744 19:14:19   -19635.175781        6.377423
FIRE:  1745 19:14:19   -19635.789062        6.962718
FIRE:  1746 19:14:19   -19636.513672        6.850231
FIRE:  1747 19:14:20   -19637.314453        6.043609
FIRE:  1748 19:14:20   -19638.150391        4.720196
FIRE:  1749 19:14:20   -19638.972656        3.141194
FIRE:  1750 19:14:21   -19639.746094        2.153445
FIRE:  1751 19:14:21   -19640.507812        1.370824
FIRE:  1752 19:14:21   -19641.193359        1.589134
FIRE:  1753 19:14:22   -19641.902344        2.388264
FIRE:  1754 19:14:22   -19642.597656        3.174973
FIRE:  1755 19:14:22   -19643.320312        3.738598
FIRE:  1756 19:14:23   -19644.078125        4.079305
FIRE:  1757 19:14:23   -19644.884766        4.206170
FIRE:  1758 19:14:23   -19645.714844        4.141234
FIRE:  1759 19:14:24   -19646.593750        3.922091
FIRE:  1760 19:14:24   -19647.484375        3.598503
FIRE:  1761 19:14:24   -19648.398438        3.225146
FIRE:  1762 19:14:25   -19649.289062        2.852818
FIRE:  1763 19:14:25   -19650.140625        2.519195
FIRE:  1764 19:14:25   -19650.943359        2.242341
FIRE:  1765 19:14:26   -19651.638672        2.521323
FIRE:  1766 19:14:26   -19652.298828        4.000858
FIRE:  1767 19:14:26   -19652.871094        5.548799
FIRE:  1768 19:14:27   -19653.501953        6.826175
FIRE:  1769 19:14:27   -19654.076172        7.550135
FIRE:  1770 19:14:27   -19654.718750        7.514072
FIRE:  1771 19:14:28   -19655.357422        6.670373
FIRE:  1772 19:14:28   -19656.033203        5.167212
FIRE:  1773 19:14:28   -19656.628906        5.277417
FIRE:  1774 19:14:29   -19657.175781        6.112343
FIRE:  1775 19:14:29   -19657.666016        6.558976
FIRE:  1776 19:14:29   -19658.177734        6.349668
FIRE:  1777 19:14:30   -19658.744141        5.519300
FIRE:  1778 19:14:30   -19659.400391        5.057413
FIRE:  1779 19:14:30   -19660.074219        4.755812
FIRE:  1780 19:14:31   -19660.746094        5.095738
FIRE:  1781 19:14:31   -19661.445312        5.068064
FIRE:  1782 19:14:31   -19662.128906        5.291872
FIRE:  1783 19:14:32   -19662.857422        5.197500
FIRE:  1784 19:14:32   -19663.554688        4.741604
FIRE:  1785 19:14:32   -19664.349609        4.002542
FIRE:  1786 19:14:33   -19665.054688        3.013088
FIRE:  1787 19:14:33   -19665.726562        2.794169
FIRE:  1788 19:14:33   -19666.328125        2.608647
FIRE:  1789 19:14:34   -19666.931641        2.395875
FIRE:  1790 19:14:34   -19667.529297        2.565904
FIRE:  1791 19:14:34   -19668.080078        2.655479
FIRE:  1792 19:14:35   -19668.628906        2.659014
FIRE:  1793 19:14:35   -19669.193359        2.579545
FIRE:  1794 19:14:35   -19669.701172        2.435539
FIRE:  1795 19:14:36   -19670.291016        2.485635
FIRE:  1796 19:14:36   -19670.867188        2.449239
FIRE:  1797 19:14:36   -19671.490234        2.801214
FIRE:  1798 19:14:37   -19672.144531        3.114155
FIRE:  1799 19:14:37   -19672.835938        3.449853
FIRE:  1800 19:14:37   -19673.566406        3.764871
FIRE:  1801 19:14:38   -19674.337891        4.105219
FIRE:  1802 19:14:38   -19675.179688        4.417912
FIRE:  1803 19:14:38   -19676.082031        4.654048
FIRE:  1804 19:14:39   -19677.013672        4.714305
FIRE:  1805 19:14:39   -19677.906250        4.460849
FIRE:  1806 19:14:39   -19678.791016        3.772771
FIRE:  1807 19:14:40   -19679.578125        2.860413
FIRE:  1808 19:14:40   -19680.181641        4.147019
FIRE:  1809 19:14:40   -19680.697266        6.981369
FIRE:  1810 19:14:41   -19680.960938       10.276759
FIRE:  1811 19:14:41   -19681.250000       13.185983
FIRE:  1812 19:14:41   -19681.720703       14.562542
FIRE:  1813 19:14:42   -19682.437500       13.639553
FIRE:  1814 19:14:42   -19683.408203       10.684569
FIRE:  1815 19:14:42   -19684.451172        7.028755
FIRE:  1816 19:14:43   -19685.296875        3.687025
FIRE:  1817 19:14:43   -19685.947266        3.091226
FIRE:  1818 19:14:43   -19686.470703        3.393351
FIRE:  1819 19:14:44   -19686.865234        5.069809
FIRE:  1820 19:14:44   -19687.191406        6.168970
FIRE:  1821 19:14:44   -19687.453125        6.852468
FIRE:  1822 19:14:45   -19687.673828        7.278557
FIRE:  1823 19:14:45   -19687.935547        7.560196
FIRE:  1824 19:14:45   -19688.203125        7.759084
FIRE:  1825 19:14:46   -19688.523438        7.897430
FIRE:  1826 19:14:46   -19688.898438        7.972701
FIRE:  1827 19:14:46   -19689.281250        7.968760
FIRE:  1828 19:14:47   -19689.794922        7.861405
FIRE:  1829 19:14:47   -19690.341797        7.620305
FIRE:  1830 19:14:47   -19690.980469        7.205221
FIRE:  1831 19:14:48   -19691.603516        6.555156
FIRE:  1832 19:14:48   -19692.277344        5.570553
FIRE:  1833 19:14:48   -19692.923828        4.097210
FIRE:  1834 19:14:49   -19693.501953        2.951963
FIRE:  1835 19:14:49   -19693.925781        2.713559
FIRE:  1836 19:14:49   -19694.097656        5.550577
FIRE:  1837 19:14:50   -19695.859375        2.617608
FIRE:  1838 19:14:50   -19697.158203        3.840766
FIRE:  1839 19:14:50   -19698.406250        2.660802
FIRE:  1840 19:14:51   -19699.396484        1.087140
FIRE:  1841 19:14:51   -19700.132812        3.018543
FIRE:  1842 19:14:51   -19700.871094        2.765975
FIRE:  1843 19:14:52   -19701.636719        1.141864
FIRE:  1844 19:14:52   -19702.240234        1.914845
FIRE:  1845 19:14:52   -19702.894531        2.242617
FIRE:  1846 19:14:53   -19703.589844        1.230559
FIRE:  1847 19:14:53   -19704.304688        0.864071
FIRE:  1848 19:14:53   -19704.998047        1.718681
FIRE:  1849 19:14:54   -19705.759766        1.213378
FIRE:  1850 19:14:54   -19706.427734        0.801325
FIRE:  1851 19:14:54   -19707.138672        1.276090
FIRE:  1852 19:14:55   -19707.837891        1.165274
FIRE:  1853 19:14:55   -19708.490234        0.692554
FIRE:  1854 19:14:55   -19709.117188        0.788902
FIRE:  1855 19:14:56   -19709.794922        0.822880
FIRE:  1856 19:14:56   -19710.439453        0.544832
FIRE:  1857 19:14:56   -19711.062500        0.577260
FIRE:  1858 19:14:57   -19711.707031        0.688341
FIRE:  1859 19:14:57   -19712.335938        0.645177
FIRE:  1860 19:14:57   -19712.992188        0.677566
FIRE:  1861 19:14:58   -19713.658203        0.705350
FIRE:  1862 19:14:58   -19714.238281        0.724480
FIRE:  1863 19:14:58   -19714.882812        0.729425
FIRE:  1864 19:14:59   -19715.541016        0.713495
FIRE:  1865 19:14:59   -19716.181641        0.669144
FIRE:  1866 19:14:59   -19716.849609        0.697149
FIRE:  1867 19:15:00   -19717.480469        0.802081
FIRE:  1868 19:15:00   -19718.125000        0.922188
FIRE:  1869 19:15:00   -19718.738281        1.055202
FIRE:  1870 19:15:01   -19719.375000        1.145131
FIRE:  1871 19:15:01   -19720.025391        1.058371
FIRE:  1872 19:15:01   -19720.646484        0.633348
FIRE:  1873 19:15:02   -19721.226562        0.787607
FIRE:  1874 19:15:02   -19721.798828        1.529976
FIRE:  1875 19:15:02   -19722.357422        2.466309
FIRE:  1876 19:15:03   -19722.949219        2.718417
FIRE:  1877 19:15:03   -19723.572266        2.169079
FIRE:  1878 19:15:03   -19724.294922        1.172682
FIRE:  1879 19:15:04   -19724.916016        0.599456
FIRE:  1880 19:15:04   -19725.486328        0.624141
FIRE:  1881 19:15:04   -19726.111328        0.989551
FIRE:  1882 19:15:05   -19726.728516        1.215128
FIRE:  1883 19:15:05   -19727.332031        1.289950
FIRE:  1884 19:15:05   -19727.925781        1.235446
FIRE:  1885 19:15:06   -19728.535156        1.046485
FIRE:  1886 19:15:06   -19729.160156        0.739409
FIRE:  1887 19:15:06   -19729.750000        0.754488
FIRE:  1888 19:15:07   -19730.351562        0.767622
FIRE:  1889 19:15:07   -19730.955078        0.967195
FIRE:  1890 19:15:07   -19731.539062        1.300988
FIRE:  1891 19:15:08   -19732.107422        1.311229
FIRE:  1892 19:15:08   -19732.648438        1.015304
FIRE:  1893 19:15:08   -19733.232422        0.771974
FIRE:  1894 19:15:09   -19733.804688        0.749257
FIRE:  1895 19:15:09   -19734.404297        0.712476
FIRE:  1896 19:15:09   -19734.939453        0.663646
FIRE:  1897 19:15:10   -19735.486328        0.816677
FIRE:  1898 19:15:10   -19736.052734        0.859047
FIRE:  1899 19:15:10   -19736.628906        0.800865
FIRE:  1900 19:15:11   -19737.207031        0.649043
FIRE:  1901 19:15:11   -19737.763672        0.681963
FIRE:  1902 19:15:11   -19738.291016        0.837012
FIRE:  1903 19:15:12   -19738.855469        0.965199
FIRE:  1904 19:15:12   -19739.421875        1.045469
FIRE:  1905 19:15:12   -19739.947266        1.062302
FIRE:  1906 19:15:13   -19740.533203        1.008868
FIRE:  1907 19:15:13   -19741.103516        0.888097
FIRE:  1908 19:15:13   -19741.662109        0.712859
FIRE:  1909 19:15:14   -19742.222656        0.622032
FIRE:  1910 19:15:14   -19742.785156        0.645060
FIRE:  1911 19:15:14   -19743.328125        0.658445
FIRE:  1912 19:15:15   -19743.875000        0.715567
FIRE:  1913 19:15:15   -19744.421875        0.843312
FIRE:  1914 19:15:15   -19744.972656        1.152380
FIRE:  1915 19:15:16   -19745.580078        1.625694
FIRE:  1916 19:15:16   -19746.203125        2.219462
FIRE:  1917 19:15:16   -19746.949219        2.793861
FIRE:  1918 19:15:17   -19747.714844        3.139192
FIRE:  1919 19:15:17   -19748.576172        3.154633
FIRE:  1920 19:15:17   -19749.460938        3.161066
FIRE:  1921 19:15:18   -19750.378906        3.379410
FIRE:  1922 19:15:18   -19751.255859        3.846851
FIRE:  1923 19:15:18   -19752.042969        4.376743
FIRE:  1924 19:15:19   -19752.845703        4.431923
FIRE:  1925 19:15:19   -19753.564453        3.683610
FIRE:  1926 19:15:19   -19754.306641        2.357883
FIRE:  1927 19:15:20   -19754.966797        1.737798
FIRE:  1928 19:15:20   -19755.570312        2.678519
FIRE:  1929 19:15:20   -19756.166016        4.034762
FIRE:  1930 19:15:21   -19756.908203        4.814613
FIRE:  1931 19:15:21   -19757.691406        4.303856
FIRE:  1932 19:15:21   -19758.484375        3.690554
FIRE:  1933 19:15:22   -19759.212891        3.523518
FIRE:  1934 19:15:22   -19759.912109        3.373219
FIRE:  1935 19:15:22   -19760.587891        4.233126
FIRE:  1936 19:15:23   -19761.226562        4.442541
FIRE:  1937 19:15:23   -19761.857422        3.616848
FIRE:  1938 19:15:23   -19762.416016        3.525037
FIRE:  1939 19:15:24   -19762.912109        3.817703
FIRE:  1940 19:15:24   -19763.343750        3.584844
FIRE:  1941 19:15:24   -19763.826172        2.969608
FIRE:  1942 19:15:25   -19764.267578        2.980474
FIRE:  1943 19:15:25   -19764.666016        3.031342
FIRE:  1944 19:15:25   -19765.060547        2.772498
FIRE:  1945 19:15:26   -19765.414062        2.613531
FIRE:  1946 19:15:26   -19765.828125        3.017517
FIRE:  1947 19:15:27   -19766.253906        3.252284
FIRE:  1948 19:15:27   -19766.695312        3.297796
FIRE:  1949 19:15:27   -19767.146484        3.133109
FIRE:  1950 19:15:28   -19767.626953        3.038955
FIRE:  1951 19:15:28   -19768.210938        2.889288
FIRE:  1952 19:15:28   -19768.753906        2.504010
FIRE:  1953 19:15:29   -19769.347656        2.569925
FIRE:  1954 19:15:29   -19769.945312        3.040884
FIRE:  1955 19:15:29   -19770.509766        3.082286
FIRE:  1956 19:15:30   -19771.089844        2.577213
FIRE:  1957 19:15:30   -19771.623047        2.306608
FIRE:  1958 19:15:30   -19772.185547        2.317990
FIRE:  1959 19:15:30   -19772.720703        2.058316
FIRE:  1960 19:15:31   -19773.273438        2.076210
FIRE:  1961 19:15:31   -19773.816406        2.179899
FIRE:  1962 19:15:31   -19774.365234        2.295081
FIRE:  1963 19:15:32   -19774.916016        2.280688
FIRE:  1964 19:15:32   -19775.457031        2.003775
FIRE:  1965 19:15:32   -19775.968750        2.053744
FIRE:  1966 19:15:33   -19776.457031        1.775346
FIRE:  1967 19:15:33   -19776.865234        2.784989
FIRE:  1968 19:15:33   -19777.189453        3.764665
FIRE:  1969 19:15:34   -19777.580078        4.365341
FIRE:  1970 19:15:34   -19778.041016        4.388997
FIRE:  1971 19:15:34   -19778.587891        3.895534
FIRE:  1972 19:15:35   -19779.203125        2.969821
FIRE:  1973 19:15:35   -19779.751953        1.935166
FIRE:  1974 19:15:35   -19780.294922        1.777774
FIRE:  1975 19:15:36   -19780.765625        1.573270
FIRE:  1976 19:15:36   -19781.171875        1.761932
FIRE:  1977 19:15:36   -19781.529297        2.078017
FIRE:  1978 19:15:37   -19781.900391        2.359217
FIRE:  1979 19:15:37   -19782.351562        2.515985
FIRE:  1980 19:15:37   -19782.814453        2.572888
FIRE:  1981 19:15:38   -19783.283203        2.545833
FIRE:  1982 19:15:38   -19783.792969        2.444230
FIRE:  1983 19:15:38   -19784.320312        2.271791
FIRE:  1984 19:15:39   -19784.814453        2.229868
FIRE:  1985 19:15:39   -19785.322266        2.049464
FIRE:  1986 19:15:39   -19785.869141        1.631417
FIRE:  1987 19:15:40   -19786.437500        1.433009
FIRE:  1988 19:15:40   -19787.021484        1.341762
FIRE:  1989 19:15:40   -19787.513672        1.698469
FIRE:  1990 19:15:41   -19788.007812        1.896137
FIRE:  1991 19:15:41   -19788.466797        2.307729
FIRE:  1992 19:15:41   -19788.880859        2.757381
FIRE:  1993 19:15:42   -19789.410156        2.919752
FIRE:  1994 19:15:42   -19789.855469        2.772225
FIRE:  1995 19:15:42   -19790.361328        2.364341
FIRE:  1996 19:15:43   -19790.882812        1.796283
FIRE:  1997 19:15:43   -19791.355469        1.189887
FIRE:  1998 19:15:43   -19791.798828        1.289695
FIRE:  1999 19:15:44   -19792.232422        1.472498
FIRE:  2000 19:15:44   -19792.619141        1.500173
FIRE:  2001 19:15:44   -19793.050781        1.564624
FIRE:  2002 19:15:45   -19793.492188        1.604383
FIRE:  2003 19:15:45   -19793.919922        1.660033
FIRE:  2004 19:15:45   -19794.386719        1.774260
FIRE:  2005 19:15:46   -19794.841797        1.808367
FIRE:  2006 19:15:46   -19795.318359        1.761791
FIRE:  2007 19:15:46   -19795.828125        1.634013
FIRE:  2008 19:15:47   -19796.351562        1.424860
FIRE:  2009 19:15:47   -19796.839844        1.403223
FIRE:  2010 19:15:47   -19797.357422        1.450466
FIRE:  2011 19:15:48   -19797.894531        1.475805
FIRE:  2012 19:15:48   -19798.369141        1.586798
FIRE:  2013 19:15:48   -19798.853516        1.632485
FIRE:  2014 19:15:49   -19799.322266        1.611401
FIRE:  2015 19:15:49   -19799.720703        1.717840
FIRE:  2016 19:15:49   -19800.091797        2.139854
FIRE:  2017 19:15:50   -19800.496094        3.027479
FIRE:  2018 19:15:50   -19800.876953        3.833689
FIRE:  2019 19:15:50   -19801.328125        4.526565
FIRE:  2020 19:15:51   -19801.810547        4.812500
FIRE:  2021 19:15:51   -19802.310547        4.633004
FIRE:  2022 19:15:51   -19802.871094        4.057121
FIRE:  2023 19:15:52   -19803.390625        3.241775
FIRE:  2024 19:15:52   -19803.904297        2.358660
FIRE:  2025 19:15:52   -19804.324219        2.502960
FIRE:  2026 19:15:53   -19804.791016        2.663519
FIRE:  2027 19:15:53   -19805.185547        2.608961
FIRE:  2028 19:15:53   -19805.548828        2.709949
FIRE:  2029 19:15:54   -19805.939453        2.619767
FIRE:  2030 19:15:54   -19806.300781        3.254297
FIRE:  2031 19:15:54   -19806.628906        3.898188
FIRE:  2032 19:15:55   -19806.992188        4.203048
FIRE:  2033 19:15:55   -19807.416016        4.068065
FIRE:  2034 19:15:55   -19807.824219        3.491113
FIRE:  2035 19:15:56   -19808.318359        2.571910
FIRE:  2036 19:15:56   -19808.769531        1.862307
FIRE:  2037 19:15:56   -19809.199219        1.794032
FIRE:  2038 19:15:57   -19809.541016        1.792085
FIRE:  2039 19:15:57   -19809.947266        1.978184
FIRE:  2040 19:15:57   -19810.273438        2.553515
FIRE:  2041 19:15:58   -19810.642578        2.894455
FIRE:  2042 19:15:58   -19811.068359        3.016968
FIRE:  2043 19:15:58   -19811.517578        2.957123
FIRE:  2044 19:15:59   -19811.966797        2.757760
FIRE:  2045 19:15:59   -19812.458984        2.463172
FIRE:  2046 19:15:59   -19812.939453        2.116761
FIRE:  2047 19:16:00   -19813.386719        1.760705
FIRE:  2048 19:16:00   -19813.800781        1.437394
FIRE:  2049 19:16:00   -19814.197266        1.427086
FIRE:  2050 19:16:01   -19814.611328        1.316942
FIRE:  2051 19:16:01   -19815.000000        1.395752
FIRE:  2052 19:16:01   -19815.378906        1.615658
FIRE:  2053 19:16:02   -19815.789062        1.852450
FIRE:  2054 19:16:02   -19816.087891        2.066998
FIRE:  2055 19:16:02   -19816.476562        2.214756
FIRE:  2056 19:16:03   -19816.843750        2.258836
FIRE:  2057 19:16:03   -19817.250000        2.356198
FIRE:  2058 19:16:03   -19817.677734        2.298656
FIRE:  2059 19:16:04   -19818.117188        2.102187
FIRE:  2060 19:16:04   -19818.595703        1.967592
FIRE:  2061 19:16:04   -19819.050781        1.909143
FIRE:  2062 19:16:04   -19819.535156        1.802533
FIRE:  2063 19:16:05   -19819.996094        1.669269
FIRE:  2064 19:16:05   -19820.525391        1.529081
FIRE:  2065 19:16:05   -19820.962891        1.397382
FIRE:  2066 19:16:06   -19821.353516        1.625925
FIRE:  2067 19:16:06   -19821.812500        1.832593
FIRE:  2068 19:16:06   -19822.224609        1.971101
FIRE:  2069 19:16:07   -19822.671875        2.035059
FIRE:  2070 19:16:07   -19823.095703        2.022770
FIRE:  2071 19:16:07   -19823.558594        1.937428
FIRE:  2072 19:16:08   -19823.960938        1.787270
FIRE:  2073 19:16:08   -19824.402344        1.585627
FIRE:  2074 19:16:08   -19824.802734        1.510989
FIRE:  2075 19:16:09   -19825.208984        1.593872
FIRE:  2076 19:16:09   -19825.542969        1.655506
FIRE:  2077 19:16:09   -19825.949219        1.692920
FIRE:  2078 19:16:10   -19826.279297        1.704321
FIRE:  2079 19:16:10   -19826.638672        1.689214
FIRE:  2080 19:16:10   -19826.957031        1.674607
FIRE:  2081 19:16:11   -19827.281250        1.720960
FIRE:  2082 19:16:11   -19827.582031        1.656805
FIRE:  2083 19:16:11   -19827.845703        1.836159
FIRE:  2084 19:16:12   -19828.105469        2.548465
FIRE:  2085 19:16:12   -19828.320312        3.316107
FIRE:  2086 19:16:12   -19828.539062        4.037005
FIRE:  2087 19:16:13   -19828.761719        4.590289
FIRE:  2088 19:16:13   -19828.990234        4.866901
FIRE:  2089 19:16:13   -19829.359375        4.807687
FIRE:  2090 19:16:14   -19829.699219        4.425376
FIRE:  2091 19:16:14   -19830.083984        3.797970
FIRE:  2092 19:16:14   -19830.455078        3.036770
FIRE:  2093 19:16:15   -19830.890625        2.248399
FIRE:  2094 19:16:15   -19831.265625        1.860354
FIRE:  2095 19:16:15   -19831.603516        1.741207
FIRE:  2096 19:16:16   -19831.937500        1.588692
FIRE:  2097 19:16:16   -19832.294922        1.912163
FIRE:  2098 19:16:16   -19832.621094        2.201720
FIRE:  2099 19:16:17   -19832.939453        2.420438
FIRE:  2100 19:16:17   -19833.216797        2.576337
FIRE:  2101 19:16:17   -19833.519531        2.667844
FIRE:  2102 19:16:18   -19833.824219        2.687835
FIRE:  2103 19:16:18   -19834.162109        2.631245
FIRE:  2104 19:16:18   -19834.429688        2.500478
FIRE:  2105 19:16:19   -19834.773438        2.306663
FIRE:  2106 19:16:19   -19835.089844        2.068984
FIRE:  2107 19:16:19   -19835.443359        2.050943
FIRE:  2108 19:16:20   -19835.806641        2.040496
FIRE:  2109 19:16:20   -19836.150391        1.947018
FIRE:  2110 19:16:20   -19836.519531        1.779808
FIRE:  2111 19:16:21   -19836.896484        1.552007
FIRE:  2112 19:16:21   -19837.277344        1.428621
FIRE:  2113 19:16:21   -19837.652344        1.390006
FIRE:  2114 19:16:22   -19838.083984        1.463944
FIRE:  2115 19:16:22   -19838.431641        1.515220
FIRE:  2116 19:16:22   -19838.750000        1.548754
FIRE:  2117 19:16:23   -19839.064453        1.587768
FIRE:  2118 19:16:23   -19839.400391        1.664025
FIRE:  2119 19:16:23   -19839.703125        2.042462
FIRE:  2120 19:16:24   -19839.996094        2.392390
FIRE:  2121 19:16:24   -19840.291016        2.679392
FIRE:  2122 19:16:24   -19840.605469        2.872015
FIRE:  2123 19:16:25   -19840.876953        2.947964
FIRE:  2124 19:16:25   -19841.246094        2.898863
FIRE:  2125 19:16:25   -19841.587891        2.732264
FIRE:  2126 19:16:26   -19841.990234        2.469140
FIRE:  2127 19:16:26   -19842.371094        2.138682
FIRE:  2128 19:16:26   -19842.822266        1.772042
FIRE:  2129 19:16:27   -19843.195312        1.644818
FIRE:  2130 19:16:27   -19843.628906        1.631584
FIRE:  2131 19:16:27   -19843.978516        1.609641
FIRE:  2132 19:16:28   -19844.357422        1.711691
FIRE:  2133 19:16:28   -19844.763672        1.996976
FIRE:  2134 19:16:28   -19845.083984        2.251541
FIRE:  2135 19:16:28   -19845.443359        2.423572
FIRE:  2136 19:16:29   -19845.859375        2.523852
FIRE:  2137 19:16:29   -19846.298828        2.660754
FIRE:  2138 19:16:29   -19846.669922        2.670536
FIRE:  2139 19:16:30   -19847.148438        2.565682
FIRE:  2140 19:16:30   -19847.546875        2.367344
FIRE:  2141 19:16:30   -19847.964844        2.100774
FIRE:  2142 19:16:31   -19848.417969        1.791746
FIRE:  2143 19:16:31   -19848.816406        1.739622
FIRE:  2144 19:16:31   -19849.205078        1.682297
FIRE:  2145 19:16:32   -19849.519531        1.715364
FIRE:  2146 19:16:32   -19849.853516        2.179572
FIRE:  2147 19:16:32   -19850.125000        2.642187
FIRE:  2148 19:16:33   -19850.431641        3.041160
FIRE:  2149 19:16:33   -19850.669922        3.320137
FIRE:  2150 19:16:33   -19850.941406        3.437066
FIRE:  2151 19:16:34   -19851.205078        3.372212
FIRE:  2152 19:16:34   -19851.474609        3.132360
FIRE:  2153 19:16:34   -19851.802734        2.748225
FIRE:  2154 19:16:35   -19852.041016        2.267110
FIRE:  2155 19:16:35   -19852.396484        1.959591
FIRE:  2156 19:16:35   -19852.687500        2.075646
FIRE:  2157 19:16:36   -19852.929688        2.374751
FIRE:  2158 19:16:36   -19853.212891        2.628841
FIRE:  2159 19:16:36   -19853.503906        2.814775
FIRE:  2160 19:16:37   -19853.781250        2.913645
FIRE:  2161 19:16:37   -19854.058594        2.914664
FIRE:  2162 19:16:37   -19854.343750        2.817391
FIRE:  2163 19:16:38   -19854.710938        2.631571
FIRE:  2164 19:16:38   -19855.089844        2.375391
FIRE:  2165 19:16:38   -19855.410156        2.071599
FIRE:  2166 19:16:39   -19855.734375        1.743699
FIRE:  2167 19:16:39   -19856.054688        1.742640
FIRE:  2168 19:16:39   -19856.384766        1.795240
FIRE:  2169 19:16:40   -19856.687500        1.833997
FIRE:  2170 19:16:40   -19857.005859        1.860316
FIRE:  2171 19:16:40   -19857.300781        1.875318
FIRE:  2172 19:16:41   -19857.558594        1.879736
FIRE:  2173 19:16:41   -19857.837891        1.873970
FIRE:  2174 19:16:41   -19858.126953        1.864513
FIRE:  2175 19:16:42   -19858.431641        1.878365
FIRE:  2176 19:16:42   -19858.734375        1.837267
FIRE:  2177 19:16:42   -19859.074219        1.752073
FIRE:  2178 19:16:43   -19859.400391        1.696496
FIRE:  2179 19:16:43   -19859.734375        1.603225
FIRE:  2180 19:16:43   -19860.121094        1.504114
FIRE:  2181 19:16:44   -19860.455078        1.381770
FIRE:  2182 19:16:44   -19860.740234        1.402992
FIRE:  2183 19:16:44   -19861.029297        1.579123
FIRE:  2184 19:16:45   -19861.386719        1.734517
FIRE:  2185 19:16:45   -19861.671875        1.860759
FIRE:  2186 19:16:45   -19861.978516        1.949232
FIRE:  2187 19:16:46   -19862.250000        1.992009
FIRE:  2188 19:16:46   -19862.531250        2.142710
FIRE:  2189 19:16:46   -19862.855469        2.276124
FIRE:  2190 19:16:47   -19863.136719        2.324754
FIRE:  2191 19:16:47   -19863.462891        2.552495
FIRE:  2192 19:16:47   -19863.810547        2.941136
FIRE:  2193 19:16:48   -19864.152344        3.204787
FIRE:  2194 19:16:48   -19864.548828        3.578079
FIRE:  2195 19:16:48   -19864.783203        3.851764
FIRE:  2196 19:16:49   -19864.927734        5.725563
FIRE:  2197 19:16:49   -19865.042969        8.856642
FIRE:  2198 19:16:49   -19866.679688        2.437618
FIRE:  2199 19:16:50   -19867.560547        3.970170
FIRE:  2200 19:16:50   -19868.517578        4.471053
FIRE:  2201 19:16:50   -19869.623047        3.913480
FIRE:  2202 19:16:51   -19870.529297        1.206125
FIRE:  2203 19:16:51   -19871.054688        5.158015
FIRE:  2204 19:16:51   -19871.658203        6.148592
FIRE:  2205 19:16:52   -19872.433594        1.165079
FIRE:  2206 19:16:52   -19872.855469        2.975805
FIRE:  2207 19:16:52   -19873.310547        3.647841
FIRE:  2208 19:16:53   -19873.878906        2.159708
FIRE:  2209 19:16:53   -19874.357422        1.734364
FIRE:  2210 19:16:53   -19874.791016        3.510493
FIRE:  2211 19:16:54   -19875.375000        0.694137
FIRE:  2212 19:16:54   -19875.767578        1.838167
FIRE:  2213 19:16:54   -19876.222656        2.146462
FIRE:  2214 19:16:55   -19876.744141        1.016917
FIRE:  2215 19:16:55   -19877.218750        1.763060
FIRE:  2216 19:16:55   -19877.707031        2.168640
FIRE:  2217 19:16:56   -19878.269531        1.249611
FIRE:  2218 19:16:56   -19878.736328        1.294711
FIRE:  2219 19:16:56   -19879.224609        1.501849
FIRE:  2220 19:16:57   -19879.681641        0.811751
FIRE:  2221 19:16:57   -19880.109375        1.166055
FIRE:  2222 19:16:57   -19880.511719        1.611349
FIRE:  2223 19:16:57   -19880.992188        1.927833
FIRE:  2224 19:16:58   -19881.554688        2.063594
FIRE:  2225 19:16:58   -19882.187500        2.691650
FIRE:  2226 19:16:58   -19882.888672        2.971683
FIRE:  2227 19:16:59   -19883.626953        2.126292
FIRE:  2228 19:16:59   -19884.183594        3.617330
FIRE:  2229 19:16:59   -19884.724609        4.078243
FIRE:  2230 19:17:00   -19885.263672        2.192210
FIRE:  2231 19:17:00   -19885.771484        2.054415
FIRE:  2232 19:17:00   -19886.173828        2.790335
FIRE:  2233 19:17:01   -19886.619141        2.544186
FIRE:  2234 19:17:01   -19887.109375        1.931458
FIRE:  2235 19:17:01   -19887.574219        1.651734
FIRE:  2236 19:17:02   -19887.980469        2.193230
FIRE:  2237 19:17:02   -19888.375000        2.313957
FIRE:  2238 19:17:02   -19888.814453        1.717703
FIRE:  2239 19:17:03   -19889.191406        2.167361
FIRE:  2240 19:17:03   -19889.570312        2.439524
FIRE:  2241 19:17:03   -19890.023438        1.830922
FIRE:  2242 19:17:04   -19890.427734        0.880842
FIRE:  2243 19:17:04   -19890.796875        1.196099
FIRE:  2244 19:17:04   -19891.128906        1.637637
FIRE:  2245 19:17:05   -19891.472656        1.540238
FIRE:  2246 19:17:05   -19891.832031        1.764473
FIRE:  2247 19:17:05   -19892.183594        1.834074
FIRE:  2248 19:17:06   -19892.589844        1.310619
FIRE:  2249 19:17:06   -19892.982422        0.838390
FIRE:  2250 19:17:06   -19893.312500        1.030377
FIRE:  2251 19:17:07   -19893.650391        1.501630
FIRE:  2252 19:17:07   -19894.021484        1.328182
FIRE:  2253 19:17:07   -19894.445312        1.100651
FIRE:  2254 19:17:08   -19894.796875        1.086386
FIRE:  2255 19:17:08   -19895.222656        1.110226
FIRE:  2256 19:17:08   -19895.615234        0.698405
FIRE:  2257 19:17:09   -19896.027344        0.806246
FIRE:  2258 19:17:09   -19896.392578        1.255219
FIRE:  2259 19:17:09   -19896.806641        1.220757
FIRE:  2260 19:17:10   -19897.183594        1.019678
FIRE:  2261 19:17:10   -19897.582031        1.148933
FIRE:  2262 19:17:10   -19897.982422        1.276870
FIRE:  2263 19:17:11   -19898.394531        1.381499
FIRE:  2264 19:17:11   -19898.843750        1.430638
FIRE:  2265 19:17:11   -19899.244141        1.386124
FIRE:  2266 19:17:12   -19899.699219        1.252762
FIRE:  2267 19:17:12   -19900.171875        1.516587
FIRE:  2268 19:17:12   -19900.634766        2.788630
FIRE:  2269 19:17:13   -19901.210938        4.017598
FIRE:  2270 19:17:13   -19901.929688        5.021245
FIRE:  2271 19:17:13   -19902.646484        6.089849
FIRE:  2272 19:17:14   -19903.283203        7.204777
FIRE:  2273 19:17:14   -19903.964844        6.529299
FIRE:  2274 19:17:14   -19904.601562        3.539362
FIRE:  2275 19:17:15   -19904.974609        2.478501
FIRE:  2276 19:17:15   -19905.212891        4.198199
FIRE:  2277 19:17:15   -19905.392578        4.743957
FIRE:  2278 19:17:16   -19905.615234        4.340724
FIRE:  2279 19:17:16   -19905.972656        3.059932
FIRE:  2280 19:17:16   -19906.263672        2.173682
FIRE:  2281 19:17:17   -19906.441406        2.210946
FIRE:  2282 19:17:17   -19906.539062        4.214736
FIRE:  2283 19:17:17   -19906.802734        4.184866
FIRE:  2284 19:17:18   -19907.126953        2.396266
FIRE:  2285 19:17:18   -19907.427734        2.546438
FIRE:  2286 19:17:18   -19907.705078        3.713812
FIRE:  2287 19:17:19   -19908.048828        4.139460
FIRE:  2288 19:17:19   -19908.503906        3.819798
FIRE:  2289 19:17:19   -19908.933594        2.817370
FIRE:  2290 19:17:20   -19909.416016        1.888882
FIRE:  2291 19:17:20   -19909.859375        2.758125
FIRE:  2292 19:17:20   -19910.212891        3.244907
FIRE:  2293 19:17:21   -19910.664062        2.334118
FIRE:  2294 19:17:21   -19911.076172        1.805156
FIRE:  2295 19:17:21   -19911.376953        1.970604
FIRE:  2296 19:17:22   -19911.714844        2.903473
FIRE:  2297 19:17:22   -19912.087891        2.979748
FIRE:  2298 19:17:22   -19912.449219        2.269408
FIRE:  2299 19:17:23   -19912.818359        1.631043
FIRE:  2300 19:17:23   -19913.158203        1.214402
FIRE:  2301 19:17:23   -19913.417969        2.522919
FIRE:  2302 19:17:24   -19913.687500        2.806957
FIRE:  2303 19:17:24   -19913.984375        2.086847
FIRE:  2304 19:17:24   -19914.277344        1.565067
FIRE:  2305 19:17:25   -19914.617188        2.294447
FIRE:  2306 19:17:25   -19914.972656        2.663275
FIRE:  2307 19:17:25   -19915.462891        2.518303
FIRE:  2308 19:17:26   -19916.011719        2.063650
FIRE:  2309 19:17:26   -19916.564453        1.794983
FIRE:  2310 19:17:26   -19917.035156        1.562675
FIRE:  2311 19:17:27   -19917.376953        2.088653
FIRE:  2312 19:17:27   -19917.525391        4.347420
FIRE:  2313 19:17:27   -19917.644531        6.855362
FIRE:  2314 19:17:28   -19918.417969        1.113793
FIRE:  2315 19:17:28   -19918.876953        2.124597
FIRE:  2316 19:17:28   -19919.324219        2.828056
FIRE:  2317 19:17:28   -19919.603516        1.433090
FIRE:  2318 19:17:29   -19919.664062        1.402766
FIRE:  2319 19:17:29   -19919.755859        1.328913
FIRE:  2320 19:17:29   -19919.849609        1.184686
FIRE:  2321 19:17:30   -19919.941406        0.975293
FIRE:  2322 19:17:30   -19920.050781        0.607841
FIRE:  2323 19:17:30   -19920.185547        0.467529
FIRE:  2324 19:17:31   -19920.289062        0.988322
FIRE:  2325 19:17:31   -19920.429688        1.369951
FIRE:  2326 19:17:31   -19920.632812        1.339907
FIRE:  2327 19:17:32   -19920.890625        0.802638
FIRE:  2328 19:17:32   -19921.179688        0.469547
FIRE:  2329 19:17:32   -19921.482422        0.743793
FIRE:  2330 19:17:33   -19921.871094        0.866445
FIRE:  2331 19:17:33   -19922.265625        0.642743
FIRE:  2332 19:17:33   -19922.626953        0.498934
FIRE:  2333 19:17:34   -19922.982422        0.617743
FIRE:  2334 19:17:34   -19923.353516        0.734148
FIRE:  2335 19:17:34   -19923.724609        0.489146
FIRE:  2336 19:17:35   -19924.044922        0.465726
FIRE:  2337 19:17:35   -19924.417969        0.436680
FIRE:  2338 19:17:35   -19924.779297        0.394655
FIRE:  2339 19:17:36   -19925.123047        0.374956
FIRE:  2340 19:17:36   -19925.427734        0.344300
FIRE:  2341 19:17:36   -19925.750000        0.390954
FIRE:  2342 19:17:37   -19926.115234        0.385181
FIRE:  2343 19:17:37   -19926.484375        0.361292
FIRE:  2344 19:17:37   -19926.785156        0.343420
FIRE:  2345 19:17:38   -19927.109375        0.326814
FIRE:  2346 19:17:38   -19927.480469        0.323972
FIRE:  2347 19:17:38   -19927.806641        0.317033
FIRE:  2348 19:17:39   -19928.111328        0.308203
FIRE:  2349 19:17:39   -19928.431641        0.298875
FIRE:  2350 19:17:39   -19928.753906        0.309349
FIRE:  2351 19:17:40   -19929.072266        0.336627
FIRE:  2352 19:17:40   -19929.388672        0.367446
FIRE:  2353 19:17:40   -19929.785156        0.397064
FIRE:  2354 19:17:41   -19930.083984        0.416095
FIRE:  2355 19:17:41   -19930.435547        0.436073
FIRE:  2356 19:17:41   -19930.753906        0.478189
FIRE:  2357 19:17:42   -19931.113281        0.536586
FIRE:  2358 19:17:42   -19931.457031        0.586465
FIRE:  2359 19:17:42   -19931.833984        0.617539
FIRE:  2360 19:17:43   -19932.220703        0.639994
FIRE:  2361 19:17:43   -19932.615234        0.675473
FIRE:  2362 19:17:43   -19932.941406        0.733082
FIRE:  2363 19:17:44   -19933.369141        0.799562
FIRE:  2364 19:17:44   -19933.800781        0.855168
FIRE:  2365 19:17:44   -19934.218750        0.892304
FIRE:  2366 19:17:45   -19934.697266        0.922123
FIRE:  2367 19:17:45   -19935.134766        0.940418
FIRE:  2368 19:17:45   -19935.597656        0.952771
FIRE:  2369 19:17:46   -19936.054688        0.982891
FIRE:  2370 19:17:46   -19936.570312        1.033791
FIRE:  2371 19:17:46   -19937.066406        1.093679
FIRE:  2372 19:17:47   -19937.496094        1.137364
FIRE:  2373 19:17:47   -19937.937500        1.110855
FIRE:  2374 19:17:47   -19938.341797        1.075934
FIRE:  2375 19:17:48   -19938.691406        2.109556
FIRE:  2376 19:17:48   -19938.976562        2.872030
FIRE:  2377 19:17:48   -19939.273438        3.278394
FIRE:  2378 19:17:49   -19939.558594        3.123955
FIRE:  2379 19:17:49   -19939.990234        3.598846
FIRE:  2380 19:17:49   -19940.435547        3.257310
FIRE:  2381 19:17:50   -19940.916016        2.738805
FIRE:  2382 19:17:50   -19941.322266        3.201824
FIRE:  2383 19:17:50   -19941.687500        2.404880
FIRE:  2384 19:17:51   -19942.054688        1.533089
FIRE:  2385 19:17:51   -19942.314453        1.922452
FIRE:  2386 19:17:51   -19942.564453        2.476325
FIRE:  2387 19:17:52   -19942.861328        1.668273
FIRE:  2388 19:17:52   -19943.171875        1.660523
FIRE:  2389 19:17:52   -19943.468750        1.869241
FIRE:  2390 19:17:53   -19943.806641        2.238290
FIRE:  2391 19:17:53   -19944.177734        1.858728
FIRE:  2392 19:17:53   -19944.537109        0.997967
FIRE:  2393 19:17:54   -19944.865234        1.574458
FIRE:  2394 19:17:54   -19945.175781        2.010089
FIRE:  2395 19:17:54   -19945.464844        1.524897
FIRE:  2396 19:17:55   -19945.748047        1.345198
FIRE:  2397 19:17:55   -19946.074219        1.454125
FIRE:  2398 19:17:55   -19946.343750        1.584396
FIRE:  2399 19:17:56   -19946.687500        1.352417
FIRE:  2400 19:17:56   -19947.013672        1.157340
FIRE:  2401 19:17:56   -19947.353516        1.228016
FIRE:  2402 19:17:57   -19947.695312        1.583701
FIRE:  2403 19:17:57   -19948.076172        1.418357
FIRE:  2404 19:17:57   -19948.484375        1.495038
FIRE:  2405 19:17:58   -19948.892578        1.501042
FIRE:  2406 19:17:58   -19949.277344        1.377825
FIRE:  2407 19:17:58   -19949.621094        1.317746
FIRE:  2408 19:17:59   -19949.976562        1.024447
FIRE:  2409 19:17:59   -19950.177734        1.371193
FIRE:  2410 19:17:59   -19950.281250        2.588546
FIRE:  2411 19:18:00   -19950.339844        3.735664
FIRE:  2412 19:18:00   -19950.859375        1.998109
FIRE:  2413 19:18:00   -19950.730469        7.672842
FIRE:  2414 19:18:01   -19951.050781        3.448585
FIRE:  2415 19:18:01   -19951.130859        2.743417
FIRE:  2416 19:18:01   -19951.265625        1.263473
FIRE:  2417 19:18:02   -19951.312500        0.928811
FIRE:  2418 19:18:02   -19951.304688        0.847081
FIRE:  2419 19:18:02   -19951.324219        0.693584
FIRE:  2420 19:18:03   -19951.337891        0.500242
FIRE:  2421 19:18:03   -19951.357422        0.329718
FIRE:  2422 19:18:03   -19951.388672        0.331011
FIRE:  2423 19:18:04   -19951.398438        0.332569
FIRE:  2424 19:18:04   -19951.425781        0.405884
FIRE:  2425 19:18:04   -19951.464844        0.509379
FIRE:  2426 19:18:05   -19951.486328        0.530257
FIRE:  2427 19:18:05   -19951.529297        0.446516
FIRE:  2428 19:18:05   -19951.605469        0.347943
FIRE:  2429 19:18:06   -19951.675781        0.353680
FIRE:  2430 19:18:06   -19951.736328        0.360781
FIRE:  2431 19:18:06   -19951.824219        0.419742
FIRE:  2432 19:18:07   -19951.958984        0.379877
FIRE:  2433 19:18:07   -19952.078125        0.392002
FIRE:  2434 19:18:07   -19952.226562        0.405328
FIRE:  2435 19:18:07   -19952.400391        0.417889
FIRE:  2436 19:18:08   -19952.640625        0.424504
FIRE:  2437 19:18:08   -19952.939453        0.413286
FIRE:  2438 19:18:08   -19953.251953        0.369414
FIRE:  2439 19:18:09   -19953.525391        0.298118
FIRE:  2440 19:18:09   -19953.796875        0.303834
FIRE:  2441 19:18:09   -19954.070312        0.321900
FIRE:  2442 19:18:10   -19954.326172        0.417207
FIRE:  2443 19:18:10   -19954.623047        0.434861
FIRE:  2444 19:18:10   -19954.943359        0.357295
FIRE:  2445 19:18:11   -19955.242188        0.351156
FIRE:  2446 19:18:11   -19955.509766        0.369049
FIRE:  2447 19:18:11   -19955.796875        0.382321
FIRE:  2448 19:18:12   -19956.068359        0.384952
FIRE:  2449 19:18:12   -19956.324219        0.399531
FIRE:  2450 19:18:12   -19956.613281        0.568011
FIRE:  2451 19:18:13   -19956.916016        0.930152
FIRE:  2452 19:18:13   -19957.261719        1.606865
FIRE:  2453 19:18:13   -19957.716797        2.520516
FIRE:  2454 19:18:14   -19958.365234        3.132903
FIRE:  2455 19:18:14   -19958.927734        3.401393
FIRE:  2456 19:18:14   -19959.458984        3.598460
FIRE:  2457 19:18:15   -19959.882812        1.438673
FIRE:  2458 19:18:15   -19960.046875        3.072622
FIRE:  2459 19:18:15   -19960.402344        1.877878
FIRE:  2460 19:18:16   -19960.646484        2.380742
FIRE:  2461 19:18:16   -19960.875000        2.314008
FIRE:  2462 19:18:16   -19961.199219        1.111054
FIRE:  2463 19:18:17   -19961.429688        1.918636
FIRE:  2464 19:18:17   -19961.710938        0.897080
FIRE:  2465 19:18:17   -19961.933594        1.735463
FIRE:  2466 19:18:18   -19962.160156        1.792645
FIRE:  2467 19:18:18   -19962.373047        1.168964
FIRE:  2468 19:18:18   -19962.537109        1.638421
FIRE:  2469 19:18:19   -19962.808594        0.842392
FIRE:  2470 19:18:19   -19963.017578        1.262381
FIRE:  2471 19:18:19   -19963.259766        1.567525
FIRE:  2472 19:18:20   -19963.521484        0.820384
FIRE:  2473 19:18:20   -19963.791016        1.319666
FIRE:  2474 19:18:20   -19964.017578        0.923832
FIRE:  2475 19:18:21   -19964.279297        0.798248
FIRE:  2476 19:18:21   -19964.550781        1.404798
FIRE:  2477 19:18:21   -19964.812500        0.634154
FIRE:  2478 19:18:22   -19965.070312        0.993266
FIRE:  2479 19:18:22   -19965.324219        1.026175
FIRE:  2480 19:18:22   -19965.607422        0.347790
FIRE:  2481 19:18:23   -19965.843750        0.988470
FIRE:  2482 19:18:23   -19966.099609        0.753151
FIRE:  2483 19:18:23   -19966.333984        0.817314
FIRE:  2484 19:18:24   -19966.583984        1.064699
FIRE:  2485 19:18:24   -19966.820312        1.128810
FIRE:  2486 19:18:24   -19967.046875        1.001732
FIRE:  2487 19:18:25   -19967.369141        0.883276
FIRE:  2488 19:18:25   -19967.697266        0.849280
FIRE:  2489 19:18:25   -19968.021484        0.957628
FIRE:  2490 19:18:26   -19968.326172        1.057887
FIRE:  2491 19:18:26   -19968.632812        1.167404
FIRE:  2492 19:18:26   -19968.966797        1.289057
FIRE:  2493 19:18:27   -19969.326172        1.399226
FIRE:  2494 19:18:27   -19969.707031        1.464239
FIRE:  2495 19:18:27   -19970.111328        1.423653
FIRE:  2496 19:18:28   -19970.447266        1.159289
FIRE:  2497 19:18:28   -19970.755859        0.609016
FIRE:  2498 19:18:28   -19970.888672        2.059842
FIRE:  2499 19:18:29   -19970.878906        4.145999
FIRE:  2500 19:18:29   -19971.324219        0.722635
FIRE:  2501 19:18:29   -19971.357422        4.156670
FIRE:  2502 19:18:30   -19971.464844        2.194650
FIRE:  2503 19:18:30   -19971.498047        1.579890
FIRE:  2504 19:18:30   -19971.531250        0.439990
FIRE:  2505 19:18:31   -19971.570312        1.069638
FIRE:  2506 19:18:31   -19971.580078        0.963993
FIRE:  2507 19:18:31   -19971.582031        0.766708
FIRE:  2508 19:18:32   -19971.568359        0.504317
FIRE:  2509 19:18:32   -19971.570312        0.436321
FIRE:  2510 19:18:32   -19971.587891        0.435321
FIRE:  2511 19:18:33   -19971.599609        0.434025
FIRE:  2512 19:18:33   -19971.615234        0.472208
FIRE:  2513 19:18:33   -19971.642578        0.553328
FIRE:  2514 19:18:34   -19971.679688        0.523784
FIRE:  2515 19:18:34   -19971.710938        0.423520
FIRE:  2516 19:18:34   -19971.746094        0.418454
FIRE:  2517 19:18:35   -19971.777344        0.411804
FIRE:  2518 19:18:35   -19971.841797        0.445462
FIRE:  2519 19:18:35   -19971.892578        0.392542
FIRE:  2520 19:18:36   -19971.966797        0.379294
FIRE:  2521 19:18:36   -19972.060547        0.362999
FIRE:  2522 19:18:36   -19972.177734        0.363024
FIRE:  2523 19:18:37   -19972.324219        0.391746
FIRE:  2524 19:18:37   -19972.484375        0.418306
FIRE:  2525 19:18:37   -19972.712891        0.423638
FIRE:  2526 19:18:38   -19972.972656        0.380772
FIRE:  2527 19:18:38   -19973.242188        0.277725
FIRE:  2528 19:18:38   -19973.435547        0.304645
FIRE:  2529 19:18:39   -19973.664062        0.448064
FIRE:  2530 19:18:39   -19973.871094        0.672625
FIRE:  2531 19:18:39   -19974.126953        0.671461
FIRE:  2532 19:18:40   -19974.369141        0.488618
FIRE:  2533 19:18:40   -19974.660156        0.373009
FIRE:  2534 19:18:40   -19974.910156        0.335812
FIRE:  2535 19:18:41   -19975.195312        0.281104
FIRE:  2536 19:18:41   -19975.441406        0.278872
FIRE:  2537 19:18:41   -19975.697266        0.291249
FIRE:  2538 19:18:42   -19975.931641        0.299476
FIRE:  2539 19:18:42   -19976.203125        0.339262
FIRE:  2540 19:18:42   -19976.455078        0.313369
FIRE:  2541 19:18:43   -19976.679688        0.243612
FIRE:  2542 19:18:43   -19976.925781        0.224022
FIRE:  2543 19:18:43   -19977.183594        0.233170
FIRE:  2544 19:18:44   -19977.460938        0.239884
FIRE:  2545 19:18:44   -19977.693359        0.242444
FIRE:  2546 19:18:44   -19977.941406        0.239170
FIRE:  2547 19:18:44   -19978.189453        0.236426
FIRE:  2548 19:18:45   -19978.404297        0.251357
FIRE:  2549 19:18:45   -19978.664062        0.229558
FIRE:  2550 19:18:45   -19978.869141        0.239062
FIRE:  2551 19:18:46   -19979.158203        0.244500
FIRE:  2552 19:18:46   -19979.404297        0.252635
FIRE:  2553 19:18:46   -19979.660156        0.267725
FIRE:  2554 19:18:47   -19979.845703        0.282549
FIRE:  2555 19:18:47   -19980.125000        0.295032
FIRE:  2556 19:18:47   -19980.333984        0.302720
FIRE:  2557 19:18:48   -19980.505859        0.303094
FIRE:  2558 19:18:48   -19980.699219        0.293999
FIRE:  2559 19:18:48   -19980.945312        0.316261
FIRE:  2560 19:18:49   -19981.171875        0.315068
FIRE:  2561 19:18:49   -19981.363281        0.277802
FIRE:  2562 19:18:49   -19981.568359        0.285142
FIRE:  2563 19:18:50   -19981.796875        0.310869
FIRE:  2564 19:18:50   -19982.039062        0.333380
FIRE:  2565 19:18:50   -19982.238281        0.349965
FIRE:  2566 19:18:51   -19982.458984        0.357072
FIRE:  2567 19:18:51   -19982.681641        0.348155
FIRE:  2568 19:18:51   -19982.933594        0.364529
FIRE:  2569 19:18:52   -19983.158203        0.344710
FIRE:  2570 19:18:52   -19983.404297        0.335352
FIRE:  2571 19:18:52   -19983.628906        0.341114
FIRE:  2572 19:18:53   -19983.800781        0.654198
FIRE:  2573 19:18:53   -19983.968750        0.905670
FIRE:  2574 19:18:53   -19984.187500        0.886132
FIRE:  2575 19:18:54   -19984.382812        0.603826
FIRE:  2576 19:18:54   -19984.605469        0.483652
FIRE:  2577 19:18:54   -19984.796875        0.491307
FIRE:  2578 19:18:55   -19984.986328        0.515374
FIRE:  2579 19:18:55   -19985.183594        0.543919
FIRE:  2580 19:18:55   -19985.478516        0.577109
FIRE:  2581 19:18:56   -19985.738281        0.576571
FIRE:  2582 19:18:56   -19985.955078        0.531792
FIRE:  2583 19:18:56   -19986.222656        0.509613
FIRE:  2584 19:18:57   -19986.390625        0.499463
FIRE:  2585 19:18:57   -19986.585938        0.652633
FIRE:  2586 19:18:57   -19986.726562        1.302842
FIRE:  2587 19:18:58   -19986.791016        1.925632
FIRE:  2588 19:18:58   -19986.933594        2.209630
FIRE:  2589 19:18:58   -19987.091797        2.037965
FIRE:  2590 19:18:59   -19987.294922        1.800150
FIRE:  2591 19:18:59   -19987.558594        1.821191
FIRE:  2592 19:18:59   -19987.808594        1.513903
FIRE:  2593 19:19:00   -19988.109375        1.005469
FIRE:  2594 19:19:00   -19988.357422        0.881216
FIRE:  2595 19:19:00   -19988.595703        0.882263
FIRE:  2596 19:19:01   -19988.800781        0.851416
FIRE:  2597 19:19:01   -19989.021484        0.927856
FIRE:  2598 19:19:01   -19989.216797        1.059446
FIRE:  2599 19:19:02   -19989.382812        1.093687
FIRE:  2600 19:19:02   -19989.494141        1.279928
FIRE:  2601 19:19:02   -19989.603516        2.023054
FIRE:  2602 19:19:03   -19989.714844        2.538378
FIRE:  2603 19:19:03   -19989.882812        2.631523
FIRE:  2604 19:19:03   -19990.130859        2.073892
FIRE:  2605 19:19:04   -19990.390625        1.765180
FIRE:  2606 19:19:04   -19990.599609        1.863692
FIRE:  2607 19:19:04   -19990.816406        1.607293
FIRE:  2608 19:19:05   -19991.027344        1.339544
FIRE:  2609 19:19:05   -19991.222656        0.898912
FIRE:  2610 19:19:05   -19991.359375        0.752122
FIRE:  2611 19:19:06   -19991.498047        1.076151
FIRE:  2612 19:19:06   -19991.623047        1.284425
FIRE:  2613 19:19:06   -19991.755859        1.365854
FIRE:  2614 19:19:07   -19991.919922        1.355100
FIRE:  2615 19:19:07   -19992.142578        1.267864
FIRE:  2616 19:19:07   -19992.373047        1.100387
FIRE:  2617 19:19:08   -19992.597656        1.002392
FIRE:  2618 19:19:08   -19992.828125        1.085120
FIRE:  2619 19:19:08   -19993.019531        0.994377
FIRE:  2620 19:19:09   -19993.175781        0.997163
FIRE:  2621 19:19:09   -19993.322266        1.303769
FIRE:  2622 19:19:09   -19993.435547        1.283948
FIRE:  2623 19:19:10   -19993.615234        1.078703
FIRE:  2624 19:19:10   -19993.751953        1.141802
FIRE:  2625 19:19:10   -19993.923828        1.053326
FIRE:  2626 19:19:11   -19994.121094        1.065778
FIRE:  2627 19:19:11   -19994.316406        1.206841
FIRE:  2628 19:19:11   -19994.556641        1.077457
FIRE:  2629 19:19:12   -19994.779297        0.789927
FIRE:  2630 19:19:12   -19995.009766        0.549462
FIRE:  2631 19:19:12   -19995.210938        0.459663
FIRE:  2632 19:19:13   -19995.394531        0.644845
FIRE:  2633 19:19:13   -19995.527344        0.846049
FIRE:  2634 19:19:13   -19995.613281        0.981277
FIRE:  2635 19:19:14   -19995.683594        1.308787
FIRE:  2636 19:19:14   -19995.802734        1.546102
FIRE:  2637 19:19:14   -19996.013672        1.532267
FIRE:  2638 19:19:15   -19996.177734        1.292594
FIRE:  2639 19:19:15   -19996.388672        0.939822
FIRE:  2640 19:19:15   -19996.625000        0.750509
FIRE:  2641 19:19:16   -19996.808594        0.666196
FIRE:  2642 19:19:16   -19997.001953        0.698579
FIRE:  2643 19:19:16   -19997.144531        0.692511
FIRE:  2644 19:19:17   -19997.271484        0.665640
FIRE:  2645 19:19:17   -19997.410156        0.934171
FIRE:  2646 19:19:17   -19997.552734        1.146578
FIRE:  2647 19:19:18   -19997.664062        1.253184
FIRE:  2648 19:19:18   -19997.767578        1.232073
FIRE:  2649 19:19:18   -19997.949219        1.096099
FIRE:  2650 19:19:19   -19998.085938        0.882236
FIRE:  2651 19:19:19   -19998.265625        0.684979
FIRE:  2652 19:19:19   -19998.386719        0.724595
FIRE:  2653 19:19:20   -19998.576172        0.782739
FIRE:  2654 19:19:20   -19998.714844        0.725700
FIRE:  2655 19:19:20   -19998.882812        0.705559
FIRE:  2656 19:19:21   -19999.023438        0.622035
FIRE:  2657 19:19:21   -19999.160156        0.526169
FIRE:  2658 19:19:21   -19999.285156        0.573181
FIRE:  2659 19:19:22   -19999.406250        0.588298
FIRE:  2660 19:19:22   -19999.537109        0.602494
FIRE:  2661 19:19:22   -19999.654297        0.592521
FIRE:  2662 19:19:23   -19999.808594        0.657908
FIRE:  2663 19:19:23   -19999.929688        0.636807
FIRE:  2664 19:19:23   -20000.115234        0.586843
FIRE:  2665 19:19:23   -20000.259766        0.535276
FIRE:  2666 19:19:24   -20000.453125        0.597777
FIRE:  2667 19:19:24   -20000.593750        0.619719
FIRE:  2668 19:19:24   -20000.740234        0.598747
FIRE:  2669 19:19:25   -20000.851562        0.575603
FIRE:  2670 19:19:25   -20001.046875        0.645779
FIRE:  2671 19:19:25   -20001.171875        0.610131
FIRE:  2672 19:19:26   -20001.240234        0.486945
FIRE:  2673 19:19:26   -20001.431641        0.553433
FIRE:  2674 19:19:26   -20001.574219        0.702735
FIRE:  2675 19:19:27   -20001.712891        0.766483
FIRE:  2676 19:19:27   -20001.853516        0.721392
FIRE:  2677 19:19:27   -20002.048828        0.577020
FIRE:  2678 19:19:28   -20002.250000        0.514484
FIRE:  2679 19:19:28   -20002.380859        0.521574
FIRE:  2680 19:19:28   -20002.570312        0.494931
FIRE:  2681 19:19:29   -20002.757812        0.440473
FIRE:  2682 19:19:29   -20002.859375        0.377733
FIRE:  2683 19:19:29   -20003.048828        0.454741
FIRE:  2684 19:19:30   -20003.214844        0.492956
FIRE:  2685 19:19:30   -20003.367188        0.476366
FIRE:  2686 19:19:30   -20003.539062        0.415253
FIRE:  2687 19:19:31   -20003.662109        0.445614
FIRE:  2688 19:19:31   -20003.869141        0.456984
FIRE:  2689 19:19:31   -20004.005859        0.494652
FIRE:  2690 19:19:32   -20004.121094        0.491465
FIRE:  2691 19:19:32   -20004.332031        0.468923
FIRE:  2692 19:19:32   -20004.552734        0.496476
FIRE:  2693 19:19:33   -20004.697266        0.413490
FIRE:  2694 19:19:33   -20004.894531        0.372154
FIRE:  2695 19:19:33   -20005.066406        0.310469
FIRE:  2696 19:19:34   -20005.291016        0.308953
FIRE:  2697 19:19:34   -20005.507812        0.317055
FIRE:  2698 19:19:34   -20005.662109        0.372076
FIRE:  2699 19:19:35   -20005.810547        0.418316
FIRE:  2700 19:19:35   -20005.960938        0.398963
FIRE:  2701 19:19:35   -20006.125000        0.449990
FIRE:  2702 19:19:36   -20006.330078        0.556851
FIRE:  2703 19:19:36   -20006.550781        0.734320
FIRE:  2704 19:19:36   -20006.744141        1.026321
FIRE:  2705 19:19:37   -20006.957031        1.480410
FIRE:  2706 19:19:37   -20007.169922        2.087445
FIRE:  2707 19:19:37   -20007.476562        2.637428
FIRE:  2708 19:19:38   -20007.835938        2.733418
FIRE:  2709 19:19:38   -20008.228516        3.055071
FIRE:  2710 19:19:38   -20008.488281        3.443955
FIRE:  2711 19:19:39   -20008.699219        5.845428
FIRE:  2712 19:19:39   -20008.990234        6.694625
FIRE:  2713 19:19:39   -20009.458984        4.480378
FIRE:  2714 19:19:40   -20009.787109        1.939672
FIRE:  2715 19:19:40   -20009.867188        2.831544
FIRE:  2716 19:19:40   -20010.218750        5.002975
FIRE:  2717 19:19:41   -20010.183594        4.417140
FIRE:  2718 19:19:41   -20010.626953        1.604140
FIRE:  2719 19:19:41   -20010.390625        6.926913
FIRE:  2720 19:19:42   -20010.675781        3.606518
FIRE:  2721 19:19:42   -20010.822266        0.592870
FIRE:  2722 19:19:42   -20010.796875        2.492193
FIRE:  2723 19:19:43   -20010.808594        2.381369
FIRE:  2724 19:19:43   -20010.828125        2.156931
FIRE:  2725 19:19:43   -20010.867188        1.815325
FIRE:  2726 19:19:44   -20010.912109        1.356706
FIRE:  2727 19:19:44   -20010.935547        0.793225
FIRE:  2728 19:19:44   -20010.943359        0.581140
FIRE:  2729 19:19:45   -20010.966797        1.023332
FIRE:  2730 19:19:45   -20010.982422        1.489275
FIRE:  2731 19:19:45   -20011.023438        1.755812
FIRE:  2732 19:19:46   -20011.068359        1.681553
FIRE:  2733 19:19:46   -20011.119141        1.225924
FIRE:  2734 19:19:46   -20011.189453        0.550552
FIRE:  2735 19:19:47   -20011.240234        0.686860
FIRE:  2736 19:19:47   -20011.337891        1.117472
FIRE:  2737 19:19:47   -20011.464844        1.060251
FIRE:  2738 19:19:48   -20011.591797        0.428681
FIRE:  2739 19:19:48   -20011.701172        0.687090
FIRE:  2740 19:19:48   -20011.832031        1.018369
FIRE:  2741 19:19:49   -20011.988281        0.439902
FIRE:  2742 19:19:49   -20012.132812        0.933507
FIRE:  2743 19:19:49   -20012.416016        1.118543
FIRE:  2744 19:19:50   -20012.742188        1.563667
FIRE:  2745 19:19:50   -20013.164062        1.536386
FIRE:  2746 19:19:50   -20013.552734        1.112499
FIRE:  2747 19:19:51   -20013.869141        0.737709
FIRE:  2748 19:19:51   -20014.068359        0.546727
FIRE:  2749 19:19:51   -20014.218750        0.565660
FIRE:  2750 19:19:52   -20014.339844        0.637311
FIRE:  2751 19:19:52   -20014.488281        0.536814
FIRE:  2752 19:19:52   -20014.693359        0.551765
FIRE:  2753 19:19:53   -20014.859375        0.481508
FIRE:  2754 19:19:53   -20015.072266        0.415307
FIRE:  2755 19:19:53   -20015.320312        0.363109
FIRE:  2756 19:19:54   -20015.498047        0.485213
FIRE:  2757 19:19:54   -20015.714844        0.467338
FIRE:  2758 19:19:54   -20015.970703        0.534835
FIRE:  2759 19:19:55   -20016.167969        0.594804
FIRE:  2760 19:19:55   -20016.462891        0.619489
FIRE:  2761 19:19:55   -20016.712891        0.529470
FIRE:  2762 19:19:56   -20016.941406        0.622189
FIRE:  2763 19:19:56   -20017.158203        0.709947
FIRE:  2764 19:19:56   -20017.314453        1.120256
FIRE:  2765 19:19:57   -20017.550781        1.100724
FIRE:  2766 19:19:57   -20017.814453        0.519803
FIRE:  2767 19:19:57   -20018.068359        0.419272
FIRE:  2768 19:19:57   -20018.291016        1.053050
FIRE:  2769 19:19:58   -20018.650391        2.717626
FIRE:  2770 19:19:58   -20019.416016        3.222389
FIRE:  2771 19:19:58   -20020.195312        3.048419
FIRE:  2772 19:19:59   -20021.121094        2.769557
FIRE:  2773 19:19:59   -20021.777344        3.513994
FIRE:  2774 19:19:59   -20022.296875        2.866286
FIRE:  2775 19:20:00   -20022.781250        2.647157
FIRE:  2776 19:20:00   -20022.996094        1.824040
FIRE:  2777 19:20:00   -20023.375000        1.628076
FIRE:  2778 19:20:01   -20023.095703        5.919060
FIRE:  2779 19:20:01   -20023.218750        5.163970
FIRE:  2780 19:20:01   -20023.464844        3.962853
FIRE:  2781 19:20:02   -20023.697266        0.654261
FIRE:  2782 19:20:02   -20023.570312        5.594601
FIRE:  2783 19:20:02   -20023.630859        4.445483
FIRE:  2784 19:20:03   -20023.708984        2.594644
FIRE:  2785 19:20:03   -20023.781250        0.682961
FIRE:  2786 19:20:03   -20023.763672        1.032777
FIRE:  2787 19:20:04   -20023.761719        1.002857
FIRE:  2788 19:20:04   -20023.777344        0.943411
FIRE:  2789 19:20:04   -20023.783203        0.855508
FIRE:  2790 19:20:05   -20023.777344        0.741922
FIRE:  2791 19:20:05   -20023.791016        0.605468
FIRE:  2792 19:20:05   -20023.798828        0.451334
FIRE:  2793 19:20:06   -20023.802734        0.395153
FIRE:  2794 19:20:06   -20023.810547        0.392733
FIRE:  2795 19:20:06   -20023.820312        0.389508
FIRE:  2796 19:20:07   -20023.812500        0.385292
FIRE:  2797 19:20:07   -20023.818359        0.465429
FIRE:  2798 19:20:07   -20023.841797        0.544083
FIRE:  2799 19:20:08   -20023.845703        0.523114
FIRE:  2800 19:20:08   -20023.876953        0.387786
FIRE:  2801 19:20:08   -20023.902344        0.361615
FIRE:  2802 19:20:09   -20023.927734        0.372145
FIRE:  2803 19:20:09   -20023.943359        0.385402
FIRE:  2804 19:20:09   -20023.984375        0.413413
FIRE:  2805 19:20:10   -20024.033203        0.423000
FIRE:  2806 19:20:10   -20024.099609        0.449436
FIRE:  2807 19:20:10   -20024.173828        0.482783
FIRE:  2808 19:20:11   -20024.248047        0.524014
FIRE:  2809 19:20:11   -20024.335938        0.573248
FIRE:  2810 19:20:11   -20024.445312        0.626501
FIRE:  2811 19:20:12   -20024.605469        0.669377
FIRE:  2812 19:20:12   -20024.759766        0.664320
FIRE:  2813 19:20:12   -20024.974609        0.550090
FIRE:  2814 19:20:13   -20025.191406        0.451005
FIRE:  2815 19:20:13   -20025.384766        0.460131
FIRE:  2816 19:20:13   -20025.552734        0.575388
FIRE:  2817 19:20:14   -20025.736328        0.563917
FIRE:  2818 19:20:14   -20025.941406        0.613206
FIRE:  2819 19:20:14   -20026.152344        0.566903
FIRE:  2820 19:20:15   -20026.359375        0.426964
FIRE:  2821 19:20:15   -20026.558594        0.526806
FIRE:  2822 19:20:15   -20026.781250        0.618285
FIRE:  2823 19:20:16   -20027.000000        0.677614
FIRE:  2824 19:20:16   -20027.224609        0.673402
FIRE:  2825 19:20:16   -20027.472656        0.709041
FIRE:  2826 19:20:17   -20027.695312        0.712461
FIRE:  2827 19:20:17   -20027.951172        0.643943
FIRE:  2828 19:20:17   -20028.226562        0.540494
FIRE:  2829 19:20:18   -20028.488281        0.512778
FIRE:  2830 19:20:18   -20028.689453        0.485729
FIRE:  2831 19:20:18   -20028.886719        0.563657
FIRE:  2832 19:20:19   -20029.093750        0.476122
FIRE:  2833 19:20:19   -20029.302734        0.533622
FIRE:  2834 19:20:19   -20029.531250        0.485773
FIRE:  2835 19:20:20   -20029.726562        0.368332
FIRE:  2836 19:20:20   -20029.886719        0.422014
FIRE:  2837 19:20:20   -20030.099609        0.619784
FIRE:  2838 19:20:21   -20030.279297        0.690709
FIRE:  2839 19:20:21   -20030.458984        0.561028
FIRE:  2840 19:20:21   -20030.634766        0.304524
FIRE:  2841 19:20:22   -20030.748047        0.311041
FIRE:  2842 19:20:22   -20030.937500        0.329677
FIRE:  2843 19:20:22   -20031.105469        0.439960
FIRE:  2844 19:20:23   -20031.271484        0.304326
FIRE:  2845 19:20:23   -20031.425781        0.206348
FIRE:  2846 19:20:23   -20031.617188        0.294351
FIRE:  2847 19:20:24   -20031.763672        0.353837
FIRE:  2848 19:20:24   -20031.935547        0.227488
FIRE:  2849 19:20:24   -20032.095703        0.213040
FIRE:  2850 19:20:25   -20032.261719        0.314046
FIRE:  2851 19:20:25   -20032.400391        0.205469
FIRE:  2852 19:20:25   -20032.587891        0.212969
FIRE:  2853 19:20:26   -20032.765625        0.273843
FIRE:  2854 19:20:26   -20032.884766        0.231966
FIRE:  2855 19:20:26   -20033.039062        0.330504
FIRE:  2856 19:20:27   -20033.191406        0.402764
FIRE:  2857 19:20:27   -20033.371094        0.431004
FIRE:  2858 19:20:27   -20033.527344        0.409555
FIRE:  2859 19:20:28   -20033.658203        0.348354
FIRE:  2860 19:20:28   -20033.876953        0.264250
FIRE:  2861 19:20:28   -20034.054688        0.233812
FIRE:  2862 19:20:29   -20034.203125        0.270269
FIRE:  2863 19:20:29   -20034.390625        0.310291
FIRE:  2864 19:20:29   -20034.558594        0.349731
FIRE:  2865 19:20:30   -20034.730469        0.387499
FIRE:  2866 19:20:30   -20034.947266        0.426364
FIRE:  2867 19:20:30   -20035.160156        0.471496
FIRE:  2868 19:20:30   -20035.390625        0.525983
FIRE:  2869 19:20:31   -20035.625000        0.589557
FIRE:  2870 19:20:31   -20035.873047        0.660723
FIRE:  2871 19:20:31   -20036.140625        0.739487
FIRE:  2872 19:20:32   -20036.439453        0.827001
FIRE:  2873 19:20:32   -20036.734375        0.921354
FIRE:  2874 19:20:32   -20037.060547        1.012099
FIRE:  2875 19:20:33   -20037.386719        1.080215
FIRE:  2876 19:20:33   -20037.679688        1.090583
FIRE:  2877 19:20:33   -20038.031250        0.982972
FIRE:  2878 19:20:34   -20038.326172        0.737420
FIRE:  2879 19:20:34   -20038.630859        0.962490
FIRE:  2880 19:20:34   -20038.861328        1.182867
FIRE:  2881 19:20:35   -20038.996094        1.976137
FIRE:  2882 19:20:35   -20039.142578        2.966628
FIRE:  2883 19:20:35   -20039.361328        3.361150
FIRE:  2884 19:20:36   -20039.667969        2.868213
FIRE:  2885 19:20:36   -20039.943359        2.504034
FIRE:  2886 19:20:36   -20040.158203        2.751774
FIRE:  2887 19:20:37   -20040.253906        2.504938
FIRE:  2888 19:20:37   -20040.345703        3.212522
FIRE:  2889 19:20:37   -20040.535156        3.155797
FIRE:  2890 19:20:38   -20040.707031        2.375432
FIRE:  2891 19:20:38   -20040.808594        1.307654
FIRE:  2892 19:20:38   -20040.814453        1.507514
FIRE:  2893 19:20:39   -20041.314453        1.930626
FIRE:  2894 19:20:39   -20041.439453        3.146025
FIRE:  2895 19:20:39   -20040.765625       11.353293
FIRE:  2896 19:20:40   -20041.460938        4.136207
FIRE:  2897 19:20:40   -20041.578125        3.183247
FIRE:  2898 19:20:40   -20041.720703        1.065436
FIRE:  2899 19:20:41   -20041.718750        2.137485
FIRE:  2900 19:20:41   -20041.720703        1.897214
FIRE:  2901 19:20:41   -20041.738281        1.457037
FIRE:  2902 19:20:42   -20041.759766        0.887105
FIRE:  2903 19:20:42   -20041.775391        0.284826
FIRE:  2904 19:20:42   -20041.775391        0.311471
FIRE:  2905 19:20:43   -20041.783203        0.746681
FIRE:  2906 19:20:43   -20041.785156        1.023639
FIRE:  2907 19:20:43   -20041.808594        1.139762
FIRE:  2908 19:20:44   -20041.820312        1.057194
FIRE:  2909 19:20:44   -20041.863281        0.742964
FIRE:  2910 19:20:44   -20041.882812        0.315042
FIRE:  2911 19:20:45   -20041.925781        0.492653
FIRE:  2912 19:20:45   -20041.943359        0.910024
FIRE:  2913 19:20:45   -20041.978516        0.812096
FIRE:  2914 19:20:46   -20042.056641        0.366450
FIRE:  2915 19:20:46   -20042.130859        0.624603
FIRE:  2916 19:20:46   -20042.193359        0.767401
FIRE:  2917 19:20:47   -20042.314453        0.445552
FIRE:  2918 19:20:47   -20042.449219        0.784325
FIRE:  2919 19:20:47   -20042.642578        0.513289
FIRE:  2920 19:20:48   -20042.832031        0.772400
FIRE:  2921 19:20:48   -20043.041016        0.435511
FIRE:  2922 19:20:48   -20043.230469        0.732639
FIRE:  2923 19:20:49   -20043.386719        1.216376
FIRE:  2924 19:20:49   -20043.562500        1.275713
FIRE:  2925 19:20:49   -20043.750000        0.859368
FIRE:  2926 19:20:50   -20043.953125        1.013811
FIRE:  2927 19:20:50   -20044.109375        1.386092
FIRE:  2928 19:20:50   -20044.314453        1.863873
FIRE:  2929 19:20:51   -20044.453125        2.337096
FIRE:  2930 19:20:51   -20044.416016        3.246055
FIRE:  2931 19:20:51   -20044.539062        1.766509
FIRE:  2932 19:20:52   -20044.562500        1.467131
FIRE:  2933 19:20:52   -20044.582031        1.192405
FIRE:  2934 19:20:52   -20044.593750        0.715111
FIRE:  2935 19:20:53   -20044.587891        0.311258
FIRE:  2936 19:20:53   -20044.597656        0.409514
FIRE:  2937 19:20:53   -20044.591797        0.751426
FIRE:  2938 19:20:54   -20044.582031        0.893611
FIRE:  2939 19:20:54   -20044.611328        0.841042
FIRE:  2940 19:20:54   -20044.630859        0.577664
FIRE:  2941 19:20:55   -20044.636719        0.256294
FIRE:  2942 19:20:55   -20044.669922        0.482239
FIRE:  2943 19:20:55   -20044.669922        0.762039
FIRE:  2944 19:20:56   -20044.722656        0.547842
FIRE:  2945 19:20:56   -20044.728516        0.240597
FIRE:  2946 19:20:56   -20044.755859        0.610634
FIRE:  2947 19:20:57   -20044.804688        0.446937
FIRE:  2948 19:20:57   -20044.847656        0.385319
FIRE:  2949 19:20:57   -20044.925781        0.535118
FIRE:  2950 19:20:58   -20044.988281        0.426871
FIRE:  2951 19:20:58   -20045.076172        0.313643
FIRE:  2952 19:20:58   -20045.160156        0.816411
FIRE:  2953 19:20:59   -20045.300781        0.820873
FIRE:  2954 19:20:59   -20045.419922        0.778094
FIRE:  2955 19:20:59   -20045.578125        1.225700
FIRE:  2956 19:21:00   -20045.687500        2.750027
FIRE:  2957 19:21:00   -20045.759766        0.540670
FIRE:  2958 19:21:00   -20045.767578        0.405335
FIRE:  2959 19:21:01   -20045.779297        0.342447
FIRE:  2960 19:21:01   -20045.789062        0.342231
FIRE:  2961 19:21:01   -20045.781250        0.342253
FIRE:  2962 19:21:02   -20045.794922        0.402768
FIRE:  2963 19:21:02   -20045.808594        0.343437
FIRE:  2964 19:21:02   -20045.822266        0.344557
FIRE:  2965 19:21:03   -20045.833984        0.346105
FIRE:  2966 19:21:03   -20045.859375        0.348028
FIRE:  2967 19:21:03   -20045.873047        0.350237
FIRE:  2968 19:21:04   -20045.882812        0.352511
FIRE:  2969 19:21:04   -20045.933594        0.353995
FIRE:  2970 19:21:04   -20045.986328        0.352649
FIRE:  2971 19:21:05   -20046.003906        0.344578
FIRE:  2972 19:21:05   -20046.062500        0.324969
FIRE:  2973 19:21:05   -20046.146484        0.315643
FIRE:  2974 19:21:06   -20046.267578        0.244096
FIRE:  2975 19:21:06   -20046.361328        0.217796
FIRE:  2976 19:21:06   -20046.501953        0.308132
FIRE:  2977 19:21:07   -20046.648438        0.467931
FIRE:  2978 19:21:07   -20046.806641        1.492513
FIRE:  2979 19:21:07   -20046.875000        2.879022
FIRE:  2980 19:21:08   -20046.966797        0.312330
FIRE:  2981 19:21:08   -20046.902344        3.730129
FIRE:  2982 19:21:08   -20046.949219        2.309803
FIRE:  2983 19:21:09   -20046.984375        0.344554
FIRE:  2984 19:21:09   -20046.978516        1.318939
FIRE:  2985 19:21:09   -20046.978516        1.240579
FIRE:  2986 19:21:10   -20046.992188        1.085749
FIRE:  2987 19:21:10   -20046.986328        0.860360
FIRE:  2988 19:21:10   -20047.000000        0.574422
FIRE:  2989 19:21:11   -20047.007812        0.321332
FIRE:  2990 19:21:11   -20047.011719        0.322148
FIRE:  2991 19:21:11   -20047.007812        0.443413
FIRE:  2992 19:21:12   -20047.009766        0.677847
FIRE:  2993 19:21:12   -20047.007812        0.798093
FIRE:  2994 19:21:12   -20047.011719        0.760844
FIRE:  2995 19:21:13   -20047.027344        0.545637
FIRE:  2996 19:21:13   -20047.037109        0.332336
FIRE:  2997 19:21:13   -20047.056641        0.335458
FIRE:  2998 19:21:14   -20047.058594        0.558622
FIRE:  2999 19:21:14   -20047.074219        0.569133
FIRE:  3000 19:21:14   -20047.085938        0.348153
FIRE:  3001 19:21:15   -20047.123047        0.353233
FIRE:  3002 19:21:15   -20047.152344        0.557452
FIRE:  3003 19:21:15   -20047.185547        0.361879
FIRE:  3004 19:21:16   -20047.228516        0.449100
FIRE:  3005 19:21:16   -20047.281250        0.356443
FIRE:  3006 19:21:16   -20047.339844        0.480836
FIRE:  3007 19:21:16   -20047.408203        0.291907
FIRE:  3008 19:21:17   -20047.517578        0.592171
FIRE:  3009 19:21:17   -20047.609375        0.696293
FIRE:  3010 19:21:17   -20047.671875        0.777398
FIRE:  3011 19:21:18   -20047.792969        1.344657
FIRE:  3012 19:21:18   -20047.808594        2.640702
FIRE:  3013 19:21:18   -20047.878906        0.603342
FIRE:  3014 19:21:19   -20047.849609        2.849721
FIRE:  3015 19:21:19   -20047.886719        1.969227
FIRE:  3016 19:21:19   -20047.906250        0.632912
FIRE:  3017 19:21:20   -20047.904297        0.690907
FIRE:  3018 19:21:20   -20047.916016        0.653436
FIRE:  3019 19:21:20   -20047.910156        0.580187
FIRE:  3020 19:21:21   -20047.906250        0.474765
FIRE:  3021 19:21:21   -20047.904297        0.377061
FIRE:  3022 19:21:21   -20047.917969        0.370664
FIRE:  3023 19:21:22   -20047.927734        0.362990
FIRE:  3024 19:21:22   -20047.917969        0.354123
FIRE:  3025 19:21:22   -20047.921875        0.343080
FIRE:  3026 19:21:23   -20047.921875        0.363524
FIRE:  3027 19:21:23   -20047.923828        0.386844
FIRE:  3028 19:21:23   -20047.931641        0.329261
FIRE:  3029 19:21:24   -20047.939453        0.272431
FIRE:  3030 19:21:24   -20047.980469        0.246802
FIRE:  3031 19:21:24   -20047.976562        0.229996
FIRE:  3032 19:21:25   -20048.013672        0.304052
FIRE:  3033 19:21:25   -20048.011719        0.219165
FIRE:  3034 19:21:25   -20048.066406        0.196877
FIRE:  3035 19:21:26   -20048.062500        0.259739
FIRE:  3036 19:21:26   -20048.085938        0.248120
FIRE:  3037 19:21:26   -20048.130859        0.287041
FIRE:  3038 19:21:27   -20048.167969        0.338632
FIRE:  3039 19:21:27   -20048.199219        0.403222
FIRE:  3040 19:21:27   -20048.238281        0.471475
FIRE:  3041 19:21:28   -20048.328125        0.504578
FIRE:  3042 19:21:28   -20048.433594        0.434235
FIRE:  3043 19:21:28   -20048.591797        0.299403
FIRE:  3044 19:21:29   -20048.695312        0.674756
FIRE:  3045 19:21:29   -20048.777344        1.806609
FIRE:  3046 19:21:29   -20048.826172        3.167964
FIRE:  3047 19:21:30   -20048.923828        0.805329
FIRE:  3048 19:21:30   -20048.847656        3.723650
FIRE:  3049 19:21:30   -20048.896484        2.461046
FIRE:  3050 19:21:31   -20048.943359        0.640353
FIRE:  3051 19:21:31   -20048.931641        1.022949
FIRE:  3052 19:21:31   -20048.937500        0.967138
FIRE:  3053 19:21:32   -20048.933594        0.858021
FIRE:  3054 19:21:32   -20048.947266        0.699521
FIRE:  3055 19:21:32   -20048.951172        0.499017
FIRE:  3056 19:21:33   -20048.958984        0.269095
FIRE:  3057 19:21:33   -20048.962891        0.254738
FIRE:  3058 19:21:33   -20048.966797        0.251186
FIRE:  3059 19:21:34   -20048.974609        0.433996
FIRE:  3060 19:21:34   -20048.982422        0.562935
FIRE:  3061 19:21:34   -20048.984375        0.590957
FIRE:  3062 19:21:35   -20048.982422        0.493010
FIRE:  3063 19:21:35   -20049.003906        0.269864
FIRE:  3064 19:21:35   -20049.007812        0.206918
FIRE:  3065 19:21:36   -20049.005859        0.342433
FIRE:  3066 19:21:36   -20049.025391        0.452660
FIRE:  3067 19:21:36   -20049.037109        0.328876
FIRE:  3068 19:21:37   -20049.050781        0.162250
FIRE:  3069 19:21:37   -20049.070312        0.380927
FIRE:  3070 19:21:37   -20049.109375        0.322087
FIRE:  3071 19:21:38   -20049.123047        0.165071
FIRE:  3072 19:21:38   -20049.154297        0.369596
FIRE:  3073 19:21:38   -20049.189453        0.158363
FIRE:  3074 19:21:39   -20049.257812        0.360016
FIRE:  3075 19:21:39   -20049.341797        0.317624
FIRE:  3076 19:21:39   -20049.421875        0.196444
FIRE:  3077 19:21:40   -20049.513672        0.299220
FIRE:  3078 19:21:40   -20049.621094        0.747941
FIRE:  3079 19:21:40   -20049.753906        1.978878
FIRE:  3080 19:21:41   -20049.787109        3.417813
FIRE:  3081 19:21:41   -20049.921875        0.877484
FIRE:  3082 19:21:41   -20049.830078        4.290257
FIRE:  3083 19:21:42   -20049.884766        2.733896
FIRE:  3084 19:21:42   -20049.933594        0.575750
FIRE:  3085 19:21:42   -20049.919922        1.282315
FIRE:  3086 19:21:43   -20049.919922        1.212755
FIRE:  3087 19:21:43   -20049.923828        1.075523
FIRE:  3088 19:21:43   -20049.929688        0.874903
FIRE:  3089 19:21:44   -20049.931641        0.618542
FIRE:  3090 19:21:44   -20049.939453        0.320469
FIRE:  3091 19:21:44   -20049.937500        0.311381
FIRE:  3092 19:21:45   -20049.939453        0.327774
FIRE:  3093 19:21:45   -20049.929688        0.577785
FIRE:  3094 19:21:45   -20049.939453        0.737714
FIRE:  3095 19:21:46   -20049.949219        0.763267
FIRE:  3096 19:21:46   -20049.953125        0.626062
FIRE:  3097 19:21:46   -20049.960938        0.330023
FIRE:  3098 19:21:47   -20049.960938        0.319848
FIRE:  3099 19:21:47   -20049.980469        0.439200
FIRE:  3100 19:21:47   -20050.000000        0.574719
FIRE:  3101 19:21:48   -20050.033203        0.420660
FIRE:  3102 19:21:48   -20050.039062        0.334215
FIRE:  3103 19:21:48   -20050.078125        0.478647
FIRE:  3104 19:21:49   -20050.109375        0.425184
FIRE:  3105 19:21:49   -20050.132812        0.354141
FIRE:  3106 19:21:49   -20050.175781        0.469919
FIRE:  3107 19:21:50   -20050.220703        0.370742
FIRE:  3108 19:21:50   -20050.279297        0.486015
FIRE:  3109 19:21:50   -20050.375000        0.379431
FIRE:  3110 19:21:51   -20050.437500        0.370640
FIRE:  3111 19:21:51   -20050.546875        0.510205
FIRE:  3112 19:21:51   -20050.669922        1.136573
FIRE:  3113 19:21:52   -20050.753906        2.719337
FIRE:  3114 19:21:52   -20050.804688        0.121851
FIRE:  3115 19:21:52   -20050.800781        1.894857
FIRE:  3116 19:21:53   -20050.802734        1.568987
FIRE:  3117 19:21:53   -20050.810547        0.927486
FIRE:  3118 19:21:53   -20050.818359        0.121682
FIRE:  3119 19:21:54   -20050.816406        0.916462
FIRE:  3120 19:21:54   -20050.812500        0.861597
FIRE:  3121 19:21:54   -20050.822266        0.755889
FIRE:  3122 19:21:55   -20050.818359        0.608305
FIRE:  3123 19:21:55   -20050.828125        0.430202
FIRE:  3124 19:21:55   -20050.828125        0.236325
FIRE:  3125 19:21:56   -20050.830078        0.121544
FIRE:  3126 19:21:56   -20050.839844        0.167756
FIRE:  3127 19:21:56   -20050.822266        0.316426
FIRE:  3128 19:21:57   -20050.843750        0.421580
FIRE:  3129 19:21:57   -20050.833984        0.464528
FIRE:  3130 19:21:57   -20050.839844        0.428530
FIRE:  3131 19:21:58   -20050.865234        0.303190
FIRE:  3132 19:21:58   -20050.853516        0.121051
FIRE:  3133 19:21:58   -20050.841797        0.184982
FIRE:  3134 19:21:59   -20050.839844        0.355459
FIRE:  3135 19:21:59   -20050.859375        0.349833
FIRE:  3136 19:21:59   -20050.878906        0.136808
FIRE:  3137 19:22:00   -20050.890625        0.201827
FIRE:  3138 19:22:00   -20050.902344        0.326961
FIRE:  3139 19:22:00   -20050.947266        0.126406
FIRE:  3140 19:22:01   -20050.974609        0.271399
FIRE:  3141 19:22:01   -20051.015625        0.216014
FIRE:  3142 19:22:01   -20051.056641        0.268717
FIRE:  3143 19:22:02   -20051.113281        0.130904
FIRE:  3144 19:22:02   -20051.166016        0.386512
FIRE:  3145 19:22:02   -20051.248047        0.395656
FIRE:  3146 19:22:03   -20051.349609        0.385560
FIRE:  3147 19:22:03   -20051.462891        0.640295
FIRE:  3148 19:22:03   -20051.570312        1.804226
FIRE:  3149 19:22:04   -20051.574219        3.505607
FIRE:  3150 19:22:04   -20051.701172        0.753394
FIRE:  3151 19:22:04   -20051.585938        4.858139
FIRE:  3152 19:22:05   -20051.673828        2.919483
FIRE:  3153 19:22:05   -20051.724609        0.376356
FIRE:  3154 19:22:05   -20051.705078        1.627437
FIRE:  3155 19:22:06   -20051.718750        1.538537
FIRE:  3156 19:22:06   -20051.712891        1.361745
FIRE:  3157 19:22:06   -20051.716797        1.100624
FIRE:  3158 19:22:07   -20051.734375        0.763108
FIRE:  3159 19:22:07   -20051.744141        0.364156
FIRE:  3160 19:22:07   -20051.734375        0.223336
FIRE:  3161 19:22:08   -20051.728516        0.493726
FIRE:  3162 19:22:08   -20051.730469        0.485007
FIRE:  3163 19:22:08   -20051.730469        0.467859
FIRE:  3164 19:22:09   -20051.726562        0.442609
FIRE:  3165 19:22:09   -20051.732422        0.410018
FIRE:  3166 19:22:09   -20051.724609        0.370725
FIRE:  3167 19:22:09   -20051.736328        0.325700
FIRE:  3168 19:22:10   -20051.722656        0.276344
FIRE:  3169 19:22:10   -20051.746094        0.224705
FIRE:  3170 19:22:10   -20051.730469        0.224928
FIRE:  3171 19:22:11   -20051.755859        0.225220
FIRE:  3172 19:22:11   -20051.724609        0.225584
FIRE:  3173 19:22:11   -20051.740234        0.226039
FIRE:  3174 19:22:12   -20051.738281        0.226612
FIRE:  3175 19:22:12   -20051.724609        0.227336
FIRE:  3176 19:22:12   -20051.751953        0.236602
FIRE:  3177 19:22:13   -20051.748047        0.229286
FIRE:  3178 19:22:13   -20051.732422        0.230629
FIRE:  3179 19:22:13   -20051.751953        0.232302
FIRE:  3180 19:22:14   -20051.755859        0.234399
FIRE:  3181 19:22:14   -20051.777344        0.237002
FIRE:  3182 19:22:14   -20051.781250        0.240268
FIRE:  3183 19:22:15   -20051.804688        0.244335
FIRE:  3184 19:22:15   -20051.808594        0.249425
FIRE:  3185 19:22:15   -20051.826172        0.255767
FIRE:  3186 19:22:16   -20051.832031        0.263581
FIRE:  3187 19:22:16   -20051.865234        0.273043
FIRE:  3188 19:22:16   -20051.908203        0.284132
FIRE:  3189 19:22:17   -20051.966797        0.296225
FIRE:  3190 19:22:17   -20052.037109        0.307520
FIRE:  3191 19:22:17   -20052.095703        0.313431
FIRE:  3192 19:22:18   -20052.187500        0.304089
FIRE:  3193 19:22:18   -20052.263672        0.263388
FIRE:  3194 19:22:18   -20052.392578        0.322172
FIRE:  3195 19:22:19   -20052.474609        0.656887
FIRE:  3196 19:22:19   -20052.609375        1.736573
FIRE:  3197 19:22:19   -20052.644531        3.010250
FIRE:  3198 19:22:20   -20052.751953        0.559336
FIRE:  3199 19:22:20   -20052.689453        3.820725
FIRE:  3200 19:22:20   -20052.730469        2.415592
FIRE:  3201 19:22:21   -20052.781250        0.461069
FIRE:  3202 19:22:21   -20052.763672        1.213998
FIRE:  3203 19:22:21   -20052.779297        1.145377
FIRE:  3204 19:22:22   -20052.777344        1.010052
FIRE:  3205 19:22:22   -20052.779297        0.812773
FIRE:  3206 19:22:22   -20052.781250        0.562152
FIRE:  3207 19:22:23   -20052.794922        0.381996
FIRE:  3208 19:22:23   -20052.791016        0.372492
FIRE:  3209 19:22:23   -20052.798828        0.361422
FIRE:  3210 19:22:24   -20052.802734        0.573296
FIRE:  3211 19:22:24   -20052.792969        0.707850
FIRE:  3212 19:22:24   -20052.785156        0.706769
FIRE:  3213 19:22:25   -20052.800781        0.545210
FIRE:  3214 19:22:25   -20052.808594        0.272296
FIRE:  3215 19:22:25   -20052.816406        0.248723
FIRE:  3216 19:22:26   -20052.830078        0.469236
FIRE:  3217 19:22:26   -20052.837891        0.533526
FIRE:  3218 19:22:26   -20052.857422        0.308251
FIRE:  3219 19:22:27   -20052.878906        0.193433
FIRE:  3220 19:22:27   -20052.910156        0.497053
FIRE:  3221 19:22:27   -20052.925781        0.275467
FIRE:  3222 19:22:28   -20052.939453        0.327501
FIRE:  3223 19:22:28   -20052.988281        0.392540
FIRE:  3224 19:22:28   -20053.037109        0.279707
FIRE:  3225 19:22:29   -20053.087891        0.306196
FIRE:  3226 19:22:29   -20053.123047        0.505202
FIRE:  3227 19:22:29   -20053.220703        0.283324
FIRE:  3228 19:22:30   -20053.298828        0.180591
FIRE:  3229 19:22:30   -20053.408203        0.169233
FIRE:  3230 19:22:30   -20053.537109        0.282730
FIRE:  3231 19:22:31   -20053.621094        1.311870
FIRE:  3232 19:22:31   -20053.599609        3.138387
FIRE:  3233 19:22:31   -20053.736328        1.204480
FIRE:  3234 19:22:32   -20053.744141        0.859117
FIRE:  3235 19:22:32   -20053.769531        0.229919
FIRE:  3236 19:22:32   -20053.742188        0.542878
FIRE:  3237 19:22:33   -20053.748047        0.496645
FIRE:  3238 19:22:33   -20053.753906        0.408998
FIRE:  3239 19:22:33   -20053.753906        0.289616
FIRE:  3240 19:22:34   -20053.750000        0.152593
FIRE:  3241 19:22:34   -20053.757812        0.131385
FIRE:  3242 19:22:34   -20053.757812        0.157137
FIRE:  3243 19:22:35   -20053.753906        0.245318
FIRE:  3244 19:22:35   -20053.759766        0.297039
FIRE:  3245 19:22:35   -20053.761719        0.297077
FIRE:  3246 19:22:36   -20053.757812        0.235205
FIRE:  3247 19:22:36   -20053.773438        0.132967
FIRE:  3248 19:22:36   -20053.781250        0.133508
FIRE:  3249 19:22:37   -20053.785156        0.221860
FIRE:  3250 19:22:37   -20053.800781        0.239635
FIRE:  3251 19:22:37   -20053.818359        0.136108
FIRE:  3252 19:22:38   -20053.832031        0.137452
FIRE:  3253 19:22:38   -20053.830078        0.221321
FIRE:  3254 19:22:38   -20053.880859        0.141309
FIRE:  3255 19:22:39   -20053.892578        0.188719
FIRE:  3256 19:22:39   -20053.910156        0.147502
FIRE:  3257 19:22:39   -20053.945312        0.201127
FIRE:  3258 19:22:40   -20053.974609        0.157350
FIRE:  3259 19:22:40   -20054.017578        0.230922
FIRE:  3260 19:22:40   -20054.091797        0.332898
FIRE:  3261 19:22:41   -20054.146484        0.483525
FIRE:  3262 19:22:41   -20054.267578        0.915112
FIRE:  3263 19:22:41   -20054.353516        2.361599
FIRE:  3264 19:22:42   -20054.400391        0.195441
FIRE:  3265 19:22:42   -20054.400391        0.195466
FIRE:  3266 19:22:42   -20054.392578        0.195515
FIRE:  3267 19:22:43   -20054.396484        0.195583
FIRE:  3268 19:22:43   -20054.388672        0.195681
FIRE:  3269 19:22:43   -20054.398438        0.195790
FIRE:  3270 19:22:44   -20054.402344        0.195913
FIRE:  3271 19:22:44   -20054.423828        0.196046
FIRE:  3272 19:22:44   -20054.433594        0.196189
FIRE:  3273 19:22:45   -20054.410156        0.196342
FIRE:  3274 19:22:45   -20054.427734        0.196493
FIRE:  3275 19:22:45   -20054.433594        0.196583
FIRE:  3276 19:22:46   -20054.451172        0.196564
FIRE:  3277 19:22:46   -20054.466797        0.196325
FIRE:  3278 19:22:46   -20054.488281        0.195677
FIRE:  3279 19:22:47   -20054.505859        0.194305
FIRE:  3280 19:22:47   -20054.556641        0.191691
FIRE:  3281 19:22:47   -20054.560547        0.186962
FIRE:  3282 19:22:48   -20054.656250        0.178709
FIRE:  3283 19:22:48   -20054.689453        0.181570
FIRE:  3284 19:22:48   -20054.779297        0.399465
FIRE:  3285 19:22:49   -20054.882812        1.179847
FIRE:  3286 19:22:49   -20054.910156        2.754513
FIRE:  3287 19:22:49   -20055.000000        0.590946
FIRE:  3288 19:22:50   -20054.939453        3.344594
FIRE:  3289 19:22:50   -20054.992188        2.199211
FIRE:  3290 19:22:50   -20055.025391        0.549878
FIRE:  3291 19:22:51   -20055.019531        0.951927
FIRE:  3292 19:22:51   -20055.027344        0.899436
FIRE:  3293 19:22:51   -20055.017578        0.796089
FIRE:  3294 19:22:52   -20055.029297        0.646107
FIRE:  3295 19:22:52   -20055.029297        0.456451
FIRE:  3296 19:22:52   -20055.025391        0.239660
FIRE:  3297 19:22:53   -20055.027344        0.104093
FIRE:  3298 19:22:53   -20055.029297        0.241026
FIRE:  3299 19:22:53   -20055.037109        0.421807
FIRE:  3300 19:22:54   -20055.023438        0.538228
FIRE:  3301 19:22:54   -20055.041016        0.560579
FIRE:  3302 19:22:54   -20055.041016        0.467690
FIRE:  3303 19:22:55   -20055.054688        0.259407
FIRE:  3304 19:22:55   -20055.058594        0.105817
FIRE:  3305 19:22:55   -20055.060547        0.315306
FIRE:  3306 19:22:56   -20055.060547        0.427507
FIRE:  3307 19:22:56   -20055.076172        0.331172
FIRE:  3308 19:22:56   -20055.080078        0.108520
FIRE:  3309 19:22:57   -20055.091797        0.336664
FIRE:  3310 19:22:57   -20055.101562        0.334545
FIRE:  3311 19:22:57   -20055.107422        0.112462
FIRE:  3312 19:22:58   -20055.138672        0.356412
FIRE:  3313 19:22:58   -20055.160156        0.116792
FIRE:  3314 19:22:58   -20055.199219        0.378038
FIRE:  3315 19:22:59   -20055.269531        0.191497
FIRE:  3316 19:22:59   -20055.300781        0.182006
FIRE:  3317 19:22:59   -20055.359375        0.492455
FIRE:  3318 19:23:00   -20055.457031        0.894506
FIRE:  3319 19:23:00   -20055.529297        1.803833
FIRE:  3320 19:23:00   -20055.525391        3.356481
FIRE:  3321 19:23:01   -20055.662109        0.934243
FIRE:  3322 19:23:01   -20055.560547        4.338739
FIRE:  3323 19:23:01   -20055.619141        2.709406
FIRE:  3324 19:23:02   -20055.683594        0.513778
FIRE:  3325 19:23:02   -20055.675781        1.298301
FIRE:  3326 19:23:02   -20055.658203        1.229093
FIRE:  3327 19:23:03   -20055.666016        1.092454
FIRE:  3328 19:23:03   -20055.675781        0.892082
FIRE:  3329 19:23:03   -20055.673828        0.634802
FIRE:  3330 19:23:04   -20055.685547        0.335653
FIRE:  3331 19:23:04   -20055.687500        0.184940
FIRE:  3332 19:23:04   -20055.683594        0.326814
FIRE:  3333 19:23:05   -20055.671875        0.588585
FIRE:  3334 19:23:05   -20055.683594        0.576463
FIRE:  3335 19:23:05   -20055.683594        0.552296
FIRE:  3336 19:23:06   -20055.675781        0.516861
FIRE:  3337 19:23:06   -20055.683594        0.471353
FIRE:  3338 19:23:06   -20055.689453        0.416665
FIRE:  3339 19:23:07   -20055.679688        0.354629
FIRE:  3340 19:23:07   -20055.681641        0.287120
FIRE:  3341 19:23:07   -20055.691406        0.208686
FIRE:  3342 19:23:07   -20055.683594        0.186692
FIRE:  3343 19:23:08   -20055.687500        0.186924
FIRE:  3344 19:23:08   -20055.687500        0.187226
FIRE:  3345 19:23:08   -20055.689453        0.188399
FIRE:  3346 19:23:09   -20055.703125        0.248827
FIRE:  3347 19:23:09   -20055.705078        0.283433
FIRE:  3348 19:23:09   -20055.708984        0.281253
FIRE:  3349 19:23:10   -20055.710938        0.235605
FIRE:  3350 19:23:10   -20055.712891        0.191220
FIRE:  3351 19:23:10   -20055.722656        0.192507
FIRE:  3352 19:23:11   -20055.732422        0.194098
FIRE:  3353 19:23:11   -20055.728516        0.220432
FIRE:  3354 19:23:11   -20055.736328        0.198490
FIRE:  3355 19:23:12   -20055.744141        0.201494
FIRE:  3356 19:23:12   -20055.751953        0.205255
FIRE:  3357 19:23:12   -20055.767578        0.209972
FIRE:  3358 19:23:13   -20055.800781        0.215902
FIRE:  3359 19:23:13   -20055.833984        0.223462
FIRE:  3360 19:23:13   -20055.869141        0.233152
FIRE:  3361 19:23:14   -20055.914062        0.245746
FIRE:  3362 19:23:14   -20055.941406        0.262389
FIRE:  3363 19:23:14   -20055.998047        0.284779
FIRE:  3364 19:23:15   -20056.072266        0.315026
FIRE:  3365 19:23:15   -20056.166016        0.354921
FIRE:  3366 19:23:15   -20056.304688        0.401365
FIRE:  3367 19:23:16   -20056.474609        0.446964
FIRE:  3368 19:23:16   -20056.605469        1.169493
FIRE:  3369 19:23:16   -20056.707031        2.799374
FIRE:  3370 19:23:17   -20056.783203        1.155023
FIRE:  3371 19:23:17   -20056.796875        0.825111
FIRE:  3372 19:23:17   -20056.791016        0.414654
FIRE:  3373 19:23:18   -20056.810547        0.461835
FIRE:  3374 19:23:18   -20056.818359        0.896044
FIRE:  3375 19:23:18   -20056.830078        0.884862
FIRE:  3376 19:23:19   -20056.839844        0.469935
FIRE:  3377 19:23:19   -20056.869141        0.414593
FIRE:  3378 19:23:19   -20056.910156        0.590189
FIRE:  3379 19:23:20   -20056.916016        0.654023
FIRE:  3380 19:23:20   -20056.937500        0.452722
FIRE:  3381 19:23:20   -20056.970703        0.519295
FIRE:  3382 19:23:21   -20056.996094        0.544425
FIRE:  3383 19:23:21   -20057.091797        0.520582
FIRE:  3384 19:23:21   -20057.152344        0.542913
FIRE:  3385 19:23:22   -20057.212891        0.547242
FIRE:  3386 19:23:22   -20057.339844        0.498119
FIRE:  3387 19:23:22   -20057.419922        0.638770
FIRE:  3388 19:23:23   -20057.476562        1.215905
FIRE:  3389 19:23:23   -20057.505859        1.988731
FIRE:  3390 19:23:23   -20057.554688        0.663710
FIRE:  3391 19:23:24   -20057.544922        1.517055
FIRE:  3392 19:23:24   -20057.558594        1.162001
FIRE:  3393 19:23:24   -20057.556641        0.567874
FIRE:  3394 19:23:25   -20057.564453        0.426253
FIRE:  3395 19:23:25   -20057.578125        0.611778
FIRE:  3396 19:23:25   -20057.572266        0.894756
FIRE:  3397 19:23:26   -20057.574219        0.928098
FIRE:  3398 19:23:26   -20057.587891        0.730822
FIRE:  3399 19:23:26   -20057.595703        0.286924
FIRE:  3400 19:23:27   -20057.605469        0.330110
FIRE:  3401 19:23:27   -20057.615234        0.762376
FIRE:  3402 19:23:27   -20057.609375        0.683938
FIRE:  3403 19:23:28   -20057.626953        0.142880
FIRE:  3404 19:23:28   -20057.640625        0.577112
FIRE:  3405 19:23:28   -20057.662109        0.580407
FIRE:  3406 19:23:29   -20057.693359        0.180370
FIRE:  3407 19:23:29   -20057.734375        0.640525
FIRE:  3408 19:23:29   -20057.757812        0.195035
FIRE:  3409 19:23:30   -20057.789062        0.492484
FIRE:  3410 19:23:30   -20057.855469        0.599345
FIRE:  3411 19:23:30   -20057.900391        0.356425
FIRE:  3412 19:23:31   -20058.005859        0.272605
FIRE:  3413 19:23:31   -20058.087891        0.593307
FIRE:  3414 19:23:31   -20058.162109        2.263522
FIRE:  3415 19:23:32   -20058.195312        0.394363
FIRE:  3416 19:23:32   -20058.191406        0.294642
FIRE:  3417 19:23:32   -20058.185547        0.122376
FIRE:  3418 19:23:33   -20058.185547        0.122676
FIRE:  3419 19:23:33   -20058.207031        0.237786
FIRE:  3420 19:23:33   -20058.203125        0.288524
FIRE:  3421 19:23:34   -20058.205078        0.222016
FIRE:  3422 19:23:34   -20058.205078        0.125197
FIRE:  3423 19:23:34   -20058.226562        0.126289
FIRE:  3424 19:23:35   -20058.216797        0.222052
FIRE:  3425 19:23:35   -20058.220703        0.165032
FIRE:  3426 19:23:35   -20058.228516        0.131790
FIRE:  3427 19:23:36   -20058.242188        0.205173
FIRE:  3428 19:23:36   -20058.265625        0.138193
FIRE:  3429 19:23:36   -20058.283203        0.181837
FIRE:  3430 19:23:37   -20058.306641        0.148139
FIRE:  3431 19:23:37   -20058.333984        0.222956
FIRE:  3432 19:23:37   -20058.369141        0.164297
FIRE:  3433 19:23:38   -20058.427734        0.175798
FIRE:  3434 19:23:38   -20058.519531        0.190324
FIRE:  3435 19:23:38   -20058.570312        0.326833
FIRE:  3436 19:23:39   -20058.667969        1.305247
FIRE:  3437 19:23:39   -20058.623047        3.488054
FIRE:  3438 19:23:39   -20058.757812        0.581633
FIRE:  3439 19:23:40   -20058.636719        5.143658
FIRE:  3440 19:23:40   -20058.728516        2.959399
FIRE:  3441 19:23:40   -20058.773438        0.254411
FIRE:  3442 19:23:41   -20058.751953        1.818927
FIRE:  3443 19:23:41   -20058.757812        1.717271
FIRE:  3444 19:23:41   -20058.765625        1.514589
FIRE:  3445 19:23:42   -20058.769531        1.213361
FIRE:  3446 19:23:42   -20058.779297        0.820218
FIRE:  3447 19:23:42   -20058.794922        0.350825
FIRE:  3448 19:23:43   -20058.791016        0.255763
FIRE:  3449 19:23:43   -20058.802734        0.611029
FIRE:  3450 19:23:43   -20058.814453        0.599165
FIRE:  3451 19:23:44   -20058.812500        0.575655
FIRE:  3452 19:23:44   -20058.802734        0.541165
FIRE:  3453 19:23:44   -20058.800781        0.496594
FIRE:  3454 19:23:45   -20058.804688        0.443090
FIRE:  3455 19:23:45   -20058.806641        0.382214
FIRE:  3456 19:23:45   -20058.804688        0.315343
FIRE:  3457 19:23:46   -20058.800781        0.256446
FIRE:  3458 19:23:46   -20058.794922        0.256551
FIRE:  3459 19:23:46   -20058.806641        0.256696
FIRE:  3460 19:23:47   -20058.818359        0.256879
FIRE:  3461 19:23:47   -20058.808594        0.257098
FIRE:  3462 19:23:47   -20058.796875        0.257362
FIRE:  3463 19:23:48   -20058.792969        0.269834
FIRE:  3464 19:23:48   -20058.794922        0.282910
FIRE:  3465 19:23:48   -20058.802734        0.258499
FIRE:  3466 19:23:49   -20058.810547        0.259017
FIRE:  3467 19:23:49   -20058.822266        0.259609
FIRE:  3468 19:23:49   -20058.822266        0.260293
FIRE:  3469 19:23:50   -20058.835938        0.261056
FIRE:  3470 19:23:50   -20058.841797        0.261870
FIRE:  3471 19:23:50   -20058.845703        0.262697
FIRE:  3472 19:23:51   -20058.875000        0.263432
FIRE:  3473 19:23:51   -20058.880859        0.263930
FIRE:  3474 19:23:51   -20058.882812        0.263873
FIRE:  3475 19:23:52   -20058.923828        0.262787
FIRE:  3476 19:23:52   -20058.935547        0.259842
FIRE:  3477 19:23:52   -20058.972656        0.253611
FIRE:  3478 19:23:53   -20058.998047        0.241722
FIRE:  3479 19:23:53   -20059.039062        0.220265
FIRE:  3480 19:23:53   -20059.109375        0.182876
FIRE:  3481 19:23:54   -20059.199219        0.229349
FIRE:  3482 19:23:54   -20059.236328        0.448989
FIRE:  3483 19:23:54   -20059.312500        0.925117
FIRE:  3484 19:23:55   -20059.402344        2.326379
FIRE:  3485 19:23:55   -20059.455078        0.472789
FIRE:  3486 19:23:55   -20059.439453        1.714713
FIRE:  3487 19:23:56   -20059.447266        1.392170
FIRE:  3488 19:23:56   -20059.472656        0.764345
FIRE:  3489 19:23:56   -20059.462891        0.534505
FIRE:  3490 19:23:57   -20059.458984        0.906614
FIRE:  3491 19:23:57   -20059.460938        0.847540
FIRE:  3492 19:23:57   -20059.453125        0.734610
FIRE:  3493 19:23:57   -20059.462891        0.577361
FIRE:  3494 19:23:58   -20059.478516        0.564498
FIRE:  3495 19:23:58   -20059.470703        0.570166
FIRE:  3496 19:23:58   -20059.484375        0.577077
FIRE:  3497 19:23:59   -20059.468750        0.585135
FIRE:  3498 19:23:59   -20059.482422        0.595241
FIRE:  3499 19:23:59   -20059.490234        0.607666
FIRE:  3500 19:24:00   -20059.498047        0.622538
FIRE:  3501 19:24:00   -20059.509766        0.640109
FIRE:  3502 19:24:00   -20059.517578        0.660422
FIRE:  3503 19:24:01   -20059.527344        0.683362
FIRE:  3504 19:24:01   -20059.544922        0.708090
FIRE:  3505 19:24:01   -20059.583984        0.732663
FIRE:  3506 19:24:02   -20059.605469        0.754092
FIRE:  3507 19:24:02   -20059.652344        0.768849
FIRE:  3508 19:24:02   -20059.695312        0.773075
FIRE:  3509 19:24:03   -20059.750000        0.762047
FIRE:  3510 19:24:03   -20059.847656        0.726972
FIRE:  3511 19:24:03   -20059.939453        0.649262
FIRE:  3512 19:24:04   -20060.039062        0.567122
FIRE:  3513 19:24:04   -20060.150391        0.458029
FIRE:  3514 19:24:04   -20060.261719        0.333710
FIRE:  3515 19:24:05   -20060.351562        0.355580
FIRE:  3516 19:24:05   -20060.443359        0.517125
FIRE:  3517 19:24:05   -20060.513672        0.806436
FIRE:  3518 19:24:06   -20060.625000        1.503988
FIRE:  3519 19:24:06   -20060.654297        3.041557
FIRE:  3520 19:24:06   -20060.730469        0.425489
FIRE:  3521 19:24:07   -20060.738281        0.422767
FIRE:  3522 19:24:07   -20060.748047        0.417326
FIRE:  3523 19:24:07   -20060.750000        0.409120
FIRE:  3524 19:24:08   -20060.757812        0.398197
FIRE:  3525 19:24:08   -20060.765625        0.384618
FIRE:  3526 19:24:08   -20060.761719        0.368547
FIRE:  3527 19:24:09   -20060.785156        0.350101
FIRE:  3528 19:24:09   -20060.787109        0.327156
FIRE:  3529 19:24:09   -20060.796875        0.299111
FIRE:  3530 19:24:10   -20060.814453        0.265846
FIRE:  3531 19:24:10   -20060.830078        0.241410
FIRE:  3532 19:24:10   -20060.880859        0.223449
FIRE:  3533 19:24:11   -20060.910156        0.202647
FIRE:  3534 19:24:11   -20060.941406        0.179370
FIRE:  3535 19:24:11   -20060.957031        0.178291
FIRE:  3536 19:24:12   -20061.007812        0.197516
FIRE:  3537 19:24:12   -20061.056641        0.171246
FIRE:  3538 19:24:12   -20061.134766        0.169238
FIRE:  3539 19:24:13   -20061.207031        0.174279
FIRE:  3540 19:24:13   -20061.314453        0.422624
FIRE:  3541 19:24:13   -20061.412109        1.438501
FIRE:  3542 19:24:14   -20061.466797        3.250554
FIRE:  3543 19:24:14   -20061.576172        0.737345
FIRE:  3544 19:24:14   -20061.501953        4.183010
FIRE:  3545 19:24:15   -20061.554688        2.630786
FIRE:  3546 19:24:15   -20061.591797        0.492782
FIRE:  3547 19:24:15   -20061.599609        1.287429
FIRE:  3548 19:24:16   -20061.576172        1.215811
FIRE:  3549 19:24:16   -20061.593750        1.074370
FIRE:  3550 19:24:16   -20061.591797        0.867059
FIRE:  3551 19:24:17   -20061.601562        0.601810
FIRE:  3552 19:24:17   -20061.609375        0.292439
FIRE:  3553 19:24:17   -20061.617188        0.179003
FIRE:  3554 19:24:18   -20061.623047        0.337065
FIRE:  3555 19:24:18   -20061.595703        0.590683
FIRE:  3556 19:24:18   -20061.621094        0.747967
FIRE:  3557 19:24:19   -20061.623047        0.765804
FIRE:  3558 19:24:19   -20061.621094        0.616425
FIRE:  3559 19:24:19   -20061.632812        0.306357
FIRE:  3560 19:24:20   -20061.621094        0.180611
FIRE:  3561 19:24:20   -20061.628906        0.438904
FIRE:  3562 19:24:20   -20061.640625        0.569342
FIRE:  3563 19:24:21   -20061.671875        0.405757
FIRE:  3564 19:24:21   -20061.687500        0.183062
FIRE:  3565 19:24:21   -20061.691406        0.474384
FIRE:  3566 19:24:22   -20061.718750        0.412699
FIRE:  3567 19:24:22   -20061.748047        0.189027
FIRE:  3568 19:24:22   -20061.751953        0.455545
FIRE:  3569 19:24:23   -20061.763672        0.197146
FIRE:  3570 19:24:23   -20061.837891        0.471304
FIRE:  3571 19:24:23   -20061.894531        0.316876
FIRE:  3572 19:24:24   -20061.953125        0.219518
FIRE:  3573 19:24:24   -20062.039062        0.510012
FIRE:  3574 19:24:24   -20062.099609        1.096074
FIRE:  3575 19:24:25   -20062.224609        2.541675
FIRE:  3576 19:24:25   -20062.224609        4.135332
FIRE:  3577 19:24:25   -20062.429688        1.294323
FIRE:  3578 19:24:26   -20062.265625        5.924062
FIRE:  3579 19:24:26   -20062.384766        3.426462
FIRE:  3580 19:24:26   -20062.464844        0.440643
FIRE:  3581 19:24:27   -20062.445312        1.920528
FIRE:  3582 19:24:27   -20062.443359        1.820618
FIRE:  3583 19:24:27   -20062.464844        1.621105
FIRE:  3584 19:24:28   -20062.466797        1.323498
FIRE:  3585 19:24:28   -20062.462891        0.933246
FIRE:  3586 19:24:28   -20062.474609        0.463900
FIRE:  3587 19:24:29   -20062.484375        0.451521
FIRE:  3588 19:24:29   -20062.486328        0.535267
FIRE:  3589 19:24:29   -20062.480469        0.525424
FIRE:  3590 19:24:30   -20062.482422        0.506102
FIRE:  3591 19:24:30   -20062.482422        0.477651
FIRE:  3592 19:24:30   -20062.474609        0.454505
FIRE:  3593 19:24:31   -20062.488281        0.454858
FIRE:  3594 19:24:31   -20062.490234        0.455278
FIRE:  3595 19:24:31   -20062.486328        0.455777
FIRE:  3596 19:24:32   -20062.490234        0.456418
FIRE:  3597 19:24:32   -20062.490234        0.457232
FIRE:  3598 19:24:32   -20062.490234        0.458247
FIRE:  3599 19:24:33   -20062.500000        0.459527
FIRE:  3600 19:24:33   -20062.503906        0.461109
FIRE:  3601 19:24:33   -20062.500000        0.463066
FIRE:  3602 19:24:34   -20062.509766        0.465443
FIRE:  3603 19:24:34   -20062.515625        0.468322
FIRE:  3604 19:24:34   -20062.519531        0.471797
FIRE:  3605 19:24:35   -20062.521484        0.475950
FIRE:  3606 19:24:35   -20062.529297        0.480901
FIRE:  3607 19:24:35   -20062.521484        0.486750
FIRE:  3608 19:24:36   -20062.517578        0.493557
FIRE:  3609 19:24:36   -20062.529297        0.501213
FIRE:  3610 19:24:36   -20062.546875        0.509421
FIRE:  3611 19:24:37   -20062.562500        0.517437
FIRE:  3612 19:24:37   -20062.587891        0.523642
FIRE:  3613 19:24:37   -20062.609375        0.524853
FIRE:  3614 19:24:38   -20062.650391        0.515197
FIRE:  3615 19:24:38   -20062.712891        0.484153
FIRE:  3616 19:24:38   -20062.773438        0.413650
FIRE:  3617 19:24:39   -20062.853516        0.273018
FIRE:  3618 19:24:39   -20062.951172        0.188455
FIRE:  3619 19:24:39   -20063.025391        0.412109
FIRE:  3620 19:24:40   -20063.062500        0.908318
FIRE:  3621 19:24:40   -20063.097656        1.146331
FIRE:  3622 19:24:40   -20063.189453        0.827760
FIRE:  3623 19:24:41   -20063.335938        0.336333
FIRE:  3624 19:24:41   -20063.435547        0.681389
FIRE:  3625 19:24:41   -20063.535156        1.818405
FIRE:  3626 19:24:42   -20063.552734        3.732248
FIRE:  3627 19:24:42   -20063.750000        0.807257
FIRE:  3628 19:24:42   -20063.746094        0.464285
FIRE:  3629 19:24:43   -20063.736328        0.397667
FIRE:  3630 19:24:43   -20063.759766        0.450424
FIRE:  3631 19:24:43   -20063.763672        0.589315
FIRE:  3632 19:24:44   -20063.773438        0.424546
FIRE:  3633 19:24:44   -20063.787109        0.252229
FIRE:  3634 19:24:44   -20063.794922        0.361688
FIRE:  3635 19:24:45   -20063.802734        0.468654
FIRE:  3636 19:24:45   -20063.839844        0.269945
FIRE:  3637 19:24:45   -20063.867188        0.339183
FIRE:  3638 19:24:46   -20063.898438        0.352685
FIRE:  3639 19:24:46   -20063.914062        0.328533
FIRE:  3640 19:24:46   -20064.000000        0.359462
FIRE:  3641 19:24:47   -20064.052734        0.335733
FIRE:  3642 19:24:47   -20064.095703        0.275147
FIRE:  3643 19:24:47   -20064.185547        0.458302
FIRE:  3644 19:24:48   -20064.306641        0.883960
FIRE:  3645 19:24:48   -20064.386719        1.763484
FIRE:  3646 19:24:48   -20064.431641        3.213091
FIRE:  3647 19:24:48   -20064.531250        0.972063
FIRE:  3648 19:24:49   -20064.462891        3.598709
FIRE:  3649 19:24:49   -20064.519531        2.414341
FIRE:  3650 19:24:49   -20064.546875        0.686730
FIRE:  3651 19:24:50   -20064.548828        0.880499
FIRE:  3652 19:24:50   -20064.550781        0.832886
FIRE:  3653 19:24:50   -20064.552734        0.739323
FIRE:  3654 19:24:51   -20064.550781        0.603741
FIRE:  3655 19:24:51   -20064.554688        0.432205
FIRE:  3656 19:24:51   -20064.552734        0.291630
FIRE:  3657 19:24:52   -20064.560547        0.294341
FIRE:  3658 19:24:52   -20064.552734        0.297585
FIRE:  3659 19:24:52   -20064.554688        0.338526
FIRE:  3660 19:24:53   -20064.570312        0.460289
FIRE:  3661 19:24:53   -20064.580078        0.498818
FIRE:  3662 19:24:53   -20064.583984        0.430623
FIRE:  3663 19:24:54   -20064.589844        0.330051
FIRE:  3664 19:24:54   -20064.595703        0.341340
FIRE:  3665 19:24:54   -20064.611328        0.354998
FIRE:  3666 19:24:55   -20064.634766        0.373212
FIRE:  3667 19:24:55   -20064.638672        0.389108
FIRE:  3668 19:24:55   -20064.660156        0.408305
FIRE:  3669 19:24:56   -20064.693359        0.426786
FIRE:  3670 19:24:56   -20064.708984        0.440936
FIRE:  3671 19:24:56   -20064.746094        0.447351
FIRE:  3672 19:24:57   -20064.814453        0.446927
FIRE:  3673 19:24:57   -20064.833984        0.450069
FIRE:  3674 19:24:57   -20064.894531        0.474443
FIRE:  3675 19:24:58   -20064.982422        0.530549
FIRE:  3676 19:24:58   -20065.082031        0.606244
FIRE:  3677 19:24:58   -20065.242188        0.685367
FIRE:  3678 19:24:59   -20065.468750        0.799826
FIRE:  3679 19:24:59   -20065.730469        1.201835
FIRE:  3680 19:24:59   -20065.984375        1.581365
FIRE:  3681 19:25:00   -20066.230469        1.472950
FIRE:  3682 19:25:00   -20066.332031        1.265954
FIRE:  3683 19:25:00   -20066.359375        0.561785
FIRE:  3684 19:25:01   -20066.367188        1.414551
FIRE:  3685 19:25:01   -20066.402344        0.342305
FIRE:  3686 19:25:01   -20066.439453        1.074913
FIRE:  3687 19:25:02   -20066.474609        0.497511
FIRE:  3688 19:25:02   -20066.498047        1.122462
FIRE:  3689 19:25:02   -20066.531250        0.314839
FIRE:  3690 19:25:03   -20066.570312        0.946863
FIRE:  3691 19:25:03   -20066.644531        0.682350
FIRE:  3692 19:25:03   -20066.708984        0.291074
FIRE:  3693 19:25:04   -20066.804688        0.601018
FIRE:  3694 19:25:04   -20066.839844        1.604719
FIRE:  3695 19:25:04   -20066.886719        0.321454
FIRE:  3696 19:25:05   -20066.873047        1.647948
FIRE:  3697 19:25:05   -20066.880859        1.172134
FIRE:  3698 19:25:05   -20066.888672        0.494839
FIRE:  3699 19:25:06   -20066.896484        0.375093
FIRE:  3700 19:25:06   -20066.894531        0.352878
FIRE:  3701 19:25:06   -20066.892578        0.309513
FIRE:  3702 19:25:07   -20066.890625        0.247726
FIRE:  3703 19:25:07   -20066.886719        0.210246
FIRE:  3704 19:25:07   -20066.904297        0.210144
FIRE:  3705 19:25:08   -20066.898438        0.210022
FIRE:  3706 19:25:08   -20066.912109        0.209872
FIRE:  3707 19:25:08   -20066.894531        0.209693
FIRE:  3708 19:25:09   -20066.896484        0.209458
FIRE:  3709 19:25:09   -20066.910156        0.209153
FIRE:  3710 19:25:09   -20066.919922        0.208760
FIRE:  3711 19:25:10   -20066.912109        0.208258
FIRE:  3712 19:25:10   -20066.933594        0.207626
FIRE:  3713 19:25:10   -20066.943359        0.206793
FIRE:  3714 19:25:11   -20066.945312        0.205726
FIRE:  3715 19:25:11   -20066.960938        0.204391
FIRE:  3716 19:25:11   -20066.962891        0.202675
FIRE:  3717 19:25:12   -20066.966797        0.200540
FIRE:  3718 19:25:12   -20066.994141        0.197855
FIRE:  3719 19:25:12   -20067.015625        0.194482
FIRE:  3720 19:25:13   -20067.025391        0.190203
FIRE:  3721 19:25:13   -20067.062500        0.184729
FIRE:  3722 19:25:13   -20067.101562        0.177526
FIRE:  3723 19:25:14   -20067.146484        0.167958
FIRE:  3724 19:25:14   -20067.177734        0.155282
FIRE:  3725 19:25:14   -20067.222656        0.138934
FIRE:  3726 19:25:15   -20067.308594        0.124905
FIRE:  3727 19:25:15   -20067.412109        0.341339
FIRE:  3728 19:25:15   -20067.466797        1.384767
FIRE:  3729 19:25:16   -20067.421875        3.167552
FIRE:  3730 19:25:16   -20067.626953        0.288269
FIRE:  3731 19:25:16   -20067.396484        4.763635
FIRE:  3732 19:25:17   -20067.550781        2.718199
FIRE:  3733 19:25:17   -20067.650391        0.114222
FIRE:  3734 19:25:17   -20067.582031        1.777456
FIRE:  3735 19:25:18   -20067.591797        1.674120
FIRE:  3736 19:25:18   -20067.599609        1.468333
FIRE:  3737 19:25:18   -20067.619141        1.162691
FIRE:  3738 19:25:19   -20067.628906        0.764035
FIRE:  3739 19:25:19   -20067.642578        0.288102
FIRE:  3740 19:25:19   -20067.648438        0.302374
FIRE:  3741 19:25:20   -20067.644531        0.296492
FIRE:  3742 19:25:20   -20067.644531        0.284463
FIRE:  3743 19:25:20   -20067.638672        0.266896
FIRE:  3744 19:25:21   -20067.642578        0.243922
FIRE:  3745 19:25:21   -20067.640625        0.216562
FIRE:  3746 19:25:21   -20067.642578        0.185140
FIRE:  3747 19:25:22   -20067.642578        0.151095
FIRE:  3748 19:25:22   -20067.644531        0.111017
FIRE:  3749 19:25:22   -20067.658203        0.087217
FIRE:  3750 19:25:23   -20067.652344        0.087109
FIRE:  3751 19:25:23   -20067.650391        0.086977
FIRE:  3752 19:25:23   -20067.652344        0.086802
FIRE:  3753 19:25:24   -20067.638672        0.117559
FIRE:  3754 19:25:24   -20067.640625        0.138731
FIRE:  3755 19:25:24   -20067.646484        0.138958
FIRE:  3756 19:25:25   -20067.648438        0.114194
FIRE:  3757 19:25:25   -20067.640625        0.085166
FIRE:  3758 19:25:25   -20067.658203        0.084590
FIRE:  3759 19:25:26   -20067.666016        0.083873
FIRE:  3760 19:25:26   -20067.669922        0.111774
FIRE:  3761 19:25:26   -20067.687500        0.093570
FIRE:  3762 19:25:27   -20067.691406        0.080635
FIRE:  3763 19:25:27   -20067.703125        0.079045
FIRE:  3764 19:25:27   -20067.710938        0.096598
FIRE:  3765 19:25:28   -20067.732422        0.074739
FIRE:  3766 19:25:28   -20067.748047        0.083057
FIRE:  3767 19:25:28   -20067.783203        0.072537
FIRE:  3768 19:25:29   -20067.791016        0.076710
FIRE:  3769 19:25:29   -20067.820312        0.071143
FIRE:  3770 19:25:29   -20067.865234        0.107325
FIRE:  3771 19:25:30   -20067.884766        0.098974
FIRE:  3772 19:25:30   -20067.929688        0.088690
FIRE:  3773 19:25:30   -20068.007812        0.149090
FIRE:  3774 19:25:31   -20068.062500        0.463020
FIRE:  3775 19:25:31   -20068.097656        1.465309
FIRE:  3776 19:25:31   -20067.955078        5.940508
FIRE:  3777 19:25:32   -20068.152344        2.328312
FIRE:  3778 19:25:32   -20068.179688        1.790189
FIRE:  3779 19:25:32   -20068.199219        0.715181
FIRE:  3780 19:25:33   -20068.199219        0.761051
FIRE:  3781 19:25:33   -20068.197266        0.697899
FIRE:  3782 19:25:33   -20068.197266        0.577679
FIRE:  3783 19:25:34   -20068.208984        0.413374
FIRE:  3784 19:25:34   -20068.208984        0.221717
FIRE:  3785 19:25:34   -20068.208984        0.067098
FIRE:  3786 19:25:35   -20068.218750        0.156665
FIRE:  3787 19:25:35   -20068.210938        0.291921
FIRE:  3788 19:25:35   -20068.216797        0.380639
FIRE:  3789 19:25:36   -20068.216797        0.405643
FIRE:  3790 19:25:36   -20068.224609        0.352198
FIRE:  3791 19:25:36   -20068.226562        0.213257
FIRE:  3792 19:25:37   -20068.228516        0.067379
FIRE:  3793 19:25:37   -20068.226562        0.214615
FIRE:  3794 19:25:37   -20068.230469        0.325587
FIRE:  3795 19:25:38   -20068.236328        0.251913
FIRE:  3796 19:25:38   -20068.240234        0.068753
FIRE:  3797 19:25:38   -20068.244141        0.241621
FIRE:  3798 19:25:39   -20068.275391        0.243125
FIRE:  3799 19:25:39   -20068.291016        0.071278
FIRE:  3800 19:25:39   -20068.322266        0.271103
FIRE:  3801 19:25:40   -20068.341797        0.073806
FIRE:  3802 19:25:40   -20068.349609        0.265600
FIRE:  3803 19:25:40   -20068.380859        0.146633
FIRE:  3804 19:25:41   -20068.412109        0.080503
FIRE:  3805 19:25:41   -20068.449219        0.305309
FIRE:  3806 19:25:41   -20068.505859        0.689369
FIRE:  3807 19:25:42   -20068.564453        1.422107
FIRE:  3808 19:25:42   -20068.517578        3.880426
FIRE:  3809 19:25:42   -20068.601562        0.820113
FIRE:  3810 19:25:43   -20068.605469        0.622906
FIRE:  3811 19:25:43   -20068.611328        0.264486
FIRE:  3812 19:25:43   -20068.613281        0.170537
FIRE:  3813 19:25:44   -20068.625000        0.506508
FIRE:  3814 19:25:44   -20068.623047        0.471367
FIRE:  3815 19:25:44   -20068.626953        0.404148
FIRE:  3816 19:25:45   -20068.621094        0.310404
FIRE:  3817 19:25:45   -20068.621094        0.198280
FIRE:  3818 19:25:45   -20068.623047        0.082563
FIRE:  3819 19:25:46   -20068.623047        0.082647
FIRE:  3820 19:25:46   -20068.611328        0.137761
FIRE:  3821 19:25:46   -20068.619141        0.215426
FIRE:  3822 19:25:47   -20068.625000        0.258547
FIRE:  3823 19:25:47   -20068.628906        0.254728
FIRE:  3824 19:25:47   -20068.632812        0.195395
FIRE:  3825 19:25:48   -20068.638672        0.083761
FIRE:  3826 19:25:48   -20068.644531        0.084125
FIRE:  3827 19:25:48   -20068.658203        0.181523
FIRE:  3828 19:25:49   -20068.662109        0.205314
FIRE:  3829 19:25:49   -20068.671875        0.102489
FIRE:  3830 19:25:49   -20068.675781        0.088934
FIRE:  3831 19:25:50   -20068.697266        0.183652
FIRE:  3832 19:25:50   -20068.695312        0.094212
FIRE:  3833 19:25:50   -20068.716797        0.128624
FIRE:  3834 19:25:51   -20068.742188        0.138515
FIRE:  3835 19:25:51   -20068.755859        0.124378
FIRE:  3836 19:25:51   -20068.787109        0.119663
FIRE:  3837 19:25:52   -20068.826172        0.209001
FIRE:  3838 19:25:52   -20068.875000        0.191443
FIRE:  3839 19:25:52   -20068.931641        0.181584
FIRE:  3840 19:25:53   -20068.996094        0.323624
FIRE:  3841 19:25:53   -20069.058594        0.990728
FIRE:  3842 19:25:53   -20069.080078        2.661442
FIRE:  3843 19:25:54   -20069.158203        0.344095
FIRE:  3844 19:25:54   -20069.091797        3.278994
FIRE:  3845 19:25:54   -20069.136719        2.118225
FIRE:  3846 19:25:55   -20069.166016        0.439558
FIRE:  3847 19:25:55   -20069.152344        1.048890
FIRE:  3848 19:25:55   -20069.154297        0.985960
FIRE:  3849 19:25:56   -20069.162109        0.862660
FIRE:  3850 19:25:56   -20069.169922        0.683679
FIRE:  3851 19:25:56   -20069.181641        0.458161
FIRE:  3852 19:25:57   -20069.169922        0.358327
FIRE:  3853 19:25:57   -20069.171875        0.359476
FIRE:  3854 19:25:57   -20069.181641        0.360857
FIRE:  3855 19:25:58   -20069.171875        0.494593
FIRE:  3856 19:25:58   -20069.173828        0.603544
FIRE:  3857 19:25:58   -20069.169922        0.597097
FIRE:  3858 19:25:59   -20069.181641        0.455593
FIRE:  3859 19:25:59   -20069.187500        0.373152
FIRE:  3860 19:25:59   -20069.183594        0.377069
FIRE:  3861 19:26:00   -20069.191406        0.392312
FIRE:  3862 19:26:00   -20069.191406        0.454742
FIRE:  3863 19:26:00   -20069.240234        0.392090
FIRE:  3864 19:26:01   -20069.234375        0.397680
FIRE:  3865 19:26:01   -20069.253906        0.413170
FIRE:  3866 19:26:01   -20069.283203        0.407226
FIRE:  3867 19:26:02   -20069.310547        0.409160
FIRE:  3868 19:26:02   -20069.345703        0.407222
FIRE:  3869 19:26:02   -20069.392578        0.399387
FIRE:  3870 19:26:03   -20069.455078        0.381520
FIRE:  3871 19:26:03   -20069.513672        0.415801
FIRE:  3872 19:26:03   -20069.583984        0.285173
FIRE:  3873 19:26:03   -20069.695312        0.191997
FIRE:  3874 19:26:04   -20069.773438        0.220887
FIRE:  3875 19:26:04   -20069.873047        0.253340
FIRE:  3876 19:26:04   -20070.003906        0.302357
FIRE:  3877 19:26:05   -20070.058594        1.264121
FIRE:  3878 19:26:05   -20070.054688        4.993073
FIRE:  3879 19:26:05   -20070.095703        3.346538
FIRE:  3880 19:26:06   -20070.156250        2.449942
FIRE:  3881 19:26:06   -20070.222656        0.483984
FIRE:  3882 19:26:06   -20070.187500        2.280840
FIRE:  3883 19:26:07   -20070.201172        1.988461
FIRE:  3884 19:26:07   -20070.214844        1.461076
FIRE:  3885 19:26:07   -20070.224609        0.795372
FIRE:  3886 19:26:08   -20070.230469        0.261359
FIRE:  3887 19:26:08   -20070.228516        0.512143
FIRE:  3888 19:26:08   -20070.230469        0.499709
FIRE:  3889 19:26:09   -20070.226562        0.475145
FIRE:  3890 19:26:09   -20070.222656        0.438797
FIRE:  3891 19:26:09   -20070.224609        0.391909
FIRE:  3892 19:26:10   -20070.226562        0.335535
FIRE:  3893 19:26:10   -20070.224609        0.271287
FIRE:  3894 19:26:10   -20070.232422        0.246082
FIRE:  3895 19:26:11   -20070.228516        0.243526
FIRE:  3896 19:26:11   -20070.242188        0.240287
FIRE:  3897 19:26:11   -20070.236328        0.236220
FIRE:  3898 19:26:12   -20070.240234        0.231159
FIRE:  3899 19:26:12   -20070.238281        0.224952
FIRE:  3900 19:26:12   -20070.240234        0.252520
FIRE:  3901 19:26:13   -20070.251953        0.245700
FIRE:  3902 19:26:13   -20070.259766        0.197587
FIRE:  3903 19:26:13   -20070.261719        0.198627
FIRE:  3904 19:26:14   -20070.261719        0.203140
FIRE:  3905 19:26:14   -20070.287109        0.209043
FIRE:  3906 19:26:14   -20070.285156        0.216794
FIRE:  3907 19:26:15   -20070.292969        0.227093
FIRE:  3908 19:26:15   -20070.312500        0.241097
FIRE:  3909 19:26:15   -20070.332031        0.260620
FIRE:  3910 19:26:16   -20070.339844        0.288143
FIRE:  3911 19:26:16   -20070.361328        0.327469
FIRE:  3912 19:26:16   -20070.408203        0.383048
FIRE:  3913 19:26:17   -20070.447266        0.459342
FIRE:  3914 19:26:17   -20070.509766        0.578046
FIRE:  3915 19:26:17   -20070.580078        0.640380
FIRE:  3916 19:26:18   -20070.677734        0.603915
FIRE:  3917 19:26:18   -20070.792969        0.547981
FIRE:  3918 19:26:18   -20070.931641        0.414962
FIRE:  3919 19:26:19   -20071.003906        1.060418
FIRE:  3920 19:26:19   -20071.011719        0.951257
FIRE:  3921 19:26:19   -20071.017578        0.761854
FIRE:  3922 19:26:20   -20071.054688        0.534609
FIRE:  3923 19:26:20   -20071.070312        0.311534
FIRE:  3924 19:26:20   -20071.076172        0.286378
FIRE:  3925 19:26:21   -20071.121094        0.396684
FIRE:  3926 19:26:21   -20071.156250        0.441140
FIRE:  3927 19:26:21   -20071.166016        0.422660
FIRE:  3928 19:26:22   -20071.212891        0.374279
FIRE:  3929 19:26:22   -20071.218750        0.371505
FIRE:  3930 19:26:22   -20071.277344        0.354840
FIRE:  3931 19:26:23   -20071.320312        0.263181
FIRE:  3932 19:26:23   -20071.402344        0.305762
FIRE:  3933 19:26:23   -20071.472656        0.402501
FIRE:  3934 19:26:24   -20071.570312        0.409072
FIRE:  3935 19:26:24   -20071.660156        1.484976
FIRE:  3936 19:26:24   -20071.523438        6.095916
FIRE:  3937 19:26:25   -20071.720703        2.600591
FIRE:  3938 19:26:25   -20071.736328        1.999665
FIRE:  3939 19:26:25   -20071.783203        0.774401
FIRE:  3940 19:26:26   -20071.777344        0.938047
FIRE:  3941 19:26:26   -20071.775391        0.855553
FIRE:  3942 19:26:26   -20071.787109        0.699830
FIRE:  3943 19:26:27   -20071.791016        0.488326
FIRE:  3944 19:26:27   -20071.789062        0.244786
FIRE:  3945 19:26:27   -20071.794922        0.114903
FIRE:  3946 19:26:28   -20071.796875        0.220536
FIRE:  3947 19:26:28   -20071.789062        0.379654
FIRE:  3948 19:26:28   -20071.794922        0.477810
FIRE:  3949 19:26:29   -20071.794922        0.494011
FIRE:  3950 19:26:29   -20071.794922        0.411790
FIRE:  3951 19:26:29   -20071.804688        0.224588
FIRE:  3952 19:26:30   -20071.802734        0.115350
FIRE:  3953 19:26:30   -20071.843750        0.300297
FIRE:  3954 19:26:30   -20071.837891        0.403680
FIRE:  3955 19:26:31   -20071.849609        0.267670
FIRE:  3956 19:26:31   -20071.851562        0.115386
FIRE:  3957 19:26:31   -20071.878906        0.323267
FIRE:  3958 19:26:32   -20071.890625        0.255574
FIRE:  3959 19:26:32   -20071.882812        0.142065
FIRE:  3960 19:26:32   -20071.908203        0.315182
FIRE:  3961 19:26:33   -20071.945312        0.124881
FIRE:  3962 19:26:33   -20072.001953        0.267995
FIRE:  3963 19:26:33   -20072.007812        0.296168
FIRE:  3964 19:26:34   -20072.048828        0.145407
FIRE:  3965 19:26:34   -20072.150391        0.156356
FIRE:  3966 19:26:34   -20072.236328        0.301250
FIRE:  3967 19:26:35   -20072.312500        0.825121
FIRE:  3968 19:26:35   -20072.341797        2.779432
FIRE:  3969 19:26:35   -20072.419922        0.602677
FIRE:  3970 19:26:36   -20072.414062        0.447934
FIRE:  3971 19:26:36   -20072.416016        0.210936
FIRE:  3972 19:26:36   -20072.427734        0.211934
FIRE:  3973 19:26:37   -20072.435547        0.384261
FIRE:  3974 19:26:37   -20072.427734        0.453863
FIRE:  3975 19:26:37   -20072.449219        0.344801
FIRE:  3976 19:26:38   -20072.445312        0.217957
FIRE:  3977 19:26:38   -20072.443359        0.219876
FIRE:  3978 19:26:38   -20072.449219        0.339563
FIRE:  3979 19:26:39   -20072.466797        0.264723
FIRE:  3980 19:26:39   -20072.466797        0.227619
FIRE:  3981 19:26:39   -20072.494141        0.308948
FIRE:  3982 19:26:40   -20072.517578        0.236628
FIRE:  3983 19:26:40   -20072.539062        0.254492
FIRE:  3984 19:26:40   -20072.537109        0.251519
FIRE:  3985 19:26:41   -20072.568359        0.333752
FIRE:  3986 19:26:41   -20072.615234        0.271678
FIRE:  3987 19:26:41   -20072.677734        0.282849
FIRE:  3988 19:26:42   -20072.777344        0.505782
FIRE:  3989 19:26:42   -20072.843750        0.916200
FIRE:  3990 19:26:42   -20072.906250        2.240245
FIRE:  3991 19:26:43   -20072.966797        0.313749
FIRE:  3992 19:26:43   -20072.970703        0.314282
FIRE:  3993 19:26:43   -20072.968750        0.315363
FIRE:  3994 19:26:44   -20072.974609        0.316869
FIRE:  3995 19:26:44   -20072.972656        0.318726
FIRE:  3996 19:26:44   -20072.978516        0.320644
FIRE:  3997 19:26:45   -20072.972656        0.322518
FIRE:  3998 19:26:45   -20072.982422        0.323991
FIRE:  3999 19:26:45   -20072.984375        0.324967
FIRE:  4000 19:26:46   -20073.000000        0.325108
FIRE:  4001 19:26:46   -20073.003906        0.324211
FIRE:  4002 19:26:46   -20073.044922        0.322251
FIRE:  4003 19:26:47   -20073.058594        0.319575
FIRE:  4004 19:26:47   -20073.091797        0.316696
FIRE:  4005 19:26:47   -20073.130859        0.314040
FIRE:  4006 19:26:48   -20073.171875        0.310865
FIRE:  4007 19:26:48   -20073.216797        0.304459
FIRE:  4008 19:26:48   -20073.244141        0.289205
FIRE:  4009 19:26:49   -20073.314453        0.259146
FIRE:  4010 19:26:49   -20073.414062        0.213832
FIRE:  4011 19:26:49   -20073.488281        0.482916
FIRE:  4012 19:26:50   -20073.550781        1.594612
FIRE:  4013 19:26:50   -20073.488281        3.624934
FIRE:  4014 19:26:50   -20073.642578        0.810445
FIRE:  4015 19:26:51   -20073.507812        4.865751
FIRE:  4016 19:26:51   -20073.597656        3.003771
FIRE:  4017 19:26:51   -20073.669922        0.488478
FIRE:  4018 19:26:52   -20073.652344        1.542375
FIRE:  4019 19:26:52   -20073.654297        1.457032
FIRE:  4020 19:26:52   -20073.662109        1.287864
FIRE:  4021 19:26:53   -20073.671875        1.038967
FIRE:  4022 19:26:53   -20073.675781        0.718381
FIRE:  4023 19:26:53   -20073.689453        0.341061
FIRE:  4024 19:26:54   -20073.689453        0.323654
FIRE:  4025 19:26:54   -20073.689453        0.433651
FIRE:  4026 19:26:54   -20073.691406        0.425821
FIRE:  4027 19:26:55   -20073.693359        0.410758
FIRE:  4028 19:26:55   -20073.693359        0.388510
FIRE:  4029 19:26:55   -20073.681641        0.359580
FIRE:  4030 19:26:56   -20073.697266        0.324556
FIRE:  4031 19:26:56   -20073.695312        0.309330
FIRE:  4032 19:26:56   -20073.687500        0.307613
FIRE:  4033 19:26:57   -20073.681641        0.305435
FIRE:  4034 19:26:57   -20073.687500        0.302666
FIRE:  4035 19:26:57   -20073.689453        0.299195
FIRE:  4036 19:26:58   -20073.687500        0.294854
FIRE:  4037 19:26:58   -20073.701172        0.289489
FIRE:  4038 19:26:58   -20073.701172        0.282951
FIRE:  4039 19:26:59   -20073.710938        0.275046
FIRE:  4040 19:26:59   -20073.708984        0.265598
FIRE:  4041 19:26:59   -20073.722656        0.254429
FIRE:  4042 19:27:00   -20073.693359        0.241303
FIRE:  4043 19:27:00   -20073.683594        0.225967
FIRE:  4044 19:27:00   -20073.687500        0.208210
FIRE:  4045 19:27:01   -20073.705078        0.187932
FIRE:  4046 19:27:01   -20073.726562        0.165276
FIRE:  4047 19:27:01   -20073.742188        0.148728
FIRE:  4048 19:27:02   -20073.753906        0.150242
FIRE:  4049 19:27:02   -20073.767578        0.152050
FIRE:  4050 19:27:02   -20073.777344        0.154084
FIRE:  4051 19:27:03   -20073.785156        0.156414
FIRE:  4052 19:27:03   -20073.789062        0.158992
FIRE:  4053 19:27:03   -20073.816406        0.161836
FIRE:  4054 19:27:03   -20073.861328        0.164917
FIRE:  4055 19:27:04   -20073.878906        0.168354
FIRE:  4056 19:27:04   -20073.916016        0.172549
FIRE:  4057 19:27:04   -20073.992188        0.180044
FIRE:  4058 19:27:05   -20074.048828        0.227239
FIRE:  4059 19:27:05   -20074.085938        0.426227
FIRE:  4060 19:27:05   -20074.193359        1.199574
FIRE:  4061 19:27:06   -20074.240234        2.890963
FIRE:  4062 19:27:06   -20074.324219        0.466097
FIRE:  4063 19:27:06   -20074.269531        3.553399
FIRE:  4064 19:27:07   -20074.314453        2.311570
FIRE:  4065 19:27:07   -20074.343750        0.517340
FIRE:  4066 19:27:07   -20074.341797        1.076559
FIRE:  4067 19:27:08   -20074.341797        1.014077
FIRE:  4068 19:27:08   -20074.339844        0.891123
FIRE:  4069 19:27:08   -20074.343750        0.712485
FIRE:  4070 19:27:09   -20074.345703        0.486707
FIRE:  4071 19:27:09   -20074.341797        0.227221
FIRE:  4072 19:27:09   -20074.359375        0.226139
FIRE:  4073 19:27:10   -20074.341797        0.286992
FIRE:  4074 19:27:10   -20074.357422        0.488747
FIRE:  4075 19:27:10   -20074.363281        0.610913
FIRE:  4076 19:27:11   -20074.363281        0.619637
FIRE:  4077 19:27:11   -20074.351562        0.493071
FIRE:  4078 19:27:11   -20074.363281        0.236172
FIRE:  4079 19:27:12   -20074.371094        0.226894
FIRE:  4080 19:27:12   -20074.378906        0.373472
FIRE:  4081 19:27:12   -20074.384766        0.470549
FIRE:  4082 19:27:13   -20074.408203        0.315717
FIRE:  4083 19:27:13   -20074.412109        0.226831
FIRE:  4084 19:27:13   -20074.404297        0.401174
FIRE:  4085 19:27:14   -20074.423828        0.314507
FIRE:  4086 19:27:14   -20074.445312        0.223598
FIRE:  4087 19:27:14   -20074.451172        0.373967
FIRE:  4088 19:27:15   -20074.509766        0.236125
FIRE:  4089 19:27:15   -20074.548828        0.361466
FIRE:  4090 19:27:15   -20074.599609        0.316950
FIRE:  4091 19:27:16   -20074.646484        0.324883
FIRE:  4092 19:27:16   -20074.757812        0.376811
FIRE:  4093 19:27:16   -20074.857422        0.783276
FIRE:  4094 19:27:17   -20075.048828        2.088853
FIRE:  4095 19:27:17   -20075.068359        3.874408
FIRE:  4096 19:27:17   -20075.234375        0.909788
FIRE:  4097 19:27:18   -20075.115234        5.316856
FIRE:  4098 19:27:18   -20075.208984        3.199207
FIRE:  4099 19:27:18   -20075.275391        0.579452
FIRE:  4100 19:27:19   -20075.259766        1.719237
FIRE:  4101 19:27:19   -20075.271484        1.624782
FIRE:  4102 19:27:19   -20075.263672        1.437009
FIRE:  4103 19:27:20   -20075.265625        1.159975
FIRE:  4104 19:27:20   -20075.277344        0.802010
FIRE:  4105 19:27:20   -20075.287109        0.584248
FIRE:  4106 19:27:21   -20075.296875        0.585071
FIRE:  4107 19:27:21   -20075.291016        0.586114
FIRE:  4108 19:27:21   -20075.285156        0.826697
FIRE:  4109 19:27:22   -20075.287109        1.033494
FIRE:  4110 19:27:22   -20075.304688        1.033043
FIRE:  4111 19:27:22   -20075.320312        0.789631
FIRE:  4112 19:27:23   -20075.355469        0.592204
FIRE:  4113 19:27:23   -20075.347656        0.592838
FIRE:  4114 19:27:23   -20075.371094        0.653701
FIRE:  4115 19:27:24   -20075.400391        0.761832
FIRE:  4116 19:27:24   -20075.419922        0.587363
FIRE:  4117 19:27:24   -20075.462891        0.580133
FIRE:  4118 19:27:25   -20075.527344        0.706016
FIRE:  4119 19:27:25   -20075.566406        0.548554
FIRE:  4120 19:27:25   -20075.619141        0.517151
FIRE:  4121 19:27:26   -20075.740234        0.558176
FIRE:  4122 19:27:26   -20075.798828        0.393323
FIRE:  4123 19:27:26   -20075.855469        0.366778
FIRE:  4124 19:27:27   -20075.935547        0.767823
FIRE:  4125 19:27:27   -20075.955078        1.106518
FIRE:  4126 19:27:27   -20075.960938        0.984309
FIRE:  4127 19:27:28   -20075.972656        0.762791
FIRE:  4128 19:27:28   -20076.003906        0.482888
FIRE:  4129 19:27:28   -20076.027344        0.279518
FIRE:  4130 19:27:29   -20076.058594        0.271550
FIRE:  4131 19:27:29   -20076.046875        0.274199
FIRE:  4132 19:27:29   -20076.068359        0.361600
FIRE:  4133 19:27:30   -20076.099609        0.381654
FIRE:  4134 19:27:30   -20076.128906        0.322828
FIRE:  4135 19:27:30   -20076.126953        0.290135
FIRE:  4136 19:27:31   -20076.175781        0.295384
FIRE:  4137 19:27:31   -20076.197266        0.300918
FIRE:  4138 19:27:31   -20076.273438        0.307156
FIRE:  4139 19:27:32   -20076.343750        0.314650
FIRE:  4140 19:27:32   -20076.416016        0.323256
FIRE:  4141 19:27:32   -20076.486328        0.456326
FIRE:  4142 19:27:33   -20076.568359        1.232964
FIRE:  4143 19:27:33   -20076.587891        4.461679
FIRE:  4144 19:27:33   -20076.685547        1.104271
FIRE:  4145 19:27:34   -20076.691406        0.840187
FIRE:  4146 19:27:34   -20076.695312        0.353804
FIRE:  4147 19:27:34   -20076.693359        0.311971
FIRE:  4148 19:27:35   -20076.703125        0.707572
FIRE:  4149 19:27:35   -20076.705078        0.865775
FIRE:  4150 19:27:35   -20076.703125        0.682234
FIRE:  4151 19:27:36   -20076.722656        0.310417
FIRE:  4152 19:27:36   -20076.742188        0.309659
FIRE:  4153 19:27:36   -20076.738281        0.613298
FIRE:  4154 19:27:37   -20076.744141        0.541504
FIRE:  4155 19:27:37   -20076.767578        0.304534
FIRE:  4156 19:27:37   -20076.791016        0.553169
FIRE:  4157 19:27:38   -20076.820312        0.413567
FIRE:  4158 19:27:38   -20076.837891        0.367523
FIRE:  4159 19:27:38   -20076.878906        0.431740
FIRE:  4160 19:27:39   -20076.925781        0.483739
FIRE:  4161 19:27:39   -20076.962891        0.202601
FIRE:  4162 19:27:39   -20077.015625        0.581330
FIRE:  4163 19:27:40   -20077.076172        1.011369
FIRE:  4164 19:27:40   -20077.126953        1.506368
FIRE:  4165 19:27:40   -20077.130859        3.141641
FIRE:  4166 19:27:41   -20077.189453        0.354400
FIRE:  4167 19:27:41   -20077.195312        0.271438
FIRE:  4168 19:27:41   -20077.197266        0.242087
FIRE:  4169 19:27:42   -20077.199219        0.236627
FIRE:  4170 19:27:42   -20077.203125        0.229458
FIRE:  4171 19:27:42   -20077.203125        0.252400
FIRE:  4172 19:27:43   -20077.199219        0.217150
FIRE:  4173 19:27:43   -20077.207031        0.200028
FIRE:  4174 19:27:43   -20077.222656        0.186899
FIRE:  4175 19:27:44   -20077.236328        0.182211
FIRE:  4176 19:27:44   -20077.234375        0.175331
FIRE:  4177 19:27:44   -20077.242188        0.133985
FIRE:  4178 19:27:45   -20077.246094        0.162543
FIRE:  4179 19:27:45   -20077.250000        0.126163
FIRE:  4180 19:27:45   -20077.283203        0.112627
FIRE:  4181 19:27:46   -20077.314453        0.130308
FIRE:  4182 19:27:46   -20077.328125        0.158105
FIRE:  4183 19:27:46   -20077.376953        0.103722
FIRE:  4184 19:27:47   -20077.410156        0.154053
FIRE:  4185 19:27:47   -20077.449219        0.330364
FIRE:  4186 19:27:47   -20077.500000        0.689868
FIRE:  4187 19:27:48   -20077.531250        1.707496
FIRE:  4188 19:27:48   -20077.517578        3.530011
FIRE:  4189 19:27:48   -20077.642578        0.799901
FIRE:  4190 19:27:49   -20077.552734        4.599270
FIRE:  4191 19:27:49   -20077.611328        2.890049
FIRE:  4192 19:27:49   -20077.650391        0.535383
FIRE:  4193 19:27:50   -20077.644531        1.437056
FIRE:  4194 19:27:50   -20077.642578        1.357459
FIRE:  4195 19:27:50   -20077.650391        1.199957
FIRE:  4196 19:27:51   -20077.652344        0.968848
FIRE:  4197 19:27:51   -20077.656250        0.671927
FIRE:  4198 19:27:51   -20077.660156        0.323368
FIRE:  4199 19:27:52   -20077.666016        0.085068
FIRE:  4200 19:27:52   -20077.666016        0.392189
FIRE:  4201 19:27:52   -20077.664062        0.385301
FIRE:  4202 19:27:53   -20077.667969        0.371913
FIRE:  4203 19:27:53   -20077.662109        0.352125
FIRE:  4204 19:27:53   -20077.664062        0.326290
FIRE:  4205 19:27:54   -20077.669922        0.295269
FIRE:  4206 19:27:54   -20077.667969        0.259400
FIRE:  4207 19:27:54   -20077.658203        0.220069
FIRE:  4208 19:27:55   -20077.658203        0.173549
FIRE:  4209 19:27:55   -20077.658203        0.119798
FIRE:  4210 19:27:55   -20077.662109        0.085358
FIRE:  4211 19:27:56   -20077.669922        0.085412
FIRE:  4212 19:27:56   -20077.664062        0.085473
FIRE:  4213 19:27:56   -20077.671875        0.119653
FIRE:  4214 19:27:57   -20077.662109        0.160864
FIRE:  4215 19:27:57   -20077.662109        0.180810
FIRE:  4216 19:27:57   -20077.656250        0.172472
FIRE:  4217 19:27:58   -20077.658203        0.131512
FIRE:  4218 19:27:58   -20077.650391        0.086284
FIRE:  4219 19:27:58   -20077.667969        0.086516
FIRE:  4220 19:27:59   -20077.671875        0.110995
FIRE:  4221 19:27:59   -20077.664062        0.144431
FIRE:  4222 19:27:59   -20077.675781        0.104088
FIRE:  4223 19:28:00   -20077.689453        0.087844
FIRE:  4224 19:28:00   -20077.689453        0.104868
FIRE:  4225 19:28:00   -20077.716797        0.115490
FIRE:  4226 19:28:01   -20077.726562        0.089159
FIRE:  4227 19:28:01   -20077.736328        0.116592
FIRE:  4228 19:28:01   -20077.744141        0.089805
FIRE:  4229 19:28:01   -20077.771484        0.113213
FIRE:  4230 19:28:02   -20077.810547        0.089636
FIRE:  4231 19:28:02   -20077.843750        0.131492
FIRE:  4232 19:28:02   -20077.880859        0.156222
FIRE:  4233 19:28:03   -20077.960938        0.174595
FIRE:  4234 19:28:03   -20077.988281        0.319543
FIRE:  4235 19:28:03   -20078.054688        0.930115
FIRE:  4236 19:28:04   -20078.123047        2.381164
FIRE:  4237 19:28:04   -20078.171875        0.304181
FIRE:  4238 19:28:04   -20078.125000        2.763331
FIRE:  4239 19:28:05   -20078.142578        1.859277
FIRE:  4240 19:28:05   -20078.173828        0.496391
FIRE:  4241 19:28:05   -20078.166016        0.791701
FIRE:  4242 19:28:06   -20078.164062        0.744725
FIRE:  4243 19:28:06   -20078.164062        0.652718
FIRE:  4244 19:28:06   -20078.160156        0.519940
FIRE:  4245 19:28:07   -20078.162109        0.353541
FIRE:  4246 19:28:07   -20078.167969        0.164683
FIRE:  4247 19:28:07   -20078.169922        0.077705
FIRE:  4248 19:28:08   -20078.179688        0.204231
FIRE:  4249 19:28:08   -20078.183594        0.349004
FIRE:  4250 19:28:08   -20078.189453        0.437344
FIRE:  4251 19:28:09   -20078.203125        0.445517
FIRE:  4252 19:28:09   -20078.203125        0.357875
FIRE:  4253 19:28:09   -20078.183594        0.176178
FIRE:  4254 19:28:10   -20078.183594        0.078114
FIRE:  4255 19:28:10   -20078.197266        0.266915
FIRE:  4256 19:28:10   -20078.199219        0.342045
FIRE:  4257 19:28:11   -20078.210938        0.231231
FIRE:  4258 19:28:11   -20078.222656        0.079058
FIRE:  4259 19:28:11   -20078.240234        0.287427
FIRE:  4260 19:28:12   -20078.240234        0.229160
FIRE:  4261 19:28:12   -20078.240234        0.119985
FIRE:  4262 19:28:12   -20078.246094        0.271813
FIRE:  4263 19:28:13   -20078.287109        0.081446
FIRE:  4264 19:28:13   -20078.318359        0.257208
FIRE:  4265 19:28:13   -20078.332031        0.236766
FIRE:  4266 19:28:14   -20078.361328        0.083345
FIRE:  4267 19:28:14   -20078.404297        0.168461
FIRE:  4268 19:28:14   -20078.457031        0.511530
FIRE:  4269 19:28:15   -20078.513672        1.470674
FIRE:  4270 19:28:15   -20078.490234        3.269580
FIRE:  4271 19:28:15   -20078.589844        0.588796
FIRE:  4272 19:28:16   -20078.500000        4.293407
FIRE:  4273 19:28:16   -20078.552734        2.698020
FIRE:  4274 19:28:16   -20078.599609        0.483789
FIRE:  4275 19:28:17   -20078.591797        1.387438
FIRE:  4276 19:28:17   -20078.601562        1.308644
FIRE:  4277 19:28:17   -20078.583984        1.152874
FIRE:  4278 19:28:18   -20078.591797        0.924672
FIRE:  4279 19:28:18   -20078.605469        0.632339
FIRE:  4280 19:28:18   -20078.603516        0.290114
FIRE:  4281 19:28:19   -20078.605469        0.086709
FIRE:  4282 19:28:19   -20078.603516        0.403205
FIRE:  4283 19:28:19   -20078.615234        0.396015
FIRE:  4284 19:28:20   -20078.617188        0.381857
FIRE:  4285 19:28:20   -20078.607422        0.361066
FIRE:  4286 19:28:20   -20078.613281        0.333972
FIRE:  4287 19:28:21   -20078.615234        0.301552
FIRE:  4288 19:28:21   -20078.605469        0.264068
FIRE:  4289 19:28:21   -20078.615234        0.223054
FIRE:  4290 19:28:22   -20078.613281        0.174060
FIRE:  4291 19:28:22   -20078.607422        0.117895
FIRE:  4292 19:28:22   -20078.607422        0.086922
FIRE:  4293 19:28:23   -20078.613281        0.086962
FIRE:  4294 19:28:23   -20078.609375        0.087015
FIRE:  4295 19:28:23   -20078.617188        0.128277
FIRE:  4296 19:28:24   -20078.605469        0.168736
FIRE:  4297 19:28:24   -20078.619141        0.186831
FIRE:  4298 19:28:24   -20078.611328        0.175442
FIRE:  4299 19:28:25   -20078.611328        0.130537
FIRE:  4300 19:28:25   -20078.615234        0.087650
FIRE:  4301 19:28:25   -20078.615234        0.087848
FIRE:  4302 19:28:26   -20078.611328        0.119398
FIRE:  4303 19:28:26   -20078.615234        0.148355
FIRE:  4304 19:28:26   -20078.621094        0.100979
FIRE:  4305 19:28:27   -20078.619141        0.089121
FIRE:  4306 19:28:27   -20078.621094        0.112552
FIRE:  4307 19:28:27   -20078.632812        0.114183
FIRE:  4308 19:28:28   -20078.646484        0.090816
FIRE:  4309 19:28:28   -20078.654297        0.122620
FIRE:  4310 19:28:28   -20078.667969        0.092407
FIRE:  4311 19:28:29   -20078.707031        0.120615
FIRE:  4312 19:28:29   -20078.722656        0.094290
FIRE:  4313 19:28:29   -20078.744141        0.127131
FIRE:  4314 19:28:30   -20078.771484        0.170107
FIRE:  4315 19:28:30   -20078.824219        0.209435
FIRE:  4316 19:28:30   -20078.875000        0.389424
FIRE:  4317 19:28:31   -20078.904297        1.067006
FIRE:  4318 19:28:31   -20078.931641        2.570483
FIRE:  4319 19:28:31   -20078.984375        0.325953
FIRE:  4320 19:28:32   -20078.929688        3.104753
FIRE:  4321 19:28:32   -20078.964844        2.047942
FIRE:  4322 19:28:32   -20078.992188        0.488612
FIRE:  4323 19:28:33   -20078.984375        0.943599
FIRE:  4324 19:28:33   -20078.976562        0.887669
FIRE:  4325 19:28:33   -20078.990234        0.777825
FIRE:  4326 19:28:34   -20078.992188        0.618993
FIRE:  4327 19:28:34   -20078.984375        0.418592
FIRE:  4328 19:28:34   -20078.986328        0.189015
FIRE:  4329 19:28:35   -20078.990234        0.093968
FIRE:  4330 19:28:35   -20078.994141        0.260923
FIRE:  4331 19:28:35   -20078.996094        0.433825
FIRE:  4332 19:28:36   -20078.988281        0.537139
FIRE:  4333 19:28:36   -20078.990234        0.543541
FIRE:  4334 19:28:36   -20078.982422        0.435600
FIRE:  4335 19:28:37   -20078.988281        0.216096
FIRE:  4336 19:28:37   -20078.988281        0.093644
FIRE:  4337 19:28:37   -20079.000000        0.318713
FIRE:  4338 19:28:38   -20079.003906        0.412770
FIRE:  4339 19:28:38   -20079.000000        0.291224
FIRE:  4340 19:28:38   -20079.007812        0.093063
FIRE:  4341 19:28:39   -20079.019531        0.337653
FIRE:  4342 19:28:39   -20079.025391        0.297440
FIRE:  4343 19:28:39   -20079.039062        0.108720
FIRE:  4344 19:28:40   -20079.048828        0.329887
FIRE:  4345 19:28:40   -20079.074219        0.090896
FIRE:  4346 19:28:40   -20079.087891        0.338094
FIRE:  4347 19:28:41   -20079.126953        0.212094
FIRE:  4348 19:28:41   -20079.167969        0.093737
FIRE:  4349 19:28:41   -20079.208984        0.372424
FIRE:  4350 19:28:42   -20079.253906        0.806682
FIRE:  4351 19:28:42   -20079.277344        1.815064
FIRE:  4352 19:28:42   -20079.292969        0.102431
FIRE:  4353 19:28:43   -20079.285156        1.363709
FIRE:  4354 19:28:43   -20079.292969        1.098568
FIRE:  4355 19:28:43   -20079.298828        0.594336
FIRE:  4356 19:28:44   -20079.298828        0.103022
FIRE:  4357 19:28:44   -20079.296875        0.687355
FIRE:  4358 19:28:44   -20079.291016        0.645283
FIRE:  4359 19:28:45   -20079.291016        0.564570
FIRE:  4360 19:28:45   -20079.304688        0.450907
FIRE:  4361 19:28:45   -20079.291016        0.312956
FIRE:  4362 19:28:46   -20079.304688        0.161674
FIRE:  4363 19:28:46   -20079.300781        0.103390
FIRE:  4364 19:28:46   -20079.308594        0.123797
FIRE:  4365 19:28:47   -20079.312500        0.239313
FIRE:  4366 19:28:47   -20079.300781        0.319319
FIRE:  4367 19:28:47   -20079.312500        0.348962
FIRE:  4368 19:28:48   -20079.294922        0.315575
FIRE:  4369 19:28:48   -20079.312500        0.211971
FIRE:  4370 19:28:48   -20079.306641        0.104363
FIRE:  4371 19:28:49   -20079.310547        0.141371
FIRE:  4372 19:28:49   -20079.306641        0.265713
FIRE:  4373 19:28:49   -20079.324219        0.251688
FIRE:  4374 19:28:50   -20079.320312        0.105802
FIRE:  4375 19:28:50   -20079.335938        0.152489
FIRE:  4376 19:28:50   -20079.339844        0.238528
FIRE:  4377 19:28:51   -20079.355469        0.107589
FIRE:  4378 19:28:51   -20079.369141        0.205471
FIRE:  4379 19:28:51   -20079.410156        0.140871
FIRE:  4380 19:28:52   -20079.433594        0.206392
FIRE:  4381 19:28:52   -20079.449219        0.110528
FIRE:  4382 19:28:52   -20079.474609        0.283925
FIRE:  4383 19:28:53   -20079.492188        0.309707
FIRE:  4384 19:28:53   -20079.542969        0.316643
FIRE:  4385 19:28:53   -20079.595703        0.539248
FIRE:  4386 19:28:54   -20079.662109        1.479510
FIRE:  4387 19:28:54   -20079.625000        3.470387
FIRE:  4388 19:28:54   -20079.751953        0.513449
FIRE:  4389 19:28:55   -20079.632812        4.925024
FIRE:  4390 19:28:55   -20079.707031        2.935857
FIRE:  4391 19:28:55   -20079.761719        0.308875
FIRE:  4392 19:28:56   -20079.742188        1.736554
FIRE:  4393 19:28:56   -20079.750000        1.637646
FIRE:  4394 19:28:56   -20079.748047        1.441064
FIRE:  4395 19:28:57   -20079.759766        1.150608
FIRE:  4396 19:28:57   -20079.761719        0.774349
FIRE:  4397 19:28:57   -20079.775391        0.328565
FIRE:  4398 19:28:57   -20079.765625        0.151522
FIRE:  4399 19:28:58   -20079.771484        0.148727
FIRE:  4400 19:28:58   -20079.775391        0.143306
FIRE:  4401 19:28:58   -20079.769531        0.135258
FIRE:  4402 19:28:59   -20079.767578        0.134580
FIRE:  4403 19:28:59   -20079.771484        0.134687
FIRE:  4404 19:28:59   -20079.765625        0.134840
FIRE:  4405 19:29:00   -20079.767578        0.135018
FIRE:  4406 19:29:00   -20079.767578        0.135241
FIRE:  4407 19:29:00   -20079.771484        0.135514
FIRE:  4408 19:29:01   -20079.763672        0.135875
FIRE:  4409 19:29:01   -20079.765625        0.136309
FIRE:  4410 19:29:01   -20079.769531        0.136858
FIRE:  4411 19:29:02   -20079.779297        0.137545
FIRE:  4412 19:29:02   -20079.775391        0.138391
FIRE:  4413 19:29:02   -20079.765625        0.139429
FIRE:  4414 19:29:03   -20079.779297        0.140709
FIRE:  4415 19:29:03   -20079.785156        0.142262
FIRE:  4416 19:29:03   -20079.787109        0.144177
FIRE:  4417 19:29:04   -20079.791016        0.146514
FIRE:  4418 19:29:04   -20079.796875        0.149352
FIRE:  4419 19:29:04   -20079.789062        0.152793
FIRE:  4420 19:29:05   -20079.808594        0.156934
FIRE:  4421 19:29:05   -20079.806641        0.161876
FIRE:  4422 19:29:05   -20079.816406        0.167744
FIRE:  4423 19:29:06   -20079.820312        0.174551
FIRE:  4424 19:29:06   -20079.837891        0.182307
FIRE:  4425 19:29:06   -20079.837891        0.190745
FIRE:  4426 19:29:07   -20079.890625        0.199284
FIRE:  4427 19:29:07   -20079.904297        0.206711
FIRE:  4428 19:29:07   -20079.955078        0.210913
FIRE:  4429 19:29:08   -20079.990234        0.208705
FIRE:  4430 19:29:08   -20080.015625        0.196251
FIRE:  4431 19:29:08   -20080.054688        0.171145
FIRE:  4432 19:29:09   -20080.140625        0.315217
FIRE:  4433 19:29:09   -20080.226562        1.138946
FIRE:  4434 19:29:09   -20080.222656        3.054638
FIRE:  4435 19:29:10   -20080.318359        0.366873
FIRE:  4436 19:29:10   -20080.236328        4.057907
FIRE:  4437 19:29:10   -20080.292969        2.519660
FIRE:  4438 19:29:11   -20080.333984        0.388557
FIRE:  4439 19:29:11   -20080.308594        1.389052
FIRE:  4440 19:29:11   -20080.306641        1.307317
FIRE:  4441 19:29:12   -20080.310547        1.145540
FIRE:  4442 19:29:12   -20080.318359        0.909183
FIRE:  4443 19:29:12   -20080.335938        0.607047
FIRE:  4444 19:29:13   -20080.330078        0.255296
FIRE:  4445 19:29:13   -20080.339844        0.178659
FIRE:  4446 19:29:13   -20080.326172        0.440528
FIRE:  4447 19:29:14   -20080.332031        0.432519
FIRE:  4448 19:29:14   -20080.337891        0.416437
FIRE:  4449 19:29:14   -20080.337891        0.392943
FIRE:  4450 19:29:15   -20080.332031        0.362525
FIRE:  4451 19:29:15   -20080.328125        0.325501
FIRE:  4452 19:29:15   -20080.330078        0.283382
FIRE:  4453 19:29:16   -20080.332031        0.237122
FIRE:  4454 19:29:16   -20080.339844        0.182380
FIRE:  4455 19:29:16   -20080.339844        0.178651
FIRE:  4456 19:29:17   -20080.332031        0.178647
FIRE:  4457 19:29:17   -20080.335938        0.178640
FIRE:  4458 19:29:17   -20080.335938        0.178642
FIRE:  4459 19:29:18   -20080.328125        0.178629
FIRE:  4460 19:29:18   -20080.333984        0.188592
FIRE:  4461 19:29:18   -20080.337891        0.203473
FIRE:  4462 19:29:19   -20080.341797        0.185541
FIRE:  4463 19:29:19   -20080.324219        0.178536
FIRE:  4464 19:29:19   -20080.337891        0.178483
FIRE:  4465 19:29:20   -20080.332031        0.178399
FIRE:  4466 19:29:20   -20080.339844        0.178274
FIRE:  4467 19:29:20   -20080.345703        0.178091
FIRE:  4468 19:29:21   -20080.353516        0.177820
FIRE:  4469 19:29:21   -20080.369141        0.177419
FIRE:  4470 19:29:21   -20080.386719        0.176815
FIRE:  4471 19:29:22   -20080.412109        0.175917
FIRE:  4472 19:29:22   -20080.408203        0.174568
FIRE:  4473 19:29:22   -20080.414062        0.172550
FIRE:  4474 19:29:23   -20080.419922        0.169528
FIRE:  4475 19:29:23   -20080.468750        0.165003
FIRE:  4476 19:29:23   -20080.490234        0.158278
FIRE:  4477 19:29:24   -20080.527344        0.148406
FIRE:  4478 19:29:24   -20080.603516        0.188539
FIRE:  4479 19:29:24   -20080.638672        0.318316
FIRE:  4480 19:29:25   -20080.693359        0.648629
FIRE:  4481 19:29:25   -20080.730469        1.677794
FIRE:  4482 19:29:25   -20080.685547        3.600210
FIRE:  4483 19:29:26   -20080.824219        0.716188
FIRE:  4484 19:29:26   -20080.703125        4.960588
FIRE:  4485 19:29:26   -20080.787109        3.016344
FIRE:  4486 19:29:27   -20080.835938        0.417165
FIRE:  4487 19:29:27   -20080.814453        1.658608
FIRE:  4488 19:29:27   -20080.816406        1.566082
FIRE:  4489 19:29:28   -20080.814453        1.382806
FIRE:  4490 19:29:28   -20080.828125        1.112503
FIRE:  4491 19:29:28   -20080.828125        0.762991
FIRE:  4492 19:29:29   -20080.833984        0.348927
FIRE:  4493 19:29:29   -20080.841797        0.139469
FIRE:  4494 19:29:29   -20080.843750        0.500837
FIRE:  4495 19:29:30   -20080.849609        0.491988
FIRE:  4496 19:29:30   -20080.843750        0.473895
FIRE:  4497 19:29:30   -20080.841797        0.447159
FIRE:  4498 19:29:31   -20080.835938        0.412755
FIRE:  4499 19:29:31   -20080.835938        0.371442
FIRE:  4500 19:29:31   -20080.843750        0.323917
FIRE:  4501 19:29:32   -20080.835938        0.271676
FIRE:  4502 19:29:32   -20080.845703        0.209618
FIRE:  4503 19:29:32   -20080.843750        0.140648
FIRE:  4504 19:29:33   -20080.845703        0.140856
FIRE:  4505 19:29:33   -20080.847656        0.141121
FIRE:  4506 19:29:33   -20080.857422        0.141448
FIRE:  4507 19:29:34   -20080.847656        0.165533
FIRE:  4508 19:29:34   -20080.857422        0.213255
FIRE:  4509 19:29:34   -20080.865234        0.232023
FIRE:  4510 19:29:35   -20080.859375        0.214296
FIRE:  4511 19:29:35   -20080.869141        0.155202
FIRE:  4512 19:29:35   -20080.869141        0.145742
FIRE:  4513 19:29:36   -20080.871094        0.147114
FIRE:  4514 19:29:36   -20080.869141        0.154953
FIRE:  4515 19:29:36   -20080.875000        0.184119
FIRE:  4516 19:29:37   -20080.875000        0.153398
FIRE:  4517 19:29:37   -20080.894531        0.156521
FIRE:  4518 19:29:37   -20080.896484        0.160384
FIRE:  4519 19:29:38   -20080.921875        0.165144
FIRE:  4520 19:29:38   -20080.925781        0.171021
FIRE:  4521 19:29:38   -20080.943359        0.178311
FIRE:  4522 19:29:39   -20080.953125        0.187258
FIRE:  4523 19:29:39   -20080.988281        0.198217
FIRE:  4524 19:29:39   -20081.015625        0.211270
FIRE:  4525 19:29:40   -20081.083984        0.226195
FIRE:  4526 19:29:40   -20081.109375        0.241611
FIRE:  4527 19:29:40   -20081.187500        0.254916
FIRE:  4528 19:29:41   -20081.269531        0.377121
FIRE:  4529 19:29:41   -20081.363281        1.057905
FIRE:  4530 19:29:41   -20081.369141        2.733844
FIRE:  4531 19:29:42   -20081.449219        0.338303
FIRE:  4532 19:29:42   -20081.394531        3.358719
FIRE:  4533 19:29:42   -20081.427734        2.176337
FIRE:  4534 19:29:43   -20081.470703        0.463480
FIRE:  4535 19:29:43   -20081.455078        1.052094
FIRE:  4536 19:29:43   -20081.472656        0.989628
FIRE:  4537 19:29:44   -20081.470703        0.866472
FIRE:  4538 19:29:44   -20081.478516        0.687988
FIRE:  4539 19:29:44   -20081.482422        0.463061
FIRE:  4540 19:29:45   -20081.482422        0.304670
FIRE:  4541 19:29:45   -20081.478516        0.305043
FIRE:  4542 19:29:45   -20081.480469        0.305497
FIRE:  4543 19:29:46   -20081.478516        0.489074
FIRE:  4544 19:29:46   -20081.478516        0.601708
FIRE:  4545 19:29:46   -20081.494141        0.598626
FIRE:  4546 19:29:47   -20081.480469        0.459191
FIRE:  4547 19:29:47   -20081.492188        0.310084
FIRE:  4548 19:29:47   -20081.492188        0.311770
FIRE:  4549 19:29:48   -20081.503906        0.389106
FIRE:  4550 19:29:48   -20081.525391        0.453893
FIRE:  4551 19:29:48   -20081.554688        0.319924
FIRE:  4552 19:29:49   -20081.572266        0.324151
FIRE:  4553 19:29:49   -20081.576172        0.413081
FIRE:  4554 19:29:49   -20081.609375        0.336373
FIRE:  4555 19:29:50   -20081.656250        0.345028
FIRE:  4556 19:29:50   -20081.685547        0.355823
FIRE:  4557 19:29:50   -20081.716797        0.368504
FIRE:  4558 19:29:51   -20081.765625        0.381424
FIRE:  4559 19:29:51   -20081.824219        0.410975
FIRE:  4560 19:29:51   -20081.906250        0.378299
FIRE:  4561 19:29:52   -20082.001953        0.324137
FIRE:  4562 19:29:52   -20082.126953        0.288265
FIRE:  4563 19:29:52   -20082.222656        0.342036
FIRE:  4564 19:29:53   -20082.298828        1.467719
FIRE:  4565 19:29:53   -20082.326172        0.666897
FIRE:  4566 19:29:53   -20082.337891        1.597952
FIRE:  4567 19:29:54   -20082.339844        1.083305
FIRE:  4568 19:29:54   -20082.359375        0.520989
FIRE:  4569 19:29:54   -20082.359375        0.494255
FIRE:  4570 19:29:55   -20082.349609        0.956608
FIRE:  4571 19:29:55   -20082.361328        1.049821
FIRE:  4572 19:29:55   -20082.363281        0.797094
FIRE:  4573 19:29:56   -20082.384766        0.319839
FIRE:  4574 19:29:56   -20082.380859        0.463251
FIRE:  4575 19:29:56   -20082.408203        0.893791
FIRE:  4576 19:29:57   -20082.412109        0.654218
FIRE:  4577 19:29:57   -20082.421875        0.254194
FIRE:  4578 19:29:57   -20082.416016        0.709998
FIRE:  4579 19:29:58   -20082.453125        0.416785
FIRE:  4580 19:29:58   -20082.468750        0.587946
FIRE:  4581 19:29:58   -20082.513672        0.488431
FIRE:  4582 19:29:59   -20082.533203        0.690744
FIRE:  4583 19:29:59   -20082.583984        0.298230
FIRE:  4584 19:29:59   -20082.611328        1.002105
FIRE:  4585 19:30:00   -20082.667969        1.339047
FIRE:  4586 19:30:00   -20082.753906        1.664742
FIRE:  4587 19:30:00   -20082.785156        0.221235
FIRE:  4588 19:30:01   -20082.785156        1.184425
FIRE:  4589 19:30:01   -20082.794922        0.968327
FIRE:  4590 19:30:01   -20082.787109        0.559418
FIRE:  4591 19:30:02   -20082.789062        0.217123
FIRE:  4592 19:30:02   -20082.789062        0.506596
FIRE:  4593 19:30:02   -20082.787109        0.478768
FIRE:  4594 19:30:03   -20082.791016        0.424819
FIRE:  4595 19:30:03   -20082.812500        0.348389
FIRE:  4596 19:30:03   -20082.802734        0.254907
FIRE:  4597 19:30:03   -20082.791016        0.214767
FIRE:  4598 19:30:04   -20082.792969        0.214313
FIRE:  4599 19:30:04   -20082.812500        0.213772
FIRE:  4600 19:30:04   -20082.804688        0.213078
FIRE:  4601 19:30:05   -20082.802734        0.212379
FIRE:  4602 19:30:05   -20082.810547        0.249336
FIRE:  4603 19:30:05   -20082.800781        0.241456
FIRE:  4604 19:30:06   -20082.806641        0.207918
FIRE:  4605 19:30:06   -20082.796875        0.205706
FIRE:  4606 19:30:06   -20082.792969        0.202882
FIRE:  4607 19:30:07   -20082.802734        0.199268
FIRE:  4608 19:30:07   -20082.830078        0.196351
FIRE:  4609 19:30:07   -20082.810547        0.188774
FIRE:  4610 19:30:08   -20082.820312        0.181165
FIRE:  4611 19:30:08   -20082.849609        0.174287
FIRE:  4612 19:30:08   -20082.843750        0.158546
FIRE:  4613 19:30:09   -20082.849609        0.141999
FIRE:  4614 19:30:09   -20082.884766        0.137367
FIRE:  4615 19:30:09   -20082.904297        0.109321
FIRE:  4616 19:30:10   -20082.910156        0.106644
FIRE:  4617 19:30:10   -20082.931641        0.198053
FIRE:  4618 19:30:10   -20082.970703        0.169174
FIRE:  4619 19:30:11   -20083.023438        0.148848
FIRE:  4620 19:30:11   -20083.058594        0.255238
FIRE:  4621 19:30:11   -20083.125000        0.785208
FIRE:  4622 19:30:12   -20083.144531        2.154563
FIRE:  4623 19:30:12   -20083.195312        0.228143
FIRE:  4624 19:30:12   -20083.158203        2.447652
FIRE:  4625 19:30:13   -20083.173828        1.662557
FIRE:  4626 19:30:13   -20083.197266        0.461997
FIRE:  4627 19:30:13   -20083.191406        0.694373
FIRE:  4628 19:30:14   -20083.199219        0.652458
FIRE:  4629 19:30:14   -20083.195312        0.570808
FIRE:  4630 19:30:14   -20083.205078        0.453212
FIRE:  4631 19:30:15   -20083.205078        0.306313
FIRE:  4632 19:30:15   -20083.205078        0.140838
FIRE:  4633 19:30:15   -20083.197266        0.101733
FIRE:  4634 19:30:16   -20083.197266        0.179824
FIRE:  4635 19:30:16   -20083.199219        0.305307
FIRE:  4636 19:30:16   -20083.199219        0.381128
FIRE:  4637 19:30:17   -20083.207031        0.386902
FIRE:  4638 19:30:17   -20083.201172        0.307658
FIRE:  4639 19:30:17   -20083.205078        0.146822
FIRE:  4640 19:30:18   -20083.210938        0.103822
FIRE:  4641 19:30:18   -20083.210938        0.238062
FIRE:  4642 19:30:18   -20083.208984        0.297489
FIRE:  4643 19:30:19   -20083.220703        0.191662
FIRE:  4644 19:30:19   -20083.220703        0.107553
FIRE:  4645 19:30:19   -20083.222656        0.256555
FIRE:  4646 19:30:20   -20083.244141        0.187465
FIRE:  4647 19:30:20   -20083.250000        0.123325
FIRE:  4648 19:30:20   -20083.269531        0.232978
FIRE:  4649 19:30:21   -20083.304688        0.123383
FIRE:  4650 19:30:21   -20083.308594        0.210720
FIRE:  4651 19:30:21   -20083.359375        0.231704
FIRE:  4652 19:30:22   -20083.357422        0.137250
FIRE:  4653 19:30:22   -20083.388672        0.141569
FIRE:  4654 19:30:22   -20083.460938        0.323348
FIRE:  4655 19:30:23   -20083.525391        1.074447
FIRE:  4656 19:30:23   -20083.546875        2.732504
FIRE:  4657 19:30:23   -20083.630859        0.336539
FIRE:  4658 19:30:24   -20083.572266        3.404482
FIRE:  4659 19:30:24   -20083.597656        2.201844
FIRE:  4660 19:30:24   -20083.628906        0.463385
FIRE:  4661 19:30:25   -20083.626953        1.082974
FIRE:  4662 19:30:25   -20083.619141        1.018698
FIRE:  4663 19:30:25   -20083.630859        0.892504
FIRE:  4664 19:30:26   -20083.630859        0.709037
FIRE:  4665 19:30:26   -20083.632812        0.476868
FIRE:  4666 19:30:26   -20083.636719        0.209939
FIRE:  4667 19:30:27   -20083.646484        0.162054
FIRE:  4668 19:30:27   -20083.650391        0.314094
FIRE:  4669 19:30:27   -20083.642578        0.513632
FIRE:  4670 19:30:28   -20083.642578        0.629157
FIRE:  4671 19:30:28   -20083.638672        0.630124
FIRE:  4672 19:30:28   -20083.638672        0.495632
FIRE:  4673 19:30:29   -20083.642578        0.232752
FIRE:  4674 19:30:29   -20083.650391        0.164354
FIRE:  4675 19:30:29   -20083.652344        0.380991
FIRE:  4676 19:30:30   -20083.644531        0.476040
FIRE:  4677 19:30:30   -20083.650391        0.321596
FIRE:  4678 19:30:30   -20083.656250        0.168383
FIRE:  4679 19:30:31   -20083.666016        0.402132
FIRE:  4680 19:30:31   -20083.703125        0.327437
FIRE:  4681 19:30:31   -20083.695312        0.175004
FIRE:  4682 19:30:32   -20083.716797        0.376282
FIRE:  4683 19:30:32   -20083.748047        0.182747
FIRE:  4684 19:30:32   -20083.759766        0.373551
FIRE:  4685 19:30:33   -20083.771484        0.283173
FIRE:  4686 19:30:33   -20083.841797        0.215331
FIRE:  4687 19:30:33   -20083.886719        0.364482
FIRE:  4688 19:30:34   -20083.980469        0.853222
FIRE:  4689 19:30:34   -20084.060547        2.116133
FIRE:  4690 19:30:34   -20084.021484        4.253124
FIRE:  4691 19:30:35   -20084.189453        1.120442
FIRE:  4692 19:30:35   -20084.027344        6.255913
FIRE:  4693 19:30:35   -20084.144531        3.598482
FIRE:  4694 19:30:36   -20084.224609        0.456749
FIRE:  4695 19:30:36   -20084.189453        2.096383
FIRE:  4696 19:30:36   -20084.189453        1.985136
FIRE:  4697 19:30:37   -20084.199219        1.763082
FIRE:  4698 19:30:37   -20084.212891        1.431185
FIRE:  4699 19:30:37   -20084.222656        0.995726
FIRE:  4700 19:30:38   -20084.232422        0.471394
FIRE:  4701 19:30:38   -20084.232422        0.462624
FIRE:  4702 19:30:38   -20084.250000        0.636422
FIRE:  4703 19:30:39   -20084.242188        0.624345
FIRE:  4704 19:30:39   -20084.242188        0.600588
FIRE:  4705 19:30:39   -20084.240234        0.565856
FIRE:  4706 19:30:40   -20084.232422        0.521091
FIRE:  4707 19:30:40   -20084.236328        0.467003
FIRE:  4708 19:30:40   -20084.236328        0.464507
FIRE:  4709 19:30:41   -20084.238281        0.464737
FIRE:  4710 19:30:41   -20084.242188        0.465032
FIRE:  4711 19:30:41   -20084.242188        0.465406
FIRE:  4712 19:30:42   -20084.240234        0.465863
FIRE:  4713 19:30:42   -20084.244141        0.466435
FIRE:  4714 19:30:42   -20084.228516        0.467126
FIRE:  4715 19:30:43   -20084.250000        0.467941
FIRE:  4716 19:30:43   -20084.253906        0.468892
FIRE:  4717 19:30:43   -20084.250000        0.469967
FIRE:  4718 19:30:44   -20084.257812        0.471136
FIRE:  4719 19:30:44   -20084.259766        0.472372
FIRE:  4720 19:30:44   -20084.273438        0.473569
FIRE:  4721 19:30:45   -20084.287109        0.474552
FIRE:  4722 19:30:45   -20084.291016        0.474993
FIRE:  4723 19:30:45   -20084.302734        0.474304
FIRE:  4724 19:30:46   -20084.326172        0.471564
FIRE:  4725 19:30:46   -20084.347656        0.465212
FIRE:  4726 19:30:46   -20084.369141        0.452663
FIRE:  4727 19:30:47   -20084.404297        0.429924
FIRE:  4728 19:30:47   -20084.419922        0.390846
FIRE:  4729 19:30:47   -20084.455078        0.326487
FIRE:  4730 19:30:48   -20084.492188        0.226316
FIRE:  4731 19:30:48   -20084.511719        0.187293
FIRE:  4732 19:30:48   -20084.542969        0.286338
FIRE:  4733 19:30:49   -20084.574219        0.359710
FIRE:  4734 19:30:49   -20084.623047        0.401095
FIRE:  4735 19:30:49   -20084.697266        0.412355
FIRE:  4736 19:30:50   -20084.771484        0.630492
FIRE:  4737 19:30:50   -20084.816406        1.617816
FIRE:  4738 19:30:50   -20084.781250        3.577160
FIRE:  4739 19:30:51   -20084.919922        0.700544
FIRE:  4740 19:30:51   -20084.824219        4.887217
FIRE:  4741 19:30:51   -20084.894531        2.977087
FIRE:  4742 19:30:52   -20084.943359        0.416817
FIRE:  4743 19:30:52   -20084.916016        1.622205
FIRE:  4744 19:30:52   -20084.910156        1.531246
FIRE:  4745 19:30:53   -20084.929688        1.350931
FIRE:  4746 19:30:53   -20084.925781        1.085472
FIRE:  4747 19:30:53   -20084.939453        0.742932
FIRE:  4748 19:30:54   -20084.951172        0.338883
FIRE:  4749 19:30:54   -20084.958984        0.220622
FIRE:  4750 19:30:54   -20084.947266        0.485211
FIRE:  4751 19:30:55   -20084.943359        0.476147
FIRE:  4752 19:30:55   -20084.951172        0.458926
FIRE:  4753 19:30:55   -20084.953125        0.433242
FIRE:  4754 19:30:56   -20084.953125        0.400050
FIRE:  4755 19:30:56   -20084.951172        0.359940
FIRE:  4756 19:30:56   -20084.955078        0.313939
FIRE:  4757 19:30:57   -20084.957031        0.263627
FIRE:  4758 19:30:57   -20084.960938        0.220346
FIRE:  4759 19:30:57   -20084.955078        0.220301
FIRE:  4760 19:30:58   -20084.962891        0.220244
FIRE:  4761 19:30:58   -20084.955078        0.220170
FIRE:  4762 19:30:58   -20084.960938        0.220079
FIRE:  4763 19:30:59   -20084.957031        0.219967
FIRE:  4764 19:30:59   -20084.962891        0.219825
FIRE:  4765 19:30:59   -20084.966797        0.222355
FIRE:  4766 19:31:00   -20084.970703        0.219436
FIRE:  4767 19:31:00   -20084.966797        0.219170
FIRE:  4768 19:31:00   -20084.978516        0.218837
FIRE:  4769 19:31:01   -20084.974609        0.218419
FIRE:  4770 19:31:01   -20084.984375        0.217891
FIRE:  4771 19:31:01   -20084.984375        0.217217
FIRE:  4772 19:31:01   -20085.001953        0.216355
FIRE:  4773 19:31:02   -20084.994141        0.215231
FIRE:  4774 19:31:02   -20085.019531        0.213743
FIRE:  4775 19:31:02   -20085.031250        0.211747
FIRE:  4776 19:31:03   -20085.044922        0.209022
FIRE:  4777 19:31:03   -20085.070312        0.205221
FIRE:  4778 19:31:03   -20085.089844        0.199871
FIRE:  4779 19:31:04   -20085.111328        0.192236
FIRE:  4780 19:31:04   -20085.146484        0.181428
FIRE:  4781 19:31:04   -20085.154297        0.166693
FIRE:  4782 19:31:05   -20085.185547        0.203379
FIRE:  4783 19:31:05   -20085.232422        0.340225
FIRE:  4784 19:31:05   -20085.265625        0.667241
FIRE:  4785 19:31:06   -20085.326172        1.632971
FIRE:  4786 19:31:06   -20085.296875        3.425014
FIRE:  4787 19:31:06   -20085.421875        0.670487
FIRE:  4788 19:31:07   -20085.318359        4.571846
FIRE:  4789 19:31:07   -20085.365234        2.842861
FIRE:  4790 19:31:07   -20085.423828        0.475770
FIRE:  4791 19:31:08   -20085.419922        1.489125
FIRE:  4792 19:31:08   -20085.417969        1.405551
FIRE:  4793 19:31:08   -20085.419922        1.240086
FIRE:  4794 19:31:09   -20085.429688        0.996926
FIRE:  4795 19:31:09   -20085.433594        0.684461
FIRE:  4796 19:31:09   -20085.437500        0.316338
FIRE:  4797 19:31:10   -20085.455078        0.091391
FIRE:  4798 19:31:10   -20085.451172        0.435809
FIRE:  4799 19:31:10   -20085.445312        0.428025
FIRE:  4800 19:31:11   -20085.457031        0.412785
FIRE:  4801 19:31:11   -20085.443359        0.390245
FIRE:  4802 19:31:11   -20085.449219        0.360939
FIRE:  4803 19:31:12   -20085.451172        0.325729
FIRE:  4804 19:31:12   -20085.455078        0.285026
FIRE:  4805 19:31:12   -20085.458984        0.240104
FIRE:  4806 19:31:13   -20085.457031        0.187063
FIRE:  4807 19:31:13   -20085.445312        0.125825
FIRE:  4808 19:31:13   -20085.455078        0.088049
FIRE:  4809 19:31:14   -20085.445312        0.087439
FIRE:  4810 19:31:14   -20085.437500        0.086679
FIRE:  4811 19:31:14   -20085.453125        0.140657
FIRE:  4812 19:31:15   -20085.451172        0.183870
FIRE:  4813 19:31:15   -20085.462891        0.202350
FIRE:  4814 19:31:15   -20085.457031        0.189422
FIRE:  4815 19:31:16   -20085.457031        0.140343
FIRE:  4816 19:31:16   -20085.447266        0.077489
FIRE:  4817 19:31:16   -20085.458984        0.074819
FIRE:  4818 19:31:17   -20085.476562        0.130405
FIRE:  4819 19:31:17   -20085.457031        0.161192
FIRE:  4820 19:31:17   -20085.458984        0.108940
FIRE:  4821 19:31:18   -20085.457031        0.069319
FIRE:  4822 19:31:18   -20085.462891        0.122457
FIRE:  4823 19:31:18   -20085.492188        0.122533
FIRE:  4824 19:31:19   -20085.476562        0.067794
FIRE:  4825 19:31:19   -20085.486328        0.133333
FIRE:  4826 19:31:19   -20085.505859        0.065686
FIRE:  4827 19:31:20   -20085.539062        0.131739
FIRE:  4828 19:31:20   -20085.556641        0.061767
FIRE:  4829 19:31:20   -20085.576172        0.137217
FIRE:  4830 19:31:21   -20085.578125        0.185380
FIRE:  4831 19:31:21   -20085.609375        0.222418
FIRE:  4832 19:31:21   -20085.642578        0.392253
FIRE:  4833 19:31:22   -20085.691406        1.020622
FIRE:  4834 19:31:22   -20085.673828        2.426291
FIRE:  4835 19:31:22   -20085.736328        0.271225
FIRE:  4836 19:31:23   -20085.677734        2.904727
FIRE:  4837 19:31:23   -20085.732422        1.926667
FIRE:  4838 19:31:23   -20085.736328        0.471170
FIRE:  4839 19:31:24   -20085.726562        0.883751
FIRE:  4840 19:31:24   -20085.728516        0.830570
FIRE:  4841 19:31:24   -20085.740234        0.726990
FIRE:  4842 19:31:25   -20085.734375        0.576937
FIRE:  4843 19:31:25   -20085.755859        0.388302
FIRE:  4844 19:31:25   -20085.736328        0.172869
FIRE:  4845 19:31:26   -20085.736328        0.081273
FIRE:  4846 19:31:26   -20085.746094        0.248026
FIRE:  4847 19:31:26   -20085.740234        0.408314
FIRE:  4848 19:31:27   -20085.740234        0.503252
FIRE:  4849 19:31:27   -20085.734375        0.508300
FIRE:  4850 19:31:27   -20085.742188        0.407383
FIRE:  4851 19:31:28   -20085.767578        0.202861
FIRE:  4852 19:31:28   -20085.757812        0.083272
FIRE:  4853 19:31:28   -20085.771484        0.296919
FIRE:  4854 19:31:29   -20085.773438        0.385794
FIRE:  4855 19:31:29   -20085.751953        0.274161
FIRE:  4856 19:31:29   -20085.769531        0.086528
FIRE:  4857 19:31:30   -20085.783203        0.313234
FIRE:  4858 19:31:30   -20085.804688        0.282051
FIRE:  4859 19:31:30   -20085.800781        0.093879
FIRE:  4860 19:31:31   -20085.826172        0.308539
FIRE:  4861 19:31:31   -20085.843750        0.096962
FIRE:  4862 19:31:31   -20085.814453        0.321215
FIRE:  4863 19:31:32   -20085.853516        0.180717
FIRE:  4864 19:31:32   -20085.900391        0.111742
FIRE:  4865 19:31:32   -20085.912109        0.379951
FIRE:  4866 19:31:33   -20085.957031        0.766034
FIRE:  4867 19:31:33   -20085.990234        1.649751
FIRE:  4868 19:31:33   -20086.019531        0.140570
FIRE:  4869 19:31:34   -20086.009766        1.253913
FIRE:  4870 19:31:34   -20086.017578        1.005925
FIRE:  4871 19:31:34   -20086.027344        0.537893
FIRE:  4872 19:31:35   -20086.021484        0.142521
FIRE:  4873 19:31:35   -20086.015625        0.634169
FIRE:  4874 19:31:35   -20086.023438        0.595508
FIRE:  4875 19:31:36   -20086.025391        0.521188
FIRE:  4876 19:31:36   -20086.015625        0.416470
FIRE:  4877 19:31:36   -20086.013672        0.289629
FIRE:  4878 19:31:37   -20086.019531        0.150096
FIRE:  4879 19:31:37   -20086.031250        0.143636
FIRE:  4880 19:31:37   -20086.021484        0.143845
FIRE:  4881 19:31:38   -20086.025391        0.220819
FIRE:  4882 19:31:38   -20086.025391        0.294962
FIRE:  4883 19:31:38   -20086.031250        0.322287
FIRE:  4884 19:31:39   -20086.029297        0.291078
FIRE:  4885 19:31:39   -20086.037109        0.194784
FIRE:  4886 19:31:39   -20086.029297        0.146652
FIRE:  4887 19:31:40   -20086.042969        0.147528
FIRE:  4888 19:31:40   -20086.035156        0.246355
FIRE:  4889 19:31:40   -20086.039062        0.231391
FIRE:  4890 19:31:41   -20086.027344        0.151337
FIRE:  4891 19:31:41   -20086.037109        0.153119
FIRE:  4892 19:31:41   -20086.070312        0.220041
FIRE:  4893 19:31:42   -20086.060547        0.157619
FIRE:  4894 19:31:42   -20086.080078        0.191536
FIRE:  4895 19:31:42   -20086.093750        0.163329
FIRE:  4896 19:31:43   -20086.107422        0.192490
FIRE:  4897 19:31:43   -20086.136719        0.169138
FIRE:  4898 19:31:43   -20086.177734        0.259706
FIRE:  4899 19:31:44   -20086.216797        0.288813
FIRE:  4900 19:31:44   -20086.255859        0.305091
FIRE:  4901 19:31:44   -20086.316406        0.529065
FIRE:  4902 19:31:45   -20086.341797        1.457205
FIRE:  4903 19:31:45   -20086.294922        3.426339
FIRE:  4904 19:31:45   -20086.412109        0.485427
FIRE:  4905 19:31:46   -20086.291016        4.873489
FIRE:  4906 19:31:46   -20086.373047        2.906740
FIRE:  4907 19:31:46   -20086.425781        0.305031
FIRE:  4908 19:31:47   -20086.410156        1.731972
FIRE:  4909 19:31:47   -20086.412109        1.633045
FIRE:  4910 19:31:47   -20086.412109        1.436478
FIRE:  4911 19:31:48   -20086.431641        1.146197
FIRE:  4912 19:31:48   -20086.433594        0.770062
FIRE:  4913 19:31:48   -20086.445312        0.324100
FIRE:  4914 19:31:49   -20086.443359        0.158336
FIRE:  4915 19:31:49   -20086.451172        0.155542
FIRE:  4916 19:31:49   -20086.451172        0.149786
FIRE:  4917 19:31:50   -20086.443359        0.141414
FIRE:  4918 19:31:50   -20086.449219        0.130644
FIRE:  4919 19:31:50   -20086.441406        0.117320
FIRE:  4920 19:31:51   -20086.449219        0.102538
FIRE:  4921 19:31:51   -20086.451172        0.086043
FIRE:  4922 19:31:51   -20086.447266        0.079661
FIRE:  4923 19:31:52   -20086.445312        0.079679
FIRE:  4924 19:31:52   -20086.458984        0.079712
FIRE:  4925 19:31:52   -20086.441406        0.079752
FIRE:  4926 19:31:53   -20086.457031        0.079801
FIRE:  4927 19:31:53   -20086.455078        0.079851
FIRE:  4928 19:31:53   -20086.451172        0.079923
FIRE:  4929 19:31:54   -20086.449219        0.080012
FIRE:  4930 19:31:54   -20086.460938        0.080118
FIRE:  4931 19:31:54   -20086.458984        0.080246
FIRE:  4932 19:31:55   -20086.445312        0.080401
FIRE:  4933 19:31:55   -20086.462891        0.080592
FIRE:  4934 19:31:55   -20086.457031        0.080818
FIRE:  4935 19:31:56   -20086.453125        0.081093
FIRE:  4936 19:31:56   -20086.458984        0.081419
FIRE:  4937 19:31:56   -20086.474609        0.081809
FIRE:  4938 19:31:57   -20086.482422        0.082261
FIRE:  4939 19:31:57   -20086.478516        0.082779
FIRE:  4940 19:31:57   -20086.482422        0.083386
FIRE:  4941 19:31:58   -20086.492188        0.084064
FIRE:  4942 19:31:58   -20086.517578        0.084795
FIRE:  4943 19:31:58   -20086.537109        0.085550
FIRE:  4944 19:31:59   -20086.562500        0.086265
FIRE:  4945 19:31:59   -20086.570312        0.086842
FIRE:  4946 19:31:59   -20086.597656        0.087209
FIRE:  4947 19:32:00   -20086.632812        0.118277
FIRE:  4948 19:32:00   -20086.687500        0.314032
FIRE:  4949 19:32:00   -20086.712891        1.068889
FIRE:  4950 19:32:01   -20086.710938        2.804394
FIRE:  4951 19:32:01   -20086.781250        0.260562
FIRE:  4952 19:32:01   -20086.716797        3.644037
FIRE:  4953 19:32:02   -20086.753906        2.293216
FIRE:  4954 19:32:02   -20086.781250        0.385468
FIRE:  4955 19:32:02   -20086.787109        1.254341
FIRE:  4956 19:32:03   -20086.781250        1.178909
FIRE:  4957 19:32:03   -20086.785156        1.030272
FIRE:  4958 19:32:03   -20086.789062        0.813992
FIRE:  4959 19:32:04   -20086.787109        0.538368
FIRE:  4960 19:32:04   -20086.789062        0.219312
FIRE:  4961 19:32:04   -20086.791016        0.114597
FIRE:  4962 19:32:05   -20086.792969        0.404842
FIRE:  4963 19:32:05   -20086.789062        0.397260
FIRE:  4964 19:32:05   -20086.783203        0.382753
FIRE:  4965 19:32:06   -20086.796875        0.361170
FIRE:  4966 19:32:06   -20086.796875        0.333068
FIRE:  4967 19:32:06   -20086.796875        0.299151
FIRE:  4968 19:32:07   -20086.783203        0.260378
FIRE:  4969 19:32:07   -20086.792969        0.217847
FIRE:  4970 19:32:07   -20086.794922        0.167311
FIRE:  4971 19:32:08   -20086.781250        0.109745
FIRE:  4972 19:32:08   -20086.789062        0.097550
FIRE:  4973 19:32:08   -20086.791016        0.097544
FIRE:  4974 19:32:09   -20086.796875        0.097535
FIRE:  4975 19:32:09   -20086.798828        0.137224
FIRE:  4976 19:32:09   -20086.794922        0.174698
FIRE:  4977 19:32:09   -20086.802734        0.188337
FIRE:  4978 19:32:10   -20086.806641        0.171371
FIRE:  4979 19:32:10   -20086.798828        0.120684
FIRE:  4980 19:32:10   -20086.812500        0.097410
FIRE:  4981 19:32:11   -20086.820312        0.097369
FIRE:  4982 19:32:11   -20086.822266        0.130510
FIRE:  4983 19:32:11   -20086.820312        0.147483
FIRE:  4984 19:32:12   -20086.822266        0.097153
FIRE:  4985 19:32:12   -20086.824219        0.097042
FIRE:  4986 19:32:12   -20086.828125        0.123034
FIRE:  4987 19:32:13   -20086.814453        0.100901
FIRE:  4988 19:32:13   -20086.837891        0.096551
FIRE:  4989 19:32:13   -20086.833984        0.125431
FIRE:  4990 19:32:14   -20086.861328        0.096202
FIRE:  4991 19:32:14   -20086.888672        0.124793
FIRE:  4992 19:32:14   -20086.912109        0.096402
FIRE:  4993 19:32:15   -20086.947266        0.097150
FIRE:  4994 19:32:15   -20086.980469        0.176219
FIRE:  4995 19:32:15   -20087.011719        0.278757
FIRE:  4996 19:32:16   -20087.054688        0.549797
FIRE:  4997 19:32:16   -20087.099609        1.411294
FIRE:  4998 19:32:16   -20087.066406        3.158793
FIRE:  4999 19:32:17   -20087.169922        0.469335
FIRE:  5000 19:32:17   -20087.070312        4.212048
FIRE:  5001 19:32:17   -20087.128906        2.624511
FIRE:  5002 19:32:18   -20087.169922        0.428579
FIRE:  5003 19:32:18   -20087.152344        1.412386
FIRE:  5004 19:32:18   -20087.154297        1.330837
FIRE:  5005 19:32:19   -20087.156250        1.169672
FIRE:  5006 19:32:19   -20087.154297        0.933247
FIRE:  5007 19:32:19   -20087.154297        0.630586
FIRE:  5008 19:32:20   -20087.169922        0.276318
FIRE:  5009 19:32:20   -20087.173828        0.115085
FIRE:  5010 19:32:20   -20087.160156        0.434934
FIRE:  5011 19:32:21   -20087.171875        0.427229
FIRE:  5012 19:32:21   -20087.169922        0.411500
FIRE:  5013 19:32:21   -20087.171875        0.388772
FIRE:  5014 19:32:22   -20087.167969        0.359061
FIRE:  5015 19:32:22   -20087.171875        0.323109
FIRE:  5016 19:32:22   -20087.173828        0.282027
FIRE:  5017 19:32:23   -20087.169922        0.236557
FIRE:  5018 19:32:23   -20087.171875        0.182989
FIRE:  5019 19:32:23   -20087.175781        0.121346
FIRE:  5020 19:32:24   -20087.173828        0.115180
FIRE:  5021 19:32:24   -20087.173828        0.115196
FIRE:  5022 19:32:24   -20087.175781        0.115218
FIRE:  5023 19:32:25   -20087.173828        0.144275
FIRE:  5024 19:32:25   -20087.185547        0.185855
FIRE:  5025 19:32:25   -20087.189453        0.202326
FIRE:  5026 19:32:26   -20087.187500        0.186607
FIRE:  5027 19:32:26   -20087.189453        0.135143
FIRE:  5028 19:32:26   -20087.203125        0.115455
FIRE:  5029 19:32:27   -20087.199219        0.115521
FIRE:  5030 19:32:27   -20087.195312        0.135236
FIRE:  5031 19:32:27   -20087.199219        0.160267
FIRE:  5032 19:32:28   -20087.205078        0.115746
FIRE:  5033 19:32:28   -20087.228516        0.115817
FIRE:  5034 19:32:28   -20087.242188        0.127145
FIRE:  5035 19:32:29   -20087.244141        0.117391
FIRE:  5036 19:32:29   -20087.267578        0.115855
FIRE:  5037 19:32:29   -20087.281250        0.134940
FIRE:  5038 19:32:30   -20087.302734        0.117172
FIRE:  5039 19:32:30   -20087.314453        0.133856
FIRE:  5040 19:32:30   -20087.335938        0.122168
FIRE:  5041 19:32:31   -20087.394531        0.126934
FIRE:  5042 19:32:31   -20087.396484        0.187421
FIRE:  5043 19:32:31   -20087.423828        0.241673
FIRE:  5044 19:32:32   -20087.486328        0.441177
FIRE:  5045 19:32:32   -20087.544922        1.175491
FIRE:  5046 19:32:32   -20087.539062        2.782811
FIRE:  5047 19:32:33   -20087.621094        0.355654
FIRE:  5048 19:32:33   -20087.556641        3.504697
FIRE:  5049 19:32:33   -20087.599609        2.257845
FIRE:  5050 19:32:34   -20087.626953        0.464834
FIRE:  5051 19:32:34   -20087.619141        1.123077
FIRE:  5052 19:32:34   -20087.621094        1.056804
FIRE:  5053 19:32:35   -20087.636719        0.926142
FIRE:  5054 19:32:35   -20087.626953        0.736417
FIRE:  5055 19:32:35   -20087.634766        0.495799
FIRE:  5056 19:32:36   -20087.636719        0.218245
FIRE:  5057 19:32:36   -20087.634766        0.145477
FIRE:  5058 19:32:36   -20087.638672        0.329962
FIRE:  5059 19:32:37   -20087.644531        0.324278
FIRE:  5060 19:32:37   -20087.628906        0.312784
FIRE:  5061 19:32:37   -20087.632812        0.295948
FIRE:  5062 19:32:38   -20087.644531        0.273995
FIRE:  5063 19:32:38   -20087.642578        0.247412
FIRE:  5064 19:32:38   -20087.650391        0.216971
FIRE:  5065 19:32:39   -20087.640625        0.183438
FIRE:  5066 19:32:39   -20087.636719        0.145620
FIRE:  5067 19:32:39   -20087.638672        0.145643
FIRE:  5068 19:32:40   -20087.658203        0.145672
FIRE:  5069 19:32:40   -20087.638672        0.145708
FIRE:  5070 19:32:40   -20087.642578        0.145756
FIRE:  5071 19:32:41   -20087.642578        0.145812
FIRE:  5072 19:32:41   -20087.642578        0.145883
FIRE:  5073 19:32:41   -20087.640625        0.152247
FIRE:  5074 19:32:42   -20087.644531        0.146075
FIRE:  5075 19:32:42   -20087.642578        0.146202
FIRE:  5076 19:32:42   -20087.640625        0.146359
FIRE:  5077 19:32:43   -20087.642578        0.146549
FIRE:  5078 19:32:43   -20087.632812        0.146786
FIRE:  5079 19:32:43   -20087.621094        0.147072
FIRE:  5080 19:32:44   -20087.636719        0.147421
FIRE:  5081 19:32:44   -20087.646484        0.147853
FIRE:  5082 19:32:44   -20087.658203        0.148384
FIRE:  5083 19:32:45   -20087.656250        0.149043
FIRE:  5084 19:32:45   -20087.679688        0.149863
FIRE:  5085 19:32:45   -20087.701172        0.150898
FIRE:  5086 19:32:46   -20087.699219        0.152215
FIRE:  5087 19:32:46   -20087.716797        0.153901
FIRE:  5088 19:32:46   -20087.722656        0.156062
FIRE:  5089 19:32:47   -20087.771484        0.158773
FIRE:  5090 19:32:47   -20087.787109        0.161942
FIRE:  5091 19:32:47   -20087.847656        0.196483
FIRE:  5092 19:32:48   -20087.896484        0.386160
FIRE:  5093 19:32:48   -20087.925781        1.073177
FIRE:  5094 19:32:48   -20087.939453        2.576642
FIRE:  5095 19:32:49   -20087.988281        0.324594
FIRE:  5096 19:32:49   -20087.927734        3.129212
FIRE:  5097 19:32:49   -20087.988281        2.059783
FIRE:  5098 19:32:50   -20087.996094        0.485474
FIRE:  5099 19:32:50   -20088.000000        0.957021
FIRE:  5100 19:32:50   -20088.001953        0.900391
FIRE:  5101 19:32:51   -20087.996094        0.788812
FIRE:  5102 19:32:51   -20087.986328        0.627138
FIRE:  5103 19:32:51   -20087.998047        0.423626
FIRE:  5104 19:32:52   -20087.986328        0.190820
FIRE:  5105 19:32:52   -20087.994141        0.143328
FIRE:  5106 19:32:52   -20088.000000        0.268056
FIRE:  5107 19:32:53   -20088.005859        0.443681
FIRE:  5108 19:32:53   -20088.009766        0.434231
FIRE:  5109 19:32:53   -20087.998047        0.415785
FIRE:  5110 19:32:54   -20087.998047        0.388678
FIRE:  5111 19:32:54   -20087.996094        0.353464
FIRE:  5112 19:32:54   -20088.000000        0.311318
FIRE:  5113 19:32:55   -20088.009766        0.263515
FIRE:  5114 19:32:55   -20088.003906        0.211092
FIRE:  5115 19:32:55   -20088.017578        0.150196
FIRE:  5116 19:32:56   -20088.011719        0.142626
FIRE:  5117 19:32:56   -20088.017578        0.142524
FIRE:  5118 19:32:56   -20088.015625        0.142403
FIRE:  5119 19:32:57   -20088.027344        0.142253
FIRE:  5120 19:32:57   -20088.023438        0.179691
FIRE:  5121 19:32:57   -20088.023438        0.205823
FIRE:  5122 19:32:58   -20088.031250        0.200581
FIRE:  5123 19:32:58   -20088.017578        0.158642
FIRE:  5124 19:32:58   -20088.017578        0.140788
FIRE:  5125 19:32:59   -20088.001953        0.140272
FIRE:  5126 19:32:59   -20088.027344        0.139630
FIRE:  5127 19:32:59   -20088.007812        0.165590
FIRE:  5128 19:33:00   -20088.021484        0.137873
FIRE:  5129 19:33:00   -20088.019531        0.136677
FIRE:  5130 19:33:00   -20088.013672        0.135197
FIRE:  5131 19:33:01   -20088.027344        0.136647
FIRE:  5132 19:33:01   -20088.058594        0.131119
FIRE:  5133 19:33:01   -20088.068359        0.128867
FIRE:  5134 19:33:02   -20088.093750        0.124940
FIRE:  5135 19:33:02   -20088.099609        0.122815
FIRE:  5136 19:33:02   -20088.115234        0.115813
FIRE:  5137 19:33:03   -20088.146484        0.160077
FIRE:  5138 19:33:03   -20088.197266        0.163558
FIRE:  5139 19:33:03   -20088.220703        0.154768
FIRE:  5140 19:33:04   -20088.259766        0.257467
FIRE:  5141 19:33:04   -20088.314453        0.748282
FIRE:  5142 19:33:04   -20088.330078        1.999524
FIRE:  5143 19:33:05   -20088.353516        0.185335
FIRE:  5144 19:33:05   -20088.353516        2.247937
FIRE:  5145 19:33:05   -20088.351562        1.536534
FIRE:  5146 19:33:06   -20088.376953        0.438085
FIRE:  5147 19:33:06   -20088.375000        0.635190
FIRE:  5148 19:33:06   -20088.378906        0.596466
FIRE:  5149 19:33:07   -20088.375000        0.521251
FIRE:  5150 19:33:07   -20088.373047        0.413173
FIRE:  5151 19:33:07   -20088.376953        0.278632
FIRE:  5152 19:33:08   -20088.388672        0.126988
FIRE:  5153 19:33:08   -20088.386719        0.067555
FIRE:  5154 19:33:08   -20088.394531        0.167077
FIRE:  5155 19:33:09   -20088.392578        0.280654
FIRE:  5156 19:33:09   -20088.388672        0.349227
FIRE:  5157 19:33:09   -20088.371094        0.353800
FIRE:  5158 19:33:10   -20088.388672        0.282055
FIRE:  5159 19:33:10   -20088.382812        0.135856
FIRE:  5160 19:33:10   -20088.384766        0.067150
FIRE:  5161 19:33:11   -20088.390625        0.217069
FIRE:  5162 19:33:11   -20088.404297        0.272749
FIRE:  5163 19:33:11   -20088.416016        0.178067
FIRE:  5164 19:33:12   -20088.394531        0.066515
FIRE:  5165 19:33:12   -20088.398438        0.233435
FIRE:  5166 19:33:12   -20088.421875        0.175099
FIRE:  5167 19:33:13   -20088.433594        0.108089
FIRE:  5168 19:33:13   -20088.425781        0.214282
FIRE:  5169 19:33:13   -20088.447266        0.068328
FIRE:  5170 19:33:14   -20088.476562        0.194750
FIRE:  5171 19:33:14   -20088.470703        0.206400
FIRE:  5172 19:33:14   -20088.517578        0.061790
FIRE:  5173 19:33:15   -20088.544922        0.083026
FIRE:  5174 19:33:15   -20088.564453        0.303557
FIRE:  5175 19:33:15   -20088.617188        0.993213
FIRE:  5176 19:33:16   -20088.591797        2.512472
FIRE:  5177 19:33:16   -20088.658203        0.257195
FIRE:  5178 19:33:16   -20088.609375        3.082854
FIRE:  5179 19:33:17   -20088.630859        2.014939
FIRE:  5180 19:33:17   -20088.660156        0.447537
FIRE:  5181 19:33:17   -20088.658203        0.980502
FIRE:  5182 19:33:18   -20088.662109        0.921515
FIRE:  5183 19:33:18   -20088.658203        0.805610
FIRE:  5184 19:33:18   -20088.664062        0.637722
FIRE:  5185 19:33:19   -20088.660156        0.426499
FIRE:  5186 19:33:19   -20088.667969        0.184206
FIRE:  5187 19:33:19   -20088.654297        0.068667
FIRE:  5188 19:33:20   -20088.667969        0.290245
FIRE:  5189 19:33:20   -20088.652344        0.284958
FIRE:  5190 19:33:20   -20088.662109        0.275059
FIRE:  5191 19:33:21   -20088.666016        0.260352
FIRE:  5192 19:33:21   -20088.669922        0.241079
FIRE:  5193 19:33:21   -20088.662109        0.217827
FIRE:  5194 19:33:22   -20088.664062        0.191293
FIRE:  5195 19:33:22   -20088.662109        0.162074
FIRE:  5196 19:33:22   -20088.664062        0.127147
FIRE:  5197 19:33:23   -20088.666016        0.087314
FIRE:  5198 19:33:23   -20088.666016        0.061296
FIRE:  5199 19:33:23   -20088.669922        0.061328
FIRE:  5200 19:33:24   -20088.671875        0.061376
FIRE:  5201 19:33:24   -20088.673828        0.091228
FIRE:  5202 19:33:24   -20088.677734        0.120797
FIRE:  5203 19:33:25   -20088.671875        0.134367
FIRE:  5204 19:33:25   -20088.671875        0.126549
FIRE:  5205 19:33:25   -20088.679688        0.094165
FIRE:  5206 19:33:26   -20088.683594        0.061918
FIRE:  5207 19:33:26   -20088.683594        0.062072
FIRE:  5208 19:33:26   -20088.669922        0.086880
FIRE:  5209 19:33:27   -20088.677734        0.107255
FIRE:  5210 19:33:27   -20088.687500        0.072197
FIRE:  5211 19:33:27   -20088.705078        0.063093
FIRE:  5212 19:33:28   -20088.707031        0.082856
FIRE:  5213 19:33:28   -20088.701172        0.081573
FIRE:  5214 19:33:28   -20088.724609        0.064526
FIRE:  5215 19:33:29   -20088.712891        0.089525
FIRE:  5216 19:33:29   -20088.750000        0.066164
FIRE:  5217 19:33:29   -20088.755859        0.088390
FIRE:  5218 19:33:30   -20088.796875        0.068867
FIRE:  5219 19:33:30   -20088.808594        0.088614
FIRE:  5220 19:33:30   -20088.841797        0.123616
FIRE:  5221 19:33:31   -20088.861328        0.158792
FIRE:  5222 19:33:31   -20088.910156        0.303374
FIRE:  5223 19:33:31   -20088.941406        0.862967
FIRE:  5224 19:33:32   -20088.970703        2.213788
FIRE:  5225 19:33:32   -20089.013672        0.207131
FIRE:  5226 19:33:32   -20088.992188        2.571337
FIRE:  5227 19:33:33   -20089.003906        1.724892
FIRE:  5228 19:33:33   -20089.037109        0.444563
FIRE:  5229 19:33:33   -20089.031250        0.767429
FIRE:  5230 19:33:34   -20089.029297        0.720640
FIRE:  5231 19:33:34   -20089.033203        0.629487
FIRE:  5232 19:33:34   -20089.027344        0.498340
FIRE:  5233 19:33:35   -20089.029297        0.334443
FIRE:  5234 19:33:35   -20089.039062        0.148732
FIRE:  5235 19:33:35   -20089.035156        0.110796
FIRE:  5236 19:33:35   -20089.033203        0.211504
FIRE:  5237 19:33:36   -20089.035156        0.349282
FIRE:  5238 19:33:36   -20089.029297        0.430113
FIRE:  5239 19:33:36   -20089.035156        0.431559
FIRE:  5240 19:33:37   -20089.044922        0.338522
FIRE:  5241 19:33:37   -20089.042969        0.155438
FIRE:  5242 19:33:37   -20089.050781        0.113157
FIRE:  5243 19:33:38   -20089.062500        0.271280
FIRE:  5244 19:33:38   -20089.072266        0.331110
FIRE:  5245 19:33:38   -20089.054688        0.208777
FIRE:  5246 19:33:39   -20089.052734        0.117528
FIRE:  5247 19:33:39   -20089.060547        0.289093
FIRE:  5248 19:33:39   -20089.060547        0.204585
FIRE:  5249 19:33:40   -20089.080078        0.143409
FIRE:  5250 19:33:40   -20089.101562        0.257741
FIRE:  5251 19:33:40   -20089.126953        0.136603
FIRE:  5252 19:33:41   -20089.162109        0.232213
FIRE:  5253 19:33:41   -20089.195312        0.258258
FIRE:  5254 19:33:41   -20089.220703        0.147664
FIRE:  5255 19:33:42   -20089.267578        0.143842
FIRE:  5256 19:33:42   -20089.349609        0.373626
FIRE:  5257 19:33:42   -20089.414062        1.234508
FIRE:  5258 19:33:43   -20089.416016        3.076098
FIRE:  5259 19:33:43   -20089.500000        0.433698
FIRE:  5260 19:33:43   -20089.425781        4.046058
FIRE:  5261 19:33:44   -20089.478516        2.534962
FIRE:  5262 19:33:44   -20089.509766        0.430191
FIRE:  5263 19:33:44   -20089.500000        1.345298
FIRE:  5264 19:33:45   -20089.496094        1.266880
FIRE:  5265 19:33:45   -20089.492188        1.112078
FIRE:  5266 19:33:45   -20089.517578        0.885746
FIRE:  5267 19:33:46   -20089.507812        0.596667
FIRE:  5268 19:33:46   -20089.505859        0.261096
FIRE:  5269 19:33:46   -20089.507812        0.170581
FIRE:  5270 19:33:47   -20089.517578        0.410253
FIRE:  5271 19:33:47   -20089.515625        0.402945
FIRE:  5272 19:33:47   -20089.511719        0.388369
FIRE:  5273 19:33:48   -20089.521484        0.366684
FIRE:  5274 19:33:48   -20089.517578        0.338987
FIRE:  5275 19:33:48   -20089.515625        0.305295
FIRE:  5276 19:33:49   -20089.515625        0.266780
FIRE:  5277 19:33:49   -20089.515625        0.224102
FIRE:  5278 19:33:49   -20089.509766        0.174197
FIRE:  5279 19:33:50   -20089.523438        0.171481
FIRE:  5280 19:33:50   -20089.521484        0.171643
FIRE:  5281 19:33:50   -20089.521484        0.171838
FIRE:  5282 19:33:51   -20089.511719        0.172082
FIRE:  5283 19:33:51   -20089.517578        0.172381
FIRE:  5284 19:33:51   -20089.517578        0.173468
FIRE:  5285 19:33:52   -20089.523438        0.189598
FIRE:  5286 19:33:52   -20089.523438        0.175337
FIRE:  5287 19:33:52   -20089.525391        0.174364
FIRE:  5288 19:33:53   -20089.529297        0.175140
FIRE:  5289 19:33:53   -20089.535156        0.176076
FIRE:  5290 19:33:53   -20089.541016        0.177196
FIRE:  5291 19:33:54   -20089.554688        0.178532
FIRE:  5292 19:33:54   -20089.556641        0.180116
FIRE:  5293 19:33:54   -20089.554688        0.181995
FIRE:  5294 19:33:55   -20089.564453        0.184230
FIRE:  5295 19:33:55   -20089.560547        0.186881
FIRE:  5296 19:33:55   -20089.570312        0.189992
FIRE:  5297 19:33:56   -20089.580078        0.193683
FIRE:  5298 19:33:56   -20089.609375        0.197996
FIRE:  5299 19:33:56   -20089.632812        0.202985
FIRE:  5300 19:33:57   -20089.685547        0.208519
FIRE:  5301 19:33:57   -20089.716797        0.214322
FIRE:  5302 19:33:57   -20089.769531        0.219678
FIRE:  5303 19:33:58   -20089.820312        0.256136
FIRE:  5304 19:33:58   -20089.880859        0.499108
FIRE:  5305 19:33:58   -20089.902344        1.362556
FIRE:  5306 19:33:59   -20089.923828        3.134690
FIRE:  5307 19:33:59   -20090.005859        0.518282
FIRE:  5308 19:33:59   -20089.931641        4.067760
FIRE:  5309 19:34:00   -20089.986328        2.571531
FIRE:  5310 19:34:00   -20090.029297        0.476508
FIRE:  5311 19:34:00   -20090.017578        1.307769
FIRE:  5312 19:34:01   -20090.017578        1.232399
FIRE:  5313 19:34:01   -20090.027344        1.083808
FIRE:  5314 19:34:01   -20090.029297        0.866694
FIRE:  5315 19:34:02   -20090.029297        0.589825
FIRE:  5316 19:34:02   -20090.027344        0.268158
FIRE:  5317 19:34:02   -20090.033203        0.195921
FIRE:  5318 19:34:03   -20090.031250        0.379205
FIRE:  5319 19:34:03   -20090.037109        0.372561
FIRE:  5320 19:34:03   -20090.041016        0.359165
FIRE:  5321 19:34:04   -20090.035156        0.339896
FIRE:  5322 19:34:04   -20090.035156        0.314373
FIRE:  5323 19:34:04   -20090.031250        0.283911
FIRE:  5324 19:34:05   -20090.044922        0.248944
FIRE:  5325 19:34:05   -20090.033203        0.210298
FIRE:  5326 19:34:05   -20090.037109        0.194890
FIRE:  5327 19:34:06   -20090.031250        0.194726
FIRE:  5328 19:34:06   -20090.035156        0.194508
FIRE:  5329 19:34:06   -20090.035156        0.194229
FIRE:  5330 19:34:07   -20090.029297        0.193898
FIRE:  5331 19:34:07   -20090.033203        0.193475
FIRE:  5332 19:34:07   -20090.041016        0.192945
FIRE:  5333 19:34:08   -20090.041016        0.192293
FIRE:  5334 19:34:08   -20090.041016        0.191472
FIRE:  5335 19:34:08   -20090.044922        0.190458
FIRE:  5336 19:34:09   -20090.054688        0.189176
FIRE:  5337 19:34:09   -20090.052734        0.187550
FIRE:  5338 19:34:09   -20090.058594        0.185490
FIRE:  5339 19:34:10   -20090.070312        0.182816
FIRE:  5340 19:34:10   -20090.085938        0.179343
FIRE:  5341 19:34:10   -20090.078125        0.174808
FIRE:  5342 19:34:11   -20090.089844        0.168773
FIRE:  5343 19:34:11   -20090.095703        0.160703
FIRE:  5344 19:34:11   -20090.130859        0.149788
FIRE:  5345 19:34:12   -20090.130859        0.135087
FIRE:  5346 19:34:12   -20090.154297        0.115587
FIRE:  5347 19:34:12   -20090.171875        0.116917
FIRE:  5348 19:34:13   -20090.183594        0.079676
FIRE:  5349 19:34:13   -20090.212891        0.093152
FIRE:  5350 19:34:13   -20090.253906        0.169013
FIRE:  5351 19:34:14   -20090.291016        0.258237
FIRE:  5352 19:34:14   -20090.349609        0.492858
FIRE:  5353 19:34:14   -20090.380859        1.242112
FIRE:  5354 19:34:15   -20090.394531        2.786388
FIRE:  5355 19:34:15   -20090.472656        0.411551
FIRE:  5356 19:34:15   -20090.402344        3.455346
FIRE:  5357 19:34:16   -20090.441406        2.250057
FIRE:  5358 19:34:16   -20090.464844        0.503445
FIRE:  5359 19:34:16   -20090.466797        1.064798
FIRE:  5360 19:34:17   -20090.472656        1.002551
FIRE:  5361 19:34:17   -20090.468750        0.880214
FIRE:  5362 19:34:17   -20090.468750        0.702424
FIRE:  5363 19:34:18   -20090.458984        0.477632
FIRE:  5364 19:34:18   -20090.472656        0.218258
FIRE:  5365 19:34:18   -20090.472656        0.078773
FIRE:  5366 19:34:19   -20090.468750        0.298910
FIRE:  5367 19:34:19   -20090.470703        0.293572
FIRE:  5368 19:34:19   -20090.466797        0.283600
FIRE:  5369 19:34:20   -20090.464844        0.268672
FIRE:  5370 19:34:20   -20090.476562        0.249194
FIRE:  5371 19:34:20   -20090.486328        0.225605
FIRE:  5372 19:34:21   -20090.470703        0.198709
FIRE:  5373 19:34:21   -20090.476562        0.168891
FIRE:  5374 19:34:21   -20090.472656        0.133568
FIRE:  5375 19:34:22   -20090.470703        0.092955
FIRE:  5376 19:34:22   -20090.472656        0.078884
FIRE:  5377 19:34:22   -20090.472656        0.078905
FIRE:  5378 19:34:23   -20090.478516        0.078928
FIRE:  5379 19:34:23   -20090.470703        0.090965
FIRE:  5380 19:34:23   -20090.476562        0.122317
FIRE:  5381 19:34:24   -20090.476562        0.137623
FIRE:  5382 19:34:24   -20090.478516        0.131456
FIRE:  5383 19:34:24   -20090.482422        0.100401
FIRE:  5384 19:34:25   -20090.474609        0.079263
FIRE:  5385 19:34:25   -20090.474609        0.079361
FIRE:  5386 19:34:25   -20090.474609        0.085938
FIRE:  5387 19:34:26   -20090.468750        0.110318
FIRE:  5388 19:34:26   -20090.482422        0.079822
FIRE:  5389 19:34:26   -20090.476562        0.080041
FIRE:  5390 19:34:27   -20090.480469        0.081791
FIRE:  5391 19:34:27   -20090.488281        0.086914
FIRE:  5392 19:34:27   -20090.503906        0.080947
FIRE:  5393 19:34:28   -20090.533203        0.090399
FIRE:  5394 19:34:28   -20090.539062        0.084134
FIRE:  5395 19:34:28   -20090.570312        0.090427
FIRE:  5396 19:34:29   -20090.580078        0.098746
FIRE:  5397 19:34:29   -20090.609375        0.109885
FIRE:  5398 19:34:29   -20090.611328        0.125018
FIRE:  5399 19:34:30   -20090.654297        0.145831
FIRE:  5400 19:34:30   -20090.705078        0.260119
FIRE:  5401 19:34:30   -20090.740234        0.736107
FIRE:  5402 19:34:31   -20090.773438        1.949098
FIRE:  5403 19:34:31   -20090.818359        0.266640
FIRE:  5404 19:34:31   -20090.816406        2.158943
FIRE:  5405 19:34:32   -20090.818359        1.480466
FIRE:  5406 19:34:32   -20090.824219        0.428788
FIRE:  5407 19:34:32   -20090.826172        0.599340
FIRE:  5408 19:34:33   -20090.826172        0.562885
FIRE:  5409 19:34:33   -20090.839844        0.491863
FIRE:  5410 19:34:33   -20090.833984        0.389826
FIRE:  5411 19:34:34   -20090.845703        0.278231
FIRE:  5412 19:34:34   -20090.830078        0.279065
FIRE:  5413 19:34:34   -20090.855469        0.280110
FIRE:  5414 19:34:35   -20090.839844        0.281341
FIRE:  5415 19:34:35   -20090.832031        0.282906
FIRE:  5416 19:34:35   -20090.843750        0.324931
FIRE:  5417 19:34:36   -20090.853516        0.328856
FIRE:  5418 19:34:36   -20090.849609        0.290054
FIRE:  5419 19:34:36   -20090.837891        0.293546
FIRE:  5420 19:34:37   -20090.857422        0.297828
FIRE:  5421 19:34:37   -20090.869141        0.303065
FIRE:  5422 19:34:37   -20090.861328        0.309328
FIRE:  5423 19:34:38   -20090.871094        0.316704
FIRE:  5424 19:34:38   -20090.876953        0.325318
FIRE:  5425 19:34:38   -20090.878906        0.335126
FIRE:  5426 19:34:39   -20090.882812        0.345694
FIRE:  5427 19:34:39   -20090.910156        0.356187
FIRE:  5428 19:34:39   -20090.931641        0.364731
FIRE:  5429 19:34:40   -20090.970703        0.367496
FIRE:  5430 19:34:40   -20090.988281        0.357048
FIRE:  5431 19:34:40   -20091.039062        0.318577
FIRE:  5432 19:34:41   -20091.066406        0.223178
FIRE:  5433 19:34:41   -20091.101562        0.155806
FIRE:  5434 19:34:41   -20091.119141        0.340283
FIRE:  5435 19:34:42   -20091.148438        0.564786
FIRE:  5436 19:34:42   -20091.203125        1.304541
FIRE:  5437 19:34:42   -20091.126953        3.795039
FIRE:  5438 19:34:42   -20091.300781        0.339352
FIRE:  5439 19:34:43   -20091.109375        5.985756
FIRE:  5440 19:34:43   -20091.238281        3.090004
FIRE:  5441 19:34:43   -20091.320312        0.307205
FIRE:  5442 19:34:44   -20091.308594        0.283605
FIRE:  5443 19:34:44   -20091.300781        0.281443
FIRE:  5444 19:34:44   -20091.312500        0.278207
FIRE:  5445 19:34:45   -20091.310547        0.273881
FIRE:  5446 19:34:45   -20091.302734        0.268487
FIRE:  5447 19:34:45   -20091.326172        0.262070
FIRE:  5448 19:34:46   -20091.298828        0.254680
FIRE:  5449 19:34:46   -20091.316406        0.245478
FIRE:  5450 19:34:46   -20091.306641        0.234186
FIRE:  5451 19:34:47   -20091.300781        0.220512
FIRE:  5452 19:34:47   -20091.302734        0.204113
FIRE:  5453 19:34:47   -20091.306641        0.184627
FIRE:  5454 19:34:48   -20091.316406        0.161848
FIRE:  5455 19:34:48   -20091.326172        0.135934
FIRE:  5456 19:34:48   -20091.347656        0.107427
FIRE:  5457 19:34:49   -20091.349609        0.077672
FIRE:  5458 19:34:49   -20091.353516        0.117754
FIRE:  5459 19:34:49   -20091.361328        0.056141
FIRE:  5460 19:34:50   -20091.363281        0.110622
FIRE:  5461 19:34:50   -20091.369141        0.079901
FIRE:  5462 19:34:50   -20091.400391        0.119680
FIRE:  5463 19:34:51   -20091.390625        0.116099
FIRE:  5464 19:34:51   -20091.388672        0.121368
FIRE:  5465 19:34:51   -20091.410156        0.173118
FIRE:  5466 19:34:52   -20091.451172        0.283242
FIRE:  5467 19:34:52   -20091.476562        0.599414
FIRE:  5468 19:34:52   -20091.501953        1.342874
FIRE:  5469 19:34:53   -20091.515625        0.218226
FIRE:  5470 19:34:53   -20091.519531        1.261057
FIRE:  5471 19:34:53   -20091.521484        0.933843
FIRE:  5472 19:34:54   -20091.525391        0.389577
FIRE:  5473 19:34:54   -20091.537109        0.206530
FIRE:  5474 19:34:54   -20091.523438        0.194978
FIRE:  5475 19:34:55   -20091.529297        0.172403
FIRE:  5476 19:34:55   -20091.531250        0.140476
FIRE:  5477 19:34:55   -20091.544922        0.101190
FIRE:  5478 19:34:56   -20091.533203        0.092221
FIRE:  5479 19:34:56   -20091.535156        0.092245
FIRE:  5480 19:34:56   -20091.544922        0.092252
FIRE:  5481 19:34:57   -20091.541016        0.092315
FIRE:  5482 19:34:57   -20091.542969        0.097569
FIRE:  5483 19:34:57   -20091.541016        0.108505
FIRE:  5484 19:34:58   -20091.541016        0.096924
FIRE:  5485 19:34:58   -20091.544922        0.092720
FIRE:  5486 19:34:58   -20091.548828        0.092883
FIRE:  5487 19:34:59   -20091.550781        0.093081
FIRE:  5488 19:34:59   -20091.546875        0.093308
FIRE:  5489 19:34:59   -20091.558594        0.093485
FIRE:  5490 19:35:00   -20091.560547        0.093666
FIRE:  5491 19:35:00   -20091.578125        0.093769
FIRE:  5492 19:35:00   -20091.574219        0.093874
FIRE:  5493 19:35:01   -20091.593750        0.093886
FIRE:  5494 19:35:01   -20091.585938        0.093670
FIRE:  5495 19:35:01   -20091.582031        0.092999
FIRE:  5496 19:35:02   -20091.589844        0.091734
FIRE:  5497 19:35:02   -20091.623047        0.089696
FIRE:  5498 19:35:02   -20091.646484        0.086327
FIRE:  5499 19:35:03   -20091.687500        0.096970
FIRE:  5500 19:35:03   -20091.728516        0.206021
FIRE:  5501 19:35:03   -20091.765625        0.551617
FIRE:  5502 19:35:04   -20091.771484        1.401654
FIRE:  5503 19:35:04   -20091.773438        0.191715
FIRE:  5504 19:35:04   -20091.773438        1.374230
FIRE:  5505 19:35:05   -20091.779297        1.002163
FIRE:  5506 19:35:05   -20091.783203        0.390929
FIRE:  5507 19:35:05   -20091.787109        0.267637
FIRE:  5508 19:35:06   -20091.789062        0.252337
FIRE:  5509 19:35:06   -20091.791016        0.222542
FIRE:  5510 19:35:06   -20091.783203        0.180011
FIRE:  5511 19:35:07   -20091.792969        0.127406
FIRE:  5512 19:35:07   -20091.791016        0.069252
FIRE:  5513 19:35:07   -20091.792969        0.061333
FIRE:  5514 19:35:08   -20091.791016        0.061334
FIRE:  5515 19:35:08   -20091.787109        0.098330
FIRE:  5516 19:35:08   -20091.792969        0.132312
FIRE:  5517 19:35:09   -20091.791016        0.142853
FIRE:  5518 19:35:09   -20091.798828        0.123179
FIRE:  5519 19:35:09   -20091.800781        0.072410
FIRE:  5520 19:35:10   -20091.796875        0.061375
FIRE:  5521 19:35:10   -20091.800781        0.076965
FIRE:  5522 19:35:10   -20091.787109        0.111902
FIRE:  5523 19:35:11   -20091.804688        0.085549
FIRE:  5524 19:35:11   -20091.802734        0.061350
FIRE:  5525 19:35:11   -20091.816406        0.088062
FIRE:  5526 19:35:12   -20091.822266        0.083709
FIRE:  5527 19:35:12   -20091.832031        0.061097
FIRE:  5528 19:35:12   -20091.849609        0.094969
FIRE:  5529 19:35:13   -20091.871094        0.060530
FIRE:  5530 19:35:13   -20091.892578        0.094769
FIRE:  5531 19:35:13   -20091.914062        0.068899
FIRE:  5532 19:35:14   -20091.939453        0.058104
FIRE:  5533 19:35:14   -20091.937500        0.092653
FIRE:  5534 19:35:14   -20091.974609        0.227584
FIRE:  5535 19:35:15   -20092.019531        0.647835
FIRE:  5536 19:35:15   -20092.025391        1.638394
FIRE:  5537 19:35:15   -20092.046875        0.200792
FIRE:  5538 19:35:16   -20092.021484        1.699641
FIRE:  5539 19:35:16   -20092.039062        1.211148
FIRE:  5540 19:35:16   -20092.035156        0.427068
FIRE:  5541 19:35:17   -20092.035156        0.391351
FIRE:  5542 19:35:17   -20092.039062        0.368294
FIRE:  5543 19:35:17   -20092.041016        0.323522
FIRE:  5544 19:35:18   -20092.037109        0.259703
FIRE:  5545 19:35:18   -20092.046875        0.180794
FIRE:  5546 19:35:18   -20092.046875        0.092851
FIRE:  5547 19:35:19   -20092.037109        0.060633
FIRE:  5548 19:35:19   -20092.046875        0.085172
FIRE:  5549 19:35:19   -20092.050781        0.155511
FIRE:  5550 19:35:20   -20092.044922        0.202495
FIRE:  5551 19:35:20   -20092.050781        0.212680
FIRE:  5552 19:35:20   -20092.058594        0.178098
FIRE:  5553 19:35:21   -20092.060547        0.097539
FIRE:  5554 19:35:21   -20092.050781        0.060989
FIRE:  5555 19:35:21   -20092.056641        0.121901
FIRE:  5556 19:35:22   -20092.058594        0.166073
FIRE:  5557 19:35:22   -20092.058594        0.119004
FIRE:  5558 19:35:22   -20092.080078        0.062700
FIRE:  5559 19:35:23   -20092.068359        0.136004
FIRE:  5560 19:35:23   -20092.085938        0.117305
FIRE:  5561 19:35:23   -20092.097656        0.065285
FIRE:  5562 19:35:24   -20092.099609        0.137253
FIRE:  5563 19:35:24   -20092.107422        0.068114
FIRE:  5564 19:35:24   -20092.138672        0.134058
FIRE:  5565 19:35:25   -20092.140625        0.112643
FIRE:  5566 19:35:25   -20092.144531        0.074996
FIRE:  5567 19:35:25   -20092.183594        0.107404
FIRE:  5568 19:35:26   -20092.222656        0.286839
FIRE:  5569 19:35:26   -20092.277344        0.816827
FIRE:  5570 19:35:26   -20092.271484        1.991704
FIRE:  5571 19:35:27   -20092.312500        0.234105
FIRE:  5572 19:35:27   -20092.291016        2.205469
FIRE:  5573 19:35:27   -20092.298828        1.524917
FIRE:  5574 19:35:28   -20092.316406        0.466327
FIRE:  5575 19:35:28   -20092.318359        0.586161
FIRE:  5576 19:35:28   -20092.326172        0.551560
FIRE:  5577 19:35:29   -20092.326172        0.483566
FIRE:  5578 19:35:29   -20092.312500        0.385870
FIRE:  5579 19:35:29   -20092.320312        0.264526
FIRE:  5580 19:35:30   -20092.320312        0.127728
FIRE:  5581 19:35:30   -20092.310547        0.090770
FIRE:  5582 19:35:30   -20092.320312        0.145384
FIRE:  5583 19:35:31   -20092.320312        0.251186
FIRE:  5584 19:35:31   -20092.306641        0.317421
FIRE:  5585 19:35:31   -20092.316406        0.326889
FIRE:  5586 19:35:32   -20092.326172        0.266907
FIRE:  5587 19:35:32   -20092.304688        0.138495
FIRE:  5588 19:35:32   -20092.308594        0.091402
FIRE:  5589 19:35:33   -20092.330078        0.192386
FIRE:  5590 19:35:33   -20092.337891        0.252688
FIRE:  5591 19:35:33   -20092.328125        0.176234
FIRE:  5592 19:35:34   -20092.333984        0.092432
FIRE:  5593 19:35:34   -20092.339844        0.209789
FIRE:  5594 19:35:34   -20092.341797        0.175902
FIRE:  5595 19:35:35   -20092.335938        0.093891
FIRE:  5596 19:35:35   -20092.351562        0.205037
FIRE:  5597 19:35:35   -20092.347656        0.095300
FIRE:  5598 19:35:35   -20092.367188        0.199893
FIRE:  5599 19:35:36   -20092.378906        0.164184
FIRE:  5600 19:35:36   -20092.417969        0.097670
FIRE:  5601 19:35:36   -20092.449219        0.168621
FIRE:  5602 19:35:37   -20092.507812        0.440380
FIRE:  5603 19:35:37   -20092.556641        1.168245
FIRE:  5604 19:35:38   -20092.539062        2.632583
FIRE:  5605 19:35:38   -20092.583984        0.368979
FIRE:  5606 19:35:38   -20092.535156        3.205462
FIRE:  5607 19:35:39   -20092.560547        2.110300
FIRE:  5608 19:35:39   -20092.603516        0.502135
FIRE:  5609 19:35:39   -20092.591797        0.970262
FIRE:  5610 19:35:39   -20092.609375        0.913314
FIRE:  5611 19:35:40   -20092.599609        0.801570
FIRE:  5612 19:35:40   -20092.607422        0.639824
FIRE:  5613 19:35:40   -20092.601562        0.435515
FIRE:  5614 19:35:41   -20092.593750        0.200803
FIRE:  5615 19:35:41   -20092.609375        0.099609
FIRE:  5616 19:35:41   -20092.605469        0.269287
FIRE:  5617 19:35:42   -20092.609375        0.448533
FIRE:  5618 19:35:42   -20092.607422        0.439014
FIRE:  5619 19:35:42   -20092.599609        0.420574
FIRE:  5620 19:35:43   -20092.611328        0.393338
FIRE:  5621 19:35:43   -20092.601562        0.358323
FIRE:  5622 19:35:43   -20092.611328        0.316339
FIRE:  5623 19:35:44   -20092.619141        0.268221
FIRE:  5624 19:35:44   -20092.607422        0.216101
FIRE:  5625 19:35:44   -20092.621094        0.154929
FIRE:  5626 19:35:45   -20092.615234        0.100104
FIRE:  5627 19:35:45   -20092.615234        0.100165
FIRE:  5628 19:35:45   -20092.623047        0.100249
FIRE:  5629 19:35:46   -20092.615234        0.131608
FIRE:  5630 19:35:46   -20092.626953        0.182101
FIRE:  5631 19:35:46   -20092.619141        0.209138
FIRE:  5632 19:35:47   -20092.625000        0.204792
FIRE:  5633 19:35:47   -20092.605469        0.163606
FIRE:  5634 19:35:47   -20092.630859        0.101341
FIRE:  5635 19:35:48   -20092.617188        0.101682
FIRE:  5636 19:35:48   -20092.638672        0.121108
FIRE:  5637 19:35:48   -20092.638672        0.168927
FIRE:  5638 19:35:49   -20092.642578        0.134007
FIRE:  5639 19:35:49   -20092.646484        0.103989
FIRE:  5640 19:35:49   -20092.658203        0.112252
FIRE:  5641 19:35:50   -20092.671875        0.141630
FIRE:  5642 19:35:50   -20092.689453        0.107421
FIRE:  5643 19:35:50   -20092.699219        0.128687
FIRE:  5644 19:35:51   -20092.710938        0.111207
FIRE:  5645 19:35:51   -20092.703125        0.119340
FIRE:  5646 19:35:51   -20092.734375        0.117020
FIRE:  5647 19:35:52   -20092.781250        0.163062
FIRE:  5648 19:35:52   -20092.822266        0.140694
FIRE:  5649 19:35:52   -20092.849609        0.132842
FIRE:  5650 19:35:53   -20092.878906        0.141364
FIRE:  5651 19:35:53   -20092.953125        0.351026
FIRE:  5652 19:35:53   -20093.011719        1.230658
FIRE:  5653 19:35:54   -20092.958984        5.538188
FIRE:  5654 19:35:54   -20093.097656        2.258791
FIRE:  5655 19:35:54   -20093.103516        1.718185
FIRE:  5656 19:35:55   -20093.130859        0.646163
FIRE:  5657 19:35:55   -20093.126953        0.807491
FIRE:  5658 19:35:55   -20093.132812        0.738801
FIRE:  5659 19:35:56   -20093.119141        0.608529
FIRE:  5660 19:35:56   -20093.123047        0.430435
FIRE:  5661 19:35:56   -20093.130859        0.224010
FIRE:  5662 19:35:57   -20093.134766        0.180635
FIRE:  5663 19:35:57   -20093.136719        0.180824
FIRE:  5664 19:35:57   -20093.134766        0.319849
FIRE:  5665 19:35:58   -20093.140625        0.408588
FIRE:  5666 19:35:58   -20093.142578        0.428412
FIRE:  5667 19:35:58   -20093.156250        0.364185
FIRE:  5668 19:35:59   -20093.158203        0.209331
FIRE:  5669 19:35:59   -20093.167969        0.183087
FIRE:  5670 19:35:59   -20093.179688        0.247106
FIRE:  5671 19:36:00   -20093.191406        0.349157
FIRE:  5672 19:36:00   -20093.189453        0.249853
FIRE:  5673 19:36:00   -20093.187500        0.186731
FIRE:  5674 19:36:01   -20093.199219        0.270871
FIRE:  5675 19:36:01   -20093.195312        0.238977
FIRE:  5676 19:36:01   -20093.210938        0.191040
FIRE:  5677 19:36:02   -20093.226562        0.282871
FIRE:  5678 19:36:02   -20093.234375        0.193946
FIRE:  5679 19:36:02   -20093.285156        0.256526
FIRE:  5680 19:36:03   -20093.314453        0.222748
FIRE:  5681 19:36:03   -20093.363281        0.191784
FIRE:  5682 19:36:03   -20093.406250        0.185421
FIRE:  5683 19:36:04   -20093.449219        0.489554
FIRE:  5684 19:36:04   -20093.533203        1.308071
FIRE:  5685 19:36:04   -20093.515625        4.173833
FIRE:  5686 19:36:05   -20093.605469        0.995827
FIRE:  5687 19:36:05   -20093.607422        0.756011
FIRE:  5688 19:36:05   -20093.611328        0.316514
FIRE:  5689 19:36:06   -20093.628906        0.227776
FIRE:  5690 19:36:06   -20093.628906        0.212243
FIRE:  5691 19:36:06   -20093.625000        0.182515
FIRE:  5692 19:36:07   -20093.623047        0.140944
FIRE:  5693 19:36:07   -20093.628906        0.112070
FIRE:  5694 19:36:07   -20093.628906        0.112008
FIRE:  5695 19:36:08   -20093.617188        0.111937
FIRE:  5696 19:36:08   -20093.623047        0.111847
FIRE:  5697 19:36:08   -20093.625000        0.111735
FIRE:  5698 19:36:09   -20093.632812        0.117572
FIRE:  5699 19:36:09   -20093.630859        0.114511
FIRE:  5700 19:36:09   -20093.636719        0.111186
FIRE:  5701 19:36:10   -20093.632812        0.110897
FIRE:  5702 19:36:10   -20093.617188        0.110528
FIRE:  5703 19:36:10   -20093.625000        0.110062
FIRE:  5704 19:36:11   -20093.628906        0.109473
FIRE:  5705 19:36:11   -20093.640625        0.108716
FIRE:  5706 19:36:11   -20093.650391        0.107753
FIRE:  5707 19:36:12   -20093.654297        0.107175
FIRE:  5708 19:36:12   -20093.666016        0.110039
FIRE:  5709 19:36:12   -20093.679688        0.113844
FIRE:  5710 19:36:13   -20093.687500        0.118832
FIRE:  5711 19:36:13   -20093.705078        0.125410
FIRE:  5712 19:36:13   -20093.736328        0.134289
FIRE:  5713 19:36:14   -20093.767578        0.146407
FIRE:  5714 19:36:14   -20093.791016        0.163418
FIRE:  5715 19:36:14   -20093.832031        0.208047
FIRE:  5716 19:36:15   -20093.898438        0.472694
FIRE:  5717 19:36:15   -20093.966797        1.409593
FIRE:  5718 19:36:15   -20093.955078        3.328409
FIRE:  5719 19:36:16   -20094.089844        0.526418
FIRE:  5720 19:36:16   -20093.994141        4.511609
FIRE:  5721 19:36:16   -20094.062500        2.763498
FIRE:  5722 19:36:17   -20094.099609        0.393473
FIRE:  5723 19:36:17   -20094.087891        1.516942
FIRE:  5724 19:36:17   -20094.093750        1.429771
FIRE:  5725 19:36:18   -20094.093750        1.257520
FIRE:  5726 19:36:18   -20094.097656        1.004388
FIRE:  5727 19:36:18   -20094.113281        0.679938
FIRE:  5728 19:36:19   -20094.111328        0.400876
FIRE:  5729 19:36:19   -20094.115234        0.403544
FIRE:  5730 19:36:19   -20094.119141        0.466514
FIRE:  5731 19:36:20   -20094.109375        0.457805
FIRE:  5732 19:36:20   -20094.125000        0.441072
FIRE:  5733 19:36:20   -20094.121094        0.416298
FIRE:  5734 19:36:21   -20094.123047        0.407838
FIRE:  5735 19:36:21   -20094.123047        0.408348
FIRE:  5736 19:36:21   -20094.126953        0.408962
FIRE:  5737 19:36:22   -20094.126953        0.409666
FIRE:  5738 19:36:22   -20094.125000        0.410599
FIRE:  5739 19:36:22   -20094.138672        0.411764
FIRE:  5740 19:36:23   -20094.136719        0.413254
FIRE:  5741 19:36:23   -20094.144531        0.415133
FIRE:  5742 19:36:23   -20094.144531        0.417503
FIRE:  5743 19:36:24   -20094.138672        0.420444
FIRE:  5744 19:36:24   -20094.146484        0.424099
FIRE:  5745 19:36:24   -20094.166016        0.428612
FIRE:  5746 19:36:25   -20094.158203        0.434187
FIRE:  5747 19:36:25   -20094.167969        0.441061
FIRE:  5748 19:36:25   -20094.166016        0.449567
FIRE:  5749 19:36:26   -20094.167969        0.460139
FIRE:  5750 19:36:26   -20094.185547        0.473244
FIRE:  5751 19:36:26   -20094.185547        0.489461
FIRE:  5752 19:36:27   -20094.220703        0.509397
FIRE:  5753 19:36:27   -20094.210938        0.533789
FIRE:  5754 19:36:27   -20094.238281        0.563222
FIRE:  5755 19:36:28   -20094.259766        0.597710
FIRE:  5756 19:36:28   -20094.279297        0.635930
FIRE:  5757 19:36:28   -20094.326172        0.673464
FIRE:  5758 19:36:29   -20094.410156        0.699208
FIRE:  5759 19:36:29   -20094.492188        0.689088
FIRE:  5760 19:36:29   -20094.583984        0.595510
FIRE:  5761 19:36:30   -20094.687500        0.350893
FIRE:  5762 19:36:30   -20094.777344        0.479286
FIRE:  5763 19:36:30   -20094.798828        1.056154
FIRE:  5764 19:36:31   -20094.804688        0.956432
FIRE:  5765 19:36:31   -20094.824219        0.779024
FIRE:  5766 19:36:31   -20094.863281        0.561035
FIRE:  5767 19:36:32   -20094.871094        0.346156
FIRE:  5768 19:36:32   -20094.894531        0.274123
FIRE:  5769 19:36:32   -20094.910156        0.371849
FIRE:  5770 19:36:33   -20094.937500        0.441921
FIRE:  5771 19:36:33   -20094.937500        0.425406
FIRE:  5772 19:36:33   -20094.978516        0.330248
FIRE:  5773 19:36:34   -20094.996094        0.274859
FIRE:  5774 19:36:34   -20095.021484        0.306409
FIRE:  5775 19:36:34   -20095.042969        0.285854
FIRE:  5776 19:36:35   -20095.091797        0.294424
FIRE:  5777 19:36:35   -20095.150391        0.261525
FIRE:  5778 19:36:35   -20095.212891        0.287337
FIRE:  5779 19:36:36   -20095.283203        0.502598
FIRE:  5780 19:36:36   -20095.333984        1.705750
FIRE:  5781 19:36:36   -20095.160156        7.998389
FIRE:  5782 19:36:37   -20095.357422        3.340578
FIRE:  5783 19:36:37   -20095.402344        2.673107
FIRE:  5784 19:36:37   -20095.460938        1.230238
FIRE:  5785 19:36:38   -20095.468750        0.993691
FIRE:  5786 19:36:38   -20095.468750        0.907304
FIRE:  5787 19:36:38   -20095.480469        0.744461
FIRE:  5788 19:36:39   -20095.474609        0.523333
FIRE:  5789 19:36:39   -20095.486328        0.342987
FIRE:  5790 19:36:39   -20095.486328        0.342549
FIRE:  5791 19:36:40   -20095.484375        0.341991
FIRE:  5792 19:36:40   -20095.488281        0.389772
FIRE:  5793 19:36:40   -20095.468750        0.495851
FIRE:  5794 19:36:41   -20095.480469        0.517559
FIRE:  5795 19:36:41   -20095.484375        0.436179
FIRE:  5796 19:36:41   -20095.498047        0.336281
FIRE:  5797 19:36:42   -20095.498047        0.333990
FIRE:  5798 19:36:42   -20095.513672        0.330920
FIRE:  5799 19:36:42   -20095.521484        0.425113
FIRE:  5800 19:36:43   -20095.529297        0.321447
FIRE:  5801 19:36:43   -20095.548828        0.314108
FIRE:  5802 19:36:43   -20095.556641        0.338417
FIRE:  5803 19:36:44   -20095.580078        0.288590
FIRE:  5804 19:36:44   -20095.585938        0.267222
FIRE:  5805 19:36:44   -20095.621094        0.330920
FIRE:  5806 19:36:44   -20095.652344        0.195032
FIRE:  5807 19:36:45   -20095.666016        0.273155
FIRE:  5808 19:36:45   -20095.708984        0.316150
FIRE:  5809 19:36:45   -20095.716797        0.222652
FIRE:  5810 19:36:46   -20095.773438        0.239448
FIRE:  5811 19:36:46   -20095.820312        0.274235
FIRE:  5812 19:36:46   -20095.869141        0.829138
FIRE:  5813 19:36:47   -20095.927734        2.916755
FIRE:  5814 19:36:47   -20095.964844        0.592949
FIRE:  5815 19:36:47   -20095.986328        0.443581
FIRE:  5816 19:36:48   -20095.974609        0.345605
FIRE:  5817 19:36:48   -20095.974609        0.346543
FIRE:  5818 19:36:48   -20095.970703        0.370536
FIRE:  5819 19:36:49   -20095.970703        0.444927
FIRE:  5820 19:36:49   -20095.986328        0.350901
FIRE:  5821 19:36:49   -20096.000000        0.352739
FIRE:  5822 19:36:50   -20096.005859        0.354932
FIRE:  5823 19:36:50   -20096.013672        0.357421
FIRE:  5824 19:36:50   -20096.044922        0.360009
FIRE:  5825 19:36:51   -20096.052734        0.362260
FIRE:  5826 19:36:51   -20096.087891        0.363206
FIRE:  5827 19:36:51   -20096.113281        0.360713
FIRE:  5828 19:36:52   -20096.130859        0.350503
FIRE:  5829 19:36:52   -20096.171875        0.324575
FIRE:  5830 19:36:52   -20096.199219        0.353832
FIRE:  5831 19:36:53   -20096.244141        0.262694
FIRE:  5832 19:36:53   -20096.287109        0.263219
FIRE:  5833 19:36:53   -20096.345703        0.312330
FIRE:  5834 19:36:54   -20096.345703        0.479376
FIRE:  5835 19:36:54   -20096.437500        0.578271
FIRE:  5836 19:36:54   -20096.441406        2.059036
FIRE:  5837 19:36:55   -20096.468750        0.262149
FIRE:  5838 19:36:55   -20096.439453        2.416355
FIRE:  5839 19:36:55   -20096.466797        1.551954
FIRE:  5840 19:36:56   -20096.498047        0.271959
FIRE:  5841 19:36:56   -20096.482422        0.876592
FIRE:  5842 19:36:56   -20096.482422        0.818671
FIRE:  5843 19:36:57   -20096.490234        0.705710
FIRE:  5844 19:36:57   -20096.498047        0.543081
FIRE:  5845 19:36:57   -20096.494141        0.340724
FIRE:  5846 19:36:58   -20096.478516        0.194384
FIRE:  5847 19:36:58   -20096.496094        0.191623
FIRE:  5848 19:36:58   -20096.496094        0.307769
FIRE:  5849 19:36:59   -20096.507812        0.450855
FIRE:  5850 19:36:59   -20096.507812        0.515153
FIRE:  5851 19:36:59   -20096.511719        0.475805
FIRE:  5852 19:37:00   -20096.507812        0.321920
FIRE:  5853 19:37:00   -20096.521484        0.163486
FIRE:  5854 19:37:00   -20096.513672        0.201838
FIRE:  5855 19:37:01   -20096.517578        0.369322
FIRE:  5856 19:37:01   -20096.517578        0.348630
FIRE:  5857 19:37:01   -20096.519531        0.134670
FIRE:  5858 19:37:02   -20096.527344        0.236121
FIRE:  5859 19:37:02   -20096.529297        0.345898
FIRE:  5860 19:37:02   -20096.541016        0.113351
FIRE:  5861 19:37:03   -20096.550781        0.309504
FIRE:  5862 19:37:03   -20096.570312        0.175249
FIRE:  5863 19:37:03   -20096.591797        0.345158
FIRE:  5864 19:37:04   -20096.611328        0.106855
FIRE:  5865 19:37:04   -20096.640625        0.395614
FIRE:  5866 19:37:04   -20096.671875        0.437751
FIRE:  5867 19:37:05   -20096.712891        0.402131
FIRE:  5868 19:37:05   -20096.703125        0.643532
FIRE:  5869 19:37:05   -20096.755859        1.476357
FIRE:  5870 19:37:06   -20096.767578        0.136854
FIRE:  5871 19:37:06   -20096.759766        1.524700
FIRE:  5872 19:37:06   -20096.767578        1.085926
FIRE:  5873 19:37:07   -20096.769531        0.377562
FIRE:  5874 19:37:07   -20096.779297        0.362907
FIRE:  5875 19:37:07   -20096.771484        0.341276
FIRE:  5876 19:37:08   -20096.773438        0.298810
FIRE:  5877 19:37:08   -20096.773438        0.238459
FIRE:  5878 19:37:08   -20096.775391        0.163949
FIRE:  5879 19:37:09   -20096.779297        0.092367
FIRE:  5880 19:37:09   -20096.779297        0.092090
FIRE:  5881 19:37:09   -20096.779297        0.091790
FIRE:  5882 19:37:10   -20096.775391        0.147160
FIRE:  5883 19:37:10   -20096.794922        0.188888
FIRE:  5884 19:37:10   -20096.789062        0.195926
FIRE:  5885 19:37:11   -20096.798828        0.160560
FIRE:  5886 19:37:11   -20096.800781        0.088707
FIRE:  5887 19:37:11   -20096.791016        0.087654
FIRE:  5888 19:37:12   -20096.806641        0.118562
FIRE:  5889 19:37:12   -20096.796875        0.153262
FIRE:  5890 19:37:12   -20096.798828        0.101242
FIRE:  5891 19:37:13   -20096.808594        0.081035
FIRE:  5892 19:37:13   -20096.812500        0.130819
FIRE:  5893 19:37:13   -20096.830078        0.096689
FIRE:  5894 19:37:14   -20096.835938        0.072676
FIRE:  5895 19:37:14   -20096.822266        0.121236
FIRE:  5896 19:37:14   -20096.833984        0.065048
FIRE:  5897 19:37:15   -20096.845703        0.107263
FIRE:  5898 19:37:15   -20096.851562        0.127670
FIRE:  5899 19:37:15   -20096.876953        0.064032
FIRE:  5900 19:37:16   -20096.876953        0.068731
FIRE:  5901 19:37:16   -20096.878906        0.097845
FIRE:  5902 19:37:16   -20096.929688        0.363487
FIRE:  5903 19:37:17   -20096.945312        1.242724
FIRE:  5904 19:37:17   -20096.902344        5.218937
FIRE:  5905 19:37:17   -20096.996094        2.115396
FIRE:  5906 19:37:18   -20097.003906        1.595876
FIRE:  5907 19:37:18   -20097.039062        0.578146
FIRE:  5908 19:37:18   -20097.035156        0.778047
FIRE:  5909 19:37:19   -20097.039062        0.711909
FIRE:  5910 19:37:19   -20097.035156        0.586174
FIRE:  5911 19:37:19   -20097.054688        0.414401
FIRE:  5912 19:37:20   -20097.050781        0.213983
FIRE:  5913 19:37:20   -20097.042969        0.108592
FIRE:  5914 19:37:20   -20097.041016        0.178274
FIRE:  5915 19:37:21   -20097.041016        0.312818
FIRE:  5916 19:37:21   -20097.058594        0.398152
FIRE:  5917 19:37:21   -20097.039062        0.418507
FIRE:  5918 19:37:22   -20097.054688        0.360476
FIRE:  5919 19:37:22   -20097.054688        0.217692
FIRE:  5920 19:37:22   -20097.060547        0.112600
FIRE:  5921 19:37:23   -20097.062500        0.221362
FIRE:  5922 19:37:23   -20097.062500        0.335799
FIRE:  5923 19:37:23   -20097.066406        0.265986
FIRE:  5924 19:37:24   -20097.072266        0.119158
FIRE:  5925 19:37:24   -20097.076172        0.239584
FIRE:  5926 19:37:24   -20097.070312        0.259628
FIRE:  5927 19:37:25   -20097.076172        0.129134
FIRE:  5928 19:37:25   -20097.083984        0.278222
FIRE:  5929 19:37:25   -20097.091797        0.140345
FIRE:  5930 19:37:26   -20097.117188        0.285348
FIRE:  5931 19:37:26   -20097.117188        0.157131
FIRE:  5932 19:37:26   -20097.121094        0.194078
FIRE:  5933 19:37:27   -20097.162109        0.413736
FIRE:  5934 19:37:27   -20097.167969        0.674410
FIRE:  5935 19:37:27   -20097.201172        1.212510
FIRE:  5936 19:37:28   -20097.203125        3.245853
FIRE:  5937 19:37:28   -20097.261719        0.693769
FIRE:  5938 19:37:28   -20097.255859        0.520378
FIRE:  5939 19:37:29   -20097.261719        0.208746
FIRE:  5940 19:37:29   -20097.257812        0.198171
FIRE:  5941 19:37:29   -20097.257812        0.440034
FIRE:  5942 19:37:30   -20097.259766        0.531072
FIRE:  5943 19:37:30   -20097.265625        0.419471
FIRE:  5944 19:37:30   -20097.261719        0.199625
FIRE:  5945 19:37:31   -20097.273438        0.200101
FIRE:  5946 19:37:31   -20097.271484        0.384189
FIRE:  5947 19:37:31   -20097.291016        0.336660
FIRE:  5948 19:37:32   -20097.289062        0.201619
FIRE:  5949 19:37:32   -20097.304688        0.343126
FIRE:  5950 19:37:32   -20097.308594        0.248780
FIRE:  5951 19:37:33   -20097.335938        0.239033
FIRE:  5952 19:37:33   -20097.359375        0.257044
FIRE:  5953 19:37:33   -20097.386719        0.328019
FIRE:  5954 19:37:33   -20097.414062        0.181442
FIRE:  5955 19:37:34   -20097.466797        0.322725
FIRE:  5956 19:37:34   -20097.498047        0.669675
FIRE:  5957 19:37:34   -20097.535156        1.139566
FIRE:  5958 19:37:35   -20097.548828        2.511444
FIRE:  5959 19:37:35   -20097.593750        0.223126
FIRE:  5960 19:37:35   -20097.591797        0.170592
FIRE:  5961 19:37:36   -20097.576172        0.133773
FIRE:  5962 19:37:36   -20097.574219        0.133617
FIRE:  5963 19:37:36   -20097.576172        0.133413
FIRE:  5964 19:37:37   -20097.582031        0.158475
FIRE:  5965 19:37:37   -20097.583984        0.136658
FIRE:  5966 19:37:37   -20097.582031        0.132131
FIRE:  5967 19:37:38   -20097.591797        0.131279
FIRE:  5968 19:37:38   -20097.603516        0.130149
FIRE:  5969 19:37:38   -20097.609375        0.128727
FIRE:  5970 19:37:39   -20097.626953        0.126976
FIRE:  5971 19:37:39   -20097.630859        0.124735
FIRE:  5972 19:37:39   -20097.646484        0.121843
FIRE:  5973 19:37:40   -20097.666016        0.117970
FIRE:  5974 19:37:40   -20097.673828        0.112560
FIRE:  5975 19:37:40   -20097.669922        0.115921
FIRE:  5976 19:37:41   -20097.703125        0.118893
FIRE:  5977 19:37:41   -20097.710938        0.118080
FIRE:  5978 19:37:41   -20097.744141        0.209877
FIRE:  5979 19:37:42   -20097.785156        0.480021
FIRE:  5980 19:37:42   -20097.769531        1.247688
FIRE:  5981 19:37:42   -20097.773438        2.759453
FIRE:  5982 19:37:43   -20097.835938        0.404871
FIRE:  5983 19:37:43   -20097.779297        3.411807
FIRE:  5984 19:37:43   -20097.812500        2.231836
FIRE:  5985 19:37:44   -20097.851562        0.513389
FIRE:  5986 19:37:44   -20097.845703        1.044916
FIRE:  5987 19:37:44   -20097.861328        0.983799
FIRE:  5988 19:37:45   -20097.849609        0.863590
FIRE:  5989 19:37:45   -20097.847656        0.689709
FIRE:  5990 19:37:45   -20097.851562        0.469373
FIRE:  5991 19:37:46   -20097.859375        0.214973
FIRE:  5992 19:37:46   -20097.857422        0.090941
FIRE:  5993 19:37:46   -20097.843750        0.294725
FIRE:  5994 19:37:47   -20097.847656        0.289657
FIRE:  5995 19:37:47   -20097.855469        0.279796
FIRE:  5996 19:37:47   -20097.847656        0.265090
FIRE:  5997 19:37:48   -20097.857422        0.245973
FIRE:  5998 19:37:48   -20097.843750        0.222973
FIRE:  5999 19:37:48   -20097.863281        0.196457
FIRE:  6000 19:37:49   -20097.855469        0.167111
FIRE:  6001 19:37:49   -20097.861328        0.132167
FIRE:  6002 19:37:49   -20097.847656        0.092195
FIRE:  6003 19:37:50   -20097.857422        0.090685
FIRE:  6004 19:37:50   -20097.851562        0.090636
FIRE:  6005 19:37:50   -20097.851562        0.090580
FIRE:  6006 19:37:51   -20097.849609        0.090513
FIRE:  6007 19:37:51   -20097.855469        0.121569
FIRE:  6008 19:37:51   -20097.867188        0.136877
FIRE:  6009 19:37:52   -20097.853516        0.130985
FIRE:  6010 19:37:52   -20097.863281        0.100476
FIRE:  6011 19:37:52   -20097.861328        0.089945
FIRE:  6012 19:37:53   -20097.855469        0.089780
FIRE:  6013 19:37:53   -20097.867188        0.089595
FIRE:  6014 19:37:53   -20097.845703        0.109785
FIRE:  6015 19:37:54   -20097.851562        0.089179
FIRE:  6016 19:37:54   -20097.859375        0.088958
FIRE:  6017 19:37:54   -20097.863281        0.089004
FIRE:  6018 19:37:55   -20097.875000        0.089509
FIRE:  6019 19:37:55   -20097.873047        0.090130
FIRE:  6020 19:37:55   -20097.894531        0.090914
FIRE:  6021 19:37:56   -20097.908203        0.091907
FIRE:  6022 19:37:56   -20097.912109        0.093174
FIRE:  6023 19:37:56   -20097.914062        0.094812
FIRE:  6024 19:37:57   -20097.941406        0.101456
FIRE:  6025 19:37:57   -20097.943359        0.114965
FIRE:  6026 19:37:57   -20097.994141        0.121819
FIRE:  6027 19:37:58   -20098.017578        0.212515
FIRE:  6028 19:37:58   -20098.070312        0.611213
FIRE:  6029 19:37:58   -20098.085938        1.674587
FIRE:  6030 19:37:59   -20098.091797        0.126596
FIRE:  6031 19:37:59   -20098.064453        1.809357
FIRE:  6032 19:37:59   -20098.085938        1.258181
FIRE:  6033 19:38:00   -20098.107422        0.386940
FIRE:  6034 19:38:00   -20098.099609        0.492646
FIRE:  6035 19:38:00   -20098.097656        0.462406
FIRE:  6036 19:38:01   -20098.091797        0.403532
FIRE:  6037 19:38:01   -20098.095703        0.319292
FIRE:  6038 19:38:01   -20098.103516        0.215091
FIRE:  6039 19:38:02   -20098.087891        0.128151
FIRE:  6040 19:38:02   -20098.091797        0.128273
FIRE:  6041 19:38:02   -20098.093750        0.128421
FIRE:  6042 19:38:03   -20098.103516        0.214490
FIRE:  6043 19:38:03   -20098.107422        0.266841
FIRE:  6044 19:38:03   -20098.117188        0.269997
FIRE:  6045 19:38:04   -20098.111328        0.214018
FIRE:  6046 19:38:04   -20098.117188        0.129870
FIRE:  6047 19:38:04   -20098.130859        0.130379
FIRE:  6048 19:38:05   -20098.125000        0.171032
FIRE:  6049 19:38:05   -20098.126953        0.209797
FIRE:  6050 19:38:05   -20098.117188        0.132659
FIRE:  6051 19:38:06   -20098.115234        0.133759
FIRE:  6052 19:38:06   -20098.119141        0.183612
FIRE:  6053 19:38:06   -20098.126953        0.136635
FIRE:  6054 19:38:07   -20098.146484        0.138469
FIRE:  6055 19:38:07   -20098.175781        0.161705
FIRE:  6056 19:38:07   -20098.201172        0.142855
FIRE:  6057 19:38:08   -20098.197266        0.145132
FIRE:  6058 19:38:08   -20098.220703        0.179835
FIRE:  6059 19:38:08   -20098.238281        0.148495
FIRE:  6060 19:38:09   -20098.285156        0.148928
FIRE:  6061 19:38:09   -20098.296875        0.148160
FIRE:  6062 19:38:09   -20098.328125        0.381795
FIRE:  6063 19:38:10   -20098.363281        1.383727
FIRE:  6064 19:38:10   -20098.242188        6.405359
FIRE:  6065 19:38:10   -20098.359375        2.854192
FIRE:  6066 19:38:11   -20098.414062        2.203664
FIRE:  6067 19:38:11   -20098.445312        0.852013
FIRE:  6068 19:38:11   -20098.451172        1.091044
FIRE:  6069 19:38:12   -20098.445312        0.991834
FIRE:  6070 19:38:12   -20098.443359        0.804943
FIRE:  6071 19:38:12   -20098.447266        0.552038
FIRE:  6072 19:38:13   -20098.451172        0.261281
FIRE:  6073 19:38:13   -20098.457031        0.146174
FIRE:  6074 19:38:13   -20098.455078        0.286473
FIRE:  6075 19:38:14   -20098.447266        0.280747
FIRE:  6076 19:38:14   -20098.445312        0.269663
FIRE:  6077 19:38:14   -20098.445312        0.253252
FIRE:  6078 19:38:15   -20098.445312        0.231851
FIRE:  6079 19:38:15   -20098.441406        0.206050
FIRE:  6080 19:38:15   -20098.441406        0.176526
FIRE:  6081 19:38:16   -20098.439453        0.146272
FIRE:  6082 19:38:16   -20098.449219        0.146288
FIRE:  6083 19:38:16   -20098.437500        0.146309
FIRE:  6084 19:38:17   -20098.447266        0.146333
FIRE:  6085 19:38:17   -20098.433594        0.146362
FIRE:  6086 19:38:17   -20098.441406        0.146404
FIRE:  6087 19:38:18   -20098.441406        0.146453
FIRE:  6088 19:38:18   -20098.437500        0.146515
FIRE:  6089 19:38:18   -20098.455078        0.146589
FIRE:  6090 19:38:19   -20098.445312        0.146683
FIRE:  6091 19:38:19   -20098.435547        0.146798
FIRE:  6092 19:38:19   -20098.445312        0.146942
FIRE:  6093 19:38:20   -20098.435547        0.147116
FIRE:  6094 19:38:20   -20098.443359        0.147337
FIRE:  6095 19:38:20   -20098.449219        0.147609
FIRE:  6096 19:38:21   -20098.449219        0.147947
FIRE:  6097 19:38:21   -20098.464844        0.148364
FIRE:  6098 19:38:21   -20098.478516        0.148879
FIRE:  6099 19:38:22   -20098.482422        0.149506
FIRE:  6100 19:38:22   -20098.507812        0.150256
FIRE:  6101 19:38:22   -20098.486328        0.151133
FIRE:  6102 19:38:23   -20098.529297        0.152111
FIRE:  6103 19:38:23   -20098.554688        0.153119
FIRE:  6104 19:38:23   -20098.583984        0.153989
FIRE:  6105 19:38:24   -20098.613281        0.164160
FIRE:  6106 19:38:24   -20098.664062        0.185886
FIRE:  6107 19:38:24   -20098.695312        0.212934
FIRE:  6108 19:38:25   -20098.740234        0.546770
FIRE:  6109 19:38:25   -20098.818359        1.967354
FIRE:  6110 19:38:25   -20098.671875        4.768848
FIRE:  6111 19:38:26   -20098.943359        0.920059
FIRE:  6112 19:38:26   -20098.613281        8.881063
FIRE:  6113 19:38:26   -20098.878906        4.150725
FIRE:  6114 19:38:27   -20098.964844        0.726516
FIRE:  6115 19:38:27   -20098.976562        0.673165
FIRE:  6116 19:38:27   -20098.984375        0.569086
FIRE:  6117 19:38:28   -20098.978516        0.421576
FIRE:  6118 19:38:28   -20098.978516        0.379176
FIRE:  6119 19:38:28   -20098.980469        0.380418
FIRE:  6120 19:38:29   -20098.982422        0.381960
FIRE:  6121 19:38:29   -20098.982422        0.383776
FIRE:  6122 19:38:29   -20098.986328        0.396862
FIRE:  6123 19:38:29   -20098.990234        0.422460
FIRE:  6124 19:38:30   -20098.998047        0.392485
FIRE:  6125 19:38:30   -20099.009766        0.396883
FIRE:  6126 19:38:31   -20099.017578        0.402411
FIRE:  6127 19:38:31   -20099.021484        0.409385
FIRE:  6128 19:38:31   -20099.033203        0.418050
FIRE:  6129 19:38:31   -20099.046875        0.428714
FIRE:  6130 19:38:32   -20099.056641        0.441850
FIRE:  6131 19:38:32   -20099.078125        0.457909
FIRE:  6132 19:38:33   -20099.123047        0.476842
FIRE:  6133 19:38:33   -20099.162109        0.498014
FIRE:  6134 19:38:33   -20099.197266        0.518506
FIRE:  6135 19:38:34   -20099.244141        0.529689
FIRE:  6136 19:38:34   -20099.294922        0.510529
FIRE:  6137 19:38:34   -20099.388672        0.418554
FIRE:  6138 19:38:34   -20099.478516        0.347924
FIRE:  6139 19:38:35   -20099.541016        0.456656
FIRE:  6140 19:38:35   -20099.605469        0.908535
FIRE:  6141 19:38:35   -20099.673828        0.939356
FIRE:  6142 19:38:36   -20099.748047        0.955108
FIRE:  6143 19:38:36   -20099.767578        2.964946
FIRE:  6144 19:38:36   -20099.873047        0.365519
FIRE:  6145 19:38:37   -20099.861328        0.353966
FIRE:  6146 19:38:37   -20099.873047        0.331923
FIRE:  6147 19:38:37   -20099.884766        0.301530
FIRE:  6148 19:38:38   -20099.921875        0.266056
FIRE:  6149 19:38:38   -20099.906250        0.229462
FIRE:  6150 19:38:38   -20099.900391        0.196253
FIRE:  6151 19:38:39   -20099.929688        0.167526
FIRE:  6152 19:38:39   -20099.933594        0.179773
FIRE:  6153 19:38:39   -20099.933594        0.192672
FIRE:  6154 19:38:40   -20099.947266        0.196907
FIRE:  6155 19:38:40   -20099.949219        0.201768
FIRE:  6156 19:38:40   -20099.957031        0.190641
FIRE:  6157 19:38:41   -20100.000000        0.163543
FIRE:  6158 19:38:41   -20100.000000        0.166854
FIRE:  6159 19:38:41   -20100.025391        0.204097
FIRE:  6160 19:38:42   -20100.085938        0.202987
FIRE:  6161 19:38:42   -20100.103516        0.162116
FIRE:  6162 19:38:42   -20100.125000        0.221925
FIRE:  6163 19:38:43   -20100.177734        0.566912
FIRE:  6164 19:38:43   -20100.185547        1.900244
FIRE:  6165 19:38:43   -20100.216797        0.162980
FIRE:  6166 19:38:44   -20100.228516        0.147298
FIRE:  6167 19:38:44   -20100.214844        0.145789
FIRE:  6168 19:38:44   -20100.228516        0.144971
FIRE:  6169 19:38:45   -20100.226562        0.143930
FIRE:  6170 19:38:45   -20100.232422        0.142696
FIRE:  6171 19:38:45   -20100.234375        0.141314
FIRE:  6172 19:38:46   -20100.234375        0.139819
FIRE:  6173 19:38:46   -20100.253906        0.138071
FIRE:  6174 19:38:46   -20100.246094        0.136065
FIRE:  6175 19:38:47   -20100.267578        0.133821
FIRE:  6176 19:38:47   -20100.273438        0.131356
FIRE:  6177 19:38:47   -20100.261719        0.128711
FIRE:  6178 19:38:48   -20100.265625        0.125951
FIRE:  6179 19:38:48   -20100.285156        0.123174
FIRE:  6180 19:38:48   -20100.320312        0.120536
FIRE:  6181 19:38:49   -20100.324219        0.118203
FIRE:  6182 19:38:49   -20100.359375        0.116159
FIRE:  6183 19:38:49   -20100.386719        0.113610
FIRE:  6184 19:38:50   -20100.431641        0.108894
FIRE:  6185 19:38:50   -20100.451172        0.296799
FIRE:  6186 19:38:50   -20100.492188        1.008098
FIRE:  6187 19:38:51   -20100.498047        2.604287
FIRE:  6188 19:38:51   -20100.566406        0.287373
FIRE:  6189 19:38:51   -20100.496094        3.225105
FIRE:  6190 19:38:52   -20100.537109        2.103812
FIRE:  6191 19:38:52   -20100.568359        0.464665
FIRE:  6192 19:38:52   -20100.548828        1.025412
FIRE:  6193 19:38:53   -20100.556641        0.964355
FIRE:  6194 19:38:53   -20100.576172        0.844126
FIRE:  6195 19:38:53   -20100.556641        0.669955
FIRE:  6196 19:38:54   -20100.568359        0.450034
FIRE:  6197 19:38:54   -20100.570312        0.197094
FIRE:  6198 19:38:54   -20100.566406        0.086121
FIRE:  6199 19:38:55   -20100.564453        0.306277
FIRE:  6200 19:38:55   -20100.574219        0.300974
FIRE:  6201 19:38:55   -20100.568359        0.290571
FIRE:  6202 19:38:56   -20100.558594        0.274989
FIRE:  6203 19:38:56   -20100.562500        0.255004
FIRE:  6204 19:38:56   -20100.558594        0.230705
FIRE:  6205 19:38:57   -20100.572266        0.202904
FIRE:  6206 19:38:57   -20100.554688        0.171968
FIRE:  6207 19:38:57   -20100.560547        0.135643
FIRE:  6208 19:38:58   -20100.548828        0.093762
FIRE:  6209 19:38:58   -20100.562500        0.086136
FIRE:  6210 19:38:58   -20100.566406        0.086144
FIRE:  6211 19:38:59   -20100.562500        0.086144
FIRE:  6212 19:38:59   -20100.562500        0.098462
FIRE:  6213 19:38:59   -20100.558594        0.129395
FIRE:  6214 19:39:00   -20100.564453        0.143414
FIRE:  6215 19:39:00   -20100.576172        0.135265
FIRE:  6216 19:39:00   -20100.560547        0.101421
FIRE:  6217 19:39:01   -20100.578125        0.086231
FIRE:  6218 19:39:01   -20100.560547        0.086262
FIRE:  6219 19:39:01   -20100.578125        0.093513
FIRE:  6220 19:39:02   -20100.585938        0.115018
FIRE:  6221 19:39:02   -20100.593750        0.086322
FIRE:  6222 19:39:02   -20100.591797        0.086294
FIRE:  6223 19:39:03   -20100.599609        0.088946
FIRE:  6224 19:39:03   -20100.599609        0.088084
FIRE:  6225 19:39:03   -20100.613281        0.085633
FIRE:  6226 19:39:04   -20100.626953        0.095956
FIRE:  6227 19:39:04   -20100.611328        0.084249
FIRE:  6228 19:39:04   -20100.623047        0.094804
FIRE:  6229 19:39:05   -20100.652344        0.081661
FIRE:  6230 19:39:05   -20100.667969        0.095026
FIRE:  6231 19:39:05   -20100.689453        0.131594
FIRE:  6232 19:39:06   -20100.716797        0.168944
FIRE:  6233 19:39:06   -20100.761719        0.319044
FIRE:  6234 19:39:06   -20100.773438        0.879000
FIRE:  6235 19:39:07   -20100.787109        2.193375
FIRE:  6236 19:39:07   -20100.835938        0.200953
FIRE:  6237 19:39:07   -20100.783203        2.543578
FIRE:  6238 19:39:08   -20100.808594        1.711915
FIRE:  6239 19:39:08   -20100.835938        0.449712
FIRE:  6240 19:39:08   -20100.828125        0.757680
FIRE:  6241 19:39:09   -20100.835938        0.711688
FIRE:  6242 19:39:09   -20100.832031        0.621909
FIRE:  6243 19:39:09   -20100.828125        0.492704
FIRE:  6244 19:39:10   -20100.837891        0.331001
FIRE:  6245 19:39:10   -20100.826172        0.147952
FIRE:  6246 19:39:10   -20100.843750        0.119082
FIRE:  6247 19:39:11   -20100.830078        0.211616
FIRE:  6248 19:39:11   -20100.832031        0.346975
FIRE:  6249 19:39:11   -20100.835938        0.426506
FIRE:  6250 19:39:12   -20100.847656        0.428446
FIRE:  6251 19:39:12   -20100.851562        0.338673
FIRE:  6252 19:39:12   -20100.853516        0.160349
FIRE:  6253 19:39:13   -20100.853516        0.123318
FIRE:  6254 19:39:13   -20100.855469        0.265744
FIRE:  6255 19:39:13   -20100.847656        0.329149
FIRE:  6256 19:39:14   -20100.855469        0.214993
FIRE:  6257 19:39:14   -20100.875000        0.130883
FIRE:  6258 19:39:14   -20100.882812        0.282699
FIRE:  6259 19:39:15   -20100.892578        0.214901
FIRE:  6260 19:39:15   -20100.904297        0.143566
FIRE:  6261 19:39:15   -20100.937500        0.261088
FIRE:  6262 19:39:16   -20100.935547        0.159041
FIRE:  6263 19:39:16   -20100.964844        0.248305
FIRE:  6264 19:39:16   -20101.015625        0.224883
FIRE:  6265 19:39:17   -20101.046875        0.204942
FIRE:  6266 19:39:17   -20101.099609        0.231637
FIRE:  6267 19:39:17   -20101.167969        0.526407
FIRE:  6268 19:39:18   -20101.257812        1.392306
FIRE:  6269 19:39:18   -20101.300781        3.210094
FIRE:  6270 19:39:18   -20101.417969        0.490134
FIRE:  6271 19:39:19   -20101.333984        4.168303
FIRE:  6272 19:39:19   -20101.396484        2.609154
FIRE:  6273 19:39:19   -20101.437500        0.443739
FIRE:  6274 19:39:20   -20101.421875        1.350400
FIRE:  6275 19:39:20   -20101.427734        1.271775
FIRE:  6276 19:39:20   -20101.431641        1.116769
FIRE:  6277 19:39:20   -20101.447266        0.890420
FIRE:  6278 19:39:21   -20101.451172        0.602712
FIRE:  6279 19:39:21   -20101.458984        0.419490
FIRE:  6280 19:39:21   -20101.457031        0.421572
FIRE:  6281 19:39:22   -20101.453125        0.424095
FIRE:  6282 19:39:22   -20101.453125        0.647800
FIRE:  6283 19:39:22   -20101.460938        0.794828
FIRE:  6284 19:39:23   -20101.460938        0.784138
FIRE:  6285 19:39:23   -20101.470703        0.589894
FIRE:  6286 19:39:23   -20101.478516        0.449605
FIRE:  6287 19:39:24   -20101.498047        0.459111
FIRE:  6288 19:39:24   -20101.505859        0.520235
FIRE:  6289 19:39:24   -20101.519531        0.586365
FIRE:  6290 19:39:25   -20101.562500        0.506338
FIRE:  6291 19:39:25   -20101.593750        0.531886
FIRE:  6292 19:39:25   -20101.611328        0.565655
FIRE:  6293 19:39:26   -20101.662109        0.609814
FIRE:  6294 19:39:26   -20101.718750        0.668123
FIRE:  6295 19:39:26   -20101.820312        0.742837
FIRE:  6296 19:39:27   -20101.921875        0.829390
FIRE:  6297 19:39:27   -20102.070312        0.901136
FIRE:  6298 19:39:27   -20102.257812        0.858506
FIRE:  6299 19:39:28   -20102.419922        0.446143
FIRE:  6300 19:39:28   -20102.562500        1.108704
FIRE:  6301 19:39:28   -20102.585938        0.953879
FIRE:  6302 19:39:29   -20102.615234        0.682325
FIRE:  6303 19:39:29   -20102.632812        0.400602
FIRE:  6304 19:39:29   -20102.671875        0.384342
FIRE:  6305 19:39:30   -20102.691406        0.372034
FIRE:  6306 19:39:30   -20102.707031        0.443091
FIRE:  6307 19:39:30   -20102.726562        0.539672
FIRE:  6308 19:39:31   -20102.736328        0.579701
FIRE:  6309 19:39:31   -20102.802734        0.544650
FIRE:  6310 19:39:31   -20102.826172        0.418946
FIRE:  6311 19:39:32   -20102.916016        0.285604
FIRE:  6312 19:39:32   -20102.996094        0.403097
FIRE:  6313 19:39:32   -20103.062500        0.486646
FIRE:  6314 19:39:33   -20103.146484        0.276019
FIRE:  6315 19:39:33   -20103.253906        0.257739
FIRE:  6316 19:39:33   -20103.361328        0.341150
FIRE:  6317 19:39:34   -20103.523438        0.252633
FIRE:  6318 19:39:34   -20103.683594        0.264307
FIRE:  6319 19:39:34   -20103.798828        1.014543
FIRE:  6320 19:39:35   -20103.888672        3.699507
FIRE:  6321 19:39:35   -20103.869141        3.169298
FIRE:  6322 19:39:35   -20103.931641        2.132203
FIRE:  6323 19:39:36   -20103.974609        0.283420
FIRE:  6324 19:39:36   -20103.939453        2.619600
FIRE:  6325 19:39:36   -20103.935547        2.224056
FIRE:  6326 19:39:37   -20103.966797        1.526593
FIRE:  6327 19:39:37   -20103.974609        0.675775
FIRE:  6328 19:39:37   -20103.992188        0.284867
FIRE:  6329 19:39:38   -20103.986328        0.824948
FIRE:  6330 19:39:38   -20103.990234        0.802615
FIRE:  6331 19:39:38   -20103.994141        0.758461
FIRE:  6332 19:39:39   -20103.994141        0.693319
FIRE:  6333 19:39:39   -20104.001953        0.608780
FIRE:  6334 19:39:39   -20104.009766        0.507047
FIRE:  6335 19:39:40   -20104.001953        0.391227
FIRE:  6336 19:39:40   -20104.011719        0.285688
FIRE:  6337 19:39:40   -20104.003906        0.285829
FIRE:  6338 19:39:41   -20104.013672        0.286024
FIRE:  6339 19:39:41   -20104.009766        0.286273
FIRE:  6340 19:39:41   -20104.003906        0.323185
FIRE:  6341 19:39:42   -20104.021484        0.410406
FIRE:  6342 19:39:42   -20104.025391        0.430658
FIRE:  6343 19:39:42   -20104.017578        0.367218
FIRE:  6344 19:39:43   -20104.031250        0.288656
FIRE:  6345 19:39:43   -20104.044922        0.289490
FIRE:  6346 19:39:43   -20104.041016        0.290519
FIRE:  6347 19:39:44   -20104.048828        0.321703
FIRE:  6348 19:39:44   -20104.070312        0.293265
FIRE:  6349 19:39:44   -20104.083984        0.295068
FIRE:  6350 19:39:45   -20104.103516        0.297220
FIRE:  6351 19:39:45   -20104.134766        0.300345
FIRE:  6352 19:39:45   -20104.193359        0.314269
FIRE:  6353 19:39:46   -20104.232422        0.331218
FIRE:  6354 19:39:46   -20104.298828        0.351055
FIRE:  6355 19:39:46   -20104.363281        0.373672
FIRE:  6356 19:39:47   -20104.453125        0.399354
FIRE:  6357 19:39:47   -20104.568359        0.430660
FIRE:  6358 19:39:47   -20104.732422        0.476271
FIRE:  6359 19:39:48   -20104.900391        0.551888
FIRE:  6360 19:39:48   -20105.140625        0.663356
FIRE:  6361 19:39:48   -20105.382812        0.780071
FIRE:  6362 19:39:49   -20105.650391        0.871306
FIRE:  6363 19:39:49   -20105.917969        0.891362
FIRE:  6364 19:39:49   -20106.169922        0.824662
FIRE:  6365 19:39:50   -20106.404297        0.580259
FIRE:  6366 19:39:50   -20106.593750        0.399873
FIRE:  6367 19:39:50   -20106.703125        0.652537
FIRE:  6368 19:39:51   -20106.716797        1.332929
FIRE:  6369 19:39:51   -20106.777344        2.649779
FIRE:  6370 19:39:51   -20106.832031        0.764012
FIRE:  6371 19:39:52   -20106.824219        1.781412
FIRE:  6372 19:39:52   -20106.849609        1.480766
FIRE:  6373 19:39:52   -20106.863281        0.895911
FIRE:  6374 19:39:53   -20106.857422        0.565856
FIRE:  6375 19:39:53   -20106.880859        0.744855
FIRE:  6376 19:39:53   -20106.882812        0.702934
FIRE:  6377 19:39:54   -20106.871094        0.622359
FIRE:  6378 19:39:54   -20106.880859        0.508775
FIRE:  6379 19:39:54   -20106.880859        0.499216
FIRE:  6380 19:39:55   -20106.892578        0.488476
FIRE:  6381 19:39:55   -20106.910156        0.475649
FIRE:  6382 19:39:55   -20106.894531        0.460832
FIRE:  6383 19:39:56   -20106.884766        0.442356
FIRE:  6384 19:39:56   -20106.908203        0.419783
FIRE:  6385 19:39:56   -20106.906250        0.392748
FIRE:  6386 19:39:57   -20106.916016        0.360893
FIRE:  6387 19:39:57   -20106.927734        0.323891
FIRE:  6388 19:39:57   -20106.943359        0.281460
FIRE:  6389 19:39:58   -20106.968750        0.278583
FIRE:  6390 19:39:58   -20106.980469        0.276334
FIRE:  6391 19:39:58   -20107.001953        0.276447
FIRE:  6392 19:39:59   -20107.033203        0.269764
FIRE:  6393 19:39:59   -20107.066406        0.264986
FIRE:  6394 19:39:59   -20107.083984        0.258812
FIRE:  6395 19:40:00   -20107.136719        0.250887
FIRE:  6396 19:40:00   -20107.167969        0.255101
FIRE:  6397 19:40:00   -20107.216797        0.278306
FIRE:  6398 19:40:01   -20107.277344        0.308518
FIRE:  6399 19:40:01   -20107.339844        0.349279
FIRE:  6400 19:40:01   -20107.404297        0.405454
FIRE:  6401 19:40:02   -20107.550781        0.470298
FIRE:  6402 19:40:02   -20107.703125        0.528928
FIRE:  6403 19:40:02   -20107.876953        0.531527
FIRE:  6404 19:40:03   -20108.035156        0.339388
FIRE:  6405 19:40:03   -20108.128906        0.849719
FIRE:  6406 19:40:03   -20108.169922        0.506835
FIRE:  6407 19:40:04   -20108.166016        0.841046
FIRE:  6408 19:40:04   -20108.175781        0.604485
FIRE:  6409 19:40:04   -20108.191406        0.374226
FIRE:  6410 19:40:05   -20108.199219        0.348897
FIRE:  6411 19:40:05   -20108.197266        0.483628
FIRE:  6412 19:40:05   -20108.185547        0.570458
FIRE:  6413 19:40:06   -20108.205078        0.464342
FIRE:  6414 19:40:06   -20108.222656        0.221440
FIRE:  6415 19:40:06   -20108.234375        0.195712
FIRE:  6416 19:40:07   -20108.253906        0.437549
FIRE:  6417 19:40:07   -20108.265625        0.388657
FIRE:  6418 19:40:07   -20108.285156        0.232365
FIRE:  6419 19:40:08   -20108.296875        0.359035
FIRE:  6420 19:40:08   -20108.316406        0.318597
FIRE:  6421 19:40:08   -20108.339844        0.285477
FIRE:  6422 19:40:09   -20108.388672        0.339889
FIRE:  6423 19:40:09   -20108.421875        0.261751
FIRE:  6424 19:40:09   -20108.484375        0.247281
FIRE:  6425 19:40:10   -20108.548828        0.414974
FIRE:  6426 19:40:10   -20108.625000        0.518305
FIRE:  6427 19:40:10   -20108.705078        0.810849
FIRE:  6428 19:40:11   -20108.804688        1.664251
FIRE:  6429 19:40:11   -20108.806641        5.568918
FIRE:  6430 19:40:11   -20108.968750        1.763797
FIRE:  6431 19:40:12   -20108.996094        1.352723
FIRE:  6432 19:40:12   -20109.001953        0.566539
FIRE:  6433 19:40:12   -20109.023438        0.488385
FIRE:  6434 19:40:13   -20109.025391        0.488213
FIRE:  6435 19:40:13   -20109.031250        0.487820
FIRE:  6436 19:40:13   -20109.019531        0.487300
FIRE:  6437 19:40:14   -20109.031250        0.486667
FIRE:  6438 19:40:14   -20109.031250        0.485797
FIRE:  6439 19:40:14   -20109.037109        0.484797
FIRE:  6440 19:40:15   -20109.042969        0.483663
FIRE:  6441 19:40:15   -20109.044922        0.482275
FIRE:  6442 19:40:15   -20109.046875        0.480600
FIRE:  6443 19:40:16   -20109.062500        0.478609
FIRE:  6444 19:40:16   -20109.062500        0.476301
FIRE:  6445 19:40:16   -20109.082031        0.473651
FIRE:  6446 19:40:17   -20109.091797        0.471319
FIRE:  6447 19:40:17   -20109.113281        0.468742
FIRE:  6448 19:40:17   -20109.119141        0.465576
FIRE:  6449 19:40:18   -20109.150391        0.461347
FIRE:  6450 19:40:18   -20109.167969        0.455021
FIRE:  6451 19:40:18   -20109.224609        0.447771
FIRE:  6452 19:40:19   -20109.248047        0.435667
FIRE:  6453 19:40:19   -20109.273438        0.414673
FIRE:  6454 19:40:19   -20109.341797        0.380369
FIRE:  6455 19:40:20   -20109.412109        0.330955
FIRE:  6456 19:40:20   -20109.494141        0.271784
FIRE:  6457 19:40:20   -20109.578125        0.214573
FIRE:  6458 19:40:21   -20109.636719        0.180776
FIRE:  6459 19:40:21   -20109.695312        0.368490
FIRE:  6460 19:40:21   -20109.794922        1.089730
FIRE:  6461 19:40:22   -20109.812500        3.484576
FIRE:  6462 19:40:22   -20109.882812        0.432907
FIRE:  6463 19:40:22   -20109.882812        0.332702
FIRE:  6464 19:40:23   -20109.878906        0.303255
FIRE:  6465 19:40:23   -20109.892578        0.299434
FIRE:  6466 19:40:23   -20109.882812        0.294396
FIRE:  6467 19:40:24   -20109.884766        0.312059
FIRE:  6468 19:40:24   -20109.890625        0.281230
FIRE:  6469 19:40:24   -20109.908203        0.273336
FIRE:  6470 19:40:25   -20109.916016        0.263676
FIRE:  6471 19:40:25   -20109.923828        0.251955
FIRE:  6472 19:40:25   -20109.923828        0.238081
FIRE:  6473 19:40:26   -20109.947266        0.221848
FIRE:  6474 19:40:26   -20109.957031        0.202975
FIRE:  6475 19:40:26   -20109.966797        0.181615
FIRE:  6476 19:40:27   -20109.982422        0.169083
FIRE:  6477 19:40:27   -20110.033203        0.173800
FIRE:  6478 19:40:27   -20110.052734        0.204699
FIRE:  6479 19:40:28   -20110.085938        0.188057
FIRE:  6480 19:40:28   -20110.146484        0.199153
FIRE:  6481 19:40:28   -20110.220703        0.384040
FIRE:  6482 19:40:29   -20110.265625        0.775533
FIRE:  6483 19:40:29   -20110.347656        1.862417
FIRE:  6484 19:40:29   -20110.318359        3.759204
FIRE:  6485 19:40:30   -20110.460938        0.926458
FIRE:  6486 19:40:30   -20110.357422        4.937421
FIRE:  6487 19:40:30   -20110.433594        3.075322
FIRE:  6488 19:40:31   -20110.474609        0.541876
FIRE:  6489 19:40:31   -20110.490234        1.533817
FIRE:  6490 19:40:31   -20110.466797        1.449593
FIRE:  6491 19:40:32   -20110.482422        1.282886
FIRE:  6492 19:40:32   -20110.500000        1.038197
FIRE:  6493 19:40:32   -20110.509766        0.723487
FIRE:  6494 19:40:33   -20110.501953        0.354090
FIRE:  6495 19:40:33   -20110.503906        0.301600
FIRE:  6496 19:40:33   -20110.488281        0.411779
FIRE:  6497 19:40:34   -20110.494141        0.717841
FIRE:  6498 19:40:34   -20110.496094        0.702412
FIRE:  6499 19:40:34   -20110.488281        0.671806
FIRE:  6500 19:40:35   -20110.500000        0.626962
FIRE:  6501 19:40:35   -20110.501953        0.569287
FIRE:  6502 19:40:35   -20110.501953        0.500040
FIRE:  6503 19:40:36   -20110.501953        0.421836
FIRE:  6504 19:40:36   -20110.490234        0.336733
FIRE:  6505 19:40:36   -20110.492188        0.305833
FIRE:  6506 19:40:37   -20110.494141        0.306324
FIRE:  6507 19:40:37   -20110.496094        0.306959
FIRE:  6508 19:40:37   -20110.494141        0.307745
FIRE:  6509 19:40:38   -20110.501953        0.308719
FIRE:  6510 19:40:38   -20110.503906        0.309930
FIRE:  6511 19:40:38   -20110.507812        0.329036
FIRE:  6512 19:40:38   -20110.501953        0.320317
FIRE:  6513 19:40:39   -20110.511719        0.315282
FIRE:  6514 19:40:39   -20110.511719        0.317844
FIRE:  6515 19:40:39   -20110.511719        0.320951
FIRE:  6516 19:40:40   -20110.523438        0.324725
FIRE:  6517 19:40:40   -20110.550781        0.329241
FIRE:  6518 19:40:40   -20110.552734        0.334648
FIRE:  6519 19:40:41   -20110.554688        0.341081
FIRE:  6520 19:40:41   -20110.578125        0.348745
FIRE:  6521 19:40:41   -20110.621094        0.357818
FIRE:  6522 19:40:42   -20110.630859        0.369741
FIRE:  6523 19:40:42   -20110.664062        0.394201
FIRE:  6524 19:40:42   -20110.722656        0.424225
FIRE:  6525 19:40:43   -20110.791016        0.460192
FIRE:  6526 19:40:43   -20110.839844        0.500941
FIRE:  6527 19:40:43   -20110.908203        0.541294
FIRE:  6528 19:40:44   -20111.025391        0.564827
FIRE:  6529 19:40:44   -20111.142578        0.520871
FIRE:  6530 19:40:44   -20111.224609        0.343466
FIRE:  6531 19:40:45   -20111.250000        0.668148
FIRE:  6532 19:40:45   -20111.259766        0.591049
FIRE:  6533 19:40:45   -20111.291016        0.521524
FIRE:  6534 19:40:46   -20111.306641        0.442192
FIRE:  6535 19:40:46   -20111.328125        0.350000
FIRE:  6536 19:40:46   -20111.365234        0.252098
FIRE:  6537 19:40:47   -20111.373047        0.221400
FIRE:  6538 19:40:47   -20111.394531        0.268811
FIRE:  6539 19:40:47   -20111.410156        0.252177
FIRE:  6540 19:40:48   -20111.435547        0.178804
FIRE:  6541 19:40:48   -20111.437500        0.209190
FIRE:  6542 19:40:48   -20111.466797        0.250896
FIRE:  6543 19:40:49   -20111.517578        0.259369
FIRE:  6544 19:40:49   -20111.529297        0.228447
FIRE:  6545 19:40:49   -20111.576172        0.153906
FIRE:  6546 19:40:50   -20111.628906        0.440858
FIRE:  6547 19:40:50   -20111.634766        1.932943
FIRE:  6548 19:40:50   -20111.675781        0.547379
FIRE:  6549 19:40:51   -20111.681641        0.392952
FIRE:  6550 19:40:51   -20111.687500        0.123183
FIRE:  6551 19:40:51   -20111.687500        0.185485
FIRE:  6552 19:40:52   -20111.695312        0.384151
FIRE:  6553 19:40:52   -20111.707031        0.354397
FIRE:  6554 19:40:52   -20111.708984        0.297632
FIRE:  6555 19:40:53   -20111.712891        0.218815
FIRE:  6556 19:40:53   -20111.708984        0.125710
FIRE:  6557 19:40:53   -20111.710938        0.090325
FIRE:  6558 19:40:54   -20111.720703        0.090325
FIRE:  6559 19:40:54   -20111.712891        0.140218
FIRE:  6560 19:40:54   -20111.720703        0.189488
FIRE:  6561 19:40:55   -20111.722656        0.206505
FIRE:  6562 19:40:55   -20111.730469        0.182441
FIRE:  6563 19:40:55   -20111.722656        0.114147
FIRE:  6564 19:40:56   -20111.740234        0.090248
FIRE:  6565 19:40:56   -20111.746094        0.105558
FIRE:  6566 19:40:56   -20111.728516        0.162758
FIRE:  6567 19:40:57   -20111.738281        0.127744
FIRE:  6568 19:40:57   -20111.744141        0.090109
FIRE:  6569 19:40:57   -20111.738281        0.123913
FIRE:  6570 19:40:58   -20111.759766        0.122966
FIRE:  6571 19:40:58   -20111.771484        0.089929
FIRE:  6572 19:40:58   -20111.781250        0.135502
FIRE:  6573 19:40:59   -20111.804688        0.089759
FIRE:  6574 19:40:59   -20111.830078        0.134355
FIRE:  6575 19:40:59   -20111.845703        0.089557
FIRE:  6576 19:41:00   -20111.869141        0.089437
FIRE:  6577 19:41:00   -20111.896484        0.167364
FIRE:  6578 19:41:00   -20111.917969        0.294301
FIRE:  6579 19:41:01   -20111.945312        0.629731
FIRE:  6580 19:41:01   -20111.968750        1.654743
FIRE:  6581 19:41:01   -20112.015625        0.176099
FIRE:  6582 19:41:02   -20112.001953        0.133102
FIRE:  6583 19:41:02   -20112.001953        0.089787
FIRE:  6584 19:41:02   -20112.013672        0.089796
FIRE:  6585 19:41:03   -20112.009766        0.101075
FIRE:  6586 19:41:03   -20112.019531        0.125825
FIRE:  6587 19:41:03   -20112.005859        0.101350
FIRE:  6588 19:41:04   -20112.007812        0.089878
FIRE:  6589 19:41:04   -20112.011719        0.089926
FIRE:  6590 19:41:04   -20112.017578        0.098672
FIRE:  6591 19:41:05   -20112.023438        0.090010
FIRE:  6592 19:41:05   -20112.029297        0.090075
FIRE:  6593 19:41:05   -20112.052734        0.090149
FIRE:  6594 19:41:06   -20112.048828        0.090253
FIRE:  6595 19:41:06   -20112.064453        0.090390
FIRE:  6596 19:41:06   -20112.085938        0.090593
FIRE:  6597 19:41:07   -20112.107422        0.097589
FIRE:  6598 19:41:07   -20112.126953        0.108682
FIRE:  6599 19:41:07   -20112.140625        0.122339
FIRE:  6600 19:41:08   -20112.171875        0.137904
FIRE:  6601 19:41:08   -20112.224609        0.249339
FIRE:  6602 19:41:08   -20112.287109        0.820351
FIRE:  6603 19:41:09   -20112.253906        2.237067
FIRE:  6604 19:41:09   -20112.343750        0.168035
FIRE:  6605 19:41:09   -20112.291016        2.673983
FIRE:  6606 19:41:10   -20112.324219        1.750077
FIRE:  6607 19:41:10   -20112.365234        0.376225
FIRE:  6608 19:41:10   -20112.353516        0.888378
FIRE:  6609 19:41:11   -20112.359375        0.832561
FIRE:  6610 19:41:11   -20112.355469        0.723404
FIRE:  6611 19:41:11   -20112.357422        0.565945
FIRE:  6612 19:41:12   -20112.363281        0.368862
FIRE:  6613 19:41:12   -20112.365234        0.171077
FIRE:  6614 19:41:12   -20112.367188        0.171426
FIRE:  6615 19:41:13   -20112.359375        0.283902
FIRE:  6616 19:41:13   -20112.355469        0.278789
FIRE:  6617 19:41:13   -20112.353516        0.268801
FIRE:  6618 19:41:14   -20112.369141        0.253882
FIRE:  6619 19:41:14   -20112.365234        0.234575
FIRE:  6620 19:41:14   -20112.376953        0.211336
FIRE:  6621 19:41:15   -20112.375000        0.184721
FIRE:  6622 19:41:15   -20112.380859        0.172019
FIRE:  6623 19:41:15   -20112.375000        0.172098
FIRE:  6624 19:41:16   -20112.382812        0.172197
FIRE:  6625 19:41:16   -20112.375000        0.172307
FIRE:  6626 19:41:16   -20112.386719        0.172498
FIRE:  6627 19:41:17   -20112.380859        0.172697
FIRE:  6628 19:41:17   -20112.384766        0.172934
FIRE:  6629 19:41:17   -20112.386719        0.173279
FIRE:  6630 19:41:18   -20112.388672        0.173683
FIRE:  6631 19:41:18   -20112.384766        0.174193
FIRE:  6632 19:41:18   -20112.392578        0.174848
FIRE:  6633 19:41:19   -20112.386719        0.175635
FIRE:  6634 19:41:19   -20112.398438        0.176633
FIRE:  6635 19:41:19   -20112.398438        0.177878
FIRE:  6636 19:41:20   -20112.402344        0.179383
FIRE:  6637 19:41:20   -20112.410156        0.181313
FIRE:  6638 19:41:20   -20112.396484        0.183739
FIRE:  6639 19:41:21   -20112.417969        0.186873
FIRE:  6640 19:41:21   -20112.427734        0.190991
FIRE:  6641 19:41:21   -20112.445312        0.196452
FIRE:  6642 19:41:22   -20112.455078        0.203671
FIRE:  6643 19:41:22   -20112.472656        0.213113
FIRE:  6644 19:41:22   -20112.486328        0.225383
FIRE:  6645 19:41:23   -20112.505859        0.240792
FIRE:  6646 19:41:23   -20112.535156        0.259049
FIRE:  6647 19:41:23   -20112.582031        0.278400
FIRE:  6648 19:41:24   -20112.648438        0.297013
FIRE:  6649 19:41:24   -20112.699219        0.314604
FIRE:  6650 19:41:24   -20112.765625        0.874807
FIRE:  6651 19:41:25   -20112.867188        2.431738
FIRE:  6652 19:41:25   -20112.919922        0.345371
FIRE:  6653 19:41:25   -20112.865234        2.890247
FIRE:  6654 19:41:26   -20112.896484        1.893328
FIRE:  6655 19:41:26   -20112.919922        0.421275
FIRE:  6656 19:41:26   -20112.916016        0.919443
FIRE:  6657 19:41:27   -20112.927734        0.862888
FIRE:  6658 19:41:27   -20112.929688        0.752215
FIRE:  6659 19:41:27   -20112.927734        0.592563
FIRE:  6660 19:41:28   -20112.931641        0.392983
FIRE:  6661 19:41:28   -20112.945312        0.350445
FIRE:  6662 19:41:28   -20112.939453        0.350871
FIRE:  6663 19:41:29   -20112.947266        0.351309
FIRE:  6664 19:41:29   -20112.943359        0.430230
FIRE:  6665 19:41:29   -20112.941406        0.520910
FIRE:  6666 19:41:30   -20112.953125        0.509779
FIRE:  6667 19:41:30   -20112.957031        0.380137
FIRE:  6668 19:41:30   -20112.962891        0.353299
FIRE:  6669 19:41:31   -20112.968750        0.353378
FIRE:  6670 19:41:31   -20112.955078        0.354240
FIRE:  6671 19:41:31   -20112.966797        0.388463
FIRE:  6672 19:41:32   -20112.974609        0.351241
FIRE:  6673 19:41:32   -20113.000000        0.348244
FIRE:  6674 19:41:32   -20113.039062        0.364456
FIRE:  6675 19:41:33   -20113.070312        0.331064
FIRE:  6676 19:41:33   -20113.097656        0.311714
FIRE:  6677 19:41:33   -20113.132812        0.279958
FIRE:  6678 19:41:34   -20113.171875        0.273781
FIRE:  6679 19:41:34   -20113.201172        0.218192
FIRE:  6680 19:41:34   -20113.246094        0.407380
FIRE:  6681 19:41:35   -20113.298828        0.459386
FIRE:  6682 19:41:35   -20113.349609        0.501184
FIRE:  6683 19:41:35   -20113.376953        0.832662
FIRE:  6684 19:41:36   -20113.425781        1.744674
FIRE:  6685 19:41:36   -20113.470703        0.379748
FIRE:  6686 19:41:36   -20113.451172        1.674083
FIRE:  6687 19:41:37   -20113.460938        1.220055
FIRE:  6688 19:41:37   -20113.476562        0.480960
FIRE:  6689 19:41:37   -20113.460938        0.311867
FIRE:  6690 19:41:38   -20113.468750        0.310973
FIRE:  6691 19:41:38   -20113.462891        0.309157
FIRE:  6692 19:41:38   -20113.457031        0.306466
FIRE:  6693 19:41:39   -20113.455078        0.302879
FIRE:  6694 19:41:39   -20113.458984        0.298404
FIRE:  6695 19:41:39   -20113.468750        0.293076
FIRE:  6696 19:41:40   -20113.472656        0.286981
FIRE:  6697 19:41:40   -20113.468750        0.279348
FIRE:  6698 19:41:40   -20113.480469        0.270013
FIRE:  6699 19:41:41   -20113.484375        0.258679
FIRE:  6700 19:41:41   -20113.482422        0.245180
FIRE:  6701 19:41:41   -20113.484375        0.229227
FIRE:  6702 19:41:42   -20113.492188        0.210579
FIRE:  6703 19:41:42   -20113.496094        0.189134
FIRE:  6704 19:41:42   -20113.505859        0.165007
FIRE:  6705 19:41:43   -20113.503906        0.160043
FIRE:  6706 19:41:43   -20113.513672        0.162184
FIRE:  6707 19:41:43   -20113.537109        0.164800
FIRE:  6708 19:41:44   -20113.531250        0.167953
FIRE:  6709 19:41:44   -20113.535156        0.171736
FIRE:  6710 19:41:44   -20113.554688        0.176213
FIRE:  6711 19:41:45   -20113.556641        0.181403
FIRE:  6712 19:41:45   -20113.593750        0.187297
FIRE:  6713 19:41:45   -20113.609375        0.193865
FIRE:  6714 19:41:46   -20113.650391        0.201170
FIRE:  6715 19:41:46   -20113.671875        0.209461
FIRE:  6716 19:41:46   -20113.751953        0.232293
FIRE:  6717 19:41:47   -20113.835938        0.623446
FIRE:  6718 19:41:47   -20113.894531        1.675663
FIRE:  6719 19:41:47   -20113.861328        6.223312
FIRE:  6720 19:41:48   -20114.035156        2.192135
FIRE:  6721 19:41:48   -20114.044922        1.695646
FIRE:  6722 19:41:48   -20114.068359        0.717209
FIRE:  6723 19:41:49   -20114.097656        0.606194
FIRE:  6724 19:41:49   -20114.085938        0.559243
FIRE:  6725 19:41:49   -20114.083984        0.470137
FIRE:  6726 19:41:50   -20114.089844        0.388567
FIRE:  6727 19:41:50   -20114.093750        0.389346
FIRE:  6728 19:41:50   -20114.093750        0.390325
FIRE:  6729 19:41:51   -20114.099609        0.391509
FIRE:  6730 19:41:51   -20114.097656        0.392886
FIRE:  6731 19:41:51   -20114.091797        0.394612
FIRE:  6732 19:41:52   -20114.089844        0.396739
FIRE:  6733 19:41:52   -20114.101562        0.399346
FIRE:  6734 19:41:52   -20114.117188        0.402510
FIRE:  6735 19:41:53   -20114.117188        0.406389
FIRE:  6736 19:41:53   -20114.126953        0.411063
FIRE:  6737 19:41:53   -20114.154297        0.416641
FIRE:  6738 19:41:54   -20114.166016        0.423207
FIRE:  6739 19:41:54   -20114.171875        0.430796
FIRE:  6740 19:41:54   -20114.208984        0.439411
FIRE:  6741 19:41:55   -20114.232422        0.448866
FIRE:  6742 19:41:55   -20114.259766        0.458644
FIRE:  6743 19:41:55   -20114.291016        0.467920
FIRE:  6744 19:41:56   -20114.369141        0.475025
FIRE:  6745 19:41:56   -20114.443359        0.476498
FIRE:  6746 19:41:56   -20114.521484        0.462401
FIRE:  6747 19:41:57   -20114.617188        0.403562
FIRE:  6748 19:41:57   -20114.732422        0.289024
FIRE:  6749 19:41:57   -20114.837891        0.695812
FIRE:  6750 19:41:58   -20114.871094        1.631730
FIRE:  6751 19:41:58   -20114.900391        0.772985
FIRE:  6752 19:41:58   -20114.904297        1.283802
FIRE:  6753 19:41:59   -20114.917969        0.985926
FIRE:  6754 19:41:59   -20114.923828        0.588487
FIRE:  6755 19:41:59   -20114.929688        0.553090
FIRE:  6756 19:42:00   -20114.925781        0.541675
FIRE:  6757 19:42:00   -20114.939453        0.782431
FIRE:  6758 19:42:00   -20114.957031        0.790771
FIRE:  6759 19:42:01   -20114.958984        0.583412
FIRE:  6760 19:42:01   -20114.988281        0.284974
FIRE:  6761 19:42:01   -20115.000000        0.385960
FIRE:  6762 19:42:02   -20115.013672        0.683892
FIRE:  6763 19:42:02   -20115.044922        0.500327
FIRE:  6764 19:42:02   -20115.050781        0.184436
FIRE:  6765 19:42:03   -20115.062500        0.556293
FIRE:  6766 19:42:03   -20115.060547        0.362331
FIRE:  6767 19:42:03   -20115.121094        0.402377
FIRE:  6768 19:42:04   -20115.126953        0.438121
FIRE:  6769 19:42:04   -20115.148438        0.447462
FIRE:  6770 19:42:04   -20115.179688        0.251875
FIRE:  6771 19:42:05   -20115.230469        0.756600
FIRE:  6772 19:42:05   -20115.259766        0.808504
FIRE:  6773 19:42:05   -20115.341797        0.814034
FIRE:  6774 19:42:06   -20115.382812        1.335237
FIRE:  6775 19:42:06   -20115.369141        3.914662
FIRE:  6776 19:42:06   -20115.453125        0.961942
FIRE:  6777 19:42:07   -20115.458984        0.725744
FIRE:  6778 19:42:07   -20115.460938        0.295591
FIRE:  6779 19:42:07   -20115.462891        0.234363
FIRE:  6780 19:42:08   -20115.460938        0.625141
FIRE:  6781 19:42:08   -20115.466797        0.580176
FIRE:  6782 19:42:08   -20115.468750        0.494053
FIRE:  6783 19:42:09   -20115.470703        0.374587
FIRE:  6784 19:42:09   -20115.466797        0.232905
FIRE:  6785 19:42:09   -20115.462891        0.186436
FIRE:  6786 19:42:10   -20115.468750        0.181194
FIRE:  6787 19:42:10   -20115.464844        0.190659
FIRE:  6788 19:42:10   -20115.458984        0.280051
FIRE:  6789 19:42:11   -20115.466797        0.324834
FIRE:  6790 19:42:11   -20115.466797        0.310469
FIRE:  6791 19:42:11   -20115.474609        0.227485
FIRE:  6792 19:42:12   -20115.480469        0.124843
FIRE:  6793 19:42:12   -20115.492188        0.112251
FIRE:  6794 19:42:12   -20115.498047        0.242298
FIRE:  6795 19:42:13   -20115.509766        0.247489
FIRE:  6796 19:42:13   -20115.509766        0.103945
FIRE:  6797 19:42:13   -20115.527344        0.134914
FIRE:  6798 19:42:14   -20115.521484        0.228420
FIRE:  6799 19:42:14   -20115.531250        0.106480
FIRE:  6800 19:42:14   -20115.560547        0.193596
FIRE:  6801 19:42:15   -20115.560547        0.141825
FIRE:  6802 19:42:15   -20115.578125        0.195405
FIRE:  6803 19:42:15   -20115.605469        0.106138
FIRE:  6804 19:42:16   -20115.638672        0.267954
FIRE:  6805 19:42:16   -20115.667969        0.306608
FIRE:  6806 19:42:16   -20115.681641        0.340233
FIRE:  6807 19:42:17   -20115.771484        0.592417
FIRE:  6808 19:42:17   -20115.800781        1.552881
FIRE:  6809 19:42:17   -20115.792969        3.523451
FIRE:  6810 19:42:18   -20115.917969        0.565054
FIRE:  6811 19:42:18   -20115.789062        4.969136
FIRE:  6812 19:42:18   -20115.867188        2.979090
FIRE:  6813 19:42:19   -20115.925781        0.344445
FIRE:  6814 19:42:19   -20115.900391        1.744599
FIRE:  6815 19:42:19   -20115.914062        1.646031
FIRE:  6816 19:42:19   -20115.908203        1.450366
FIRE:  6817 19:42:20   -20115.906250        1.161230
FIRE:  6818 19:42:20   -20115.919922        0.786877
FIRE:  6819 19:42:20   -20115.939453        0.342946
FIRE:  6820 19:42:21   -20115.935547        0.158545
FIRE:  6821 19:42:21   -20115.939453        0.158552
FIRE:  6822 19:42:21   -20115.937500        0.158559
FIRE:  6823 19:42:22   -20115.931641        0.158572
FIRE:  6824 19:42:22   -20115.933594        0.158597
FIRE:  6825 19:42:22   -20115.933594        0.158624
FIRE:  6826 19:42:23   -20115.931641        0.158654
FIRE:  6827 19:42:23   -20115.933594        0.158688
FIRE:  6828 19:42:23   -20115.933594        0.158732
FIRE:  6829 19:42:24   -20115.945312        0.158791
FIRE:  6830 19:42:24   -20115.945312        0.158865
FIRE:  6831 19:42:24   -20115.933594        0.158961
FIRE:  6832 19:42:25   -20115.941406        0.159071
FIRE:  6833 19:42:25   -20115.933594        0.159211
FIRE:  6834 19:42:25   -20115.937500        0.159397
FIRE:  6835 19:42:26   -20115.945312        0.159616
FIRE:  6836 19:42:26   -20115.951172        0.159882
FIRE:  6837 19:42:26   -20115.951172        0.160209
FIRE:  6838 19:42:27   -20115.937500        0.160619
FIRE:  6839 19:42:27   -20115.937500        0.161114
FIRE:  6840 19:42:27   -20115.951172        0.161730
FIRE:  6841 19:42:28   -20115.943359        0.162480
FIRE:  6842 19:42:28   -20115.953125        0.163388
FIRE:  6843 19:42:28   -20115.955078        0.164501
FIRE:  6844 19:42:29   -20115.958984        0.165883
FIRE:  6845 19:42:29   -20115.968750        0.167571
FIRE:  6846 19:42:29   -20115.976562        0.169665
FIRE:  6847 19:42:30   -20115.990234        0.172211
FIRE:  6848 19:42:30   -20116.009766        0.175262
FIRE:  6849 19:42:30   -20116.013672        0.178826
FIRE:  6850 19:42:31   -20116.054688        0.182795
FIRE:  6851 19:42:31   -20116.070312        0.186828
FIRE:  6852 19:42:31   -20116.109375        0.190198
FIRE:  6853 19:42:32   -20116.148438        0.191569
FIRE:  6854 19:42:32   -20116.201172        0.286075
FIRE:  6855 19:42:32   -20116.257812        0.976279
FIRE:  6856 19:42:33   -20116.283203        2.666749
FIRE:  6857 19:42:33   -20116.339844        0.239394
FIRE:  6858 19:42:33   -20116.294922        3.347895
FIRE:  6859 19:42:34   -20116.337891        2.145856
FIRE:  6860 19:42:34   -20116.353516        0.414897
FIRE:  6861 19:42:34   -20116.351562        1.125326
FIRE:  6862 19:42:35   -20116.355469        1.057338
FIRE:  6863 19:42:35   -20116.357422        0.923899
FIRE:  6864 19:42:35   -20116.367188        0.730043
FIRE:  6865 19:42:36   -20116.349609        0.484828
FIRE:  6866 19:42:36   -20116.361328        0.203093
FIRE:  6867 19:42:36   -20116.365234        0.168211
FIRE:  6868 19:42:37   -20116.361328        0.354076
FIRE:  6869 19:42:37   -20116.363281        0.347842
FIRE:  6870 19:42:37   -20116.359375        0.335382
FIRE:  6871 19:42:38   -20116.363281        0.317176
FIRE:  6872 19:42:38   -20116.365234        0.293420
FIRE:  6873 19:42:38   -20116.367188        0.264748
FIRE:  6874 19:42:39   -20116.369141        0.231970
FIRE:  6875 19:42:39   -20116.365234        0.195868
FIRE:  6876 19:42:39   -20116.369141        0.168489
FIRE:  6877 19:42:40   -20116.371094        0.168532
FIRE:  6878 19:42:40   -20116.367188        0.168594
FIRE:  6879 19:42:40   -20116.367188        0.168658
FIRE:  6880 19:42:41   -20116.363281        0.168749
FIRE:  6881 19:42:41   -20116.375000        0.168853
FIRE:  6882 19:42:41   -20116.369141        0.168980
FIRE:  6883 19:42:42   -20116.376953        0.169141
FIRE:  6884 19:42:42   -20116.371094        0.169326
FIRE:  6885 19:42:42   -20116.373047        0.169551
FIRE:  6886 19:42:43   -20116.369141        0.169812
FIRE:  6887 19:42:43   -20116.376953        0.170122
FIRE:  6888 19:42:43   -20116.369141        0.170480
FIRE:  6889 19:42:44   -20116.386719        0.170881
FIRE:  6890 19:42:44   -20116.400391        0.171326
FIRE:  6891 19:42:44   -20116.400391        0.171772
FIRE:  6892 19:42:45   -20116.408203        0.172199
FIRE:  6893 19:42:45   -20116.410156        0.172491
FIRE:  6894 19:42:45   -20116.423828        0.172516
FIRE:  6895 19:42:46   -20116.441406        0.172004
FIRE:  6896 19:42:46   -20116.464844        0.170524
FIRE:  6897 19:42:46   -20116.482422        0.167489
FIRE:  6898 19:42:47   -20116.486328        0.162250
FIRE:  6899 19:42:47   -20116.544922        0.154370
FIRE:  6900 19:42:47   -20116.576172        0.157688
FIRE:  6901 19:42:48   -20116.621094        0.239155
FIRE:  6902 19:42:48   -20116.687500        0.483968
FIRE:  6903 19:42:48   -20116.740234        1.323432
FIRE:  6904 19:42:49   -20116.734375        3.072983
FIRE:  6905 19:42:49   -20116.824219        0.462241
FIRE:  6906 19:42:49   -20116.742188        3.974444
FIRE:  6907 19:42:50   -20116.794922        2.516148
FIRE:  6908 19:42:50   -20116.843750        0.467119
FIRE:  6909 19:42:50   -20116.830078        1.297028
FIRE:  6910 19:42:51   -20116.833984        1.221908
FIRE:  6911 19:42:51   -20116.837891        1.073711
FIRE:  6912 19:42:51   -20116.832031        0.857407
FIRE:  6913 19:42:52   -20116.853516        0.581621
FIRE:  6914 19:42:52   -20116.845703        0.261515
FIRE:  6915 19:42:52   -20116.841797        0.217580
FIRE:  6916 19:42:53   -20116.853516        0.385229
FIRE:  6917 19:42:53   -20116.843750        0.378452
FIRE:  6918 19:42:53   -20116.839844        0.365088
FIRE:  6919 19:42:54   -20116.841797        0.345382
FIRE:  6920 19:42:54   -20116.853516        0.319941
FIRE:  6921 19:42:54   -20116.847656        0.289194
FIRE:  6922 19:42:55   -20116.849609        0.253824
FIRE:  6923 19:42:55   -20116.847656        0.218494
FIRE:  6924 19:42:55   -20116.833984        0.218628
FIRE:  6925 19:42:56   -20116.847656        0.218795
FIRE:  6926 19:42:56   -20116.843750        0.219006
FIRE:  6927 19:42:56   -20116.845703        0.219285
FIRE:  6928 19:42:57   -20116.855469        0.219620
FIRE:  6929 19:42:57   -20116.845703        0.220042
FIRE:  6930 19:42:57   -20116.847656        0.220562
FIRE:  6931 19:42:58   -20116.857422        0.221216
FIRE:  6932 19:42:58   -20116.845703        0.222006
FIRE:  6933 19:42:58   -20116.849609        0.222970
FIRE:  6934 19:42:59   -20116.855469        0.224168
FIRE:  6935 19:42:59   -20116.863281        0.225626
FIRE:  6936 19:42:59   -20116.863281        0.227414
FIRE:  6937 19:43:00   -20116.886719        0.229599
FIRE:  6938 19:43:00   -20116.900391        0.232220
FIRE:  6939 19:43:00   -20116.914062        0.235380
FIRE:  6940 19:43:01   -20116.925781        0.239146
FIRE:  6941 19:43:01   -20116.947266        0.243531
FIRE:  6942 19:43:01   -20116.947266        0.248487
FIRE:  6943 19:43:02   -20116.986328        0.253790
FIRE:  6944 19:43:02   -20117.005859        0.258866
FIRE:  6945 19:43:02   -20117.027344        0.262539
FIRE:  6946 19:43:03   -20117.062500        0.262620
FIRE:  6947 19:43:03   -20117.105469        0.254947
FIRE:  6948 19:43:03   -20117.162109        0.231150
FIRE:  6949 19:43:04   -20117.197266        0.221271
FIRE:  6950 19:43:04   -20117.259766        0.453527
FIRE:  6951 19:43:04   -20117.333984        1.344291
FIRE:  6952 19:43:05   -20117.310547        3.127983
FIRE:  6953 19:43:05   -20117.408203        0.550393
FIRE:  6954 19:43:05   -20117.335938        3.961592
FIRE:  6955 19:43:06   -20117.384766        2.532866
FIRE:  6956 19:43:06   -20117.425781        0.512723
FIRE:  6957 19:43:06   -20117.414062        1.241641
FIRE:  6958 19:43:07   -20117.414062        1.170528
FIRE:  6959 19:43:07   -20117.421875        1.030396
FIRE:  6960 19:43:07   -20117.417969        0.826046
FIRE:  6961 19:43:08   -20117.427734        0.565889
FIRE:  6962 19:43:08   -20117.435547        0.264090
FIRE:  6963 19:43:08   -20117.437500        0.253469
FIRE:  6964 19:43:09   -20117.431641        0.348224
FIRE:  6965 19:43:09   -20117.429688        0.342260
FIRE:  6966 19:43:09   -20117.433594        0.330428
FIRE:  6967 19:43:10   -20117.429688        0.313031
FIRE:  6968 19:43:10   -20117.427734        0.290449
FIRE:  6969 19:43:10   -20117.427734        0.263051
FIRE:  6970 19:43:11   -20117.433594        0.243207
FIRE:  6971 19:43:11   -20117.431641        0.241954
FIRE:  6972 19:43:11   -20117.433594        0.240419
FIRE:  6973 19:43:12   -20117.429688        0.238431
FIRE:  6974 19:43:12   -20117.437500        0.235943
FIRE:  6975 19:43:12   -20117.425781        0.232857
FIRE:  6976 19:43:13   -20117.427734        0.229023
FIRE:  6977 19:43:13   -20117.429688        0.224362
FIRE:  6978 19:43:13   -20117.435547        0.218765
FIRE:  6979 19:43:14   -20117.443359        0.212080
FIRE:  6980 19:43:14   -20117.435547        0.204124
FIRE:  6981 19:43:14   -20117.441406        0.194855
FIRE:  6982 19:43:15   -20117.441406        0.184042
FIRE:  6983 19:43:15   -20117.437500        0.171555
FIRE:  6984 19:43:15   -20117.441406        0.157387
FIRE:  6985 19:43:16   -20117.460938        0.141559
FIRE:  6986 19:43:16   -20117.453125        0.124210
FIRE:  6987 19:43:16   -20117.457031        0.112847
FIRE:  6988 19:43:17   -20117.476562        0.111303
FIRE:  6989 19:43:17   -20117.494141        0.109421
FIRE:  6990 19:43:17   -20117.488281        0.107132
FIRE:  6991 19:43:18   -20117.501953        0.110167
FIRE:  6992 19:43:18   -20117.537109        0.101121
FIRE:  6993 19:43:18   -20117.541016        0.108825
FIRE:  6994 19:43:19   -20117.560547        0.094282
FIRE:  6995 19:43:19   -20117.591797        0.097881
FIRE:  6996 19:43:19   -20117.613281        0.150320
FIRE:  6997 19:43:20   -20117.646484        0.204074
FIRE:  6998 19:43:20   -20117.667969        0.387359
FIRE:  6999 19:43:20   -20117.736328        1.035267
FIRE:  7000 19:43:21   -20117.757812        2.452159
FIRE:  7001 19:43:21   -20117.812500        0.322981
FIRE:  7002 19:43:21   -20117.755859        2.882723
FIRE:  7003 19:43:22   -20117.792969        1.928365
FIRE:  7004 19:43:22   -20117.818359        0.500612
FIRE:  7005 19:43:22   -20117.816406        0.842194
FIRE:  7006 19:43:23   -20117.808594        0.792384
FIRE:  7007 19:43:23   -20117.812500        0.694942
FIRE:  7008 19:43:23   -20117.808594        0.554313
FIRE:  7009 19:43:24   -20117.816406        0.377597
FIRE:  7010 19:43:24   -20117.828125        0.204104
FIRE:  7011 19:43:24   -20117.816406        0.204517
FIRE:  7012 19:43:25   -20117.794922        0.223715
FIRE:  7013 19:43:25   -20117.828125        0.377475
FIRE:  7014 19:43:25   -20117.818359        0.471054
FIRE:  7015 19:43:26   -20117.820312        0.479404
FIRE:  7016 19:43:26   -20117.820312        0.385730
FIRE:  7017 19:43:26   -20117.832031        0.210341
FIRE:  7018 19:43:27   -20117.816406        0.212010
FIRE:  7019 19:43:27   -20117.822266        0.285412
FIRE:  7020 19:43:27   -20117.837891        0.366727
FIRE:  7021 19:43:28   -20117.841797        0.252969
FIRE:  7022 19:43:28   -20117.843750        0.214090
FIRE:  7023 19:43:28   -20117.853516        0.306520
FIRE:  7024 19:43:29   -20117.880859        0.254051
FIRE:  7025 19:43:29   -20117.884766        0.201059
FIRE:  7026 19:43:29   -20117.892578        0.293429
FIRE:  7027 19:43:30   -20117.896484        0.184952
FIRE:  7028 19:43:30   -20117.945312        0.286624
FIRE:  7029 19:43:30   -20117.968750        0.232398
FIRE:  7030 19:43:31   -20118.007812        0.200055
FIRE:  7031 19:43:31   -20118.064453        0.250542
FIRE:  7032 19:43:31   -20118.121094        0.621894
FIRE:  7033 19:43:32   -20118.171875        1.574945
FIRE:  7034 19:43:32   -20118.167969        3.362239
FIRE:  7035 19:43:32   -20118.289062        0.663795
FIRE:  7036 19:43:33   -20118.197266        4.386894
FIRE:  7037 19:43:33   -20118.251953        2.742432
FIRE:  7038 19:43:33   -20118.304688        0.481007
FIRE:  7039 19:43:34   -20118.300781        1.390497
FIRE:  7040 19:43:34   -20118.306641        1.312006
FIRE:  7041 19:43:34   -20118.318359        1.156836
FIRE:  7042 19:43:35   -20118.306641        0.929674
FIRE:  7043 19:43:35   -20118.328125        0.639029
FIRE:  7044 19:43:35   -20118.324219        0.362782
FIRE:  7045 19:43:36   -20118.320312        0.366302
FIRE:  7046 19:43:36   -20118.333984        0.384794
FIRE:  7047 19:43:36   -20118.330078        0.655746
FIRE:  7048 19:43:37   -20118.335938        0.818911
FIRE:  7049 19:43:37   -20118.335938        0.826717
FIRE:  7050 19:43:37   -20118.349609        0.650749
FIRE:  7051 19:43:38   -20118.355469        0.415966
FIRE:  7052 19:43:38   -20118.363281        0.433236
FIRE:  7053 19:43:38   -20118.365234        0.497109
FIRE:  7054 19:43:39   -20118.384766        0.618428
FIRE:  7055 19:43:39   -20118.412109        0.521679
FIRE:  7056 19:43:39   -20118.433594        0.569154
FIRE:  7057 19:43:40   -20118.462891        0.630318
FIRE:  7058 19:43:40   -20118.505859        0.704886
FIRE:  7059 19:43:40   -20118.560547        0.786883
FIRE:  7060 19:43:41   -20118.654297        0.847332
FIRE:  7061 19:43:41   -20118.740234        0.794434
FIRE:  7062 19:43:41   -20118.857422        0.537573
FIRE:  7063 19:43:42   -20118.921875        1.015285
FIRE:  7064 19:43:42   -20118.921875        0.941149
FIRE:  7065 19:43:42   -20118.937500        0.806902
FIRE:  7066 19:43:43   -20118.951172        0.636969
FIRE:  7067 19:43:43   -20118.964844        0.461931
FIRE:  7068 19:43:43   -20118.992188        0.434833
FIRE:  7069 19:43:44   -20119.015625        0.435377
FIRE:  7070 19:43:44   -20119.037109        0.435616
FIRE:  7071 19:43:44   -20119.064453        0.492865
FIRE:  7072 19:43:45   -20119.083984        0.512273
FIRE:  7073 19:43:45   -20119.126953        0.477412
FIRE:  7074 19:43:45   -20119.156250        0.429191
FIRE:  7075 19:43:46   -20119.218750        0.423590
FIRE:  7076 19:43:46   -20119.275391        0.409804
FIRE:  7077 19:43:46   -20119.339844        0.380858
FIRE:  7078 19:43:47   -20119.419922        0.339719
FIRE:  7079 19:43:47   -20119.519531        0.417014
FIRE:  7080 19:43:47   -20119.611328        0.764084
FIRE:  7081 19:43:48   -20119.642578        2.029799
FIRE:  7082 19:43:48   -20119.681641        0.388271
FIRE:  7083 19:43:48   -20119.669922        1.454493
FIRE:  7084 19:43:49   -20119.675781        1.189850
FIRE:  7085 19:43:49   -20119.683594        0.682571
FIRE:  7086 19:43:49   -20119.681641        0.297392
FIRE:  7087 19:43:50   -20119.679688        0.666759
FIRE:  7088 19:43:50   -20119.681641        0.627966
FIRE:  7089 19:43:50   -20119.685547        0.553174
FIRE:  7090 19:43:51   -20119.687500        0.447897
FIRE:  7091 19:43:51   -20119.687500        0.320092
FIRE:  7092 19:43:51   -20119.685547        0.262636
FIRE:  7093 19:43:52   -20119.695312        0.256706
FIRE:  7094 19:43:52   -20119.687500        0.249842
FIRE:  7095 19:43:52   -20119.697266        0.241323
FIRE:  7096 19:43:53   -20119.695312        0.292935
FIRE:  7097 19:43:53   -20119.691406        0.331040
FIRE:  7098 19:43:53   -20119.703125        0.308564
FIRE:  7099 19:43:54   -20119.712891        0.217019
FIRE:  7100 19:43:54   -20119.718750        0.171518
FIRE:  7101 19:43:54   -20119.718750        0.152394
FIRE:  7102 19:43:55   -20119.728516        0.248857
FIRE:  7103 19:43:55   -20119.734375        0.243669
FIRE:  7104 19:43:55   -20119.742188        0.141035
FIRE:  7105 19:43:56   -20119.750000        0.143591
FIRE:  7106 19:43:56   -20119.746094        0.229111
FIRE:  7107 19:43:56   -20119.779297        0.126937
FIRE:  7108 19:43:57   -20119.777344        0.197721
FIRE:  7109 19:43:57   -20119.808594        0.131440
FIRE:  7110 19:43:57   -20119.824219        0.201953
FIRE:  7111 19:43:58   -20119.849609        0.112292
FIRE:  7112 19:43:58   -20119.882812        0.266908
FIRE:  7113 19:43:58   -20119.910156        0.310531
FIRE:  7114 19:43:59   -20119.955078        0.332645
FIRE:  7115 19:43:59   -20119.992188        0.562176
FIRE:  7116 19:43:59   -20120.031250        1.430248
FIRE:  7117 19:44:00   -20120.015625        3.168303
FIRE:  7118 19:44:00   -20120.115234        0.552433
FIRE:  7119 19:44:00   -20120.037109        4.185966
FIRE:  7120 19:44:01   -20120.082031        2.616556
FIRE:  7121 19:44:01   -20120.126953        0.451790
FIRE:  7122 19:44:01   -20120.113281        1.374450
FIRE:  7123 19:44:02   -20120.117188        1.296274
FIRE:  7124 19:44:02   -20120.117188        1.141847
FIRE:  7125 19:44:02   -20120.126953        0.915550
FIRE:  7126 19:44:03   -20120.126953        0.625366
FIRE:  7127 19:44:03   -20120.128906        0.285196
FIRE:  7128 19:44:03   -20120.132812        0.083311
FIRE:  7129 19:44:04   -20120.128906        0.408046
FIRE:  7130 19:44:04   -20120.125000        0.400829
FIRE:  7131 19:44:04   -20120.132812        0.386607
FIRE:  7132 19:44:05   -20120.132812        0.365427
FIRE:  7133 19:44:05   -20120.126953        0.338149
FIRE:  7134 19:44:05   -20120.130859        0.305087
FIRE:  7135 19:44:06   -20120.134766        0.267101
FIRE:  7136 19:44:06   -20120.138672        0.225344
FIRE:  7137 19:44:06   -20120.134766        0.175634
FIRE:  7138 19:44:07   -20120.134766        0.118513
FIRE:  7139 19:44:07   -20120.142578        0.082165
FIRE:  7140 19:44:07   -20120.140625        0.082114
FIRE:  7141 19:44:08   -20120.144531        0.082048
FIRE:  7142 19:44:08   -20120.144531        0.134755
FIRE:  7143 19:44:08   -20120.146484        0.174757
FIRE:  7144 19:44:09   -20120.132812        0.191780
FIRE:  7145 19:44:09   -20120.132812        0.179338
FIRE:  7146 19:44:09   -20120.134766        0.133195
FIRE:  7147 19:44:10   -20120.132812        0.081242
FIRE:  7148 19:44:10   -20120.128906        0.080993
FIRE:  7149 19:44:10   -20120.138672        0.124377
FIRE:  7150 19:44:10   -20120.146484        0.152248
FIRE:  7151 19:44:11   -20120.140625        0.102901
FIRE:  7152 19:44:11   -20120.140625        0.079309
FIRE:  7153 19:44:11   -20120.148438        0.117730
FIRE:  7154 19:44:12   -20120.164062        0.117143
FIRE:  7155 19:44:12   -20120.169922        0.076818
FIRE:  7156 19:44:12   -20120.191406        0.126604
FIRE:  7157 19:44:13   -20120.189453        0.074124
FIRE:  7158 19:44:13   -20120.183594        0.125963
FIRE:  7159 19:44:13   -20120.197266        0.070159
FIRE:  7160 19:44:14   -20120.232422        0.131229
FIRE:  7161 19:44:14   -20120.251953        0.176322
FIRE:  7162 19:44:14   -20120.285156        0.209862
FIRE:  7163 19:44:15   -20120.320312        0.372079
FIRE:  7164 19:44:15   -20120.355469        0.966947
FIRE:  7165 19:44:16   -20120.353516        2.320073
FIRE:  7166 19:44:16   -20120.402344        0.246098
FIRE:  7167 19:44:16   -20120.367188        2.768485
FIRE:  7168 19:44:17   -20120.390625        1.837040
FIRE:  7169 19:44:17   -20120.414062        0.450049
FIRE:  7170 19:44:17   -20120.406250        0.852087
FIRE:  7171 19:44:18   -20120.400391        0.801123
FIRE:  7172 19:44:18   -20120.408203        0.701043
FIRE:  7173 19:44:18   -20120.408203        0.556674
FIRE:  7174 19:44:18   -20120.414062        0.375093
FIRE:  7175 19:44:19   -20120.421875        0.167769
FIRE:  7176 19:44:19   -20120.421875        0.069942
FIRE:  7177 19:44:19   -20120.417969        0.244179
FIRE:  7178 19:44:20   -20120.417969        0.240007
FIRE:  7179 19:44:20   -20120.421875        0.231845
FIRE:  7180 19:44:20   -20120.421875        0.219783
FIRE:  7181 19:44:21   -20120.419922        0.204209
FIRE:  7182 19:44:21   -20120.419922        0.185237
FIRE:  7183 19:44:21   -20120.421875        0.163493
FIRE:  7184 19:44:22   -20120.423828        0.139519
FIRE:  7185 19:44:22   -20120.423828        0.111106
FIRE:  7186 19:44:22   -20120.423828        0.078430
FIRE:  7187 19:44:23   -20120.417969        0.069779
FIRE:  7188 19:44:23   -20120.423828        0.069749
FIRE:  7189 19:44:23   -20120.429688        0.069720
FIRE:  7190 19:44:24   -20120.429688        0.077214
FIRE:  7191 19:44:24   -20120.431641        0.102676
FIRE:  7192 19:44:24   -20120.429688        0.115201
FIRE:  7193 19:44:25   -20120.419922        0.110133
FIRE:  7194 19:44:25   -20120.431641        0.084753
FIRE:  7195 19:44:25   -20120.439453        0.069260
FIRE:  7196 19:44:26   -20120.441406        0.069125
FIRE:  7197 19:44:26   -20120.441406        0.072871
FIRE:  7198 19:44:26   -20120.443359        0.092265
FIRE:  7199 19:44:27   -20120.445312        0.068553
FIRE:  7200 19:44:27   -20120.437500        0.068290
FIRE:  7201 19:44:27   -20120.455078        0.070343
FIRE:  7202 19:44:28   -20120.453125        0.074167
FIRE:  7203 19:44:28   -20120.464844        0.067199
FIRE:  7204 19:44:28   -20120.474609        0.076399
FIRE:  7205 19:44:29   -20120.482422        0.066090
FIRE:  7206 19:44:29   -20120.480469        0.076018
FIRE:  7207 19:44:29   -20120.509766        0.064419
FIRE:  7208 19:44:30   -20120.517578        0.080862
FIRE:  7209 19:44:30   -20120.564453        0.106125
FIRE:  7210 19:44:30   -20120.570312        0.132872
FIRE:  7211 19:44:31   -20120.599609        0.258612
FIRE:  7212 19:44:31   -20120.634766        0.740942
FIRE:  7213 19:44:31   -20120.675781        1.916084
FIRE:  7214 19:44:32   -20120.693359        0.172334
FIRE:  7215 19:44:32   -20120.677734        2.149949
FIRE:  7216 19:44:32   -20120.695312        1.471233
FIRE:  7217 19:44:33   -20120.707031        0.422650
FIRE:  7218 19:44:33   -20120.703125        0.616588
FIRE:  7219 19:44:33   -20120.701172        0.579351
FIRE:  7220 19:44:34   -20120.695312        0.506698
FIRE:  7221 19:44:34   -20120.693359        0.402451
FIRE:  7222 19:44:34   -20120.689453        0.272420
FIRE:  7223 19:44:35   -20120.703125        0.125917
FIRE:  7224 19:44:35   -20120.693359        0.065752
FIRE:  7225 19:44:35   -20120.710938        0.167551
FIRE:  7226 19:44:36   -20120.712891        0.276188
FIRE:  7227 19:44:36   -20120.701172        0.341228
FIRE:  7228 19:44:36   -20120.703125        0.345506
FIRE:  7229 19:44:37   -20120.712891        0.277249
FIRE:  7230 19:44:37   -20120.707031        0.138016
FIRE:  7231 19:44:37   -20120.708984        0.065347
FIRE:  7232 19:44:38   -20120.707031        0.212347
FIRE:  7233 19:44:38   -20120.722656        0.268402
FIRE:  7234 19:44:38   -20120.726562        0.181507
FIRE:  7235 19:44:39   -20120.728516        0.064742
FIRE:  7236 19:44:39   -20120.732422        0.225755
FIRE:  7237 19:44:39   -20120.736328        0.180326
FIRE:  7238 19:44:40   -20120.753906        0.098384
FIRE:  7239 19:44:40   -20120.761719        0.214364
FIRE:  7240 19:44:40   -20120.775391        0.069926
FIRE:  7241 19:44:41   -20120.798828        0.202237
FIRE:  7242 19:44:41   -20120.818359        0.184392
FIRE:  7243 19:44:41   -20120.818359        0.079275
FIRE:  7244 19:44:42   -20120.835938        0.141709
FIRE:  7245 19:44:42   -20120.843750        0.407864
FIRE:  7246 19:44:42   -20120.890625        1.123186
FIRE:  7247 19:44:43   -20120.898438        2.598784
FIRE:  7248 19:44:43   -20120.953125        0.303680
FIRE:  7249 19:44:43   -20120.890625        3.247611
FIRE:  7250 19:44:44   -20120.935547        2.104260
FIRE:  7251 19:44:44   -20120.968750        0.449238
FIRE:  7252 19:44:44   -20120.958984        1.051458
FIRE:  7253 19:44:45   -20120.960938        0.989279
FIRE:  7254 19:44:45   -20120.955078        0.866995
FIRE:  7255 19:44:45   -20120.964844        0.689609
FIRE:  7256 19:44:46   -20120.968750        0.464902
FIRE:  7257 19:44:46   -20120.958984        0.205892
FIRE:  7258 19:44:46   -20120.972656        0.079935
FIRE:  7259 19:44:47   -20120.972656        0.317930
FIRE:  7260 19:44:47   -20120.976562        0.312526
FIRE:  7261 19:44:47   -20120.976562        0.301678
FIRE:  7262 19:44:48   -20120.970703        0.285790
FIRE:  7263 19:44:48   -20120.976562        0.265051
FIRE:  7264 19:44:48   -20120.978516        0.240018
FIRE:  7265 19:44:49   -20120.972656        0.211339
FIRE:  7266 19:44:49   -20120.976562        0.179469
FIRE:  7267 19:44:49   -20120.976562        0.141874
FIRE:  7268 19:44:50   -20120.972656        0.098540
FIRE:  7269 19:44:50   -20120.974609        0.079833
FIRE:  7270 19:44:50   -20120.970703        0.080130
FIRE:  7271 19:44:51   -20120.958984        0.080503
FIRE:  7272 19:44:51   -20120.962891        0.107082
FIRE:  7273 19:44:51   -20120.962891        0.138457
FIRE:  7274 19:44:52   -20120.966797        0.152481
FIRE:  7275 19:44:52   -20120.974609        0.143580
FIRE:  7276 19:44:52   -20120.976562        0.108509
FIRE:  7277 19:44:53   -20120.964844        0.085504
FIRE:  7278 19:44:53   -20120.974609        0.087154
FIRE:  7279 19:44:53   -20120.958984        0.100011
FIRE:  7280 19:44:54   -20120.958984        0.122002
FIRE:  7281 19:44:54   -20120.966797        0.095045
FIRE:  7282 19:44:54   -20120.968750        0.099119
FIRE:  7283 19:44:55   -20120.976562        0.104291
FIRE:  7284 19:44:55   -20120.990234        0.110836
FIRE:  7285 19:44:55   -20120.990234        0.119071
FIRE:  7286 19:44:56   -20121.009766        0.129312
FIRE:  7287 19:44:56   -20121.013672        0.141451
FIRE:  7288 19:44:56   -20121.044922        0.154405
FIRE:  7289 19:44:57   -20121.058594        0.164332
FIRE:  7290 19:44:57   -20121.080078        0.162905
FIRE:  7291 19:44:57   -20121.105469        0.141468
FIRE:  7292 19:44:58   -20121.119141        0.144171
FIRE:  7293 19:44:58   -20121.179688        0.261323
FIRE:  7294 19:44:58   -20121.203125        0.739866
FIRE:  7295 19:44:59   -20121.187500        1.947676
FIRE:  7296 19:44:59   -20121.234375        0.152298
FIRE:  7297 19:44:59   -20121.210938        2.201252
FIRE:  7298 19:45:00   -20121.220703        1.494742
FIRE:  7299 19:45:00   -20121.236328        0.410126
FIRE:  7300 19:45:00   -20121.240234        0.656499
FIRE:  7301 19:45:01   -20121.242188        0.616645
FIRE:  7302 19:45:01   -20121.246094        0.538704
FIRE:  7303 19:45:01   -20121.238281        0.426919
FIRE:  7304 19:45:02   -20121.238281        0.287690
FIRE:  7305 19:45:02   -20121.236328        0.145284
FIRE:  7306 19:45:02   -20121.246094        0.145323
FIRE:  7307 19:45:03   -20121.236328        0.186022
FIRE:  7308 19:45:03   -20121.248047        0.300401
FIRE:  7309 19:45:03   -20121.253906        0.367240
FIRE:  7310 19:45:04   -20121.250000        0.367564
FIRE:  7311 19:45:04   -20121.251953        0.289417
FIRE:  7312 19:45:04   -20121.265625        0.145624
FIRE:  7313 19:45:05   -20121.259766        0.145634
FIRE:  7314 19:45:05   -20121.255859        0.237547
FIRE:  7315 19:45:05   -20121.271484        0.286345
FIRE:  7316 19:45:06   -20121.275391        0.180376
FIRE:  7317 19:45:06   -20121.281250        0.144689
FIRE:  7318 19:45:06   -20121.285156        0.250731
FIRE:  7319 19:45:07   -20121.304688        0.174460
FIRE:  7320 19:45:07   -20121.322266        0.140472
FIRE:  7321 19:45:07   -20121.326172        0.222019
FIRE:  7322 19:45:08   -20121.345703        0.146507
FIRE:  7323 19:45:08   -20121.359375        0.192183
FIRE:  7324 19:45:08   -20121.378906        0.237661
FIRE:  7325 19:45:09   -20121.416016        0.160549
FIRE:  7326 19:45:09   -20121.457031        0.166532
FIRE:  7327 19:45:09   -20121.488281        0.202631
FIRE:  7328 19:45:10   -20121.515625        0.730083
FIRE:  7329 19:45:10   -20121.550781        2.145494
FIRE:  7330 19:45:10   -20121.603516        0.176302
FIRE:  7331 19:45:11   -20121.572266        2.520501
FIRE:  7332 19:45:11   -20121.583984        1.665591
FIRE:  7333 19:45:11   -20121.607422        0.386725
FIRE:  7334 19:45:12   -20121.583984        0.820217
FIRE:  7335 19:45:12   -20121.593750        0.769650
FIRE:  7336 19:45:12   -20121.591797        0.670806
FIRE:  7337 19:45:13   -20121.580078        0.528415
FIRE:  7338 19:45:13   -20121.589844        0.350302
FIRE:  7339 19:45:13   -20121.595703        0.174511
FIRE:  7340 19:45:14   -20121.591797        0.174355
FIRE:  7341 19:45:14   -20121.601562        0.253096
FIRE:  7342 19:45:14   -20121.599609        0.394919
FIRE:  7343 19:45:15   -20121.599609        0.472827
FIRE:  7344 19:45:15   -20121.605469        0.463679
FIRE:  7345 19:45:15   -20121.605469        0.353784
FIRE:  7346 19:45:16   -20121.601562        0.172250
FIRE:  7347 19:45:16   -20121.601562        0.171548
FIRE:  7348 19:45:16   -20121.617188        0.311983
FIRE:  7349 19:45:17   -20121.609375        0.358003
FIRE:  7350 19:45:17   -20121.611328        0.209442
FIRE:  7351 19:45:17   -20121.617188        0.166284
FIRE:  7352 19:45:18   -20121.650391        0.322674
FIRE:  7353 19:45:18   -20121.648438        0.197978
FIRE:  7354 19:45:18   -20121.644531        0.195638
FIRE:  7355 19:45:19   -20121.667969        0.266321
FIRE:  7356 19:45:19   -20121.691406        0.162504
FIRE:  7357 19:45:19   -20121.695312        0.207714
FIRE:  7358 19:45:20   -20121.718750        0.329363
FIRE:  7359 19:45:20   -20121.748047        0.192406
FIRE:  7360 19:45:20   -20121.779297        0.137356
FIRE:  7361 19:45:21   -20121.820312        0.138578
FIRE:  7362 19:45:21   -20121.867188        0.247760
FIRE:  7363 19:45:21   -20121.929688        1.241239
FIRE:  7364 19:45:22   -20121.814453        3.939837
FIRE:  7365 19:45:22   -20122.007812        0.129995
FIRE:  7366 19:45:22   -20122.019531        0.129995
FIRE:  7367 19:45:23   -20122.007812        0.129997
FIRE:  7368 19:45:23   -20121.992188        0.130005
FIRE:  7369 19:45:23   -20121.998047        0.130020
FIRE:  7370 19:45:24   -20121.998047        0.130048
FIRE:  7371 19:45:24   -20122.007812        0.130096
FIRE:  7372 19:45:24   -20122.011719        0.130160
FIRE:  7373 19:45:25   -20122.021484        0.130254
FIRE:  7374 19:45:25   -20122.035156        0.130391
FIRE:  7375 19:45:25   -20122.031250        0.130574
FIRE:  7376 19:45:26   -20122.027344        0.130811
FIRE:  7377 19:45:26   -20122.050781        0.131102
FIRE:  7378 19:45:26   -20122.056641        0.131430
FIRE:  7379 19:45:27   -20122.068359        0.131781
FIRE:  7380 19:45:27   -20122.105469        0.132240
FIRE:  7381 19:45:27   -20122.123047        0.133039
FIRE:  7382 19:45:28   -20122.160156        0.133396
FIRE:  7383 19:45:28   -20122.160156        0.133386
FIRE:  7384 19:45:28   -20122.218750        0.358610
FIRE:  7385 19:45:29   -20122.238281        1.053948
FIRE:  7386 19:45:29   -20122.253906        0.137950
FIRE:  7387 19:45:29   -20122.246094        1.059450
FIRE:  7388 19:45:30   -20122.253906        0.761735
FIRE:  7389 19:45:30   -20122.257812        0.273819
FIRE:  7390 19:45:30   -20122.267578        0.247717
FIRE:  7391 19:45:31   -20122.271484        0.232629
FIRE:  7392 19:45:31   -20122.269531        0.203211
FIRE:  7393 19:45:31   -20122.265625        0.161621
FIRE:  7394 19:45:32   -20122.261719        0.138869
FIRE:  7395 19:45:32   -20122.269531        0.138933
FIRE:  7396 19:45:32   -20122.267578        0.139022
FIRE:  7397 19:45:33   -20122.275391        0.139117
FIRE:  7398 19:45:33   -20122.269531        0.139239
FIRE:  7399 19:45:33   -20122.279297        0.139393
FIRE:  7400 19:45:34   -20122.261719        0.139589
FIRE:  7401 19:45:34   -20122.261719        0.139824
FIRE:  7402 19:45:34   -20122.273438        0.140123
FIRE:  7403 19:45:35   -20122.267578        0.140494
FIRE:  7404 19:45:35   -20122.275391        0.140966
FIRE:  7405 19:45:35   -20122.271484        0.141548
FIRE:  7406 19:45:36   -20122.283203        0.142272
FIRE:  7407 19:45:36   -20122.292969        0.143165
FIRE:  7408 19:45:36   -20122.296875        0.144266
FIRE:  7409 19:45:37   -20122.318359        0.145616
FIRE:  7410 19:45:37   -20122.337891        0.147251
FIRE:  7411 19:45:37   -20122.347656        0.149210
FIRE:  7412 19:45:38   -20122.376953        0.151499
FIRE:  7413 19:45:38   -20122.398438        0.154119
FIRE:  7414 19:45:38   -20122.400391        0.156949
FIRE:  7415 19:45:39   -20122.439453        0.159814
FIRE:  7416 19:45:39   -20122.490234        0.162698
FIRE:  7417 19:45:39   -20122.511719        0.166004
FIRE:  7418 19:45:40   -20122.564453        0.374279
FIRE:  7419 19:45:40   -20122.625000        1.455552
FIRE:  7420 19:45:40   -20122.640625        0.217931
FIRE:  7421 19:45:41   -20122.636719        0.176168
FIRE:  7422 19:45:41   -20122.644531        0.176282
FIRE:  7423 19:45:41   -20122.646484        0.176451
FIRE:  7424 19:45:42   -20122.656250        0.176680
FIRE:  7425 19:45:42   -20122.648438        0.176969
FIRE:  7426 19:45:42   -20122.658203        0.177305
FIRE:  7427 19:45:43   -20122.654297        0.177697
FIRE:  7428 19:45:43   -20122.652344        0.178195
FIRE:  7429 19:45:43   -20122.675781        0.178815
FIRE:  7430 19:45:44   -20122.687500        0.179572
FIRE:  7431 19:45:44   -20122.691406        0.180485
FIRE:  7432 19:45:44   -20122.691406        0.181571
FIRE:  7433 19:45:45   -20122.701172        0.182820
FIRE:  7434 19:45:45   -20122.708984        0.184208
FIRE:  7435 19:45:45   -20122.734375        0.185663
FIRE:  7436 19:45:46   -20122.750000        0.187143
FIRE:  7437 19:45:46   -20122.765625        0.188547
FIRE:  7438 19:45:46   -20122.808594        0.189773
FIRE:  7439 19:45:47   -20122.841797        0.190742
FIRE:  7440 19:45:47   -20122.857422        0.238431
FIRE:  7441 19:45:47   -20122.914062        0.875786
FIRE:  7442 19:45:48   -20122.882812        3.659708
FIRE:  7443 19:45:48   -20122.955078        1.147313
FIRE:  7444 19:45:48   -20122.968750        0.853027
FIRE:  7445 19:45:49   -20122.974609        0.311462
FIRE:  7446 19:45:49   -20122.982422        0.351345
FIRE:  7447 19:45:49   -20122.974609        0.324806
FIRE:  7448 19:45:50   -20122.986328        0.274194
FIRE:  7449 19:45:50   -20122.976562        0.203853
FIRE:  7450 19:45:50   -20122.982422        0.184567
FIRE:  7451 19:45:51   -20122.988281        0.184518
FIRE:  7452 19:45:51   -20122.982422        0.184448
FIRE:  7453 19:45:51   -20122.982422        0.184372
FIRE:  7454 19:45:52   -20122.984375        0.184279
FIRE:  7455 19:45:52   -20122.986328        0.188159
FIRE:  7456 19:45:52   -20122.982422        0.183998
FIRE:  7457 19:45:53   -20122.992188        0.183791
FIRE:  7458 19:45:53   -20122.990234        0.183533
FIRE:  7459 19:45:53   -20123.000000        0.183202
FIRE:  7460 19:45:54   -20122.992188        0.182763
FIRE:  7461 19:45:54   -20122.996094        0.182187
FIRE:  7462 19:45:54   -20122.996094        0.181417
FIRE:  7463 19:45:55   -20123.009766        0.180371
FIRE:  7464 19:45:55   -20123.013672        0.178922
FIRE:  7465 19:45:55   -20123.023438        0.176883
FIRE:  7466 19:45:56   -20123.039062        0.173967
FIRE:  7467 19:45:56   -20123.054688        0.169759
FIRE:  7468 19:45:56   -20123.058594        0.163584
FIRE:  7469 19:45:57   -20123.082031        0.154565
FIRE:  7470 19:45:57   -20123.107422        0.141300
FIRE:  7471 19:45:57   -20123.130859        0.122310
FIRE:  7472 19:45:58   -20123.189453        0.318742
FIRE:  7473 19:45:58   -20123.218750        0.833799
FIRE:  7474 19:45:58   -20123.238281        2.373089
FIRE:  7475 19:45:59   -20123.261719        0.280994
FIRE:  7476 19:45:59   -20123.265625        0.213483
FIRE:  7477 19:45:59   -20123.263672        0.094778
FIRE:  7478 19:46:00   -20123.271484        0.074530
FIRE:  7479 19:46:00   -20123.261719        0.158038
FIRE:  7480 19:46:00   -20123.271484        0.202018
FIRE:  7481 19:46:01   -20123.255859        0.169796
FIRE:  7482 19:46:01   -20123.267578        0.077027
FIRE:  7483 19:46:01   -20123.271484        0.062349
FIRE:  7484 19:46:02   -20123.273438        0.149520
FIRE:  7485 19:46:02   -20123.296875        0.138831
FIRE:  7486 19:46:02   -20123.296875        0.062020
FIRE:  7487 19:46:03   -20123.291016        0.132535
FIRE:  7488 19:46:03   -20123.296875        0.098716
FIRE:  7489 19:46:03   -20123.316406        0.095539
FIRE:  7490 19:46:04   -20123.312500        0.102193
FIRE:  7491 19:46:04   -20123.322266        0.131670
FIRE:  7492 19:46:04   -20123.335938        0.060484
FIRE:  7493 19:46:05   -20123.333984        0.114914
FIRE:  7494 19:46:05   -20123.384766        0.259408
FIRE:  7495 19:46:05   -20123.394531        0.551183
FIRE:  7496 19:46:06   -20123.423828        1.318960
FIRE:  7497 19:46:06   -20123.435547        0.057674
FIRE:  7498 19:46:06   -20123.437500        1.023052
FIRE:  7499 19:46:07   -20123.445312        0.818107
FIRE:  7500 19:46:07   -20123.441406        0.435233
FIRE:  7501 19:46:07   -20123.445312        0.066435
FIRE:  7502 19:46:08   -20123.445312        0.507143
FIRE:  7503 19:46:08   -20123.449219        0.477049
FIRE:  7504 19:46:08   -20123.453125        0.418940
FIRE:  7505 19:46:09   -20123.435547        0.336998
FIRE:  7506 19:46:09   -20123.457031        0.237192
FIRE:  7507 19:46:09   -20123.457031        0.127045
FIRE:  7508 19:46:10   -20123.453125        0.057557
FIRE:  7509 19:46:10   -20123.455078        0.090621
FIRE:  7510 19:46:10   -20123.449219        0.177502
FIRE:  7511 19:46:11   -20123.458984        0.238735
FIRE:  7512 19:46:11   -20123.441406        0.262645
FIRE:  7513 19:46:11   -20123.457031        0.239531
FIRE:  7514 19:46:12   -20123.457031        0.163971
FIRE:  7515 19:46:12   -20123.460938        0.057429
FIRE:  7516 19:46:12   -20123.453125        0.103455
FIRE:  7517 19:46:13   -20123.453125        0.196844
FIRE:  7518 19:46:13   -20123.474609        0.189995
FIRE:  7519 19:46:13   -20123.470703        0.067047
FIRE:  7520 19:46:14   -20123.480469        0.112287
FIRE:  7521 19:46:14   -20123.486328        0.180975
FIRE:  7522 19:46:14   -20123.505859        0.058966
FIRE:  7523 19:46:15   -20123.517578        0.151211
FIRE:  7524 19:46:15   -20123.531250        0.111320
FIRE:  7525 19:46:15   -20123.548828        0.153298
FIRE:  7526 19:46:16   -20123.548828        0.058751
FIRE:  7527 19:46:16   -20123.556641        0.212318
FIRE:  7528 19:46:16   -20123.574219        0.227781
FIRE:  7529 19:46:17   -20123.617188        0.228675
FIRE:  7530 19:46:17   -20123.648438        0.394794
FIRE:  7531 19:46:17   -20123.640625        1.059036
FIRE:  7532 19:46:18   -20123.597656        2.630254
FIRE:  7533 19:46:18   -20123.658203        0.195034
FIRE:  7534 19:46:18   -20123.587891        3.406957
FIRE:  7535 19:46:19   -20123.634766        2.139276
FIRE:  7536 19:46:19   -20123.666016        0.349816
FIRE:  7537 19:46:19   -20123.656250        1.206438
FIRE:  7538 19:46:20   -20123.658203        1.133269
FIRE:  7539 19:46:20   -20123.654297        0.989144
FIRE:  7540 19:46:20   -20123.669922        0.779303
FIRE:  7541 19:46:21   -20123.671875        0.512532
FIRE:  7542 19:46:21   -20123.671875        0.203405
FIRE:  7543 19:46:21   -20123.669922        0.126437
FIRE:  7544 19:46:22   -20123.671875        0.124188
FIRE:  7545 19:46:22   -20123.677734        0.119834
FIRE:  7546 19:46:22   -20123.677734        0.113405
FIRE:  7547 19:46:23   -20123.669922        0.104993
FIRE:  7548 19:46:23   -20123.675781        0.094907
FIRE:  7549 19:46:23   -20123.677734        0.083481
FIRE:  7550 19:46:24   -20123.673828        0.070708
FIRE:  7551 19:46:24   -20123.667969        0.055880
FIRE:  7552 19:46:24   -20123.675781        0.051825
FIRE:  7553 19:46:25   -20123.675781        0.051825
FIRE:  7554 19:46:25   -20123.675781        0.051819
FIRE:  7555 19:46:25   -20123.671875        0.051811
FIRE:  7556 19:46:26   -20123.677734        0.051813
FIRE:  7557 19:46:26   -20123.683594        0.056132
FIRE:  7558 19:46:26   -20123.679688        0.060986
FIRE:  7559 19:46:27   -20123.681641        0.056033
FIRE:  7560 19:46:27   -20123.679688        0.051768
FIRE:  7561 19:46:27   -20123.695312        0.051753
FIRE:  7562 19:46:28   -20123.693359        0.051727
FIRE:  7563 19:46:28   -20123.693359        0.051703
FIRE:  7564 19:46:28   -20123.695312        0.051674
FIRE:  7565 19:46:29   -20123.693359        0.051634
FIRE:  7566 19:46:29   -20123.687500        0.051589
FIRE:  7567 19:46:29   -20123.691406        0.051528
FIRE:  7568 19:46:30   -20123.705078        0.051456
FIRE:  7569 19:46:30   -20123.712891        0.051367
FIRE:  7570 19:46:30   -20123.728516        0.051255
FIRE:  7571 19:46:31   -20123.716797        0.051128
FIRE:  7572 19:46:31   -20123.718750        0.050962
FIRE:  7573 19:46:31   -20123.744141        0.050760
FIRE:  7574 19:46:32   -20123.751953        0.050503
FIRE:  7575 19:46:32   -20123.759766        0.051879
FIRE:  7576 19:46:32   -20123.812500        0.100398
FIRE:  7577 19:46:33   -20123.830078        0.258638
FIRE:  7578 19:46:33   -20123.873047        0.840458
FIRE:  7579 19:46:33   -20123.867188        2.258022
FIRE:  7580 19:46:34   -20123.898438        0.126379
FIRE:  7581 19:46:34   -20123.867188        2.739353
FIRE:  7582 19:46:34   -20123.882812        1.779693
FIRE:  7583 19:46:35   -20123.896484        0.369405
FIRE:  7584 19:46:35   -20123.896484        0.928567
FIRE:  7585 19:46:35   -20123.898438        0.871098
FIRE:  7586 19:46:36   -20123.894531        0.758395
FIRE:  7587 19:46:36   -20123.892578        0.595452
FIRE:  7588 19:46:36   -20123.896484        0.390631
FIRE:  7589 19:46:37   -20123.890625        0.156278
FIRE:  7590 19:46:37   -20123.904297        0.091061
FIRE:  7591 19:46:37   -20123.906250        0.296938
FIRE:  7592 19:46:38   -20123.908203        0.291612
FIRE:  7593 19:46:38   -20123.906250        0.281150
FIRE:  7594 19:46:38   -20123.900391        0.265693
FIRE:  7595 19:46:39   -20123.908203        0.245702
FIRE:  7596 19:46:39   -20123.902344        0.221506
FIRE:  7597 19:46:39   -20123.902344        0.193695
FIRE:  7598 19:46:40   -20123.910156        0.163107
FIRE:  7599 19:46:40   -20123.910156        0.126797
FIRE:  7600 19:46:40   -20123.904297        0.085343
FIRE:  7601 19:46:41   -20123.900391        0.049972
