      Step     Time          Energy          fmax
FIRE:    0 18:52:44    88231.984375     5394.772461
FIRE:    1 18:52:44    81817.242188     4939.055664
FIRE:    2 18:52:45    75628.734375     5089.345703
FIRE:    3 18:52:46    69875.000000     5028.895508
FIRE:    4 18:52:47    64566.949219     3728.282471
FIRE:    5 18:52:47    59718.390625     4642.772461
FIRE:    6 18:52:48    55241.515625     4032.973633
FIRE:    7 18:52:48    51188.160156     3375.264648
FIRE:    8 18:52:49    47518.296875     2742.112793
FIRE:    9 18:52:49    44169.824219     2196.988770
FIRE:   10 18:52:50    41115.863281     1708.592285
FIRE:   11 18:52:50    38331.792969     1510.435547
FIRE:   12 18:52:51    35775.371094     1312.849854
FIRE:   13 18:52:51    33426.003906     1137.860718
FIRE:   14 18:52:52    31260.023438      984.710632
FIRE:   15 18:52:52    29263.125000      857.541565
FIRE:   16 18:52:53    27419.589844      741.448425
FIRE:   17 18:52:53    25712.857422      625.994629
FIRE:   18 18:52:53    24126.845703      547.936584
FIRE:   19 18:52:54    22647.357422      491.583344
FIRE:   20 18:52:55    21262.906250      445.410614
FIRE:   21 18:52:55    19963.486328      407.283203
FIRE:   22 18:52:55    18741.248047      389.827972
FIRE:   23 18:52:56    17589.560547      372.859863
FIRE:   24 18:52:56    16502.439453      355.832886
FIRE:   25 18:52:57    15474.338867      339.104340
FIRE:   26 18:52:57    14500.141602      322.690247
FIRE:   27 18:52:58    13575.521484      306.378113
FIRE:   28 18:52:58    12696.611328      291.229401
FIRE:   29 18:52:59    11860.082031      276.895142
FIRE:   30 18:52:59    11062.979492      263.359619
FIRE:   31 18:52:59    10302.633789      255.948425
FIRE:   32 18:53:00     9576.805664      250.905441
FIRE:   33 18:53:00     8883.466797      246.383911
FIRE:   34 18:53:01     8220.656250      242.354736
FIRE:   35 18:53:02     7586.605957      238.672119
FIRE:   36 18:53:02     6979.571777      235.184799
FIRE:   37 18:53:03     6397.926758      231.608810
FIRE:   38 18:53:03     5840.121094      227.508804
FIRE:   39 18:53:04     5304.759766      222.525040
FIRE:   40 18:53:04     4790.521484      216.590530
FIRE:   41 18:53:04     4296.191895      209.902863
FIRE:   42 18:53:05     3820.664551      202.708267
FIRE:   43 18:53:05     3362.864014      195.184494
FIRE:   44 18:53:06     2921.821777      187.437851
      Step     Time          Energy          fmax
FIRE:    0 19:03:49    88231.984375     5394.769043
FIRE:    1 19:03:49    81817.250000     4939.056152
FIRE:    2 19:03:50    75628.710938     5089.346191
FIRE:    3 19:03:50    69875.046875     5028.897461
FIRE:    4 19:03:51    64566.976562     3728.277588
FIRE:    5 19:03:52    59718.371094     4642.772949
FIRE:    6 19:03:52    55241.539062     4032.973633
FIRE:    7 19:03:53    51188.148438     3375.265381
FIRE:    8 19:03:53    47518.285156     2742.112793
FIRE:    9 19:03:54    44169.851562     2196.989258
FIRE:   10 19:03:54    41115.871094     1708.592163
FIRE:   11 19:03:55    38331.792969     1510.435547
FIRE:   12 19:03:55    35775.402344     1312.849854
FIRE:   13 19:03:56    33425.980469     1137.860718
FIRE:   14 19:03:56    31260.015625      984.710632
      Step     Time          Energy          fmax
FIRE:    0 19:04:19    88231.960938     5394.769531
FIRE:    1 19:04:19    81817.289062     4939.055664
FIRE:    2 19:04:20    75628.703125     5089.344238
FIRE:    3 19:04:20    69875.007812     5028.895996
FIRE:    4 19:04:21    64566.945312     3728.280273
FIRE:    5 19:04:22    59718.378906     4642.772949
FIRE:    6 19:04:22    55241.515625     4032.973633
FIRE:    7 19:04:22    51188.148438     3375.264404
FIRE:    8 19:04:23    47518.285156     2742.112793
FIRE:    9 19:04:23    44169.832031     2196.989258
FIRE:   10 19:04:24    41115.832031     1708.592163
FIRE:   11 19:04:24    38331.800781     1510.436157
FIRE:   12 19:04:24    35775.390625     1312.849731
FIRE:   13 19:04:25    33425.980469     1137.860718
FIRE:   14 19:04:25    31260.023438      984.710632
FIRE:   15 19:04:26    29263.111328      857.541565
FIRE:   16 19:04:26    27419.585938      741.448303
FIRE:   17 19:04:26    25712.853516      625.994629
FIRE:   18 19:04:27    24126.841797      547.936523
FIRE:   19 19:04:27    22647.376953      491.583374
FIRE:   20 19:04:27    21262.896484      445.410706
FIRE:   21 19:04:28    19963.490234      407.283173
FIRE:   22 19:04:28    18741.234375      389.828033
FIRE:   23 19:04:29    17589.541016      372.859863
FIRE:   24 19:04:29    16502.433594      355.832794
FIRE:   25 19:04:29    15474.336914      339.104340
FIRE:   26 19:04:30    14500.142578      322.690277
FIRE:   27 19:04:30    13575.523438      306.378174
FIRE:   28 19:04:31    12696.605469      291.229401
FIRE:   29 19:04:31    11860.093750      276.895111
FIRE:   30 19:04:31    11062.976562      263.359619
FIRE:   31 19:04:32    10302.640625      255.948441
FIRE:   32 19:04:32     9576.808594      250.906403
FIRE:   33 19:04:33     8883.464844      246.383911
FIRE:   34 19:04:33     8220.657227      242.354752
FIRE:   35 19:04:33     7586.610352      238.672119
FIRE:   36 19:04:34     6979.568848      235.184799
FIRE:   37 19:04:34     6397.922363      231.608795
FIRE:   38 19:04:35     5840.123535      227.508804
FIRE:   39 19:04:35     5304.756348      222.524017
FIRE:   40 19:04:35     4790.518555      216.590530
FIRE:   41 19:04:36     4296.187500      209.902847
FIRE:   42 19:04:36     3820.665039      202.708267
FIRE:   43 19:04:37     3362.862061      195.184494
FIRE:   44 19:04:37     2921.824463      187.437820
FIRE:   45 19:04:37     2496.631348      179.557449
FIRE:   46 19:04:38     2086.425537      171.616791
FIRE:   47 19:04:38     1690.429199      163.692810
FIRE:   48 19:04:38     1307.919312      155.855804
FIRE:   49 19:04:39      938.226929      148.184875
FIRE:   50 19:04:39      580.726379      140.760696
FIRE:   51 19:04:40      234.857681      133.649643
FIRE:   52 19:04:40      -99.910049      126.888954
FIRE:   53 19:04:40     -424.062958      120.478050
FIRE:   54 19:04:41     -738.050476      114.386902
FIRE:   55 19:04:41    -1042.285522      108.577110
FIRE:   56 19:04:42    -1337.156982      103.012962
FIRE:   57 19:04:42    -1623.021240       97.665779
FIRE:   58 19:04:42    -1900.216919       92.514336
FIRE:   59 19:04:43    -2169.064209       88.919945
FIRE:   60 19:04:43    -2429.866699       87.019859
FIRE:   61 19:04:44    -2682.925537       85.018906
FIRE:   62 19:04:44    -2928.510254       82.914551
FIRE:   63 19:04:44    -3166.899658       80.705597
FIRE:   64 19:04:45    -3398.342041       78.394371
FIRE:   65 19:04:45    -3623.081299       75.988220
FIRE:   66 19:04:46    -3841.366211       73.501656
FIRE:   67 19:04:46    -4053.413330       70.952347
FIRE:   68 19:04:46    -4259.435547       68.359863
FIRE:   69 19:04:47    -4459.660645       65.741455
FIRE:   70 19:04:47    -4654.280762       63.113598
FIRE:   71 19:04:48    -4843.478516       60.491844
FIRE:   72 19:04:48    -5027.447754       57.888927
FIRE:   73 19:04:48    -5206.373535       56.476944
FIRE:   74 19:04:49    -5380.421875       56.288467
FIRE:   75 19:04:49    -5549.765625       55.989708
FIRE:   76 19:04:50    -5714.580566       55.552631
FIRE:   77 19:04:50    -5874.998535       54.957272
FIRE:   78 19:04:50    -6031.183105       54.200428
FIRE:   79 19:04:51    -6183.284668       53.298786
FIRE:   80 19:04:51    -6331.434570       52.285358
FIRE:   81 19:04:52    -6475.784180       51.200031
FIRE:   82 19:04:52    -6616.479980       50.077606
FIRE:   83 19:04:52    -6753.628906       48.939308
FIRE:   84 19:04:53    -6887.371094       47.788849
FIRE:   85 19:04:53    -7017.822754       46.616489
FIRE:   86 19:04:54    -7145.113770       45.403687
FIRE:   87 19:04:54    -7269.360352       44.132977
FIRE:   88 19:04:54    -7390.651855       42.795353
FIRE:   89 19:04:55    -7509.111816       41.394314
FIRE:   90 19:04:55    -7624.821289       39.944809
FIRE:   91 19:04:56    -7737.907227       39.006035
FIRE:   92 19:04:56    -7848.436035       38.179279
FIRE:   93 19:04:56    -7956.506836       37.344486
FIRE:   94 19:04:57    -8062.218750       36.506187
FIRE:   95 19:04:57    -8165.632324       35.668476
FIRE:   96 19:04:57    -8266.829102       34.834461
FIRE:   97 19:04:58    -8365.881836       34.006893
FIRE:   98 19:04:58    -8462.886719       33.188103
FIRE:   99 19:04:59    -8557.917969       32.379982
FIRE:  100 19:04:59    -8650.986328       31.584219
FIRE:  101 19:04:59    -8742.208984       30.802078
FIRE:  102 19:05:00    -8831.612305       30.034449
FIRE:  103 19:05:00    -8919.272461       29.281816
FIRE:  104 19:05:01    -9005.238281       28.544548
FIRE:  105 19:05:01    -9089.575195       27.822266
FIRE:  106 19:05:01    -9172.287109       27.114706
FIRE:  107 19:05:02    -9253.490234       26.421070
FIRE:  108 19:05:02    -9333.149414       25.740910
FIRE:  109 19:05:02    -9411.372070       25.073055
FIRE:  110 19:05:03    -9488.208984       24.417114
FIRE:  111 19:05:03    -9563.662109       23.772266
FIRE:  112 19:05:04    -9637.764648       23.138187
FIRE:  113 19:05:04    -9710.576172       22.514725
FIRE:  114 19:05:04    -9782.150391       21.901802
FIRE:  115 19:05:05    -9852.487305       21.299631
FIRE:  116 19:05:05    -9921.636719       20.708632
FIRE:  117 19:05:05    -9989.646484       20.129110
FIRE:  118 19:05:06   -10056.530273       19.561691
FIRE:  119 19:05:06   -10122.327148       19.006731
FIRE:  120 19:05:07   -10187.066406       18.464863
FIRE:  121 19:05:07   -10250.731445       17.936430
FIRE:  122 19:05:07   -10313.406250       17.421738
FIRE:  123 19:05:08   -10375.097656       16.921053
FIRE:  124 19:05:08   -10435.826172       16.434538
FIRE:  125 19:05:09   -10495.622070       16.143507
FIRE:  126 19:05:09   -10554.518555       15.873360
FIRE:  127 19:05:09   -10612.508789       15.584089
FIRE:  128 19:05:10   -10669.632812       15.276897
FIRE:  129 19:05:10   -10725.909180       14.953238
FIRE:  130 19:05:10   -10781.384766       14.614655
FIRE:  131 19:05:11   -10836.048828       14.262715
FIRE:  132 19:05:11   -10889.890625       14.103987
FIRE:  133 19:05:12   -10942.957031       14.071223
FIRE:  134 19:05:12   -10995.298828       14.013302
FIRE:  135 19:05:12   -11046.896484       13.929439
FIRE:  136 19:05:13   -11097.789062       13.819140
FIRE:  137 19:05:13   -11147.936523       13.682281
FIRE:  138 19:05:13   -11197.403320       13.518950
FIRE:  139 19:05:14   -11246.218750       13.329533
FIRE:  140 19:05:14   -11294.358398       13.114536
FIRE:  141 19:05:15   -11341.844727       12.874722
FIRE:  142 19:05:15   -11388.688477       12.611058
FIRE:  143 19:05:15   -11434.940430       12.420237
FIRE:  144 19:05:16   -11480.536133       12.321661
FIRE:  145 19:05:16   -11525.583008       12.210858
FIRE:  146 19:05:17   -11570.007812       12.088111
FIRE:  147 19:05:17   -11613.900391       11.954344
FIRE:  148 19:05:18   -11657.184570       11.809773
FIRE:  149 19:05:18   -11699.955078       11.655487
FIRE:  150 19:05:19   -11742.169922       11.491967
FIRE:  151 19:05:19   -11783.831055       11.320008
FIRE:  152 19:05:20   -11825.006836       11.140749
FIRE:  153 19:05:20   -11865.660156       10.954510
FIRE:  154 19:05:21   -11905.782227       10.762347
FIRE:  155 19:05:21   -11945.454102       10.565014
FIRE:  156 19:05:22   -11984.629883       10.363307
FIRE:  157 19:05:22   -12023.312500       10.390627
FIRE:  158 19:05:23   -12061.556641       10.493981
FIRE:  159 19:05:23   -12099.341797       10.580021
FIRE:  160 19:05:23   -12136.666992       10.647021
FIRE:  161 19:05:24   -12173.557617       10.693484
FIRE:  162 19:05:24   -12210.001953       10.718286
FIRE:  163 19:05:25   -12246.074219       10.720543
FIRE:  164 19:05:25   -12281.659180       10.699591
FIRE:  165 19:05:25   -12316.900391       10.655134
FIRE:  166 19:05:26   -12351.745117       10.586911
FIRE:  167 19:05:26   -12386.147461       10.495008
FIRE:  168 19:05:27   -12420.214844       10.379370
FIRE:  169 19:05:27   -12453.879883       10.240380
FIRE:  170 19:05:27   -12487.182617       10.078073
FIRE:  171 19:05:28   -12520.109375        9.892807
FIRE:  172 19:05:28   -12552.719727        9.684814
FIRE:  173 19:05:29   -12584.972656        9.454341
FIRE:  174 19:05:29   -12616.847656        9.201670
FIRE:  175 19:05:29   -12648.422852        8.927237
FIRE:  176 19:05:30   -12679.665039        8.939681
FIRE:  177 19:05:30   -12710.583008        9.194578
FIRE:  178 19:05:31   -12741.201172        9.415293
FIRE:  179 19:05:31   -12771.502930        9.600128
FIRE:  180 19:05:31   -12801.527344        9.747592
FIRE:  181 19:05:32   -12831.209961        9.856606
FIRE:  182 19:05:32   -12860.639648        9.926698
FIRE:  183 19:05:32   -12889.755859        9.957891
FIRE:  184 19:05:33   -12918.625977        9.950397
FIRE:  185 19:05:33   -12947.211914        9.904761
FIRE:  186 19:05:34   -12975.512695        9.822521
FIRE:  187 19:05:34   -13003.601562        9.704767
FIRE:  188 19:05:34   -13031.386719        9.652072
FIRE:  189 19:05:35   -13058.909180        9.896427
FIRE:  190 19:05:35   -13086.216797       10.121814
FIRE:  191 19:05:35   -13113.264648       10.326260
FIRE:  192 19:05:36   -13140.066406       10.507578
FIRE:  193 19:05:36   -13166.585938       10.664236
FIRE:  194 19:05:36   -13192.910156       10.794559
FIRE:  195 19:05:37   -13219.000977       10.897711
FIRE:  196 19:05:37   -13244.833008       10.972914
FIRE:  197 19:05:38   -13270.470703       11.019683
FIRE:  198 19:05:38   -13295.840820       11.037982
FIRE:  199 19:05:38   -13320.979492       11.039351
FIRE:  200 19:05:39   -13345.897461       11.320028
FIRE:  201 19:05:39   -13370.588867       11.550097
FIRE:  202 19:05:39   -13395.053711       11.726896
FIRE:  203 19:05:40   -13419.271484       11.849728
FIRE:  204 19:05:40   -13443.290039       11.918662
FIRE:  205 19:05:41   -13467.072266       11.932482
FIRE:  206 19:05:41   -13490.623047       11.893112
FIRE:  207 19:05:41   -13513.922852       11.801226
FIRE:  208 19:05:42   -13537.055664       11.660196
FIRE:  209 19:05:42   -13559.938477       11.533610
FIRE:  210 19:05:42   -13582.580078       12.114845
FIRE:  211 19:05:43   -13605.004883       12.654718
FIRE:  212 19:05:43   -13627.215820       13.147380
FIRE:  213 19:05:43   -13649.197266       13.587333
FIRE:  214 19:05:44   -13670.963867       13.969652
FIRE:  215 19:05:44   -13692.516602       14.290400
FIRE:  216 19:05:45   -13713.832031       14.545978
FIRE:  217 19:05:45   -13734.912109       14.733933
FIRE:  218 19:05:45   -13755.798828       14.852847
FIRE:  219 19:05:46   -13776.466797       14.902001
FIRE:  220 19:05:46   -13796.900391       14.882117
FIRE:  221 19:05:46   -13817.089844       14.794495
FIRE:  222 19:05:47   -13837.127930       14.641465
FIRE:  223 19:05:47   -13856.908203       14.426369
FIRE:  224 19:05:48   -13876.506836       14.153086
FIRE:  225 19:05:48   -13895.878906       13.825757
FIRE:  226 19:05:48   -13915.034180       14.177791
FIRE:  227 19:05:49   -13934.006836       14.973866
FIRE:  228 19:05:49   -13952.776367       15.720313
FIRE:  229 19:05:49   -13971.325195       16.409067
FIRE:  230 19:05:50   -13989.707031       17.032286
FIRE:  231 19:05:50   -14007.862305       17.582087
FIRE:  232 19:05:50   -14025.861328       18.053562
FIRE:  233 19:05:51   -14043.652344       18.440655
FIRE:  234 19:05:51   -14061.257812       18.740910
FIRE:  235 19:05:52   -14078.669922       18.951237
FIRE:  236 19:05:52   -14095.929688       19.408695
FIRE:  237 19:05:52   -14112.976562       19.996420
FIRE:  238 19:05:53   -14129.898438       20.497515
FIRE:  239 19:05:53   -14146.626953       20.906607
FIRE:  240 19:05:53   -14163.163086       21.219675
FIRE:  241 19:05:54   -14179.532227       21.433773
FIRE:  242 19:05:54   -14195.760742       21.547945
FIRE:  243 19:05:54   -14211.838867       21.561543
FIRE:  244 19:05:55   -14227.721680       21.476961
FIRE:  245 19:05:55   -14243.440430       21.297302
FIRE:  246 19:05:56   -14258.999023       21.026352
FIRE:  247 19:05:56   -14274.394531       20.669846
FIRE:  248 19:05:56   -14289.639648       20.233923
FIRE:  249 19:05:57   -14304.704102       20.860088
FIRE:  250 19:05:57   -14319.619141       21.663940
FIRE:  251 19:05:57   -14334.397461       22.389076
FIRE:  252 19:05:58   -14348.983398       23.027662
FIRE:  253 19:05:58   -14363.428711       23.573240
FIRE:  254 19:05:58   -14377.712891       24.021315
FIRE:  255 19:05:59   -14391.830078       24.367664
FIRE:  256 19:05:59   -14405.800781       24.610216
FIRE:  257 19:06:00   -14419.592773       24.747847
FIRE:  258 19:06:00   -14433.244141       24.779928
FIRE:  259 19:06:00   -14446.727539       24.709600
FIRE:  260 19:06:01   -14460.033203       24.539467
FIRE:  261 19:06:01   -14473.221680       24.581804
FIRE:  262 19:06:01   -14486.240234       25.336281
FIRE:  263 19:06:02   -14499.080078       26.010689
FIRE:  264 19:06:02   -14511.825195       26.598564
FIRE:  265 19:06:03   -14524.361328       27.095222
FIRE:  266 19:06:03   -14536.765625       28.679321
FIRE:  267 19:06:03   -14549.007812       30.695221
FIRE:  268 19:06:04   -14561.136719       32.666542
FIRE:  269 19:06:04   -14573.124023       34.570396
FIRE:  270 19:06:04   -14584.977539       36.383690
FIRE:  271 19:06:05   -14596.690430       38.083778
FIRE:  272 19:06:05   -14608.294922       39.648075
FIRE:  273 19:06:05   -14619.763672       41.056019
FIRE:  274 19:06:06   -14631.111328       42.288521
FIRE:  275 19:06:06   -14642.375977       43.328018
FIRE:  276 19:06:07   -14653.499023       44.162544
FIRE:  277 19:06:07   -14664.548828       44.780582
FIRE:  278 19:06:07   -14675.512695       45.175240
FIRE:  279 19:06:08   -14686.323242       45.343433
FIRE:  280 19:06:08   -14697.102539       45.285557
FIRE:  281 19:06:08   -14707.716797       45.005455
FIRE:  282 19:06:09   -14718.259766       44.510880
FIRE:  283 19:06:09   -14728.707031       43.811424
FIRE:  284 19:06:09   -14739.062500       42.920822
FIRE:  285 19:06:10   -14749.276367       41.854591
FIRE:  286 19:06:10   -14759.430664       40.629745
FIRE:  287 19:06:11   -14769.461914       39.552387
FIRE:  288 19:06:11   -14779.375000       39.376755
FIRE:  289 19:06:11   -14789.160156       39.044430
FIRE:  290 19:06:12   -14798.814453       38.561043
FIRE:  291 19:06:12   -14808.357422       37.932384
FIRE:  292 19:06:12   -14817.744141       37.169254
FIRE:  293 19:06:13   -14827.007812       36.279835
FIRE:  294 19:06:13   -14836.120117       35.275719
FIRE:  295 19:06:13   -14845.103516       34.168274
FIRE:  296 19:06:14   -14853.875977       32.972786
FIRE:  297 19:06:14   -14862.560547       32.696781
FIRE:  298 19:06:15   -14871.049805       32.620316
FIRE:  299 19:06:15   -14879.362305       32.620136
FIRE:  300 19:06:15   -14887.563477       33.485470
FIRE:  301 19:06:16   -14895.531250       34.263813
FIRE:  302 19:06:16   -14903.377930       34.948235
FIRE:  303 19:06:16   -14911.016602       35.532692
FIRE:  304 19:06:17   -14918.537109       36.012337
FIRE:  305 19:06:17   -14925.870117       36.382675
FIRE:  306 19:06:17   -14933.028320       36.641605
FIRE:  307 19:06:18   -14940.000977       36.787327
FIRE:  308 19:06:18   -14946.855469       36.819885
FIRE:  309 19:06:19   -14953.529297       36.739048
FIRE:  310 19:06:19   -14960.023438       36.548019
FIRE:  311 19:06:19   -14966.398438       36.249496
FIRE:  312 19:06:20   -14972.573242       35.847378
FIRE:  313 19:06:20   -14978.627930       37.141941
FIRE:  314 19:06:20   -14984.526367       38.373737
FIRE:  315 19:06:21   -14990.260742       39.520245
FIRE:  316 19:06:21   -14995.866211       40.571575
FIRE:  317 19:06:21   -15001.348633       41.519833
FIRE:  318 19:06:22   -15006.672852       42.356522
FIRE:  319 19:06:22   -15011.855469       43.076359
FIRE:  320 19:06:22   -15016.905273       43.671818
FIRE:  321 19:06:23   -15021.835938       44.139374
FIRE:  322 19:06:23   -15026.646484       44.477474
FIRE:  323 19:06:24   -15031.296875       44.682713
FIRE:  324 19:06:24   -15035.842773       44.754967
FIRE:  325 19:06:24   -15040.266602       45.086636
FIRE:  326 19:06:25   -15044.523438       45.565926
FIRE:  327 19:06:25   -15048.666992       45.899654
FIRE:  328 19:06:25   -15052.708008       46.085518
FIRE:  329 19:06:26   -15056.640625       46.121822
FIRE:  330 19:06:26   -15060.368164       46.009365
FIRE:  331 19:06:26   -15064.038086       45.748806
FIRE:  332 19:06:27   -15067.526367       45.345711
FIRE:  333 19:06:27   -15070.893555       44.802143
FIRE:  334 19:06:27   -15074.129883       44.126827
FIRE:  335 19:06:28   -15077.265625       43.326675
FIRE:  336 19:06:28   -15080.218750       42.408817
FIRE:  337 19:06:29   -15083.073242       42.255722
FIRE:  338 19:06:29   -15085.802734       44.631134
FIRE:  339 19:06:29   -15088.384766       46.971119
FIRE:  340 19:06:30   -15090.861328       49.255535
FIRE:  341 19:06:30   -15093.208008       51.461685
FIRE:  342 19:06:30   -15095.440430       53.568981
FIRE:  343 19:06:31   -15097.519531       55.557655
FIRE:  344 19:06:31   -15099.509766       57.406487
FIRE:  345 19:06:31   -15101.399414       59.097576
FIRE:  346 19:06:32   -15103.147461       60.610046
FIRE:  347 19:06:32   -15104.831055       61.929810
FIRE:  348 19:06:32   -15106.371094       63.038467
FIRE:  349 19:06:33   -15107.845703       63.928818
FIRE:  350 19:06:33   -15109.229492       64.586182
FIRE:  351 19:06:33   -15110.510742       65.004677
FIRE:  352 19:06:34   -15111.723633       65.180702
FIRE:  353 19:06:34   -15112.865234       65.114227
FIRE:  354 19:06:35   -15113.924805       64.808464
FIRE:  355 19:06:35   -15114.881836       64.265434
FIRE:  356 19:06:35   -15115.762695       63.497337
FIRE:  357 19:06:36   -15116.626953       62.513603
FIRE:  358 19:06:36   -15117.422852       61.328873
FIRE:  359 19:06:36   -15118.119141       59.958344
FIRE:  360 19:06:37   -15118.759766       58.419914
FIRE:  361 19:06:37   -15119.364258       56.730930
FIRE:  362 19:06:37   -15119.870117       54.909286
FIRE:  363 19:06:38   -15120.342773       52.975399
FIRE:  364 19:06:38   -15120.763672       50.948551
FIRE:  365 19:06:38   -15121.140625       48.846378
FIRE:  366 19:06:39   -15121.452148       46.687225
FIRE:  367 19:06:39   -15121.700195       45.293041
FIRE:  368 19:06:39   -15121.880859       44.762424
FIRE:  369 19:06:40   -15122.049805       44.128647
FIRE:  370 19:06:40   -15175.488281       30.260809
FIRE:  371 19:06:40   -15222.042969       24.944529
FIRE:  372 19:06:41   -15263.675781       20.533718
FIRE:  373 19:06:41   -15301.505859       16.900463
FIRE:  374 19:06:41   -15336.433594       13.915940
FIRE:  375 19:06:42   -15368.879883       11.682055
FIRE:  376 19:06:42   -15399.369141        9.853260
FIRE:  377 19:06:43   -15428.211914        9.078370
FIRE:  378 19:06:43   -15455.557617        8.987828
FIRE:  379 19:06:43   -15481.723633        8.863666
FIRE:  380 19:06:44   -15506.751953        8.680731
FIRE:  381 19:06:44   -15530.840820        8.441966
FIRE:  382 19:06:44   -15554.073242        8.153984
FIRE:  383 19:06:45   -15576.476562        7.824228
FIRE:  384 19:06:45   -15598.134766        7.540496
FIRE:  385 19:06:45   -15619.133789        7.366674
FIRE:  386 19:06:46   -15639.425781        7.206393
FIRE:  387 19:06:46   -15659.113281        7.048953
FIRE:  388 19:06:46   -15678.186523        6.861259
FIRE:  389 19:06:47   -15696.664062        6.640760
FIRE:  390 19:06:47   -15714.614258        6.384924
FIRE:  391 19:06:47   -15731.991211        6.091352
FIRE:  392 19:06:48   -15748.876953        5.877853
FIRE:  393 19:06:48   -15765.231445        5.963044
FIRE:  394 19:06:48   -15781.143555        6.044172
FIRE:  395 19:06:49   -15796.654297        6.119122
FIRE:  396 19:06:49   -15811.798828        6.185306
FIRE:  397 19:06:49   -15826.588867        6.239738
FIRE:  398 19:06:50   -15841.136719        6.278753
FIRE:  399 19:06:50   -15855.396484        6.298181
FIRE:  400 19:06:51   -15869.500000        6.293067
FIRE:  401 19:06:51   -15883.448242        6.257800
FIRE:  402 19:06:51   -15897.320312        6.282591
FIRE:  403 19:06:52   -15911.152344        6.371875
FIRE:  404 19:06:52   -15924.878906        6.454230
FIRE:  405 19:06:52   -15938.593750        6.528125
FIRE:  406 19:06:53   -15952.277344        6.591897
FIRE:  407 19:06:53   -15965.892578        6.643642
FIRE:  408 19:06:53   -15979.470703        6.681236
FIRE:  409 19:06:54   -15992.999023        6.702187
FIRE:  410 19:06:54   -16006.384766        6.703627
FIRE:  411 19:06:54   -16019.716797        6.682275
FIRE:  412 19:06:55   -16032.918945        6.760869
FIRE:  413 19:06:55   -16045.992188        6.915003
FIRE:  414 19:06:55   -16058.929688        7.040151
FIRE:  415 19:06:56   -16071.791016        7.126394
FIRE:  416 19:06:56   -16084.527344        7.163359
FIRE:  417 19:06:56   -16097.171875        7.141554
FIRE:  418 19:06:57   -16109.691406        7.054281
FIRE:  419 19:06:57   -16122.073242        6.943855
FIRE:  420 19:06:57   -16134.450195        6.976622
FIRE:  421 19:06:58   -16146.670898        6.953959
FIRE:  422 19:06:58   -16158.820312        6.857251
FIRE:  423 19:06:59   -16170.874023        6.667493
FIRE:  424 19:06:59   -16182.817383        6.363627
FIRE:  425 19:06:59   -16194.622070        5.926493
FIRE:  426 19:07:00   -16206.324219        5.744505
FIRE:  427 19:07:00   -16217.907227        5.527167
FIRE:  428 19:07:00   -16229.338867        5.290771
FIRE:  429 19:07:01   -16240.631836        5.271846
FIRE:  430 19:07:01   -16251.819336        5.388758
FIRE:  431 19:07:01   -16262.862305        5.533664
FIRE:  432 19:07:02   -16273.808594        5.790479
FIRE:  433 19:07:02   -16284.649414        5.904909
FIRE:  434 19:07:02   -16295.463867        5.901398
FIRE:  435 19:07:03   -16306.179688        7.375097
FIRE:  436 19:07:03   -16316.909180        8.616847
FIRE:  437 19:07:03   -16327.671875        9.510509
FIRE:  438 19:07:04   -16338.456055        9.975337
FIRE:  439 19:07:04   -16349.263672        9.984475
FIRE:  440 19:07:04   -16360.111328        9.566686
FIRE:  441 19:07:05   -16371.012695        8.797656
FIRE:  442 19:07:05   -16381.889648        7.778210
FIRE:  443 19:07:05   -16392.765625        6.615435
FIRE:  444 19:07:06   -16403.650391        6.300929
FIRE:  445 19:07:06   -16414.427734        6.416772
FIRE:  446 19:07:06   -16425.101562        6.513684
FIRE:  447 19:07:07   -16435.746094        6.584445
FIRE:  448 19:07:07   -16446.281250        6.618356
FIRE:  449 19:07:08   -16456.675781        6.600688
FIRE:  450 19:07:08   -16466.982422        6.512831
FIRE:  451 19:07:08   -16477.171875        6.333131
FIRE:  452 19:07:09   -16487.242188        6.037853
FIRE:  453 19:07:09   -16497.234375        5.602674
FIRE:  454 19:07:09   -16507.099609        5.545990
FIRE:  455 19:07:10   -16516.929688        6.750028
FIRE:  456 19:07:10   -16526.724609        7.810218
FIRE:  457 19:07:10   -16536.425781        8.637053
FIRE:  458 19:07:11   -16546.119141        9.162235
FIRE:  459 19:07:11   -16555.839844        9.347403
FIRE:  460 19:07:11   -16565.515625        9.190246
FIRE:  461 19:07:12   -16575.160156        8.723327
FIRE:  462 19:07:12   -16584.787109        8.006147
FIRE:  463 19:07:12   -16594.406250        9.385236
FIRE:  464 19:07:13   -16604.013672       11.250192
FIRE:  465 19:07:13   -16613.597656       12.747799
FIRE:  466 19:07:13   -16623.220703       13.724284
FIRE:  467 19:07:14   -16632.847656       14.082301
FIRE:  468 19:07:14   -16642.498047       13.805404
FIRE:  469 19:07:14   -16652.136719       12.958427
FIRE:  470 19:07:15   -16661.833984       11.668123
FIRE:  471 19:07:15   -16671.480469       10.089688
FIRE:  472 19:07:15   -16681.128906        8.830108
FIRE:  473 19:07:16   -16690.800781        9.625273
FIRE:  474 19:07:16   -16700.398438       10.136267
FIRE:  475 19:07:16   -16710.044922       10.332532
FIRE:  476 19:07:17   -16719.625000       10.210664
FIRE:  477 19:07:17   -16729.187500        9.794567
FIRE:  478 19:07:18   -16738.726562        9.129564
FIRE:  479 19:07:18   -16748.208984        8.274424
FIRE:  480 19:07:18   -16757.683594        7.291770
FIRE:  481 19:07:19   -16767.064453        7.623420
FIRE:  482 19:07:19   -16776.324219        8.462861
FIRE:  483 19:07:19   -16785.566406        9.085206
FIRE:  484 19:07:20   -16794.714844        9.445209
FIRE:  485 19:07:20   -16803.775391        9.518665
FIRE:  486 19:07:20   -16812.765625        9.305817
FIRE:  487 19:07:21   -16821.634766        8.830359
FIRE:  488 19:07:21   -16830.417969       10.690839
FIRE:  489 19:07:21   -16839.103516       12.576367
FIRE:  490 19:07:22   -16847.740234       14.135970
FIRE:  491 19:07:22   -16856.292969       15.225121
FIRE:  492 19:07:22   -16864.816406       15.743823
FIRE:  493 19:07:23   -16873.248047       15.655587
FIRE:  494 19:07:23   -16881.617188       14.993230
FIRE:  495 19:07:23   -16889.923828       13.848619
FIRE:  496 19:07:24   -16898.138672       12.352829
FIRE:  497 19:07:24   -16906.296875       14.327647
FIRE:  498 19:07:24   -16914.376953       16.422153
FIRE:  499 19:07:25   -16922.394531       18.015408
FIRE:  500 19:07:25   -16930.386719       18.947187
FIRE:  501 19:07:25   -16938.396484       19.128420
FIRE:  502 19:07:26   -16946.353516       18.560513
FIRE:  503 19:07:26   -16954.281250       17.330664
FIRE:  504 19:07:27   -16962.214844       15.692965
FIRE:  505 19:07:27   -16970.021484       14.948842
FIRE:  506 19:07:27   -16977.763672       13.822749
FIRE:  507 19:07:28   -16985.398438       12.413745
FIRE:  508 19:07:28   -16992.892578       10.828850
FIRE:  509 19:07:28   -17000.318359       10.602234
FIRE:  510 19:07:29   -17007.599609       12.351018
FIRE:  511 19:07:29   -17014.894531       13.846545
FIRE:  512 19:07:29   -17022.146484       14.975984
FIRE:  513 19:07:30   -17029.388672       15.652049
FIRE:  514 19:07:30   -17036.648438       15.827824
FIRE:  515 19:07:30   -17043.988281       15.504184
FIRE:  516 19:07:31   -17051.390625       14.728526
FIRE:  517 19:07:31   -17058.814453       13.584153
FIRE:  518 19:07:31   -17066.291016       12.174429
FIRE:  519 19:07:32   -17073.783203       10.606586
FIRE:  520 19:07:32   -17081.287109        9.311164
FIRE:  521 19:07:32   -17088.771484        8.556764
FIRE:  522 19:07:33   -17096.208984        8.659400
FIRE:  523 19:07:33   -17103.664062        9.141029
FIRE:  524 19:07:33   -17111.058594        9.426192
FIRE:  525 19:07:34   -17118.449219        9.499550
FIRE:  526 19:07:34   -17125.732422        9.357807
FIRE:  527 19:07:34   -17133.029297        9.067166
FIRE:  528 19:07:35   -17140.242188        8.689433
FIRE:  529 19:07:35   -17147.431641        8.161201
FIRE:  530 19:07:35   -17154.560547        7.516127
FIRE:  531 19:07:36   -17161.664062        7.889409
FIRE:  532 19:07:36   -17168.687500        9.563235
FIRE:  533 19:07:37   -17175.669922       11.262826
FIRE:  534 19:07:37   -17182.648438       12.908881
FIRE:  535 19:07:37   -17189.578125       14.405330
FIRE:  536 19:07:38   -17196.468750       15.653747
FIRE:  537 19:07:38   -17203.316406       16.561193
FIRE:  538 19:07:38   -17210.160156       17.057753
FIRE:  539 19:07:39   -17216.976562       17.102442
FIRE:  540 19:07:39   -17223.664062       16.694939
FIRE:  541 19:07:39   -17230.292969       15.869672
FIRE:  542 19:07:40   -17236.833984       14.691113
FIRE:  543 19:07:40   -17243.250000       16.711689
FIRE:  544 19:07:40   -17249.541016       20.942089
FIRE:  545 19:07:41   -17255.738281       24.928930
FIRE:  546 19:07:41   -17261.867188       28.299440
FIRE:  547 19:07:41   -17267.980469       30.722187
FIRE:  548 19:07:42   -17274.048828       31.958921
FIRE:  549 19:07:42   -17280.076172       31.904816
FIRE:  550 19:07:42   -17286.132812       30.592535
FIRE:  551 19:07:43   -17292.087891       28.186989
FIRE:  552 19:07:43   -17297.958984       24.961367
FIRE:  553 19:07:43   -17303.707031       21.242399
FIRE:  554 19:07:44   -17309.357422       20.229666
FIRE:  555 19:07:44   -17314.882812       23.141783
FIRE:  556 19:07:44   -17320.371094       25.549267
FIRE:  557 19:07:45   -17325.863281       27.249172
FIRE:  558 19:07:45   -17331.410156       28.100052
FIRE:  559 19:07:45   -17337.039062       28.036602
FIRE:  560 19:07:46   -17342.757812       27.080431
FIRE:  561 19:07:46   -17348.595703       25.334795
FIRE:  562 19:07:47   -17354.529297       22.964041
FIRE:  563 19:07:47   -17360.498047       20.172497
FIRE:  564 19:07:47   -17366.468750       17.172085
FIRE:  565 19:07:48   -17372.462891       14.158389
FIRE:  566 19:07:48   -17378.371094       13.295871
FIRE:  567 19:07:48   -17384.255859       14.712979
FIRE:  568 19:07:49   -17390.080078       15.810786
FIRE:  569 19:07:49   -17395.875000       16.497204
FIRE:  570 19:07:49   -17401.568359       16.712275
FIRE:  571 19:07:50   -17407.283203       16.437069
FIRE:  572 19:07:50   -17412.937500       15.696698
FIRE:  573 19:07:50   -17418.527344       14.557121
FIRE:  574 19:07:51   -17424.089844       13.110107
FIRE:  575 19:07:51   -17429.636719       11.460977
FIRE:  576 19:07:51   -17435.103516        9.712234
FIRE:  577 19:07:52   -17440.482422        8.577969
FIRE:  578 19:07:52   -17445.830078        8.340653
FIRE:  579 19:07:52   -17451.107422        8.079131
FIRE:  580 19:07:53   -17456.367188        7.879453
FIRE:  581 19:07:53   -17461.566406        7.857152
FIRE:  582 19:07:53   -17466.714844        7.828972
FIRE:  583 19:07:54   -17471.832031        8.172608
FIRE:  584 19:07:54   -17476.921875        8.463922
FIRE:  585 19:07:54   -17482.025391        8.687301
FIRE:  586 19:07:55   -17487.056641        8.838383
FIRE:  587 19:07:55   -17492.130859        8.914404
FIRE:  588 19:07:55   -17497.162109        8.914833
FIRE:  589 19:07:56   -17502.175781        8.841427
FIRE:  590 19:07:56   -17507.191406        8.697385
FIRE:  591 19:07:57   -17512.193359        8.488563
FIRE:  592 19:07:57   -17517.199219        8.221101
FIRE:  593 19:07:57   -17522.123047        8.274231
FIRE:  594 19:07:58   -17527.021484        8.545661
FIRE:  595 19:07:58   -17531.857422        8.721339
FIRE:  596 19:07:58   -17536.654297        8.796597
FIRE:  597 19:07:59   -17541.367188        8.769988
FIRE:  598 19:07:59   -17546.064453        8.643744
FIRE:  599 19:07:59   -17550.679688        8.423797
FIRE:  600 19:08:00   -17555.220703        9.354034
FIRE:  601 19:08:00   -17559.699219       12.048750
FIRE:  602 19:08:01   -17564.130859       14.957625
FIRE:  603 19:08:01   -17568.519531       17.986435
FIRE:  604 19:08:01   -17572.896484       20.988438
FIRE:  605 19:08:02   -17577.328125       23.773451
FIRE:  606 19:08:02   -17581.791016       26.134743
FIRE:  607 19:08:02   -17586.351562       27.877308
FIRE:  608 19:08:03   -17591.019531       28.848969
FIRE:  609 19:08:03   -17595.818359       28.967175
FIRE:  610 19:08:03   -17600.683594       28.229048
FIRE:  611 19:08:04   -17605.687500       26.714001
FIRE:  612 19:08:04   -17610.705078       24.566685
FIRE:  613 19:08:04   -17615.792969       21.973793
FIRE:  614 19:08:05   -17620.839844       19.134310
FIRE:  615 19:08:05   -17625.849609       16.233120
FIRE:  616 19:08:05   -17630.761719       13.417360
FIRE:  617 19:08:06   -17635.544922       10.786528
FIRE:  618 19:08:06   -17640.197266        9.441684
FIRE:  619 19:08:06   -17644.755859       11.385165
FIRE:  620 19:08:07   -17649.164062       13.371280
FIRE:  621 19:08:07   -17653.447266       15.331564
FIRE:  622 19:08:07   -17657.642578       17.184597
FIRE:  623 19:08:08   -17661.806641       18.841255
FIRE:  624 19:08:08   -17665.917969       20.212273
FIRE:  625 19:08:08   -17669.976562       21.218344
FIRE:  626 19:08:09   -17674.054688       21.798700
FIRE:  627 19:08:09   -17678.162109       21.919407
FIRE:  628 19:08:10   -17682.324219       21.577101
FIRE:  629 19:08:10   -17686.533203       20.799265
FIRE:  630 19:08:10   -17690.707031       19.640150
FIRE:  631 19:08:11   -17694.970703       18.173279
FIRE:  632 19:08:11   -17699.205078       16.482639
FIRE:  633 19:08:11   -17703.439453       14.735852
FIRE:  634 19:08:12   -17707.648438       14.672388
FIRE:  635 19:08:12   -17711.822266       14.388403
FIRE:  636 19:08:12   -17715.933594       13.894965
FIRE:  637 19:08:13   -17720.001953       13.211450
FIRE:  638 19:08:13   -17724.019531       12.448463
FIRE:  639 19:08:13   -17728.017578       13.000933
FIRE:  640 19:08:14   -17731.955078       14.029491
FIRE:  641 19:08:14   -17735.857422       14.883962
FIRE:  642 19:08:14   -17739.740234       15.529464
FIRE:  643 19:08:15   -17743.591797       15.937003
FIRE:  644 19:08:15   -17747.419922       17.906017
FIRE:  645 19:08:15   -17751.250000       19.698429
FIRE:  646 19:08:16   -17755.099609       21.214098
FIRE:  647 19:08:16   -17759.031250       22.363581
FIRE:  648 19:08:16   -17762.949219       23.075558
FIRE:  649 19:08:17   -17766.962891       23.305004
FIRE:  650 19:08:17   -17771.025391       23.040382
FIRE:  651 19:08:17   -17775.105469       22.303930
FIRE:  652 19:08:18   -17779.259766       21.148645
FIRE:  653 19:08:18   -17783.378906       19.651291
FIRE:  654 19:08:18   -17787.562500       17.902521
FIRE:  655 19:08:19   -17791.710938       15.995824
FIRE:  656 19:08:19   -17795.792969       14.045858
FIRE:  657 19:08:20   -17799.830078       13.014750
FIRE:  658 19:08:20   -17803.814453       12.038871
FIRE:  659 19:08:20   -17807.722656       11.615067
FIRE:  660 19:08:21   -17811.554688       11.061750
FIRE:  661 19:08:21   -17815.265625       10.398897
FIRE:  662 19:08:21   -17818.904297        9.648352
FIRE:  663 19:08:22   -17822.408203        9.960896
FIRE:  664 19:08:22   -17825.851562       11.680448
FIRE:  665 19:08:22   -17829.195312       13.390059
FIRE:  666 19:08:23   -17832.445312       15.031859
FIRE:  667 19:08:23   -17835.640625       16.539083
FIRE:  668 19:08:23   -17838.765625       17.843124
FIRE:  669 19:08:24   -17841.882812       18.881413
FIRE:  670 19:08:24   -17844.939453       19.600033
FIRE:  671 19:08:24   -17847.951172       19.960745
FIRE:  672 19:08:25   -17850.988281       19.948324
FIRE:  673 19:08:25   -17854.033203       19.566986
FIRE:  674 19:08:25   -17857.058594       18.841843
FIRE:  675 19:08:26   -17860.095703       17.816751
FIRE:  676 19:08:26   -17863.146484       16.549309
FIRE:  677 19:08:26   -17866.238281       17.634977
FIRE:  678 19:08:27   -17869.375000       18.847183
FIRE:  679 19:08:27   -17872.568359       19.787422
FIRE:  680 19:08:27   -17875.849609       20.406200
FIRE:  681 19:08:28   -17879.185547       20.671329
FIRE:  682 19:08:28   -17882.628906       20.568653
FIRE:  683 19:08:28   -17886.142578       20.105471
FIRE:  684 19:08:29   -17889.757812       20.038063
FIRE:  685 19:08:29   -17893.447266       20.104574
FIRE:  686 19:08:29   -17897.294922       19.834499
FIRE:  687 19:08:30   -17901.140625       20.465239
FIRE:  688 19:08:30   -17905.037109       20.869171
FIRE:  689 19:08:31   -17908.943359       20.962980
FIRE:  690 19:08:31   -17912.910156       20.743944
FIRE:  691 19:08:31   -17916.777344       20.226568
FIRE:  692 19:08:32   -17920.656250       19.438503
FIRE:  693 19:08:32   -17924.396484       18.422283
FIRE:  694 19:08:32   -17928.099609       17.225077
FIRE:  695 19:08:33   -17931.685547       15.899230
FIRE:  696 19:08:33   -17935.121094       14.496958
FIRE:  697 19:08:33   -17938.445312       13.356888
FIRE:  698 19:08:34   -17941.642578       15.744708
FIRE:  699 19:08:34   -17944.724609       18.186914
FIRE:  700 19:08:34   -17947.654297       20.594870
FIRE:  701 19:08:35   -17950.531250       22.860569
FIRE:  702 19:08:35   -17953.251953       24.865332
FIRE:  703 19:08:35   -17955.962891       26.490778
FIRE:  704 19:08:36   -17958.605469       27.635075
FIRE:  705 19:08:36   -17961.253906       28.223396
FIRE:  706 19:08:36   -17963.876953       28.217598
FIRE:  707 19:08:37   -17966.511719       27.623384
FIRE:  708 19:08:37   -17969.173828       26.486616
FIRE:  709 19:08:37   -17971.814453       24.887476
FIRE:  710 19:08:38   -17974.505859       22.932014
FIRE:  711 19:08:38   -17977.173828       20.735828
FIRE:  712 19:08:38   -17979.896484       20.012884
FIRE:  713 19:08:39   -17982.611328       20.829739
FIRE:  714 19:08:39   -17985.367188       21.299927
FIRE:  715 19:08:39   -17988.128906       21.400026
FIRE:  716 19:08:40   -17990.957031       21.126230
FIRE:  717 19:08:40   -17993.767578       20.495899
FIRE:  718 19:08:40   -17996.601562       19.547010
FIRE:  719 19:08:41   -17999.449219       18.332264
FIRE:  720 19:08:41   -18002.363281       16.978767
FIRE:  721 19:08:42   -18005.250000       18.393053
FIRE:  722 19:08:42   -18008.140625       19.639904
FIRE:  723 19:08:42   -18010.984375       20.664005
FIRE:  724 19:08:43   -18013.900391       21.415159
FIRE:  725 19:08:43   -18016.785156       21.855541
FIRE:  726 19:08:43   -18019.636719       21.961845
FIRE:  727 19:08:44   -18022.492188       21.731129
FIRE:  728 19:08:44   -18025.345703       21.177902
FIRE:  729 19:08:44   -18028.119141       20.334360
FIRE:  730 19:08:45   -18030.849609       19.245363
FIRE:  731 19:08:45   -18033.585938       17.964443
FIRE:  732 19:08:45   -18036.259766       16.547747
FIRE:  733 19:08:46   -18038.826172       15.048512
FIRE:  734 19:08:46   -18041.361328       13.514015
FIRE:  735 19:08:46   -18043.830078       11.984428
FIRE:  736 19:08:47   -18046.224609       11.515753
FIRE:  737 19:08:47   -18048.587891       12.186464
FIRE:  738 19:08:47   -18050.896484       12.783491
FIRE:  739 19:08:48   -18053.197266       13.290322
FIRE:  740 19:08:48   -18055.433594       13.692945
FIRE:  741 19:08:48   -18057.658203       13.979524
FIRE:  742 19:08:49   -18059.867188       14.141335
FIRE:  743 19:08:49   -18062.087891       15.251416
FIRE:  744 19:08:49   -18064.330078       16.494085
FIRE:  745 19:08:50   -18066.578125       17.618673
FIRE:  746 19:08:50   -18068.835938       18.581995
FIRE:  747 19:08:50   -18071.123047       19.343519
FIRE:  748 19:08:51   -18073.480469       19.869434
FIRE:  749 19:08:51   -18075.853516       20.134193
FIRE:  750 19:08:51   -18078.275391       20.124338
FIRE:  751 19:08:52   -18080.701172       19.838821
FIRE:  752 19:08:52   -18083.113281       19.289660
FIRE:  753 19:08:52   -18085.576172       18.500240
FIRE:  754 19:08:53   -18088.029297       17.503229
FIRE:  755 19:08:53   -18090.513672       16.338297
FIRE:  756 19:08:53   -18092.910156       15.047715
FIRE:  757 19:08:54   -18095.285156       13.674830
FIRE:  758 19:08:54   -18097.683594       13.078553
FIRE:  759 19:08:55   -18099.984375       13.236590
FIRE:  760 19:08:55   -18102.298828       13.263965
FIRE:  761 19:08:55   -18104.546875       13.157684
FIRE:  762 19:08:56   -18106.830078       13.464821
FIRE:  763 19:08:56   -18109.007812       14.611040
FIRE:  764 19:08:56   -18111.232422       15.652911
FIRE:  765 19:08:57   -18113.394531       16.555931
FIRE:  766 19:08:57   -18115.558594       17.288414
FIRE:  767 19:08:57   -18117.718750       17.823191
FIRE:  768 19:08:58   -18119.931641       18.139833
FIRE:  769 19:08:58   -18122.119141       18.226837
FIRE:  770 19:08:58   -18124.292969       18.082048
FIRE:  771 19:08:59   -18126.505859       17.713108
FIRE:  772 19:08:59   -18128.714844       17.136896
FIRE:  773 19:08:59   -18130.949219       16.669983
FIRE:  774 19:09:00   -18133.125000       16.569761
FIRE:  775 19:09:00   -18135.316406       16.253227
FIRE:  776 19:09:00   -18137.453125       15.733473
FIRE:  777 19:09:01   -18139.576172       15.031428
FIRE:  778 19:09:01   -18141.644531       14.174487
FIRE:  779 19:09:01   -18143.671875       13.192240
FIRE:  780 19:09:02   -18145.628906       12.339729
FIRE:  781 19:09:02   -18147.513672       13.817090
FIRE:  782 19:09:02   -18149.314453       15.255650
FIRE:  783 19:09:03   -18151.082031       16.614138
FIRE:  784 19:09:03   -18152.800781       17.847782
FIRE:  785 19:09:03   -18154.466797       18.912622
FIRE:  786 19:09:04   -18156.080078       19.767654
FIRE:  787 19:09:04   -18157.716797       20.377325
FIRE:  788 19:09:04   -18159.347656       21.494530
FIRE:  789 19:09:05   -18160.970703       23.047710
FIRE:  790 19:09:05   -18162.623047       24.318289
FIRE:  791 19:09:05   -18164.324219       25.240316
FIRE:  792 19:09:06   -18166.046875       25.765024
FIRE:  793 19:09:06   -18167.808594       25.862841
FIRE:  794 19:09:06   -18169.642578       25.529346
FIRE:  795 19:09:07   -18171.533203       24.784534
FIRE:  796 19:09:07   -18173.412109       23.670799
FIRE:  797 19:09:08   -18175.351562       22.248579
FIRE:  798 19:09:08   -18177.304688       21.376083
FIRE:  799 19:09:08   -18179.308594       22.105476
FIRE:  800 19:09:09   -18181.294922       22.430374
FIRE:  801 19:09:09   -18183.277344       22.330324
FIRE:  802 19:09:09   -18185.242188       21.810257
FIRE:  803 19:09:10   -18187.214844       20.901468
FIRE:  804 19:09:10   -18189.210938       19.655836
FIRE:  805 19:09:10   -18191.130859       18.140532
FIRE:  806 19:09:11   -18193.046875       16.429745
FIRE:  807 19:09:11   -18194.929688       14.597968
FIRE:  808 19:09:11   -18196.845703       12.713792
FIRE:  809 19:09:12   -18198.673828       12.529531
FIRE:  810 19:09:12   -18200.488281       12.308331
FIRE:  811 19:09:12   -18202.296875       12.407863
FIRE:  812 19:09:13   -18204.070312       12.737186
FIRE:  813 19:09:13   -18205.857422       12.937738
FIRE:  814 19:09:13   -18207.634766       13.002443
FIRE:  815 19:09:14   -18209.417969       12.928797
FIRE:  816 19:09:14   -18211.183594       12.718609
FIRE:  817 19:09:14   -18212.912109       12.378085
FIRE:  818 19:09:15   -18214.660156       11.915311
FIRE:  819 19:09:15   -18216.404297       11.887962
FIRE:  820 19:09:15   -18218.169922       12.011028
FIRE:  821 19:09:16   -18219.908203       12.395474
FIRE:  822 19:09:16   -18221.621094       13.484412
FIRE:  823 19:09:16   -18223.328125       14.849911
FIRE:  824 19:09:17   -18225.058594       16.167711
FIRE:  825 19:09:17   -18226.822266       17.399216
FIRE:  826 19:09:17   -18228.527344       18.505535
FIRE:  827 19:09:18   -18230.236328       19.448322
FIRE:  828 19:09:18   -18231.941406       20.191555
FIRE:  829 19:09:18   -18233.666016       20.705475
FIRE:  830 19:09:19   -18235.427734       20.970589
FIRE:  831 19:09:19   -18237.125000       20.975847
FIRE:  832 19:09:19   -18238.849609       20.722864
FIRE:  833 19:09:20   -18240.593750       20.223749
FIRE:  834 19:09:20   -18242.339844       19.500877
FIRE:  835 19:09:20   -18244.087891       18.584505
FIRE:  836 19:09:21   -18245.792969       17.511251
FIRE:  837 19:09:21   -18247.478516       16.317873
FIRE:  838 19:09:21   -18249.169922       15.043697
FIRE:  839 19:09:22   -18250.853516       13.723762
FIRE:  840 19:09:22   -18252.523438       12.860875
FIRE:  841 19:09:22   -18254.191406       13.065299
FIRE:  842 19:09:23   -18255.882812       13.146511
FIRE:  843 19:09:23   -18257.515625       13.103075
FIRE:  844 19:09:23   -18259.199219       12.936351
FIRE:  845 19:09:24   -18260.869141       13.284315
FIRE:  846 19:09:24   -18262.578125       13.672971
FIRE:  847 19:09:25   -18264.312500       13.928413
FIRE:  848 19:09:25   -18265.955078       14.044447
FIRE:  849 19:09:25   -18267.728516       14.018332
FIRE:  850 19:09:26   -18269.496094       13.852264
FIRE:  851 19:09:26   -18271.253906       13.552281
FIRE:  852 19:09:26   -18273.027344       13.622906
FIRE:  853 19:09:27   -18274.845703       14.753351
FIRE:  854 19:09:27   -18276.636719       15.788675
FIRE:  855 19:09:27   -18278.468750       16.701607
FIRE:  856 19:09:28   -18280.257812       17.466164
FIRE:  857 19:09:28   -18282.121094       18.060015
FIRE:  858 19:09:28   -18283.898438       18.465359
FIRE:  859 19:09:29   -18285.738281       18.670464
FIRE:  860 19:09:29   -18287.562500       18.670710
FIRE:  861 19:09:29   -18289.365234       18.468838
FIRE:  862 19:09:30   -18291.087891       18.074312
FIRE:  863 19:09:30   -18292.841797       17.503300
FIRE:  864 19:09:30   -18294.566406       17.689880
FIRE:  865 19:09:31   -18296.269531       18.852724
FIRE:  866 19:09:31   -18297.929688       19.864305
FIRE:  867 19:09:31   -18299.541016       20.688314
FIRE:  868 19:09:32   -18301.130859       21.291477
FIRE:  869 19:09:32   -18302.669922       21.646925
FIRE:  870 19:09:32   -18304.171875       21.737179
FIRE:  871 19:09:33   -18305.617188       21.555386
FIRE:  872 19:09:33   -18307.054688       21.104403
FIRE:  873 19:09:33   -18308.435547       20.397673
FIRE:  874 19:09:34   -18309.744141       19.458616
FIRE:  875 19:09:34   -18311.048828       18.317820
FIRE:  876 19:09:34   -18312.263672       17.010561
FIRE:  877 19:09:35   -18313.484375       15.576280
FIRE:  878 19:09:35   -18314.625000       14.053672
FIRE:  879 19:09:35   -18315.726562       13.767340
FIRE:  880 19:09:36   -18316.751953       14.283866
FIRE:  881 19:09:36   -18317.744141       14.662567
FIRE:  882 19:09:36   -18318.732422       15.415815
FIRE:  883 19:09:37   -18319.652344       16.412317
FIRE:  884 19:09:37   -18320.529297       17.659678
FIRE:  885 19:09:37   -18321.390625       18.741459
FIRE:  886 19:09:38   -18322.208984       19.627096
FIRE:  887 19:09:38   -18323.021484       20.291119
FIRE:  888 19:09:38   -18323.787109       20.715984
FIRE:  889 19:09:39   -18324.583984       20.893280
FIRE:  890 19:09:39   -18325.306641       20.824413
FIRE:  891 19:09:39   -18326.019531       20.519541
FIRE:  892 19:09:40   -18326.685547       19.997194
FIRE:  893 19:09:40   -18327.371094       19.282579
FIRE:  894 19:09:40   -18328.017578       18.406372
FIRE:  895 19:09:41   -18328.662109       17.401321
FIRE:  896 19:09:41   -18329.255859       16.299923
FIRE:  897 19:09:41   -18329.951172       16.661386
FIRE:  898 19:09:42   -18330.589844       17.792200
FIRE:  899 19:09:42   -18331.292969       18.814024
FIRE:  900 19:09:42   -18332.050781       20.137318
FIRE:  901 19:09:43   -18332.853516       21.185909
FIRE:  902 19:09:43   -18333.751953       21.906576
FIRE:  903 19:09:43   -18334.771484       22.265684
FIRE:  904 19:09:44   -18335.849609       22.245546
FIRE:  905 19:09:44   -18337.082031       21.847263
FIRE:  906 19:09:45   -18338.427734       21.090361
FIRE:  907 19:09:45   -18339.839844       20.223091
FIRE:  908 19:09:45   -18341.330078       19.463764
FIRE:  909 19:09:46   -18342.916016       18.544903
FIRE:  910 19:09:46   -18344.511719       17.495823
FIRE:  911 19:09:46   -18346.142578       16.347876
FIRE:  912 19:09:47   -18347.839844       15.131579
FIRE:  913 19:09:47   -18349.500000       13.875486
FIRE:  914 19:09:47   -18351.205078       12.795307
FIRE:  915 19:09:48   -18352.875000       11.908896
FIRE:  916 19:09:48   -18354.521484       11.094377
FIRE:  917 19:09:48   -18356.166016       10.886935
FIRE:  918 19:09:49   -18357.751953       10.671794
FIRE:  919 19:09:49   -18359.373047       11.077393
FIRE:  920 19:09:49   -18360.904297       11.524536
FIRE:  921 19:09:50   -18362.404297       11.926095
FIRE:  922 19:09:50   -18363.880859       12.277271
FIRE:  923 19:09:50   -18365.349609       12.572535
FIRE:  924 19:09:51   -18366.791016       12.807895
FIRE:  925 19:09:51   -18368.242188       12.980682
FIRE:  926 19:09:51   -18369.650391       13.087702
FIRE:  927 19:09:52   -18371.023438       13.128578
FIRE:  928 19:09:52   -18372.416016       13.103086
FIRE:  929 19:09:52   -18373.800781       13.011775
FIRE:  930 19:09:53   -18375.181641       12.857314
FIRE:  931 19:09:53   -18376.529297       12.642520
FIRE:  932 19:09:53   -18377.835938       12.371309
FIRE:  933 19:09:54   -18379.187500       12.048621
FIRE:  934 19:09:54   -18380.484375       11.679363
FIRE:  935 19:09:54   -18381.789062       11.596170
FIRE:  936 19:09:55   -18383.083984       11.704430
FIRE:  937 19:09:55   -18384.392578       11.756373
FIRE:  938 19:09:55   -18385.595703       11.751700
FIRE:  939 19:09:56   -18386.875000       11.689838
FIRE:  940 19:09:56   -18388.113281       11.572873
FIRE:  941 19:09:56   -18389.310547       11.402203
FIRE:  942 19:09:57   -18390.558594       11.181069
FIRE:  943 19:09:57   -18391.720703       10.912826
FIRE:  944 19:09:57   -18392.884766       10.953910
FIRE:  945 19:09:58   -18394.072266       10.977971
FIRE:  946 19:09:58   -18395.177734       10.920847
FIRE:  947 19:09:58   -18396.357422       11.603308
FIRE:  948 19:09:59   -18397.470703       12.228436
FIRE:  949 19:09:59   -18398.626953       12.769796
FIRE:  950 19:09:59   -18399.697266       13.214836
FIRE:  951 19:10:00   -18400.839844       13.550982
FIRE:  952 19:10:00   -18401.917969       13.770364
FIRE:  953 19:10:00   -18403.021484       13.866443
FIRE:  954 19:10:01   -18404.113281       13.836712
FIRE:  955 19:10:01   -18405.158203       13.682314
FIRE:  956 19:10:01   -18406.269531       13.408270
FIRE:  957 19:10:02   -18407.259766       13.022388
FIRE:  958 19:10:02   -18408.300781       12.535137
FIRE:  959 19:10:02   -18409.304688       12.538156
FIRE:  960 19:10:03   -18410.316406       12.892119
FIRE:  961 19:10:03   -18411.277344       13.150729
FIRE:  962 19:10:03   -18412.226562       13.304541
FIRE:  963 19:10:04   -18413.210938       13.346732
FIRE:  964 19:10:04   -18414.130859       13.273257
FIRE:  965 19:10:04   -18415.074219       13.083632
FIRE:  966 19:10:05   -18415.972656       12.778970
FIRE:  967 19:10:05   -18416.830078       12.551498
FIRE:  968 19:10:05   -18417.716797       13.274240
FIRE:  969 19:10:06   -18418.621094       14.033640
FIRE:  970 19:10:06   -18419.533203       14.864943
FIRE:  971 19:10:06   -18420.439453       15.611672
FIRE:  972 19:10:07   -18421.279297       16.254889
FIRE:  973 19:10:07   -18422.216797       16.776638
FIRE:  974 19:10:07   -18423.160156       17.161446
FIRE:  975 19:10:08   -18424.109375       17.397533
FIRE:  976 19:10:08   -18425.054688       17.476315
FIRE:  977 19:10:08   -18426.005859       17.396450
FIRE:  978 19:10:09   -18427.011719       17.159176
FIRE:  979 19:10:09   -18427.962891       16.770807
FIRE:  980 19:10:09   -18428.927734       16.587387
FIRE:  981 19:10:10   -18429.912109       16.714205
FIRE:  982 19:10:10   -18430.921875       16.723717
FIRE:  983 19:10:10   -18431.861328       16.615768
FIRE:  984 19:10:11   -18432.845703       16.392693
FIRE:  985 19:10:11   -18433.830078       16.059771
FIRE:  986 19:10:12   -18434.738281       15.624619
FIRE:  987 19:10:12   -18435.634766       15.096929
FIRE:  988 19:10:12   -18436.494141       14.488053
FIRE:  989 19:10:13   -18437.375000       13.810148
FIRE:  990 19:10:13   -18438.177734       13.076135
FIRE:  991 19:10:13   -18438.994141       13.659824
FIRE:  992 19:10:14   -18439.800781       14.248099
FIRE:  993 19:10:14   -18440.572266       14.720015
FIRE:  994 19:10:14   -18441.304688       15.061885
FIRE:  995 19:10:15   -18442.060547       15.264805
FIRE:  996 19:10:15   -18442.800781       15.323220
FIRE:  997 19:10:15   -18443.496094       15.236509
FIRE:  998 19:10:16   -18444.216797       15.007037
FIRE:  999 19:10:16   -18444.943359       14.643292
FIRE:  1000 19:10:16   -18445.605469       14.155361
FIRE:  1001 19:10:17   -18446.335938       13.921873
FIRE:  1002 19:10:17   -18447.017578       14.080293
FIRE:  1003 19:10:17   -18447.740234       14.148856
FIRE:  1004 19:10:18   -18448.447266       14.126628
FIRE:  1005 19:10:18   -18449.109375       14.014434
FIRE:  1006 19:10:18   -18449.835938       13.926413
FIRE:  1007 19:10:19   -18450.527344       15.322315
FIRE:  1008 19:10:19   -18451.300781       16.596956
FIRE:  1009 19:10:19   -18452.041016       17.705793
FIRE:  1010 19:10:20   -18452.896484       18.606447
FIRE:  1011 19:10:20   -18453.673828       19.263212
FIRE:  1012 19:10:20   -18454.550781       19.649160
FIRE:  1013 19:10:21   -18455.414062       19.747738
FIRE:  1014 19:10:21   -18456.349609       19.555553
FIRE:  1015 19:10:21   -18457.283203       19.081657
FIRE:  1016 19:10:22   -18458.292969       18.346867
FIRE:  1017 19:10:22   -18459.306641       17.382616
FIRE:  1018 19:10:22   -18460.343750       16.228888
FIRE:  1019 19:10:23   -18461.347656       14.929031
FIRE:  1020 19:10:23   -18462.451172       13.558618
FIRE:  1021 19:10:23   -18463.505859       13.211881
FIRE:  1022 19:10:24   -18464.548828       12.759472
FIRE:  1023 19:10:24   -18465.634766       12.212804
FIRE:  1024 19:10:24   -18466.697266       11.586061
FIRE:  1025 19:10:25   -18467.710938       11.693994
FIRE:  1026 19:10:25   -18468.804688       12.651598
FIRE:  1027 19:10:25   -18469.847656       13.554969
FIRE:  1028 19:10:26   -18470.921875       14.386162
FIRE:  1029 19:10:26   -18471.947266       15.128033
FIRE:  1030 19:10:26   -18472.992188       15.764066
FIRE:  1031 19:10:27   -18474.117188       16.279198
FIRE:  1032 19:10:27   -18475.156250       16.661318
FIRE:  1033 19:10:27   -18476.263672       16.901972
FIRE:  1034 19:10:28   -18477.357422       16.994495
FIRE:  1035 19:10:28   -18478.484375       16.938625
FIRE:  1036 19:10:28   -18479.585938       16.736506
FIRE:  1037 19:10:29   -18480.707031       16.395380
FIRE:  1038 19:10:29   -18481.849609       15.925445
FIRE:  1039 19:10:29   -18483.001953       15.340049
FIRE:  1040 19:10:30   -18484.091797       14.654398
FIRE:  1041 19:10:30   -18485.195312       13.885863
FIRE:  1042 19:10:30   -18486.292969       13.052444
FIRE:  1043 19:10:31   -18487.380859       12.439133
FIRE:  1044 19:10:31   -18488.408203       12.337138
FIRE:  1045 19:10:31   -18489.404297       12.173518
FIRE:  1046 19:10:32   -18490.408203       11.999701
FIRE:  1047 19:10:32   -18491.355469       11.789516
FIRE:  1048 19:10:32   -18492.242188       11.528601
FIRE:  1049 19:10:33   -18493.134766       11.250852
FIRE:  1050 19:10:33   -18493.984375       11.493211
FIRE:  1051 19:10:33   -18494.763672       11.669051
FIRE:  1052 19:10:34   -18495.562500       11.774749
FIRE:  1053 19:10:34   -18496.291016       11.807968
FIRE:  1054 19:10:34   -18497.029297       11.767773
FIRE:  1055 19:10:35   -18497.701172       11.654565
FIRE:  1056 19:10:35   -18498.382812       11.469976
FIRE:  1057 19:10:35   -18499.005859       11.217630
FIRE:  1058 19:10:36   -18499.636719       10.901637
FIRE:  1059 19:10:36   -18500.281250       10.927004
FIRE:  1060 19:10:36   -18500.933594       11.071286
FIRE:  1061 19:10:37   -18501.542969       11.185619
FIRE:  1062 19:10:37   -18502.144531       11.267834
FIRE:  1063 19:10:37   -18502.802734       11.316055
FIRE:  1064 19:10:38   -18503.437500       11.329378
FIRE:  1065 19:10:38   -18504.109375       11.307178
FIRE:  1066 19:10:38   -18504.845703       11.249490
FIRE:  1067 19:10:39   -18505.574219       11.156968
FIRE:  1068 19:10:39   -18506.294922       11.290609
FIRE:  1069 19:10:39   -18507.085938       11.904700
FIRE:  1070 19:10:40   -18507.917969       12.454274
FIRE:  1071 19:10:40   -18508.777344       12.927626
FIRE:  1072 19:10:41   -18509.660156       13.315316
FIRE:  1073 19:10:41   -18510.611328       13.608736
FIRE:  1074 19:10:41   -18511.625000       13.800914
FIRE:  1075 19:10:42   -18512.656250       13.888153
FIRE:  1076 19:10:42   -18513.726562       13.868690
FIRE:  1077 19:10:42   -18514.792969       13.743425
FIRE:  1078 19:10:43   -18515.929688       13.515647
FIRE:  1079 19:10:43   -18517.052734       13.191620
FIRE:  1080 19:10:43   -18518.218750       12.779486
FIRE:  1081 19:10:44   -18519.337891       12.288928
FIRE:  1082 19:10:44   -18520.554688       12.283648
FIRE:  1083 19:10:44   -18521.730469       12.371511
FIRE:  1084 19:10:45   -18522.880859       12.392434
FIRE:  1085 19:10:45   -18524.050781       12.345043
FIRE:  1086 19:10:45   -18525.171875       12.230868
FIRE:  1087 19:10:46   -18526.273438       12.459193
FIRE:  1088 19:10:46   -18527.390625       13.154840
FIRE:  1089 19:10:46   -18528.447266       13.797784
FIRE:  1090 19:10:47   -18529.439453       14.373509
FIRE:  1091 19:10:47   -18530.404297       14.868299
FIRE:  1092 19:10:47   -18531.371094       15.269560
FIRE:  1093 19:10:48   -18532.302734       15.566636
FIRE:  1094 19:10:48   -18533.146484       15.751050
FIRE:  1095 19:10:48   -18533.960938       15.817504
FIRE:  1096 19:10:49   -18534.710938       15.763877
FIRE:  1097 19:10:49   -18535.445312       15.591305
FIRE:  1098 19:10:49   -18536.113281       15.305146
FIRE:  1099 19:10:50   -18536.720703       14.913561
FIRE:  1100 19:10:50   -18537.310547       14.427413
FIRE:  1101 19:10:50   -18537.875000       13.861002
FIRE:  1102 19:10:51   -18538.367188       14.520801
FIRE:  1103 19:10:51   -18538.847656       15.090853
FIRE:  1104 19:10:51   -18539.289062       15.552621
FIRE:  1105 19:10:52   -18539.695312       15.892521
FIRE:  1106 19:10:52   -18540.095703       16.099977
FIRE:  1107 19:10:52   -18540.435547       16.166870
FIRE:  1108 19:10:53   -18540.783203       16.212038
FIRE:  1109 19:10:53   -18541.123047       16.301950
FIRE:  1110 19:10:53   -18541.433594       16.260620
FIRE:  1111 19:10:54   -18541.710938       16.657139
FIRE:  1112 19:10:54   -18541.996094       17.314459
FIRE:  1113 19:10:54   -18542.298828       17.855700
FIRE:  1114 19:10:55   -18542.605469       18.265755
FIRE:  1115 19:10:55   -18542.884766       18.532682
FIRE:  1116 19:10:55   -18543.208984       18.648741
FIRE:  1117 19:10:56   -18543.500000       19.136137
FIRE:  1118 19:10:56   -18543.867188       20.407209
FIRE:  1119 19:10:56   -18544.246094       21.503744
FIRE:  1120 19:10:57   -18544.619141       22.386494
FIRE:  1121 19:10:57   -18544.996094       23.024231
FIRE:  1122 19:10:57   -18545.449219       23.391230
FIRE:  1123 19:10:58   -18545.865234       23.473127
FIRE:  1124 19:10:58   -18546.363281       23.288149
FIRE:  1125 19:10:58   -18546.820312       22.843964
FIRE:  1126 19:10:59   -18547.347656       22.139259
FIRE:  1127 19:10:59   -18547.853516       21.200666
FIRE:  1128 19:10:59   -18548.357422       20.062214
FIRE:  1129 19:11:00   -18548.832031       18.761675
FIRE:  1130 19:11:00   -18549.294922       17.339745
FIRE:  1131 19:11:00   -18549.779297       15.836149
FIRE:  1132 19:11:01   -18550.224609       14.290377
FIRE:  1133 19:11:01   -18550.634766       12.736259
FIRE:  1134 19:11:01   -18551.095703       13.291898
FIRE:  1135 19:11:02   -18551.472656       13.977737
FIRE:  1136 19:11:02   -18551.882812       14.553404
FIRE:  1137 19:11:02   -18552.289062       15.001592
FIRE:  1138 19:11:03   -18552.667969       15.308654
FIRE:  1139 19:11:03   -18553.060547       15.464593
FIRE:  1140 19:11:03   -18553.492188       15.464749
FIRE:  1141 19:11:04   -18553.919922       15.309720
FIRE:  1142 19:11:04   -18554.367188       15.004452
FIRE:  1143 19:11:04   -18554.867188       14.559659
FIRE:  1144 19:11:05   -18555.396484       13.989333
FIRE:  1145 19:11:05   -18555.929688       13.310707
FIRE:  1146 19:11:05   -18556.525391       13.626945
FIRE:  1147 19:11:06   -18557.111328       13.990039
FIRE:  1148 19:11:06   -18557.783203       14.243467
FIRE:  1149 19:11:06   -18558.460938       14.380911
FIRE:  1150 19:11:07   -18559.175781       14.399156
FIRE:  1151 19:11:07   -18559.955078       14.298116
FIRE:  1152 19:11:07   -18560.726562       14.080430
FIRE:  1153 19:11:08   -18561.529297       13.751780
FIRE:  1154 19:11:08   -18562.343750       13.320391
FIRE:  1155 19:11:08   -18563.226562       12.796305
FIRE:  1156 19:11:09   -18564.085938       12.191495
FIRE:  1157 19:11:09   -18564.992188       11.518607
FIRE:  1158 19:11:09   -18565.873047       11.064906
FIRE:  1159 19:11:10   -18566.794922       10.894584
FIRE:  1160 19:11:10   -18567.685547       10.708229
FIRE:  1161 19:11:10   -18568.562500       10.506851
FIRE:  1162 19:11:11   -18569.457031       10.290874
FIRE:  1163 19:11:11   -18570.347656       10.061110
FIRE:  1164 19:11:11   -18571.238281        9.817694
FIRE:  1165 19:11:12   -18572.085938        9.561126
FIRE:  1166 19:11:12   -18572.937500        9.291200
FIRE:  1167 19:11:12   -18573.794922        9.008191
FIRE:  1168 19:11:13   -18574.634766        8.711792
FIRE:  1169 19:11:13   -18575.390625        9.027061
FIRE:  1170 19:11:13   -18576.187500        9.343275
FIRE:  1171 19:11:14   -18577.000000        9.631268
FIRE:  1172 19:11:14   -18577.734375        9.886765
FIRE:  1173 19:11:14   -18578.531250       10.105385
FIRE:  1174 19:11:15   -18579.308594       10.283916
FIRE:  1175 19:11:15   -18580.064453       10.419307
FIRE:  1176 19:11:15   -18580.826172       10.636707
FIRE:  1177 19:11:16   -18581.613281       11.001052
FIRE:  1178 19:11:16   -18582.388672       11.362061
FIRE:  1179 19:11:16   -18583.224609       11.718776
FIRE:  1180 19:11:17   -18584.054688       12.447137
FIRE:  1181 19:11:17   -18584.847656       13.125276
FIRE:  1182 19:11:17   -18585.693359       13.740312
FIRE:  1183 19:11:18   -18586.589844       14.279388
FIRE:  1184 19:11:18   -18587.457031       14.731122
FIRE:  1185 19:11:18   -18588.375000       15.084518
FIRE:  1186 19:11:19   -18589.298828       15.331805
FIRE:  1187 19:11:19   -18590.214844       15.466224
FIRE:  1188 19:11:19   -18591.146484       15.484198
FIRE:  1189 19:11:20   -18592.126953       15.385288
FIRE:  1190 19:11:20   -18593.048828       15.170620
FIRE:  1191 19:11:20   -18593.964844       14.845428
FIRE:  1192 19:11:21   -18594.871094       14.416360
FIRE:  1193 19:11:21   -18595.806641       13.949241
FIRE:  1194 19:11:21   -18596.673828       13.802700
FIRE:  1195 19:11:22   -18597.509766       13.608235
FIRE:  1196 19:11:22   -18598.322266       13.366139
FIRE:  1197 19:11:22   -18599.105469       13.826744
FIRE:  1198 19:11:23   -18599.853516       15.385474
FIRE:  1199 19:11:23   -18600.564453       16.977711
FIRE:  1200 19:11:23   -18601.275391       18.571222
FIRE:  1201 19:11:24   -18601.910156       20.129101
FIRE:  1202 19:11:24   -18602.533203       21.608067
FIRE:  1203 19:11:24   -18603.169922       22.961782
FIRE:  1204 19:11:25   -18603.824219       24.143679
FIRE:  1205 19:11:25   -18604.546875       25.109661
FIRE:  1206 19:11:25   -18605.208984       25.821444
FIRE:  1207 19:11:26   -18605.972656       26.249334
FIRE:  1208 19:11:26   -18606.722656       26.375603
FIRE:  1209 19:11:26   -18607.537109       26.194468
FIRE:  1210 19:11:27   -18608.390625       25.713655
FIRE:  1211 19:11:27   -18609.324219       24.952768
FIRE:  1212 19:11:27   -18610.216797       23.942347
FIRE:  1213 19:11:28   -18611.187500       22.721786
FIRE:  1214 19:11:28   -18612.187500       21.334366
FIRE:  1215 19:11:28   -18613.187500       19.826918
FIRE:  1216 19:11:29   -18614.140625       18.244806
FIRE:  1217 19:11:29   -18615.130859       16.629959
FIRE:  1218 19:11:29   -18616.064453       15.018405
FIRE:  1219 19:11:30   -18616.957031       13.440134
FIRE:  1220 19:11:30   -18617.796875       12.180984
FIRE:  1221 19:11:30   -18618.626953       11.033381
FIRE:  1222 19:11:31   -18619.330078       11.098875
FIRE:  1223 19:11:31   -18620.062500       11.265078
FIRE:  1224 19:11:31   -18620.675781       11.633328
FIRE:  1225 19:11:32   -18621.251953       11.952123
FIRE:  1226 19:11:32   -18621.734375       12.779106
FIRE:  1227 19:11:32   -18622.175781       13.565669
FIRE:  1228 19:11:33   -18622.546875       14.279155
FIRE:  1229 19:11:33   -18622.835938       14.904230
FIRE:  1230 19:11:33   -18623.107422       15.426721
FIRE:  1231 19:11:34   -18623.365234       15.834300
FIRE:  1232 19:11:34   -18623.552734       16.116716
FIRE:  1233 19:11:34   -18623.732422       18.168798
FIRE:  1234 19:11:35   -18623.906250       20.237877
FIRE:  1235 19:11:35   -18624.085938       22.269552
FIRE:  1236 19:11:35   -18624.255859       24.200146
FIRE:  1237 19:11:36   -18624.488281       25.961426
FIRE:  1238 19:11:36   -18624.724609       27.483082
FIRE:  1239 19:11:36   -18624.982422       28.698700
FIRE:  1240 19:11:37   -18625.339844       29.550770
FIRE:  1241 19:11:37   -18625.691406       29.997553
FIRE:  1242 19:11:37   -18626.187500       30.015676
FIRE:  1243 19:11:38   -18626.728516       29.604235
FIRE:  1244 19:11:38   -18627.279297       28.782850
FIRE:  1245 19:11:38   -18627.929688       27.591892
FIRE:  1246 19:11:39   -18628.591797       26.086254
FIRE:  1247 19:11:39   -18629.337891       24.331999
FIRE:  1248 19:11:39   -18630.076172       22.398293
FIRE:  1249 19:11:40   -18630.876953       20.354246
FIRE:  1250 19:11:40   -18631.621094       18.262398
FIRE:  1251 19:11:40   -18632.400391       17.600622
FIRE:  1252 19:11:41   -18633.224609       17.206640
FIRE:  1253 19:11:41   -18633.964844       16.753407
FIRE:  1254 19:11:41   -18634.732422       16.257038
FIRE:  1255 19:11:42   -18635.408203       15.732707
FIRE:  1256 19:11:42   -18636.093750       15.193866
FIRE:  1257 19:11:42   -18636.777344       14.651512
FIRE:  1258 19:11:43   -18637.429688       14.633325
FIRE:  1259 19:11:43   -18638.019531       14.522393
FIRE:  1260 19:11:43   -18638.599609       14.308358
FIRE:  1261 19:11:44   -18639.160156       13.997408
FIRE:  1262 19:11:44   -18639.662109       14.984406
FIRE:  1263 19:11:44   -18640.173828       16.360979
FIRE:  1264 19:11:45   -18640.642578       17.688801
FIRE:  1265 19:11:45   -18641.140625       18.933607
FIRE:  1266 19:11:45   -18641.552734       20.062880
FIRE:  1267 19:11:46   -18642.000000       21.043196
FIRE:  1268 19:11:46   -18642.474609       21.845572
FIRE:  1269 19:11:46   -18642.923828       22.443789
FIRE:  1270 19:11:47   -18643.402344       22.817911
FIRE:  1271 19:11:47   -18643.919922       22.954969
FIRE:  1272 19:11:47   -18644.398438       22.850515
FIRE:  1273 19:11:48   -18644.937500       22.507263
FIRE:  1274 19:11:48   -18645.425781       21.936565
FIRE:  1275 19:11:48   -18646.054688       21.156643
FIRE:  1276 19:11:49   -18646.595703       20.191832
FIRE:  1277 19:11:49   -18647.195312       19.070751
FIRE:  1278 19:11:49   -18647.775391       17.824272
FIRE:  1279 19:11:50   -18648.394531       16.485809
FIRE:  1280 19:11:50   -18649.019531       15.086478
FIRE:  1281 19:11:50   -18649.650391       14.023577
FIRE:  1282 19:11:51   -18650.289062       13.684424
FIRE:  1283 19:11:51   -18650.912109       13.242695
FIRE:  1284 19:11:51   -18651.535156       13.267479
FIRE:  1285 19:11:52   -18652.167969       13.405902
FIRE:  1286 19:11:52   -18652.738281       13.490808
FIRE:  1287 19:11:52   -18653.402344       13.520541
FIRE:  1288 19:11:53   -18653.980469       13.494562
FIRE:  1289 19:11:53   -18654.619141       13.413485
FIRE:  1290 19:11:53   -18655.244141       13.935903
FIRE:  1291 19:11:54   -18655.888672       14.389736
FIRE:  1292 19:11:54   -18656.554688       14.754716
FIRE:  1293 19:11:54   -18657.195312       15.023387
FIRE:  1294 19:11:55   -18657.892578       15.190444
FIRE:  1295 19:11:55   -18658.580078       15.252603
FIRE:  1296 19:11:55   -18659.271484       15.208909
FIRE:  1297 19:11:56   -18660.021484       15.060050
FIRE:  1298 19:11:56   -18660.785156       14.808961
FIRE:  1299 19:11:57   -18661.531250       14.460934
FIRE:  1300 19:11:57   -18662.347656       14.024081
FIRE:  1301 19:11:57   -18663.158203       13.506508
FIRE:  1302 19:11:58   -18663.986328       12.917522
FIRE:  1303 19:11:58   -18664.808594       12.397190
FIRE:  1304 19:11:58   -18665.693359       12.206566
FIRE:  1305 19:11:59   -18666.517578       11.933806
FIRE:  1306 19:11:59   -18667.359375       11.584784
FIRE:  1307 19:11:59   -18668.242188       11.166340
FIRE:  1308 19:12:00   -18669.109375       10.686627
FIRE:  1309 19:12:00   -18669.916016       10.624426
FIRE:  1310 19:12:00   -18670.757812       11.127131
FIRE:  1311 19:12:01   -18671.595703       11.570095
FIRE:  1312 19:12:01   -18672.419922       11.945264
FIRE:  1313 19:12:01   -18673.250000       12.245867
FIRE:  1314 19:12:02   -18674.046875       12.465746
FIRE:  1315 19:12:02   -18674.794922       12.600995
FIRE:  1316 19:12:02   -18675.570312       12.648748
FIRE:  1317 19:12:03   -18676.281250       12.608337
FIRE:  1318 19:12:03   -18677.031250       12.480770
FIRE:  1319 19:12:03   -18677.730469       12.269048
FIRE:  1320 19:12:04   -18678.355469       11.977457
FIRE:  1321 19:12:04   -18679.037109       11.612000
FIRE:  1322 19:12:04   -18679.660156       11.180041
FIRE:  1323 19:12:05   -18680.232422       11.124862
FIRE:  1324 19:12:05   -18680.833984       11.594201
FIRE:  1325 19:12:05   -18681.384766       13.054111
FIRE:  1326 19:12:06   -18681.900391       14.547835
FIRE:  1327 19:12:06   -18682.421875       16.052073
FIRE:  1328 19:12:06   -18682.925781       17.537832
FIRE:  1329 19:12:07   -18683.396484       18.972443
FIRE:  1330 19:12:07   -18683.890625       20.319338
FIRE:  1331 19:12:07   -18684.392578       21.541235
FIRE:  1332 19:12:08   -18684.900391       22.600393
FIRE:  1333 19:12:08   -18685.390625       23.462114
FIRE:  1334 19:12:08   -18685.900391       24.096727
FIRE:  1335 19:12:09   -18686.427734       24.480225
FIRE:  1336 19:12:09   -18686.998047       24.598228
FIRE:  1337 19:12:09   -18687.597656       24.445292
FIRE:  1338 19:12:10   -18688.232422       24.025597
FIRE:  1339 19:12:10   -18688.890625       23.353573
FIRE:  1340 19:12:10   -18689.601562       22.450615
FIRE:  1341 19:12:11   -18690.298828       21.347178
FIRE:  1342 19:12:11   -18691.001953       20.076443
FIRE:  1343 19:12:11   -18691.750000       20.344694
FIRE:  1344 19:12:12   -18692.529297       22.064741
FIRE:  1345 19:12:12   -18693.373047       23.720976
FIRE:  1346 19:12:12   -18694.201172       25.271946
FIRE:  1347 19:12:13   -18695.035156       26.672146
FIRE:  1348 19:12:13   -18695.919922       27.878567
FIRE:  1349 19:12:13   -18696.863281       28.850159
FIRE:  1350 19:12:14   -18697.808594       29.551945
FIRE:  1351 19:12:14   -18698.779297       29.956505
FIRE:  1352 19:12:14   -18699.826172       30.047005
FIRE:  1353 19:12:15   -18700.873047       29.816820
FIRE:  1354 19:12:15   -18701.947266       29.271513
FIRE:  1355 19:12:15   -18703.037109       28.427656
FIRE:  1356 19:12:16   -18704.132812       27.310652
FIRE:  1357 19:12:16   -18705.242188       25.956507
FIRE:  1358 19:12:16   -18706.291016       24.404730
FIRE:  1359 19:12:17   -18707.382812       22.700140
FIRE:  1360 19:12:17   -18708.455078       20.888628
FIRE:  1361 19:12:17   -18709.400391       19.014757
FIRE:  1362 19:12:18   -18710.363281       17.121241
FIRE:  1363 19:12:18   -18711.248047       15.449535
FIRE:  1364 19:12:18   -18712.031250       15.226002
FIRE:  1365 19:12:19   -18712.720703       14.955739
FIRE:  1366 19:12:19   -18713.404297       14.651877
FIRE:  1367 19:12:19   -18713.951172       14.327138
FIRE:  1368 19:12:20   -18714.421875       13.995090
FIRE:  1369 19:12:20   -18714.800781       13.667545
FIRE:  1370 19:12:20   -18715.160156       13.355574
FIRE:  1371 19:12:21   -18715.367188       13.068227
FIRE:  1372 19:12:21   -18715.570312       12.812593
FIRE:  1373 19:12:21   -18733.445312       10.384664
FIRE:  1374 19:12:22   -18749.566406        8.471303
FIRE:  1375 19:12:22   -18764.216797        6.955050
FIRE:  1376 19:12:22   -18777.699219        5.752089
FIRE:  1377 19:12:23   -18790.185547        4.924567
FIRE:  1378 19:12:23   -18801.802734        4.492544
FIRE:  1379 19:12:23   -18812.675781        4.083925
FIRE:  1380 19:12:24   -18822.929688        3.827663
FIRE:  1381 19:12:24   -18832.683594        3.587473
FIRE:  1382 19:12:24   -18842.021484        3.363408
FIRE:  1383 19:12:25   -18850.972656        3.239021
FIRE:  1384 19:12:25   -18859.603516        3.189827
FIRE:  1385 19:12:25   -18868.011719        3.118247
FIRE:  1386 19:12:26   -18876.150391        3.020180
FIRE:  1387 19:12:26   -18884.060547        2.890988
FIRE:  1388 19:12:26   -18891.687500        2.785996
FIRE:  1389 19:12:27   -18899.105469        2.727069
FIRE:  1390 19:12:27   -18906.234375        2.670593
FIRE:  1391 19:12:27   -18913.169922        2.615190
FIRE:  1392 19:12:28   -18919.855469        2.559242
FIRE:  1393 19:12:28   -18926.328125        2.500922
FIRE:  1394 19:12:28   -18932.619141        2.438219
FIRE:  1395 19:12:29   -18938.750000        2.369038
FIRE:  1396 19:12:29   -18944.691406        2.291435
FIRE:  1397 19:12:29   -18950.507812        2.203485
FIRE:  1398 19:12:30   -18956.150391        2.103496
FIRE:  1399 19:12:30   -18961.658203        1.989940
FIRE:  1400 19:12:30   -18967.060547        1.861668
FIRE:  1401 19:12:31   -18972.333984        1.881681
FIRE:  1402 19:12:31   -18977.480469        1.938043
FIRE:  1403 19:12:31   -18982.494141        1.894021
FIRE:  1404 19:12:32   -18987.433594        1.763744
FIRE:  1405 19:12:32   -18992.218750        1.700787
FIRE:  1406 19:12:32   -18996.939453        1.707783
FIRE:  1407 19:12:33   -19001.492188        1.675801
FIRE:  1408 19:12:33   -19005.986328        1.607649
FIRE:  1409 19:12:33   -19010.382812        1.508730
FIRE:  1410 19:12:34   -19014.623047        1.483020
FIRE:  1411 19:12:34   -19018.855469        1.473614
FIRE:  1412 19:12:34   -19022.937500        1.467237
FIRE:  1413 19:12:35   -19026.980469        1.465861
FIRE:  1414 19:12:35   -19030.949219        1.463260
FIRE:  1415 19:12:35   -19034.814453        1.458997
FIRE:  1416 19:12:36   -19038.666016        1.452379
FIRE:  1417 19:12:36   -19042.410156        1.442448
FIRE:  1418 19:12:36   -19046.089844        1.444229
FIRE:  1419 19:12:37   -19049.748047        1.462419
FIRE:  1420 19:12:37   -19053.289062        1.478541
FIRE:  1421 19:12:37   -19056.812500        1.492202
FIRE:  1422 19:12:38   -19060.324219        1.502963
FIRE:  1423 19:12:38   -19063.732422        1.510379
FIRE:  1424 19:12:38   -19067.105469        1.513893
FIRE:  1425 19:12:39   -19070.406250        1.512900
FIRE:  1426 19:12:39   -19073.685547        1.506678
FIRE:  1427 19:12:39   -19076.873047        1.494359
FIRE:  1428 19:12:40   -19080.031250        1.474979
FIRE:  1429 19:12:40   -19083.158203        1.447412
FIRE:  1430 19:12:40   -19086.242188        1.410390
FIRE:  1431 19:12:41   -19089.285156        1.362561
FIRE:  1432 19:12:41   -19092.251953        1.337698
FIRE:  1433 19:12:41   -19095.228516        1.355491
FIRE:  1434 19:12:42   -19098.123047        1.372822
FIRE:  1435 19:12:42   -19101.009766        1.389551
FIRE:  1436 19:12:42   -19103.908203        1.405529
FIRE:  1437 19:12:43   -19106.710938        1.420537
FIRE:  1438 19:12:43   -19109.507812        1.434387
FIRE:  1439 19:12:43   -19112.277344        1.446797
FIRE:  1440 19:12:44   -19115.035156        1.457427
FIRE:  1441 19:12:44   -19117.751953        1.465850
FIRE:  1442 19:12:44   -19120.378906        1.471539
FIRE:  1443 19:12:45   -19123.109375        1.473858
FIRE:  1444 19:12:45   -19125.699219        1.472042
FIRE:  1445 19:12:45   -19128.318359        1.465268
FIRE:  1446 19:12:46   -19130.876953        1.452599
FIRE:  1447 19:12:46   -19133.423828        1.520049
FIRE:  1448 19:12:46   -19135.929688        1.544688
FIRE:  1449 19:12:47   -19138.416016        1.525209
FIRE:  1450 19:12:47   -19140.861328        1.462845
FIRE:  1451 19:12:47   -19143.326172        1.496937
FIRE:  1452 19:12:48   -19145.710938        1.594930
FIRE:  1453 19:12:48   -19148.091797        1.669986
FIRE:  1454 19:12:48   -19150.445312        1.713755
FIRE:  1455 19:12:49   -19152.771484        1.721470
FIRE:  1456 19:12:49   -19155.064453        1.693900
FIRE:  1457 19:12:49   -19157.349609        1.636860
FIRE:  1458 19:12:50   -19159.589844        1.559335
FIRE:  1459 19:12:50   -19161.806641        1.495890
FIRE:  1460 19:12:50   -19164.035156        1.689813
FIRE:  1461 19:12:51   -19166.197266        1.849923
FIRE:  1462 19:12:51   -19168.380859        1.947932
FIRE:  1463 19:12:51   -19170.492188        1.974661
FIRE:  1464 19:12:52   -19172.646484        1.926530
FIRE:  1465 19:12:52   -19174.750000        1.804907
FIRE:  1466 19:12:52   -19176.876953        1.689154
FIRE:  1467 19:12:53   -19178.970703        1.623597
FIRE:  1468 19:12:53   -19181.044922        1.663095
FIRE:  1469 19:12:53   -19183.083984        1.638808
FIRE:  1470 19:12:54   -19185.107422        1.553205
FIRE:  1471 19:12:54   -19187.107422        1.578405
FIRE:  1472 19:12:54   -19189.087891        1.683465
FIRE:  1473 19:12:55   -19191.054688        1.736139
FIRE:  1474 19:12:55   -19193.005859        1.726875
FIRE:  1475 19:12:55   -19194.953125        1.654521
FIRE:  1476 19:12:56   -19196.902344        1.525288
FIRE:  1477 19:12:56   -19198.798828        1.351394
FIRE:  1478 19:12:56   -19200.689453        1.368513
FIRE:  1479 19:12:57   -19202.564453        1.405304
FIRE:  1480 19:12:57   -19204.431641        1.398869
FIRE:  1481 19:12:57   -19206.291016        1.353145
FIRE:  1482 19:12:58   -19208.132812        1.366142
FIRE:  1483 19:12:58   -19209.953125        1.429751
FIRE:  1484 19:12:58   -19211.759766        1.481591
FIRE:  1485 19:12:59   -19213.529297        1.521743
FIRE:  1486 19:12:59   -19215.341797        1.550309
FIRE:  1487 19:12:59   -19217.123047        1.567503
FIRE:  1488 19:13:00   -19218.916016        1.573521
FIRE:  1489 19:13:00   -19220.687500        1.568564
FIRE:  1490 19:13:00   -19222.447266        1.552913
FIRE:  1491 19:13:00   -19224.234375        1.539380
FIRE:  1492 19:13:01   -19225.964844        1.549847
FIRE:  1493 19:13:01   -19227.716797        1.601515
FIRE:  1494 19:13:01   -19229.496094        1.645857
FIRE:  1495 19:13:02   -19231.216797        1.678794
FIRE:  1496 19:13:02   -19232.974609        1.695322
FIRE:  1497 19:13:02   -19234.689453        1.689621
FIRE:  1498 19:13:03   -19236.392578        1.655156
FIRE:  1499 19:13:03   -19238.162109        1.584768
FIRE:  1500 19:13:03   -19239.830078        1.487437
FIRE:  1501 19:13:04   -19241.470703        1.335087
FIRE:  1502 19:13:04   -19243.111328        1.117043
FIRE:  1503 19:13:04   -19244.765625        1.102109
FIRE:  1504 19:13:05   -19246.341797        1.129147
FIRE:  1505 19:13:05   -19247.908203        1.154210
FIRE:  1506 19:13:05   -19249.439453        1.293908
FIRE:  1507 19:13:06   -19250.925781        1.763666
FIRE:  1508 19:13:06   -19252.421875        2.547439
FIRE:  1509 19:13:06   -19253.882812        3.361017
FIRE:  1510 19:13:07   -19255.357422        4.139648
FIRE:  1511 19:13:07   -19256.785156        4.813914
FIRE:  1512 19:13:07   -19258.265625        5.317205
FIRE:  1513 19:13:08   -19259.750000        5.596107
FIRE:  1514 19:13:08   -19261.298828        5.621015
FIRE:  1515 19:13:08   -19262.849609        5.392932
FIRE:  1516 19:13:09   -19264.353516        4.943713
FIRE:  1517 19:13:09   -19265.955078        4.330374
FIRE:  1518 19:13:09   -19267.455078        3.625254
FIRE:  1519 19:13:10   -19268.982422        2.906971
FIRE:  1520 19:13:10   -19270.503906        2.255771
FIRE:  1521 19:13:10   -19271.980469        2.109697
FIRE:  1522 19:13:11   -19273.414062        2.339996
FIRE:  1523 19:13:11   -19274.841797        2.512079
FIRE:  1524 19:13:11   -19276.251953        2.604990
FIRE:  1525 19:13:12   -19277.666016        2.737171
FIRE:  1526 19:13:12   -19279.074219        2.875943
FIRE:  1527 19:13:12   -19280.478516        2.888278
FIRE:  1528 19:13:13   -19281.820312        2.794773
FIRE:  1529 19:13:13   -19283.251953        2.621697
FIRE:  1530 19:13:14   -19284.644531        2.563076
FIRE:  1531 19:13:14   -19285.988281        2.884145
FIRE:  1532 19:13:14   -19287.378906        3.160443
FIRE:  1533 19:13:15   -19288.728516        3.375768
FIRE:  1534 19:13:15   -19290.152344        3.516016
FIRE:  1535 19:13:15   -19291.496094        3.571975
FIRE:  1536 19:13:16   -19292.902344        3.540299
FIRE:  1537 19:13:16   -19294.332031        3.423340
FIRE:  1538 19:13:16   -19295.730469        3.230205
FIRE:  1539 19:13:17   -19297.125000        2.974942
FIRE:  1540 19:13:17   -19298.515625        2.676038
FIRE:  1541 19:13:17   -19299.875000        2.485018
FIRE:  1542 19:13:18   -19301.240234        2.303248
FIRE:  1543 19:13:18   -19302.621094        2.103108
FIRE:  1544 19:13:18   -19303.966797        2.091696
FIRE:  1545 19:13:19   -19305.273438        2.259271
FIRE:  1546 19:13:19   -19306.634766        2.448373
FIRE:  1547 19:13:19   -19307.906250        2.611404
FIRE:  1548 19:13:20   -19309.210938        2.745372
FIRE:  1549 19:13:20   -19310.462891        2.848277
FIRE:  1550 19:13:20   -19311.716797        2.920142
FIRE:  1551 19:13:21   -19313.013672        2.963825
FIRE:  1552 19:13:21   -19314.226562        2.983980
FIRE:  1553 19:13:21   -19315.455078        2.983981
FIRE:  1554 19:13:22   -19316.724609        3.066790
FIRE:  1555 19:13:22   -19317.894531        3.135654
FIRE:  1556 19:13:22   -19319.111328        3.162044
FIRE:  1557 19:13:23   -19320.332031        3.146403
FIRE:  1558 19:13:23   -19321.482422        3.090641
FIRE:  1559 19:13:23   -19322.634766        2.998070
FIRE:  1560 19:13:24   -19323.777344        2.872812
FIRE:  1561 19:13:24   -19324.906250        2.833837
FIRE:  1562 19:13:24   -19325.945312        3.274175
FIRE:  1563 19:13:25   -19327.054688        3.684087
FIRE:  1564 19:13:25   -19328.121094        4.044882
FIRE:  1565 19:13:25   -19329.152344        4.338722
FIRE:  1566 19:13:26   -19330.187500        4.550655
FIRE:  1567 19:13:26   -19331.193359        4.670199
FIRE:  1568 19:13:26   -19332.226562        4.692585
FIRE:  1569 19:13:26   -19333.255859        4.619030
FIRE:  1570 19:13:27   -19334.246094        4.456604
FIRE:  1571 19:13:27   -19335.333984        4.217171
FIRE:  1572 19:13:28   -19336.421875        3.915990
FIRE:  1573 19:13:28   -19337.447266        3.595436
FIRE:  1574 19:13:28   -19338.525391        3.672005
FIRE:  1575 19:13:29   -19339.652344        3.670144
FIRE:  1576 19:13:29   -19340.652344        3.587204
FIRE:  1577 19:13:29   -19341.767578        3.425362
FIRE:  1578 19:13:30   -19342.837891        3.223912
FIRE:  1579 19:13:30   -19343.894531        3.017038
FIRE:  1580 19:13:30   -19344.990234        2.769023
FIRE:  1581 19:13:31   -19346.007812        2.494838
FIRE:  1582 19:13:31   -19347.080078        2.328317
FIRE:  1583 19:13:31   -19348.093750        2.314182
FIRE:  1584 19:13:32   -19349.119141        2.282830
FIRE:  1585 19:13:32   -19350.103516        2.236487
FIRE:  1586 19:13:32   -19351.089844        2.366101
FIRE:  1587 19:13:33   -19352.083984        2.494474
FIRE:  1588 19:13:33   -19353.041016        2.578030
FIRE:  1589 19:13:33   -19354.052734        2.618322
FIRE:  1590 19:13:34   -19355.013672        2.618026
FIRE:  1591 19:13:34   -19355.986328        2.581078
FIRE:  1592 19:13:34   -19356.962891        2.512364
FIRE:  1593 19:13:35   -19357.919922        2.499485
FIRE:  1594 19:13:35   -19358.910156        2.498234
FIRE:  1595 19:13:35   -19359.914062        2.468128
FIRE:  1596 19:13:36   -19360.851562        2.410897
FIRE:  1597 19:13:36   -19361.835938        2.329308
FIRE:  1598 19:13:36   -19362.804688        2.287417
FIRE:  1599 19:13:37   -19363.792969        2.446130
FIRE:  1600 19:13:37   -19364.783203        2.584792
FIRE:  1601 19:13:37   -19365.734375        2.699026
FIRE:  1602 19:13:38   -19366.673828        2.785433
FIRE:  1603 19:13:38   -19367.587891        3.014890
FIRE:  1604 19:13:38   -19368.482422        3.395970
FIRE:  1605 19:13:38   -19369.351562        3.951633
FIRE:  1606 19:13:39   -19370.242188        5.371460
FIRE:  1607 19:13:39   -19370.994141        6.902633
FIRE:  1608 19:13:39   -19371.822266        8.446410
FIRE:  1609 19:13:40   -19372.564453        9.870248
FIRE:  1610 19:13:40   -19373.378906       11.020336
FIRE:  1611 19:13:40   -19374.207031       11.748354
FIRE:  1612 19:13:41   -19375.097656       11.945617
FIRE:  1613 19:13:41   -19375.990234       11.572356
FIRE:  1614 19:13:41   -19377.005859       10.670686
FIRE:  1615 19:13:42   -19377.949219        9.349248
FIRE:  1616 19:13:42   -19378.982422        7.756630
FIRE:  1617 19:13:42   -19379.896484        6.044446
FIRE:  1618 19:13:43   -19380.820312        4.344518
FIRE:  1619 19:13:43   -19381.738281        3.350320
FIRE:  1620 19:13:44   -19382.542969        3.604224
FIRE:  1621 19:13:44   -19383.367188        3.810809
FIRE:  1622 19:13:44   -19384.132812        3.961623
FIRE:  1623 19:13:45   -19384.871094        4.050518
FIRE:  1624 19:13:45   -19385.591797        4.074253
FIRE:  1625 19:13:45   -19386.333984        4.032432
FIRE:  1626 19:13:46   -19387.072266        3.932432
FIRE:  1627 19:13:46   -19387.775391        4.356467
FIRE:  1628 19:13:46   -19388.474609        4.713604
FIRE:  1629 19:13:47   -19389.257812        5.016314
FIRE:  1630 19:13:47   -19389.990234        5.276338
FIRE:  1631 19:13:47   -19390.699219        5.500884
FIRE:  1632 19:13:48   -19391.443359        5.693408
FIRE:  1633 19:13:48   -19392.205078        5.855359
FIRE:  1634 19:13:48   -19392.894531        5.986035
FIRE:  1635 19:13:49   -19393.599609        6.082063
FIRE:  1636 19:13:49   -19394.361328        6.137115
FIRE:  1637 19:13:49   -19395.085938        6.140596
FIRE:  1638 19:13:50   -19395.812500        6.077237
FIRE:  1639 19:13:50   -19396.564453        5.926675
FIRE:  1640 19:13:50   -19397.267578        5.664042
FIRE:  1641 19:13:51   -19398.039062        5.261240
FIRE:  1642 19:13:51   -19398.818359        4.688902
FIRE:  1643 19:13:51   -19399.523438        3.918603
FIRE:  1644 19:13:52   -19400.224609        2.927920
FIRE:  1645 19:13:52   -19400.917969        2.684420
FIRE:  1646 19:13:52   -19401.552734        2.877740
FIRE:  1647 19:13:53   -19402.130859        3.046904
FIRE:  1648 19:13:53   -19402.714844        4.460967
FIRE:  1649 19:13:53   -19403.156250        6.389104
FIRE:  1650 19:13:54   -19403.654297        8.299743
FIRE:  1651 19:13:54   -19404.146484       10.017473
FIRE:  1652 19:13:54   -19404.632812       11.342195
FIRE:  1653 19:13:55   -19405.187500       12.093243
FIRE:  1654 19:13:55   -19405.867188       12.157375
FIRE:  1655 19:13:55   -19406.617188       11.527422
FIRE:  1656 19:13:56   -19407.427734       10.301996
FIRE:  1657 19:13:56   -19408.269531        8.656236
FIRE:  1658 19:13:56   -19409.148438        6.790434
FIRE:  1659 19:13:57   -19410.001953        5.204318
FIRE:  1660 19:13:57   -19410.832031        5.103540
FIRE:  1661 19:13:57   -19411.652344        4.916840
FIRE:  1662 19:13:58   -19412.380859        4.650804
FIRE:  1663 19:13:58   -19413.117188        4.316097
FIRE:  1664 19:13:58   -19413.837891        3.926630
FIRE:  1665 19:13:59   -19414.591797        3.498424
FIRE:  1666 19:13:59   -19415.263672        3.876944
FIRE:  1667 19:13:59   -19415.927734        4.387202
FIRE:  1668 19:14:00   -19416.626953        4.784951
FIRE:  1669 19:14:00   -19417.248047        5.089958
FIRE:  1670 19:14:00   -19417.896484        5.319232
FIRE:  1671 19:14:01   -19418.556641        5.486359
FIRE:  1672 19:14:01   -19419.232422        5.601644
FIRE:  1673 19:14:02   -19419.910156        5.672293
FIRE:  1674 19:14:02   -19420.566406        5.702906
FIRE:  1675 19:14:02   -19421.177734        5.695628
FIRE:  1676 19:14:03   -19421.833984        5.650464
FIRE:  1677 19:14:03   -19422.468750        5.565440
FIRE:  1678 19:14:03   -19423.150391        5.437173
FIRE:  1679 19:14:04   -19423.771484        5.260866
FIRE:  1680 19:14:04   -19424.443359        5.030272
FIRE:  1681 19:14:04   -19425.031250        4.737726
FIRE:  1682 19:14:05   -19425.669922        4.373746
FIRE:  1683 19:14:05   -19426.322266        3.961463
FIRE:  1684 19:14:05   -19426.931641        3.893824
FIRE:  1685 19:14:06   -19427.544922        4.052835
FIRE:  1686 19:14:06   -19428.173828        4.412171
FIRE:  1687 19:14:06   -19428.779297        5.084288
FIRE:  1688 19:14:07   -19429.347656        5.695554
FIRE:  1689 19:14:07   -19429.974609        6.209647
FIRE:  1690 19:14:07   -19430.546875        6.592658
FIRE:  1691 19:14:08   -19431.140625        6.817726
FIRE:  1692 19:14:08   -19431.687500        6.868830
FIRE:  1693 19:14:08   -19432.298828        7.214890
FIRE:  1694 19:14:09   -19432.900391        8.551372
FIRE:  1695 19:14:09   -19433.529297        9.611897
FIRE:  1696 19:14:09   -19434.199219       10.281290
FIRE:  1697 19:14:10   -19434.910156       10.478941
FIRE:  1698 19:14:10   -19435.650391       10.178822
FIRE:  1699 19:14:10   -19436.472656        9.416520
FIRE:  1700 19:14:11   -19437.267578        8.281139
FIRE:  1701 19:14:11   -19438.085938        6.892760
FIRE:  1702 19:14:12   -19438.855469        5.380961
FIRE:  1703 19:14:12   -19439.583984        3.869676
FIRE:  1704 19:14:12   -19440.236328        2.752171
FIRE:  1705 19:14:13   -19440.902344        2.726135
FIRE:  1706 19:14:13   -19441.550781        2.620065
FIRE:  1707 19:14:13   -19442.132812        2.674222
FIRE:  1708 19:14:14   -19442.623047        2.798184
FIRE:  1709 19:14:14   -19443.138672        3.507397
FIRE:  1710 19:14:14   -19443.654297        4.103890
FIRE:  1711 19:14:15   -19444.134766        4.587381
FIRE:  1712 19:14:15   -19444.658203        4.967226
FIRE:  1713 19:14:16   -19445.160156        5.256261
FIRE:  1714 19:14:16   -19445.607422        5.467884
FIRE:  1715 19:14:17   -19446.126953        5.615232
FIRE:  1716 19:14:17   -19446.656250        5.710460
FIRE:  1717 19:14:18   -19447.175781        5.763862
FIRE:  1718 19:14:18   -19447.740234        5.783761
FIRE:  1719 19:14:18   -19448.289062        5.775700
FIRE:  1720 19:14:19   -19448.917969        5.742604
FIRE:  1721 19:14:19   -19449.539062        5.684355
FIRE:  1722 19:14:20   -19450.162109        5.597863
FIRE:  1723 19:14:20   -19450.830078        5.477578
FIRE:  1724 19:14:21   -19451.496094        5.315273
FIRE:  1725 19:14:21   -19452.187500        5.100923
FIRE:  1726 19:14:22   -19452.892578        4.823068
FIRE:  1727 19:14:22   -19453.580078        4.469944
FIRE:  1728 19:14:23   -19454.289062        4.031704
FIRE:  1729 19:14:23   -19455.058594        3.505000
FIRE:  1730 19:14:24   -19455.800781        3.079131
FIRE:  1731 19:14:24   -19456.464844        3.336921
FIRE:  1732 19:14:24   -19457.173828        3.629223
FIRE:  1733 19:14:25   -19457.845703        3.860260
FIRE:  1734 19:14:25   -19458.455078        4.013852
FIRE:  1735 19:14:26   -19459.097656        4.100200
FIRE:  1736 19:14:26   -19459.683594        5.443656
FIRE:  1737 19:14:27   -19460.248047        6.801460
FIRE:  1738 19:14:27   -19460.789062        8.044497
FIRE:  1739 19:14:28   -19461.359375        9.050365
FIRE:  1740 19:14:28   -19461.941406        9.710061
FIRE:  1741 19:14:28   -19462.503906        9.947516
FIRE:  1742 19:14:29   -19463.175781        9.734686
FIRE:  1743 19:14:29   -19463.855469        9.460392
FIRE:  1744 19:14:30   -19464.550781       10.619099
FIRE:  1745 19:14:30   -19465.302734       11.520593
FIRE:  1746 19:14:31   -19466.105469       12.007446
FIRE:  1747 19:14:31   -19466.947266       11.980340
FIRE:  1748 19:14:32   -19467.845703       11.420921
FIRE:  1749 19:14:32   -19468.744141       10.390602
FIRE:  1750 19:14:33   -19469.697266        9.009140
FIRE:  1751 19:14:33   -19470.562500        7.421553
FIRE:  1752 19:14:33   -19471.457031        5.767727
FIRE:  1753 19:14:34   -19472.205078        5.578109
FIRE:  1754 19:14:34   -19472.933594        5.457091
FIRE:  1755 19:14:35   -19473.621094        5.275496
FIRE:  1756 19:14:35   -19474.150391        5.042058
FIRE:  1757 19:14:36   -19474.607422        4.766161
FIRE:  1758 19:14:36   -19474.941406        5.390561
FIRE:  1759 19:14:37   -19475.093750        6.130364
FIRE:  1760 19:14:37   -19475.113281        8.932801
FIRE:  1761 19:14:38   -19479.039062        3.517778
FIRE:  1762 19:14:38   -19481.781250        3.012064
FIRE:  1763 19:14:38   -19484.025391        3.890312
FIRE:  1764 19:14:39   -19486.173828        4.087760
FIRE:  1765 19:14:39   -19488.304688        3.367698
FIRE:  1766 19:14:40   -19490.314453        1.596448
FIRE:  1767 19:14:40   -19491.996094        1.609956
FIRE:  1768 19:14:41   -19493.560547        3.013031
FIRE:  1769 19:14:41   -19495.171875        2.898849
FIRE:  1770 19:14:42   -19496.843750        1.845090
FIRE:  1771 19:14:42   -19498.425781        1.921110
FIRE:  1772 19:14:42   -19499.857422        1.942369
FIRE:  1773 19:14:43   -19501.267578        2.042386
FIRE:  1774 19:14:43   -19502.679688        1.791586
FIRE:  1775 19:14:44   -19504.042969        1.643394
FIRE:  1776 19:14:44   -19505.408203        1.479275
FIRE:  1777 19:14:45   -19506.689453        1.425775
FIRE:  1778 19:14:45   -19507.933594        1.498731
FIRE:  1779 19:14:46   -19509.224609        1.298896
FIRE:  1780 19:14:46   -19510.488281        1.486260
FIRE:  1781 19:14:46   -19511.724609        1.690956
FIRE:  1782 19:14:47   -19512.914062        1.882644
FIRE:  1783 19:14:47   -19514.158203        1.988011
FIRE:  1784 19:14:47   -19515.396484        1.870894
FIRE:  1785 19:14:48   -19516.626953        1.503811
FIRE:  1786 19:14:48   -19517.820312        1.478604
FIRE:  1787 19:14:49   -19518.873047        1.918181
FIRE:  1788 19:14:49   -19519.830078        3.393503
FIRE:  1789 19:14:49   -19520.818359        4.250844
FIRE:  1790 19:14:50   -19521.828125        4.124979
FIRE:  1791 19:14:50   -19522.898438        2.932247
FIRE:  1792 19:14:50   -19523.824219        2.265529
FIRE:  1793 19:14:51   -19524.714844        3.202707
FIRE:  1794 19:14:51   -19525.720703        3.703090
FIRE:  1795 19:14:51   -19526.787109        3.012905
FIRE:  1796 19:14:52   -19528.037109        3.030837
FIRE:  1797 19:14:52   -19529.265625        3.024594
FIRE:  1798 19:14:52   -19530.470703        2.947190
FIRE:  1799 19:14:53   -19531.654297        3.088817
FIRE:  1800 19:14:53   -19532.835938        2.774910
FIRE:  1801 19:14:53   -19533.994141        3.020893
FIRE:  1802 19:14:54   -19535.091797        3.602840
FIRE:  1803 19:14:54   -19536.134766        3.660727
FIRE:  1804 19:14:55   -19537.193359        2.791041
FIRE:  1805 19:14:55   -19538.238281        1.859036
FIRE:  1806 19:14:55   -19539.208984        2.000853
FIRE:  1807 19:14:56   -19540.154297        2.312984
FIRE:  1808 19:14:56   -19540.984375        2.458792
FIRE:  1809 19:14:56   -19541.865234        2.530563
FIRE:  1810 19:14:57   -19542.720703        2.627362
FIRE:  1811 19:14:57   -19543.544922        2.886070
FIRE:  1812 19:14:57   -19544.314453        3.097667
FIRE:  1813 19:14:58   -19545.103516        3.157850
FIRE:  1814 19:14:58   -19545.933594        3.243315
FIRE:  1815 19:14:58   -19546.783203        3.456666
FIRE:  1816 19:14:59   -19547.609375        3.436118
FIRE:  1817 19:14:59   -19548.466797        2.841225
FIRE:  1818 19:14:59   -19549.320312        2.123609
FIRE:  1819 19:15:00   -19550.146484        2.078374
FIRE:  1820 19:15:00   -19550.996094        1.957192
FIRE:  1821 19:15:00   -19551.861328        1.961848
FIRE:  1822 19:15:01   -19552.779297        2.163579
FIRE:  1823 19:15:01   -19553.716797        2.112049
FIRE:  1824 19:15:01   -19554.722656        1.788730
FIRE:  1825 19:15:02   -19555.685547        1.692785
FIRE:  1826 19:15:02   -19556.607422        1.528977
FIRE:  1827 19:15:02   -19557.474609        1.319785
FIRE:  1828 19:15:03   -19558.277344        1.847650
FIRE:  1829 19:15:03   -19559.101562        2.277166
FIRE:  1830 19:15:03   -19559.890625        2.460929
FIRE:  1831 19:15:04   -19560.708984        2.291806
FIRE:  1832 19:15:04   -19561.548828        1.842567
FIRE:  1833 19:15:04   -19562.324219        1.261811
FIRE:  1834 19:15:05   -19563.097656        1.326215
FIRE:  1835 19:15:05   -19563.880859        1.461478
FIRE:  1836 19:15:05   -19564.671875        1.390130
FIRE:  1837 19:15:06   -19565.384766        1.154984
FIRE:  1838 19:15:06   -19566.152344        1.210396
FIRE:  1839 19:15:06   -19566.888672        1.194275
FIRE:  1840 19:15:07   -19567.632812        1.129110
FIRE:  1841 19:15:07   -19568.373047        1.341705
FIRE:  1842 19:15:07   -19569.125000        1.502132
FIRE:  1843 19:15:08   -19569.888672        1.401071
FIRE:  1844 19:15:08   -19570.679688        1.126760
FIRE:  1845 19:15:08   -19571.427734        0.895914
FIRE:  1846 19:15:09   -19572.179688        1.103726
FIRE:  1847 19:15:09   -19572.917969        1.300847
FIRE:  1848 19:15:09   -19573.642578        1.449646
FIRE:  1849 19:15:10   -19574.417969        1.518692
FIRE:  1850 19:15:10   -19575.179688        1.488325
FIRE:  1851 19:15:10   -19575.968750        1.355113
FIRE:  1852 19:15:11   -19576.753906        1.132346
FIRE:  1853 19:15:11   -19577.570312        1.187204
FIRE:  1854 19:15:11   -19578.376953        1.287106
FIRE:  1855 19:15:12   -19579.171875        1.394101
FIRE:  1856 19:15:12   -19580.052734        1.507796
FIRE:  1857 19:15:12   -19580.873047        1.627469
FIRE:  1858 19:15:13   -19581.742188        1.751302
FIRE:  1859 19:15:13   -19582.599609        1.874227
FIRE:  1860 19:15:14   -19583.449219        1.985153
FIRE:  1861 19:15:14   -19584.287109        2.063318
FIRE:  1862 19:15:14   -19585.136719        2.075595
FIRE:  1863 19:15:15   -19585.980469        1.976113
FIRE:  1864 19:15:15   -19586.796875        1.706182
FIRE:  1865 19:15:15   -19587.535156        1.561261
FIRE:  1866 19:15:16   -19588.189453        2.268431
FIRE:  1867 19:15:16   -19588.755859        3.124051
FIRE:  1868 19:15:16   -19589.238281        3.864273
FIRE:  1869 19:15:17   -19589.716797        4.958806
FIRE:  1870 19:15:17   -19590.173828        6.026920
FIRE:  1871 19:15:17   -19590.812500        6.360723
FIRE:  1872 19:15:18   -19591.574219        5.723980
FIRE:  1873 19:15:18   -19592.357422        4.303672
FIRE:  1874 19:15:18   -19593.166016        3.548294
FIRE:  1875 19:15:19   -19593.902344        3.113999
FIRE:  1876 19:15:19   -19594.548828        2.790975
FIRE:  1877 19:15:19   -19595.146484        3.848577
FIRE:  1878 19:15:20   -19595.757812        4.475208
FIRE:  1879 19:15:20   -19596.332031        4.700224
FIRE:  1880 19:15:20   -19596.945312        4.537946
FIRE:  1881 19:15:21   -19597.597656        3.977670
FIRE:  1882 19:15:21   -19598.287109        2.993374
FIRE:  1883 19:15:21   -19598.941406        2.591645
FIRE:  1884 19:15:22   -19599.611328        2.419094
FIRE:  1885 19:15:22   -19600.156250        2.864535
FIRE:  1886 19:15:22   -19600.753906        4.180643
FIRE:  1887 19:15:23   -19601.357422        4.744892
FIRE:  1888 19:15:23   -19602.000000        4.317878
FIRE:  1889 19:15:23   -19602.722656        3.115559
FIRE:  1890 19:15:24   -19603.410156        1.728882
FIRE:  1891 19:15:24   -19604.066406        1.306460
FIRE:  1892 19:15:24   -19604.632812        1.986483
FIRE:  1893 19:15:25   -19605.253906        2.685874
FIRE:  1894 19:15:25   -19605.898438        3.045948
FIRE:  1895 19:15:25   -19606.505859        3.088902
FIRE:  1896 19:15:26   -19607.228516        2.844931
FIRE:  1897 19:15:26   -19607.962891        2.336528
FIRE:  1898 19:15:26   -19608.664062        2.209463
FIRE:  1899 19:15:27   -19609.392578        2.223508
FIRE:  1900 19:15:27   -19610.097656        2.091214
FIRE:  1901 19:15:27   -19610.777344        2.774719
FIRE:  1902 19:15:28   -19611.439453        3.555591
FIRE:  1903 19:15:28   -19612.123047        3.736454
FIRE:  1904 19:15:28   -19612.824219        3.274366
FIRE:  1905 19:15:29   -19613.468750        2.427865
FIRE:  1906 19:15:29   -19614.062500        2.509179
FIRE:  1907 19:15:29   -19614.623047        3.369617
FIRE:  1908 19:15:30   -19615.152344        3.892277
FIRE:  1909 19:15:30   -19615.693359        3.933385
FIRE:  1910 19:15:30   -19616.279297        3.482807
FIRE:  1911 19:15:31   -19616.904297        3.724954
FIRE:  1912 19:15:31   -19617.550781        4.196407
FIRE:  1913 19:15:31   -19618.210938        4.357100
FIRE:  1914 19:15:32   -19618.875000        4.172673
FIRE:  1915 19:15:32   -19619.500000        3.687131
FIRE:  1916 19:15:32   -19620.062500        3.007190
FIRE:  1917 19:15:33   -19620.572266        4.028073
FIRE:  1918 19:15:33   -19621.117188        4.883645
FIRE:  1919 19:15:33   -19621.693359        5.212578
FIRE:  1920 19:15:34   -19622.308594        4.923011
FIRE:  1921 19:15:34   -19623.042969        4.172135
FIRE:  1922 19:15:34   -19623.759766        3.418970
FIRE:  1923 19:15:35   -19624.458984        2.543346
FIRE:  1924 19:15:35   -19625.113281        1.907365
FIRE:  1925 19:15:35   -19625.671875        1.758004
FIRE:  1926 19:15:36   -19626.261719        2.359924
FIRE:  1927 19:15:36   -19626.763672        2.951175
FIRE:  1928 19:15:36   -19627.292969        3.289017
FIRE:  1929 19:15:37   -19627.785156        3.383358
FIRE:  1930 19:15:37   -19628.238281        3.302813
FIRE:  1931 19:15:37   -19628.773438        3.183887
FIRE:  1932 19:15:38   -19629.275391        3.189302
FIRE:  1933 19:15:38   -19629.873047        3.370830
FIRE:  1934 19:15:38   -19630.437500        3.584063
FIRE:  1935 19:15:39   -19631.132812        3.604370
FIRE:  1936 19:15:39   -19631.798828        3.285491
FIRE:  1937 19:15:39   -19632.484375        2.622131
FIRE:  1938 19:15:40   -19633.125000        1.742874
FIRE:  1939 19:15:40   -19633.677734        1.547871
FIRE:  1940 19:15:40   -19634.175781        1.419674
FIRE:  1941 19:15:41   -19634.662109        2.022280
FIRE:  1942 19:15:41   -19635.144531        2.425137
FIRE:  1943 19:15:41   -19635.546875        2.819439
FIRE:  1944 19:15:42   -19635.984375        3.158522
FIRE:  1945 19:15:42   -19636.476562        3.292610
FIRE:  1946 19:15:42   -19636.933594        3.221537
FIRE:  1947 19:15:43   -19637.433594        2.987031
FIRE:  1948 19:15:43   -19637.978516        2.706909
FIRE:  1949 19:15:43   -19638.509766        2.577323
FIRE:  1950 19:15:44   -19639.027344        2.715737
FIRE:  1951 19:15:44   -19639.537109        2.968502
FIRE:  1952 19:15:44   -19640.048828        3.050168
FIRE:  1953 19:15:45   -19640.574219        2.833375
FIRE:  1954 19:15:45   -19641.095703        2.345735
FIRE:  1955 19:15:45   -19641.568359        2.054088
FIRE:  1956 19:15:46   -19642.123047        2.336920
FIRE:  1957 19:15:46   -19642.578125        2.416467
FIRE:  1958 19:15:46   -19643.044922        2.285567
FIRE:  1959 19:15:47   -19643.523438        2.599700
FIRE:  1960 19:15:47   -19644.025391        3.036016
FIRE:  1961 19:15:47   -19644.544922        3.240353
FIRE:  1962 19:15:48   -19645.044922        3.210103
FIRE:  1963 19:15:48   -19645.566406        2.951966
FIRE:  1964 19:15:48   -19646.105469        2.492694
FIRE:  1965 19:15:49   -19646.613281        1.916587
FIRE:  1966 19:15:49   -19647.138672        1.740023
FIRE:  1967 19:15:49   -19647.628906        1.724286
FIRE:  1968 19:15:50   -19648.144531        2.230915
FIRE:  1969 19:15:50   -19648.650391        2.712920
FIRE:  1970 19:15:50   -19649.150391        2.826859
FIRE:  1971 19:15:51   -19649.679688        2.542393
FIRE:  1972 19:15:51   -19650.183594        1.927469
FIRE:  1973 19:15:51   -19650.748047        1.944346
FIRE:  1974 19:15:52   -19651.271484        1.955037
FIRE:  1975 19:15:52   -19651.761719        1.917341
FIRE:  1976 19:15:52   -19652.189453        2.159822
FIRE:  1977 19:15:53   -19652.699219        2.479418
FIRE:  1978 19:15:53   -19653.150391        2.692697
FIRE:  1979 19:15:53   -19653.646484        2.793800
FIRE:  1980 19:15:54   -19654.162109        2.779928
FIRE:  1981 19:15:54   -19654.648438        2.606314
FIRE:  1982 19:15:54   -19655.187500        2.297887
FIRE:  1983 19:15:55   -19655.714844        1.894488
FIRE:  1984 19:15:55   -19656.136719        1.619365
FIRE:  1985 19:15:55   -19656.611328        1.263722
FIRE:  1986 19:15:56   -19657.058594        1.773560
FIRE:  1987 19:15:56   -19657.376953        2.303708
FIRE:  1988 19:15:56   -19657.753906        2.619051
FIRE:  1989 19:15:57   -19658.068359        2.662421
FIRE:  1990 19:15:57   -19658.431641        2.449242
FIRE:  1991 19:15:57   -19658.818359        2.063883
FIRE:  1992 19:15:58   -19659.240234        2.009813
FIRE:  1993 19:15:58   -19659.656250        2.080727
FIRE:  1994 19:15:58   -19660.050781        2.105869
FIRE:  1995 19:15:59   -19660.515625        2.043375
FIRE:  1996 19:15:59   -19660.990234        1.918846
FIRE:  1997 19:15:59   -19661.484375        2.088135
FIRE:  1998 19:16:00   -19662.001953        2.137423
FIRE:  1999 19:16:00   -19662.541016        2.052103
FIRE:  2000 19:16:00   -19663.041016        1.833186
FIRE:  2001 19:16:01   -19663.558594        1.591617
FIRE:  2002 19:16:01   -19664.074219        1.658818
FIRE:  2003 19:16:01   -19664.558594        1.716334
FIRE:  2004 19:16:02   -19665.019531        1.767559
FIRE:  2005 19:16:02   -19665.445312        1.815077
FIRE:  2006 19:16:02   -19665.869141        1.858451
FIRE:  2007 19:16:02   -19666.279297        1.891166
FIRE:  2008 19:16:03   -19666.736328        1.970436
FIRE:  2009 19:16:03   -19667.169922        2.020022
FIRE:  2010 19:16:03   -19667.613281        2.401488
FIRE:  2011 19:16:04   -19668.074219        2.713521
FIRE:  2012 19:16:04   -19668.550781        2.901340
FIRE:  2013 19:16:04   -19669.013672        3.132236
FIRE:  2014 19:16:05   -19669.439453        3.334369
FIRE:  2015 19:16:05   -19669.822266        3.476972
FIRE:  2016 19:16:05   -19670.175781        3.506607
FIRE:  2017 19:16:06   -19670.453125        4.385152
FIRE:  2018 19:16:06   -19670.779297        5.669601
FIRE:  2019 19:16:06   -19671.125000        6.669986
FIRE:  2020 19:16:07   -19671.511719        7.198121
FIRE:  2021 19:16:07   -19671.978516        7.154884
FIRE:  2022 19:16:07   -19672.472656        6.571951
FIRE:  2023 19:16:08   -19673.072266        5.594943
FIRE:  2024 19:16:08   -19673.607422        4.421501
FIRE:  2025 19:16:08   -19674.150391        3.230256
FIRE:  2026 19:16:09   -19674.673828        2.978092
FIRE:  2027 19:16:09   -19675.066406        3.131252
FIRE:  2028 19:16:09   -19675.517578        3.144961
FIRE:  2029 19:16:10   -19675.914062        3.161709
FIRE:  2030 19:16:10   -19676.263672        3.522043
FIRE:  2031 19:16:10   -19676.623047        3.624908
FIRE:  2032 19:16:11   -19676.935547        3.516558
FIRE:  2033 19:16:11   -19677.285156        3.260237
FIRE:  2034 19:16:11   -19677.564453        2.925377
FIRE:  2035 19:16:12   -19677.847656        3.025015
FIRE:  2036 19:16:12   -19678.136719        3.211838
FIRE:  2037 19:16:12   -19678.384766        3.382818
FIRE:  2038 19:16:13   -19678.662109        3.541496
FIRE:  2039 19:16:13   -19678.964844        3.692508
FIRE:  2040 19:16:13   -19679.306641        3.840032
FIRE:  2041 19:16:14   -19679.685547        3.985809
FIRE:  2042 19:16:14   -19680.048828        4.126807
FIRE:  2043 19:16:14   -19680.496094        4.253325
FIRE:  2044 19:16:15   -19680.929688        4.348839
FIRE:  2045 19:16:15   -19681.367188        4.393071
FIRE:  2046 19:16:15   -19681.880859        4.366705
FIRE:  2047 19:16:16   -19682.384766        4.253563
FIRE:  2048 19:16:16   -19682.906250        4.038961
FIRE:  2049 19:16:16   -19683.455078        3.710319
FIRE:  2050 19:16:17   -19683.972656        3.264426
FIRE:  2051 19:16:17   -19684.466797        2.725141
FIRE:  2052 19:16:17   -19684.937500        2.139993
FIRE:  2053 19:16:18   -19685.373047        2.066617
FIRE:  2054 19:16:18   -19685.767578        2.647366
FIRE:  2055 19:16:18   -19686.072266        3.369889
FIRE:  2056 19:16:19   -19686.353516        4.205708
FIRE:  2057 19:16:19   -19686.617188        5.099526
FIRE:  2058 19:16:19   -19686.802734        5.962412
FIRE:  2059 19:16:20   -19687.027344        6.676149
FIRE:  2060 19:16:20   -19687.250000        7.113739
FIRE:  2061 19:16:20   -19687.587891        7.173819
FIRE:  2062 19:16:21   -19687.941406        6.814564
FIRE:  2063 19:16:21   -19688.345703        6.071856
FIRE:  2064 19:16:21   -19688.740234        5.047780
FIRE:  2065 19:16:22   -19689.191406        4.027445
FIRE:  2066 19:16:22   -19689.662109        3.208302
FIRE:  2067 19:16:22   -19690.087891        3.275354
FIRE:  2068 19:16:23   -19690.439453        3.316976
FIRE:  2069 19:16:23   -19690.792969        3.244277
FIRE:  2070 19:16:23   -19691.062500        3.058379
FIRE:  2071 19:16:24   -19691.332031        3.151949
FIRE:  2072 19:16:24   -19691.564453        3.991108
FIRE:  2073 19:16:24   -19691.792969        4.777022
FIRE:  2074 19:16:25   -19692.054688        5.418033
FIRE:  2075 19:16:25   -19692.292969        5.878903
FIRE:  2076 19:16:25   -19692.628906        6.139885
FIRE:  2077 19:16:26   -19692.888672        6.198100
FIRE:  2078 19:16:26   -19693.228516        6.067335
FIRE:  2079 19:16:26   -19693.605469        5.775551
FIRE:  2080 19:16:27   -19693.927734        5.362154
FIRE:  2081 19:16:27   -19694.267578        4.875411
FIRE:  2082 19:16:27   -19694.664062        4.370230
FIRE:  2083 19:16:28   -19695.013672        3.905173
FIRE:  2084 19:16:28   -19695.367188        3.535683
FIRE:  2085 19:16:28   -19695.697266        3.299198
FIRE:  2086 19:16:29   -19696.027344        3.195401
FIRE:  2087 19:16:29   -19696.314453        3.179958
FIRE:  2088 19:16:29   -19696.625000        3.182793
FIRE:  2089 19:16:30   -19696.919922        3.135254
FIRE:  2090 19:16:30   -19697.216797        2.988914
FIRE:  2091 19:16:30   -19697.527344        2.723321
FIRE:  2092 19:16:31   -19697.828125        2.350442
FIRE:  2093 19:16:31   -19698.087891        2.183025
FIRE:  2094 19:16:31   -19698.359375        2.166185
FIRE:  2095 19:16:32   -19698.648438        2.136913
FIRE:  2096 19:16:32   -19698.865234        2.094207
FIRE:  2097 19:16:32   -19699.134766        2.213678
FIRE:  2098 19:16:33   -19699.373047        2.786074
FIRE:  2099 19:16:33   -19699.683594        3.322295
FIRE:  2100 19:16:33   -19699.937500        3.763389
FIRE:  2101 19:16:34   -19700.271484        4.076162
FIRE:  2102 19:16:34   -19700.585938        4.248322
FIRE:  2103 19:16:34   -19700.933594        4.286658
FIRE:  2104 19:16:35   -19701.345703        4.213171
FIRE:  2105 19:16:35   -19701.708984        4.060174
FIRE:  2106 19:16:35   -19702.126953        3.863403
FIRE:  2107 19:16:36   -19702.513672        3.657912
FIRE:  2108 19:16:36   -19702.892578        3.475223
FIRE:  2109 19:16:36   -19703.228516        3.340489
FIRE:  2110 19:16:37   -19703.552734        3.267261
FIRE:  2111 19:16:37   -19703.876953        3.248585
FIRE:  2112 19:16:37   -19704.203125        3.545485
FIRE:  2113 19:16:38   -19704.488281        3.926208
FIRE:  2114 19:16:38   -19704.773438        4.174016
FIRE:  2115 19:16:38   -19705.050781        4.255221
FIRE:  2116 19:16:39   -19705.396484        4.153194
FIRE:  2117 19:16:39   -19705.730469        3.871084
FIRE:  2118 19:16:39   -19706.078125        3.805515
FIRE:  2119 19:16:40   -19706.437500        3.958714
FIRE:  2120 19:16:40   -19706.806641        3.976463
FIRE:  2121 19:16:40   -19707.154297        4.077252
FIRE:  2122 19:16:41   -19707.521484        4.033082
FIRE:  2123 19:16:41   -19707.869141        3.854693
FIRE:  2124 19:16:41   -19708.207031        3.565713
FIRE:  2125 19:16:42   -19708.519531        3.571118
FIRE:  2126 19:16:42   -19708.859375        3.961117
FIRE:  2127 19:16:42   -19709.162109        4.262254
FIRE:  2128 19:16:43   -19709.482422        4.452897
FIRE:  2129 19:16:43   -19709.789062        4.513968
FIRE:  2130 19:16:43   -19710.134766        4.431869
FIRE:  2131 19:16:44   -19710.515625        4.203626
FIRE:  2132 19:16:44   -19710.921875        3.842810
FIRE:  2133 19:16:44   -19711.333984        3.401934
FIRE:  2134 19:16:45   -19711.746094        3.418437
FIRE:  2135 19:16:45   -19712.197266        3.311225
FIRE:  2136 19:16:45   -19712.648438        3.107008
FIRE:  2137 19:16:46   -19713.138672        3.336284
FIRE:  2138 19:16:46   -19713.572266        3.582950
FIRE:  2139 19:16:46   -19714.101562        3.615642
FIRE:  2140 19:16:47   -19714.566406        3.698114
FIRE:  2141 19:16:47   -19715.085938        4.123837
FIRE:  2142 19:16:47   -19715.599609        4.501750
FIRE:  2143 19:16:48   -19716.062500        4.780066
FIRE:  2144 19:16:48   -19716.595703        4.906123
FIRE:  2145 19:16:48   -19717.013672        4.848963
FIRE:  2146 19:16:49   -19717.451172        4.649652
FIRE:  2147 19:16:49   -19717.794922        6.471096
FIRE:  2148 19:16:49   -19718.154297        8.337624
FIRE:  2149 19:16:50   -19718.607422        9.682313
FIRE:  2150 19:16:50   -19719.095703       10.070451
FIRE:  2151 19:16:50   -19719.710938        9.368525
FIRE:  2152 19:16:51   -19720.349609        7.787920
FIRE:  2153 19:16:51   -19720.951172        5.736115
FIRE:  2154 19:16:51   -19721.480469        3.615692
FIRE:  2155 19:16:52   -19721.890625        2.817331
FIRE:  2156 19:16:52   -19722.191406        3.350894
FIRE:  2157 19:16:52   -19722.361328        3.885273
FIRE:  2158 19:16:53   -19722.507812        4.581817
FIRE:  2159 19:16:53   -19722.496094        5.415369
FIRE:  2160 19:16:53   -19724.662109        1.684471
FIRE:  2161 19:16:54   -19725.955078        4.514489
FIRE:  2162 19:16:54   -19727.173828        3.173353
FIRE:  2163 19:16:54   -19728.185547        2.475543
FIRE:  2164 19:16:55   -19729.187500        2.862549
FIRE:  2165 19:16:55   -19730.189453        2.800159
FIRE:  2166 19:16:55   -19731.203125        2.440404
FIRE:  2167 19:16:56   -19732.076172        2.455601
FIRE:  2168 19:16:56   -19732.873047        2.278522
FIRE:  2169 19:16:56   -19733.734375        1.694625
FIRE:  2170 19:16:57   -19734.542969        1.606167
FIRE:  2171 19:16:57   -19735.263672        1.793746
FIRE:  2172 19:16:57   -19736.021484        1.699015
FIRE:  2173 19:16:58   -19736.773438        1.262096
FIRE:  2174 19:16:58   -19737.507812        1.236659
FIRE:  2175 19:16:58   -19738.191406        1.802155
FIRE:  2176 19:16:59   -19738.935547        1.864366
FIRE:  2177 19:16:59   -19739.718750        1.337739
FIRE:  2178 19:16:59   -19740.406250        1.198893
FIRE:  2179 19:17:00   -19741.064453        0.947406
FIRE:  2180 19:17:00   -19741.658203        1.184945
FIRE:  2181 19:17:00   -19742.285156        1.067961
FIRE:  2182 19:17:01   -19742.886719        1.465932
FIRE:  2183 19:17:01   -19743.523438        2.041569
FIRE:  2184 19:17:01   -19744.214844        2.552178
FIRE:  2185 19:17:02   -19744.964844        2.893916
FIRE:  2186 19:17:02   -19745.810547        2.884081
FIRE:  2187 19:17:02   -19746.699219        2.884208
FIRE:  2188 19:17:03   -19747.533203        2.824729
FIRE:  2189 19:17:03   -19748.335938        3.131244
FIRE:  2190 19:17:03   -19749.052734        3.272368
FIRE:  2191 19:17:04   -19749.726562        2.276504
FIRE:  2192 19:17:04   -19750.378906        1.657285
FIRE:  2193 19:17:04   -19750.855469        1.686095
FIRE:  2194 19:17:05   -19751.197266        3.030345
FIRE:  2195 19:17:05   -19751.537109        3.532149
FIRE:  2196 19:17:05   -19751.970703        3.527152
FIRE:  2197 19:17:06   -19752.517578        3.192856
FIRE:  2198 19:17:06   -19752.996094        3.748314
FIRE:  2199 19:17:06   -19753.572266        3.805829
FIRE:  2200 19:17:07   -19754.027344        2.470998
FIRE:  2201 19:17:07   -19754.517578        1.548808
FIRE:  2202 19:17:07   -19754.941406        2.307643
FIRE:  2203 19:17:08   -19755.359375        2.513287
FIRE:  2204 19:17:08   -19755.837891        1.989378
FIRE:  2205 19:17:08   -19756.271484        1.260512
FIRE:  2206 19:17:09   -19756.671875        1.325189
FIRE:  2207 19:17:09   -19757.060547        1.919840
FIRE:  2208 19:17:09   -19757.494141        1.833702
FIRE:  2209 19:17:10   -19757.953125        1.456464
FIRE:  2210 19:17:10   -19758.412109        1.564301
FIRE:  2211 19:17:10   -19758.861328        1.783224
FIRE:  2212 19:17:11   -19759.345703        1.524050
FIRE:  2213 19:17:11   -19759.814453        0.875239
FIRE:  2214 19:17:11   -19760.226562        1.125426
FIRE:  2215 19:17:12   -19760.671875        1.379286
FIRE:  2216 19:17:12   -19761.050781        1.363824
FIRE:  2217 19:17:12   -19761.455078        0.906431
FIRE:  2218 19:17:13   -19761.875000        1.283553
FIRE:  2219 19:17:13   -19762.277344        1.090122
FIRE:  2220 19:17:13   -19762.728516        1.018967
FIRE:  2221 19:17:14   -19763.154297        0.797927
FIRE:  2222 19:17:14   -19763.539062        1.114456
FIRE:  2223 19:17:14   -19764.015625        1.222091
FIRE:  2224 19:17:15   -19764.441406        1.025472
FIRE:  2225 19:17:15   -19764.876953        0.865675
FIRE:  2226 19:17:15   -19765.294922        0.962041
FIRE:  2227 19:17:16   -19765.746094        1.057919
FIRE:  2228 19:17:16   -19766.199219        1.134221
FIRE:  2229 19:17:16   -19766.621094        1.161618
FIRE:  2230 19:17:17   -19767.058594        1.104692
FIRE:  2231 19:17:17   -19767.513672        0.928344
FIRE:  2232 19:17:17   -19767.941406        0.699015
FIRE:  2233 19:17:18   -19768.353516        0.498090
FIRE:  2234 19:17:18   -19768.667969        0.975833
FIRE:  2235 19:17:18   -19768.914062        1.923288
FIRE:  2236 19:17:19   -19769.146484        2.955866
FIRE:  2237 19:17:19   -19769.462891        3.581480
FIRE:  2238 19:17:19   -19769.808594        3.538084
FIRE:  2239 19:17:20   -19770.232422        2.908936
FIRE:  2240 19:17:20   -19770.621094        2.138565
FIRE:  2241 19:17:20   -19771.033203        2.494844
FIRE:  2242 19:17:21   -19771.425781        2.449886
FIRE:  2243 19:17:21   -19771.882812        1.969972
FIRE:  2244 19:17:21   -19772.275391        1.448033
FIRE:  2245 19:17:22   -19772.689453        0.865583
FIRE:  2246 19:17:22   -19773.050781        0.676039
FIRE:  2247 19:17:22   -19773.398438        0.746567
FIRE:  2248 19:17:23   -19773.712891        1.035018
FIRE:  2249 19:17:23   -19774.066406        1.228008
FIRE:  2250 19:17:23   -19774.398438        1.336300
FIRE:  2251 19:17:24   -19774.761719        1.385145
FIRE:  2252 19:17:24   -19775.115234        1.387834
FIRE:  2253 19:17:24   -19775.500000        1.348527
FIRE:  2254 19:17:25   -19775.921875        1.263908
FIRE:  2255 19:17:25   -19776.306641        1.123438
FIRE:  2256 19:17:25   -19776.662109        1.035891
FIRE:  2257 19:17:26   -19776.947266        1.529669
FIRE:  2258 19:17:26   -19777.240234        1.901990
FIRE:  2259 19:17:26   -19777.490234        2.022769
FIRE:  2260 19:17:27   -19777.814453        1.841308
FIRE:  2261 19:17:27   -19778.107422        1.529186
FIRE:  2262 19:17:27   -19778.406250        1.423620
FIRE:  2263 19:17:28   -19778.742188        1.462813
FIRE:  2264 19:17:28   -19779.080078        1.296746
FIRE:  2265 19:17:28   -19779.453125        1.187997
FIRE:  2266 19:17:29   -19779.785156        1.402027
FIRE:  2267 19:17:29   -19780.162109        1.493872
FIRE:  2268 19:17:29   -19780.511719        1.424476
FIRE:  2269 19:17:30   -19780.849609        1.199692
FIRE:  2270 19:17:30   -19781.228516        0.949377
FIRE:  2271 19:17:30   -19781.554688        0.672883
FIRE:  2272 19:17:31   -19781.906250        0.686752
FIRE:  2273 19:17:31   -19782.224609        0.837585
FIRE:  2274 19:17:31   -19782.537109        1.056311
FIRE:  2275 19:17:32   -19782.824219        1.189767
FIRE:  2276 19:17:32   -19783.123047        1.222672
FIRE:  2277 19:17:32   -19783.466797        1.158261
FIRE:  2278 19:17:33   -19783.822266        1.015758
FIRE:  2279 19:17:33   -19784.130859        1.101190
FIRE:  2280 19:17:33   -19784.541016        1.182782
FIRE:  2281 19:17:34   -19784.906250        1.220159
FIRE:  2282 19:17:34   -19785.251953        1.175943
FIRE:  2283 19:17:34   -19785.666016        1.000043
FIRE:  2284 19:17:35   -19786.054688        0.872544
FIRE:  2285 19:17:35   -19786.369141        1.228571
FIRE:  2286 19:17:35   -19786.654297        1.806199
FIRE:  2287 19:17:36   -19786.955078        2.458950
FIRE:  2288 19:17:36   -19787.296875        3.231338
FIRE:  2289 19:17:36   -19787.644531        3.765064
FIRE:  2290 19:17:37   -19788.087891        3.848136
FIRE:  2291 19:17:37   -19788.578125        3.444412
FIRE:  2292 19:17:37   -19789.080078        2.625917
FIRE:  2293 19:17:38   -19789.486328        1.659015
FIRE:  2294 19:17:38   -19789.904297        2.203425
FIRE:  2295 19:17:38   -19790.339844        2.749973
FIRE:  2296 19:17:39   -19790.732422        2.717889
FIRE:  2297 19:17:39   -19791.134766        2.159290
FIRE:  2298 19:17:39   -19791.460938        1.209857
FIRE:  2299 19:17:40   -19791.814453        1.423771
FIRE:  2300 19:17:40   -19792.132812        1.923963
FIRE:  2301 19:17:40   -19792.400391        1.949036
FIRE:  2302 19:17:41   -19792.683594        1.429641
FIRE:  2303 19:17:41   -19792.951172        1.038907
FIRE:  2304 19:17:41   -19793.253906        1.140327
FIRE:  2305 19:17:42   -19793.476562        1.390035
FIRE:  2306 19:17:42   -19793.734375        1.843769
FIRE:  2307 19:17:42   -19794.023438        1.964512
FIRE:  2308 19:17:43   -19794.335938        1.763109
FIRE:  2309 19:17:43   -19794.699219        1.513602
FIRE:  2310 19:17:43   -19795.074219        1.398641
FIRE:  2311 19:17:44   -19795.451172        1.804284
FIRE:  2312 19:17:44   -19795.832031        2.144583
FIRE:  2313 19:17:44   -19796.162109        2.111161
FIRE:  2314 19:17:45   -19796.464844        2.148601
FIRE:  2315 19:17:45   -19796.689453        2.714364
FIRE:  2316 19:17:45   -19796.953125        3.058841
FIRE:  2317 19:17:46   -19797.228516        3.322688
FIRE:  2318 19:17:46   -19797.521484        3.035623
FIRE:  2319 19:17:46   -19797.783203        2.340294
FIRE:  2320 19:17:47   -19798.054688        1.576201
FIRE:  2321 19:17:47   -19798.273438        2.291092
FIRE:  2322 19:17:47   -19798.460938        3.027324
FIRE:  2323 19:17:48   -19798.634766        3.334925
FIRE:  2324 19:17:48   -19798.869141        3.260745
FIRE:  2325 19:17:48   -19799.169922        2.891171
FIRE:  2326 19:17:49   -19799.533203        2.302793
FIRE:  2327 19:17:49   -19799.880859        2.062607
FIRE:  2328 19:17:49   -19800.228516        1.823921
FIRE:  2329 19:17:50   -19800.630859        1.536988
FIRE:  2330 19:17:50   -19800.992188        2.207825
FIRE:  2331 19:17:50   -19801.410156        2.547456
FIRE:  2332 19:17:51   -19801.830078        2.409084
FIRE:  2333 19:17:51   -19802.281250        1.842185
FIRE:  2334 19:17:51   -19802.671875        1.193195
FIRE:  2335 19:17:52   -19803.068359        1.453411
FIRE:  2336 19:17:52   -19803.421875        1.527553
FIRE:  2337 19:17:52   -19803.775391        1.684212
FIRE:  2338 19:17:53   -19804.042969        1.689819
FIRE:  2339 19:17:53   -19804.226562        2.985470
FIRE:  2340 19:17:53   -19804.406250        4.316108
FIRE:  2341 19:17:54   -19804.527344        5.042704
FIRE:  2342 19:17:54   -19804.757812        4.862904
FIRE:  2343 19:17:54   -19805.076172        3.821670
FIRE:  2344 19:17:55   -19805.380859        2.429283
FIRE:  2345 19:17:55   -19805.693359        3.011572
FIRE:  2346 19:17:55   -19805.931641        3.341010
FIRE:  2347 19:17:56   -19806.193359        3.393069
FIRE:  2348 19:17:56   -19806.455078        3.200175
FIRE:  2349 19:17:56   -19806.738281        2.795551
FIRE:  2350 19:17:57   -19807.013672        2.475978
FIRE:  2351 19:17:57   -19807.347656        2.110907
FIRE:  2352 19:17:57   -19807.597656        1.808194
FIRE:  2353 19:17:58   -19807.845703        1.580260
FIRE:  2354 19:17:58   -19807.958984        3.138808
FIRE:  2355 19:17:58   -19808.007812        4.393255
FIRE:  2356 19:17:59   -19808.232422        4.868932
FIRE:  2357 19:17:59   -19808.478516        4.407014
FIRE:  2358 19:17:59   -19808.835938        3.285832
FIRE:  2359 19:18:00   -19809.197266        2.049152
FIRE:  2360 19:18:00   -19809.474609        2.089260
FIRE:  2361 19:18:00   -19809.755859        2.044108
FIRE:  2362 19:18:01   -19810.019531        1.911160
FIRE:  2363 19:18:01   -19810.300781        2.223492
FIRE:  2364 19:18:01   -19810.601562        2.309152
FIRE:  2365 19:18:02   -19810.861328        2.194018
FIRE:  2366 19:18:02   -19811.125000        1.924688
FIRE:  2367 19:18:02   -19811.369141        1.613014
FIRE:  2368 19:18:03   -19811.585938        1.736462
FIRE:  2369 19:18:03   -19811.787109        1.823436
FIRE:  2370 19:18:03   -19811.960938        2.293240
FIRE:  2371 19:18:04   -19812.164062        2.679801
FIRE:  2372 19:18:04   -19812.330078        2.651406
FIRE:  2373 19:18:04   -19812.605469        2.230475
FIRE:  2374 19:18:05   -19812.839844        1.713212
FIRE:  2375 19:18:05   -19813.105469        1.733484
FIRE:  2376 19:18:05   -19813.328125        1.382844
FIRE:  2377 19:18:06   -19813.599609        1.451440
FIRE:  2378 19:18:06   -19813.830078        1.506117
FIRE:  2379 19:18:06   -19814.042969        1.404565
FIRE:  2380 19:18:07   -19814.255859        1.408495
FIRE:  2381 19:18:07   -19814.449219        1.839732
FIRE:  2382 19:18:07   -19814.691406        2.263354
FIRE:  2383 19:18:08   -19814.957031        2.531118
FIRE:  2384 19:18:08   -19815.128906        2.532757
FIRE:  2385 19:18:08   -19815.423828        2.259349
FIRE:  2386 19:18:09   -19815.683594        1.821983
FIRE:  2387 19:18:09   -19815.951172        1.422559
FIRE:  2388 19:18:09   -19816.246094        1.489361
FIRE:  2389 19:18:10   -19816.507812        1.638099
FIRE:  2390 19:18:10   -19816.804688        1.702701
FIRE:  2391 19:18:10   -19817.085938        1.654692
FIRE:  2392 19:18:11   -19817.388672        1.465355
FIRE:  2393 19:18:11   -19817.714844        1.134184
FIRE:  2394 19:18:11   -19817.968750        1.255712
FIRE:  2395 19:18:12   -19818.244141        1.436999
FIRE:  2396 19:18:12   -19818.507812        1.483784
FIRE:  2397 19:18:12   -19818.697266        2.248186
FIRE:  2398 19:18:13   -19818.910156        2.876329
FIRE:  2399 19:18:13   -19819.187500        3.161888
FIRE:  2400 19:18:13   -19819.478516        3.009560
FIRE:  2401 19:18:14   -19819.796875        2.476951
FIRE:  2402 19:18:14   -19820.087891        1.751166
FIRE:  2403 19:18:14   -19820.417969        1.242188
FIRE:  2404 19:18:15   -19820.662109        1.179663
FIRE:  2405 19:18:15   -19820.916016        1.378680
FIRE:  2406 19:18:15   -19821.134766        1.860432
FIRE:  2407 19:18:16   -19821.310547        2.293447
FIRE:  2408 19:18:16   -19821.539062        2.579167
FIRE:  2409 19:18:16   -19821.755859        2.788328
FIRE:  2410 19:18:17   -19821.994141        2.694379
FIRE:  2411 19:18:17   -19822.271484        2.314711
FIRE:  2412 19:18:17   -19822.505859        1.732315
FIRE:  2413 19:18:18   -19822.759766        1.547742
FIRE:  2414 19:18:18   -19822.964844        2.039269
FIRE:  2415 19:18:18   -19823.167969        2.429174
FIRE:  2416 19:18:19   -19823.375000        2.617026
FIRE:  2417 19:18:19   -19823.572266        2.483736
FIRE:  2418 19:18:19   -19823.810547        2.221316
FIRE:  2419 19:18:20   -19824.082031        2.447541
FIRE:  2420 19:18:20   -19824.443359        2.493662
FIRE:  2421 19:18:20   -19824.791016        2.337667
FIRE:  2422 19:18:21   -19825.093750        1.995407
FIRE:  2423 19:18:21   -19825.464844        1.532090
FIRE:  2424 19:18:21   -19825.800781        1.668849
FIRE:  2425 19:18:22   -19826.142578        1.863014
FIRE:  2426 19:18:22   -19826.431641        1.948553
FIRE:  2427 19:18:22   -19826.773438        1.916542
FIRE:  2428 19:18:23   -19827.042969        1.776020
FIRE:  2429 19:18:23   -19827.314453        1.998861
FIRE:  2430 19:18:23   -19827.500000        2.247299
FIRE:  2431 19:18:24   -19827.683594        3.388740
FIRE:  2432 19:18:24   -19827.886719        4.691752
FIRE:  2433 19:18:24   -19828.037109        5.620744
FIRE:  2434 19:18:25   -19828.324219        5.800029
FIRE:  2435 19:18:25   -19828.660156        5.214659
FIRE:  2436 19:18:25   -19829.046875        3.909519
FIRE:  2437 19:18:26   -19829.353516        3.010059
FIRE:  2438 19:18:26   -19829.634766        3.977822
FIRE:  2439 19:18:26   -19829.818359        4.594047
FIRE:  2440 19:18:27   -19830.013672        4.684536
FIRE:  2441 19:18:27   -19830.320312        4.586731
FIRE:  2442 19:18:27   -19830.634766        4.994752
FIRE:  2443 19:18:28   -19830.925781        4.997066
FIRE:  2444 19:18:28   -19831.287109        4.604693
FIRE:  2445 19:18:28   -19831.587891        3.868223
FIRE:  2446 19:18:29   -19831.925781        2.877660
FIRE:  2447 19:18:29   -19832.238281        1.929493
FIRE:  2448 19:18:29   -19832.460938        2.037913
FIRE:  2449 19:18:30   -19832.644531        2.562581
FIRE:  2450 19:18:30   -19832.843750        2.959574
FIRE:  2451 19:18:30   -19833.019531        3.229604
FIRE:  2452 19:18:31   -19833.197266        3.784083
FIRE:  2453 19:18:31   -19833.425781        4.243209
FIRE:  2454 19:18:31   -19833.662109        4.312394
FIRE:  2455 19:18:32   -19833.988281        3.992758
FIRE:  2456 19:18:32   -19834.306641        3.359805
FIRE:  2457 19:18:32   -19834.625000        2.543130
FIRE:  2458 19:18:33   -19834.943359        2.206493
FIRE:  2459 19:18:33   -19835.234375        2.925673
FIRE:  2460 19:18:33   -19835.523438        3.507779
FIRE:  2461 19:18:34   -19835.775391        3.819271
FIRE:  2462 19:18:34   -19836.083984        3.739216
FIRE:  2463 19:18:34   -19836.396484        3.218161
FIRE:  2464 19:18:35   -19836.707031        2.548294
FIRE:  2465 19:18:35   -19836.976562        2.648628
FIRE:  2466 19:18:35   -19837.224609        2.575894
FIRE:  2467 19:18:36   -19837.388672        2.298968
FIRE:  2468 19:18:36   -19837.546875        2.564115
FIRE:  2469 19:18:36   -19837.644531        3.358043
FIRE:  2470 19:18:37   -19837.755859        3.849808
FIRE:  2471 19:18:37   -19837.902344        4.294747
FIRE:  2472 19:18:37   -19838.095703        4.802758
FIRE:  2473 19:18:38   -19838.464844        4.834597
FIRE:  2474 19:18:38   -19838.830078        4.383024
FIRE:  2475 19:18:38   -19839.339844        3.562400
FIRE:  2476 19:18:39   -19839.787109        2.560219
FIRE:  2477 19:18:39   -19840.212891        1.877038
FIRE:  2478 19:18:39   -19840.517578        2.180099
FIRE:  2479 19:18:40   -19840.789062        2.809272
FIRE:  2480 19:18:40   -19841.033203        3.410514
FIRE:  2481 19:18:40   -19841.312500        3.610085
FIRE:  2482 19:18:41   -19841.500000        3.423967
FIRE:  2483 19:18:41   -19841.644531        3.357362
FIRE:  2484 19:18:41   -19841.740234        4.340285
FIRE:  2485 19:18:42   -19843.158203        1.220894
FIRE:  2486 19:18:42   -19843.728516        2.309505
FIRE:  2487 19:18:42   -19844.324219        2.852862
FIRE:  2488 19:18:43   -19845.066406        1.888461
FIRE:  2489 19:18:43   -19845.640625        1.372151
FIRE:  2490 19:18:43   -19846.101562        3.119278
FIRE:  2491 19:18:44   -19846.601562        2.359381
FIRE:  2492 19:18:44   -19847.082031        1.098555
FIRE:  2493 19:18:44   -19847.441406        2.132267
FIRE:  2494 19:18:45   -19847.876953        1.687816
FIRE:  2495 19:18:45   -19848.308594        0.943741
FIRE:  2496 19:18:45   -19848.658203        2.269398
FIRE:  2497 19:18:46   -19849.158203        0.543809
FIRE:  2498 19:18:46   -19849.525391        1.388004
FIRE:  2499 19:18:46   -19849.828125        1.376866
FIRE:  2500 19:18:47   -19850.261719        0.562407
FIRE:  2501 19:18:47   -19850.560547        1.490793
FIRE:  2502 19:18:47   -19850.912109        0.616444
FIRE:  2503 19:18:48   -19851.218750        0.851384
FIRE:  2504 19:18:48   -19851.505859        1.052352
FIRE:  2505 19:18:48   -19851.816406        0.381596
FIRE:  2506 19:18:49   -19852.144531        1.121935
FIRE:  2507 19:18:49   -19852.431641        0.871099
FIRE:  2508 19:18:49   -19852.753906        0.585140
FIRE:  2509 19:18:50   -19853.089844        0.979699
FIRE:  2510 19:18:50   -19853.410156        0.554346
FIRE:  2511 19:18:50   -19853.742188        0.644981
FIRE:  2512 19:18:51   -19854.113281        0.953507
FIRE:  2513 19:18:51   -19854.498047        1.492563
FIRE:  2514 19:18:51   -19855.052734        2.165807
FIRE:  2515 19:18:52   -19855.742188        2.590907
FIRE:  2516 19:18:52   -19856.355469        1.772146
FIRE:  2517 19:18:52   -19856.652344        2.672280
FIRE:  2518 19:18:53   -19856.654297        3.086287
FIRE:  2519 19:18:53   -19856.976562        2.240821
FIRE:  2520 19:18:54   -19856.746094        5.281055
FIRE:  2521 19:18:54   -19857.175781        1.872851
FIRE:  2522 19:18:54   -19857.242188        1.369447
FIRE:  2523 19:18:55   -19857.324219        0.488474
FIRE:  2524 19:18:55   -19857.355469        0.719817
FIRE:  2525 19:18:55   -19857.394531        1.474328
FIRE:  2526 19:18:56   -19857.447266        1.441098
FIRE:  2527 19:18:56   -19857.507812        0.708720
FIRE:  2528 19:18:56   -19857.619141        0.473202
FIRE:  2529 19:18:57   -19857.708984        0.976623
FIRE:  2530 19:18:57   -19857.818359        1.031192
FIRE:  2531 19:18:57   -19857.939453        0.411673
FIRE:  2532 19:18:58   -19858.099609        0.907907
FIRE:  2533 19:18:58   -19858.294922        0.854927
FIRE:  2534 19:18:58   -19858.554688        0.572974
FIRE:  2535 19:18:59   -19858.880859        0.787348
FIRE:  2536 19:18:59   -19859.214844        0.562392
FIRE:  2537 19:18:59   -19859.529297        0.571314
FIRE:  2538 19:19:00   -19859.824219        0.540285
FIRE:  2539 19:19:00   -19860.142578        0.388691
FIRE:  2540 19:19:00   -19860.421875        0.548292
FIRE:  2541 19:19:01   -19860.781250        0.412748
FIRE:  2542 19:19:01   -19861.089844        0.460138
FIRE:  2543 19:19:01   -19861.451172        0.458304
FIRE:  2544 19:19:02   -19861.738281        0.431468
FIRE:  2545 19:19:02   -19862.041016        0.347517
FIRE:  2546 19:19:02   -19862.269531        0.366379
FIRE:  2547 19:19:03   -19862.593750        0.331697
FIRE:  2548 19:19:03   -19862.910156        0.366934
FIRE:  2549 19:19:03   -19863.177734        0.358180
FIRE:  2550 19:19:04   -19863.472656        0.310198
FIRE:  2551 19:19:04   -19863.736328        0.314763
FIRE:  2552 19:19:04   -19864.037109        0.346986
FIRE:  2553 19:19:05   -19864.359375        0.421054
FIRE:  2554 19:19:05   -19864.673828        0.493230
FIRE:  2555 19:19:05   -19865.007812        0.514759
FIRE:  2556 19:19:06   -19865.292969        0.458303
FIRE:  2557 19:19:06   -19865.595703        0.431679
FIRE:  2558 19:19:06   -19865.875000        0.400825
FIRE:  2559 19:19:07   -19866.181641        0.343662
FIRE:  2560 19:19:07   -19866.421875        0.578450
FIRE:  2561 19:19:07   -19866.699219        0.740293
FIRE:  2562 19:19:08   -19866.945312        0.732774
FIRE:  2563 19:19:08   -19867.255859        0.573565
FIRE:  2564 19:19:08   -19867.525391        0.428007
FIRE:  2565 19:19:09   -19867.783203        0.449494
FIRE:  2566 19:19:09   -19868.013672        0.389025
FIRE:  2567 19:19:09   -19868.287109        0.345931
FIRE:  2568 19:19:10   -19868.519531        0.353406
FIRE:  2569 19:19:10   -19868.798828        0.312171
FIRE:  2570 19:19:10   -19869.044922        0.312745
FIRE:  2571 19:19:11   -19869.285156        0.251114
FIRE:  2572 19:19:11   -19869.521484        0.234306
FIRE:  2573 19:19:11   -19869.818359        0.220158
FIRE:  2574 19:19:12   -19870.062500        0.269664
FIRE:  2575 19:19:12   -19870.289062        0.297143
FIRE:  2576 19:19:12   -19870.552734        0.280768
FIRE:  2577 19:19:13   -19870.833984        0.224305
FIRE:  2578 19:19:13   -19871.037109        0.211505
FIRE:  2579 19:19:13   -19871.261719        0.211188
FIRE:  2580 19:19:14   -19871.535156        0.223652
FIRE:  2581 19:19:14   -19871.794922        0.237639
FIRE:  2582 19:19:14   -19872.017578        0.253213
FIRE:  2583 19:19:15   -19872.279297        0.270648
FIRE:  2584 19:19:15   -19872.542969        0.348790
FIRE:  2585 19:19:15   -19872.810547        0.455595
FIRE:  2586 19:19:16   -19873.083984        0.588110
FIRE:  2587 19:19:16   -19873.396484        0.740741
FIRE:  2588 19:19:16   -19873.656250        0.900063
FIRE:  2589 19:19:17   -19873.949219        1.043682
FIRE:  2590 19:19:17   -19874.308594        1.146160
FIRE:  2591 19:19:17   -19874.685547        1.200599
FIRE:  2592 19:19:18   -19875.048828        1.212583
FIRE:  2593 19:19:18   -19875.425781        1.121264
FIRE:  2594 19:19:18   -19875.777344        0.681869
FIRE:  2595 19:19:19   -19876.070312        0.780922
FIRE:  2596 19:19:19   -19876.208984        2.388263
FIRE:  2597 19:19:19   -19876.314453        3.862262
FIRE:  2598 19:19:20   -19876.556641        4.299011
FIRE:  2599 19:19:20   -19876.912109        3.396357
FIRE:  2600 19:19:20   -19877.306641        1.872260
FIRE:  2601 19:19:21   -19877.605469        0.687663
FIRE:  2602 19:19:21   -19877.757812        1.599849
FIRE:  2603 19:19:21   -19877.955078        2.159046
FIRE:  2604 19:19:22   -19878.083984        2.377120
FIRE:  2605 19:19:22   -19878.388672        2.357547
FIRE:  2606 19:19:22   -19878.658203        2.164534
FIRE:  2607 19:19:23   -19878.980469        1.818671
FIRE:  2608 19:19:23   -19879.322266        1.321826
FIRE:  2609 19:19:23   -19879.642578        0.740834
FIRE:  2610 19:19:24   -19879.875000        0.696857
FIRE:  2611 19:19:24   -19880.062500        1.441501
FIRE:  2612 19:19:24   -19880.199219        2.142382
FIRE:  2613 19:19:25   -19880.421875        2.419628
FIRE:  2614 19:19:25   -19880.607422        2.126198
FIRE:  2615 19:19:25   -19880.880859        1.714697
FIRE:  2616 19:19:26   -19881.171875        1.699029
FIRE:  2617 19:19:26   -19881.359375        1.465656
FIRE:  2618 19:19:26   -19881.619141        1.274412
FIRE:  2619 19:19:27   -19881.890625        1.270970
FIRE:  2620 19:19:27   -19882.185547        1.411089
FIRE:  2621 19:19:27   -19882.484375        1.403760
FIRE:  2622 19:19:28   -19882.800781        1.265189
FIRE:  2623 19:19:28   -19883.107422        1.005445
FIRE:  2624 19:19:28   -19883.408203        0.965854
FIRE:  2625 19:19:29   -19883.667969        0.971426
FIRE:  2626 19:19:29   -19883.941406        0.936034
FIRE:  2627 19:19:29   -19884.142578        0.990574
FIRE:  2628 19:19:30   -19884.392578        1.332370
FIRE:  2629 19:19:30   -19884.699219        1.426361
FIRE:  2630 19:19:30   -19884.992188        1.244102
FIRE:  2631 19:19:31   -19885.326172        0.866817
FIRE:  2632 19:19:31   -19885.603516        0.927203
FIRE:  2633 19:19:31   -19885.937500        0.916312
FIRE:  2634 19:19:32   -19886.181641        0.830407
FIRE:  2635 19:19:32   -19886.464844        0.783485
FIRE:  2636 19:19:32   -19886.732422        0.929868
FIRE:  2637 19:19:33   -19887.031250        0.951589
FIRE:  2638 19:19:33   -19887.271484        0.856963
FIRE:  2639 19:19:33   -19887.519531        0.659178
FIRE:  2640 19:19:34   -19887.738281        0.662635
FIRE:  2641 19:19:34   -19887.976562        0.790159
FIRE:  2642 19:19:34   -19888.183594        0.889835
FIRE:  2643 19:19:35   -19888.380859        0.876237
FIRE:  2644 19:19:35   -19888.583984        0.872163
FIRE:  2645 19:19:35   -19888.796875        0.961133
FIRE:  2646 19:19:36   -19889.023438        0.893250
FIRE:  2647 19:19:36   -19889.224609        0.689086
FIRE:  2648 19:19:36   -19889.412109        0.620245
FIRE:  2649 19:19:37   -19889.615234        0.617118
FIRE:  2650 19:19:37   -19889.800781        0.638286
FIRE:  2651 19:19:37   -19890.044922        0.645299
FIRE:  2652 19:19:38   -19890.261719        0.642045
FIRE:  2653 19:19:38   -19890.449219        0.722268
FIRE:  2654 19:19:38   -19890.669922        0.718475
FIRE:  2655 19:19:39   -19890.912109        0.635175
FIRE:  2656 19:19:39   -19891.148438        0.482981
FIRE:  2657 19:19:39   -19891.361328        0.442844
FIRE:  2658 19:19:40   -19891.574219        0.503066
FIRE:  2659 19:19:40   -19891.781250        0.551704
FIRE:  2660 19:19:40   -19891.974609        0.553513
FIRE:  2661 19:19:41   -19892.205078        0.663048
FIRE:  2662 19:19:41   -19892.441406        0.687465
FIRE:  2663 19:19:41   -19892.630859        0.608237
FIRE:  2664 19:19:42   -19892.839844        0.452675
FIRE:  2665 19:19:42   -19893.037109        0.446299
FIRE:  2666 19:19:42   -19893.232422        0.535784
FIRE:  2667 19:19:43   -19893.373047        0.613448
FIRE:  2668 19:19:43   -19893.585938        0.664177
FIRE:  2669 19:19:43   -19893.785156        0.684275
FIRE:  2670 19:19:44   -19893.976562        0.677053
FIRE:  2671 19:19:44   -19894.160156        0.650287
FIRE:  2672 19:19:44   -19894.328125        0.613478
FIRE:  2673 19:19:45   -19894.519531        0.576176
FIRE:  2674 19:19:45   -19894.714844        0.639048
FIRE:  2675 19:19:45   -19894.908203        0.670830
FIRE:  2676 19:19:46   -19895.144531        0.682645
FIRE:  2677 19:19:46   -19895.312500        0.626744
FIRE:  2678 19:19:46   -19895.537109        0.541779
FIRE:  2679 19:19:47   -19895.726562        0.537335
FIRE:  2680 19:19:47   -19895.943359        0.609777
FIRE:  2681 19:19:47   -19896.142578        0.777095
FIRE:  2682 19:19:48   -19896.453125        0.981234
FIRE:  2683 19:19:48   -19896.689453        1.208325
FIRE:  2684 19:19:48   -19896.958984        1.507502
FIRE:  2685 19:19:49   -19897.304688        1.754325
FIRE:  2686 19:19:49   -19897.662109        1.888740
FIRE:  2687 19:19:49   -19898.050781        1.910203
FIRE:  2688 19:19:50   -19898.394531        1.798008
FIRE:  2689 19:19:50   -19898.708984        1.910903
FIRE:  2690 19:19:50   -19899.027344        1.941308
FIRE:  2691 19:19:51   -19899.335938        1.387212
FIRE:  2692 19:19:51   -19899.611328        1.278085
FIRE:  2693 19:19:51   -19899.832031        1.120214
FIRE:  2694 19:19:52   -19900.029297        1.551046
FIRE:  2695 19:19:52   -19900.166016        1.671014
FIRE:  2696 19:19:52   -19900.375000        1.603617
FIRE:  2697 19:19:53   -19900.523438        1.586074
FIRE:  2698 19:19:53   -19900.738281        1.579718
FIRE:  2699 19:19:53   -19900.945312        1.323678
FIRE:  2700 19:19:54   -19901.128906        1.672577
FIRE:  2701 19:19:54   -19901.343750        1.653891
FIRE:  2702 19:19:54   -19901.556641        1.165527
FIRE:  2703 19:19:55   -19901.738281        1.275712
FIRE:  2704 19:19:55   -19901.888672        1.614191
FIRE:  2705 19:19:55   -19902.083984        1.547305
FIRE:  2706 19:19:56   -19902.275391        1.245879
FIRE:  2707 19:19:56   -19902.466797        1.214780
FIRE:  2708 19:19:56   -19902.626953        1.070856
FIRE:  2709 19:19:57   -19902.841797        1.406302
FIRE:  2710 19:19:57   -19903.042969        1.616774
FIRE:  2711 19:19:57   -19903.216797        1.540597
FIRE:  2712 19:19:58   -19903.462891        1.285598
FIRE:  2713 19:19:58   -19903.710938        0.953687
FIRE:  2714 19:19:58   -19903.876953        0.735896
FIRE:  2715 19:19:59   -19904.111328        1.025797
FIRE:  2716 19:19:59   -19904.298828        1.390087
FIRE:  2717 19:19:59   -19904.513672        1.505817
FIRE:  2718 19:20:00   -19904.738281        1.234878
FIRE:  2719 19:20:00   -19904.908203        0.783721
FIRE:  2720 19:20:00   -19905.148438        1.033656
FIRE:  2721 19:20:01   -19905.330078        1.395454
FIRE:  2722 19:20:01   -19905.494141        1.472096
FIRE:  2723 19:20:01   -19905.712891        1.594641
FIRE:  2724 19:20:02   -19905.923828        1.455746
FIRE:  2725 19:20:02   -19906.068359        1.087888
FIRE:  2726 19:20:02   -19906.201172        1.279216
FIRE:  2727 19:20:03   -19906.345703        1.461309
FIRE:  2728 19:20:03   -19906.500000        1.344873
FIRE:  2729 19:20:03   -19906.660156        1.303296
FIRE:  2730 19:20:04   -19906.810547        1.229131
FIRE:  2731 19:20:04   -19906.976562        1.033771
FIRE:  2732 19:20:04   -19907.156250        1.350391
FIRE:  2733 19:20:05   -19907.345703        1.358191
FIRE:  2734 19:20:05   -19907.548828        0.953916
FIRE:  2735 19:20:05   -19907.697266        1.027147
FIRE:  2736 19:20:06   -19907.876953        1.182995
FIRE:  2737 19:20:06   -19908.021484        1.290483
FIRE:  2738 19:20:06   -19908.214844        1.539747
FIRE:  2739 19:20:07   -19908.367188        1.458039
FIRE:  2740 19:20:07   -19908.527344        1.061092
FIRE:  2741 19:20:07   -19908.710938        0.711153
FIRE:  2742 19:20:08   -19908.888672        0.834542
FIRE:  2743 19:20:08   -19909.011719        1.056200
FIRE:  2744 19:20:08   -19909.199219        1.353432
FIRE:  2745 19:20:09   -19909.365234        1.282156
FIRE:  2746 19:20:09   -19909.625000        1.069012
FIRE:  2747 19:20:09   -19909.837891        1.012561
FIRE:  2748 19:20:10   -19910.052734        0.932437
FIRE:  2749 19:20:10   -19910.318359        1.128643
FIRE:  2750 19:20:10   -19910.580078        1.152389
FIRE:  2751 19:20:11   -19910.855469        1.012971
FIRE:  2752 19:20:11   -19911.123047        0.842607
FIRE:  2753 19:20:11   -19911.396484        0.821334
FIRE:  2754 19:20:12   -19911.669922        0.753276
FIRE:  2755 19:20:12   -19911.933594        1.094026
FIRE:  2756 19:20:12   -19912.175781        1.239250
FIRE:  2757 19:20:13   -19912.345703        1.086094
FIRE:  2758 19:20:13   -19912.501953        1.321205
FIRE:  2759 19:20:13   -19912.597656        2.338134
FIRE:  2760 19:20:14   -19912.679688        3.469952
FIRE:  2761 19:20:14   -19912.753906        4.213104
FIRE:  2762 19:20:14   -19912.882812        4.221025
FIRE:  2763 19:20:15   -19913.062500        3.453988
FIRE:  2764 19:20:15   -19913.248047        2.221682
FIRE:  2765 19:20:15   -19913.386719        1.548226
FIRE:  2766 19:20:16   -19913.490234        1.818661
FIRE:  2767 19:20:16   -19913.564453        2.651729
FIRE:  2768 19:20:16   -19913.667969        3.010739
FIRE:  2769 19:20:17   -19913.816406        2.969165
FIRE:  2770 19:20:17   -19913.958984        2.641667
FIRE:  2771 19:20:17   -19914.169922        2.162265
FIRE:  2772 19:20:18   -19914.355469        1.947546
FIRE:  2773 19:20:18   -19914.546875        1.540323
FIRE:  2774 19:20:18   -19914.750000        1.375780
FIRE:  2775 19:20:19   -19914.927734        1.341856
FIRE:  2776 19:20:19   -19915.080078        2.178200
FIRE:  2777 19:20:19   -19915.255859        2.875687
FIRE:  2778 19:20:20   -19915.421875        3.201442
FIRE:  2779 19:20:20   -19915.648438        3.018866
FIRE:  2780 19:20:20   -19915.900391        2.361471
FIRE:  2781 19:20:21   -19916.126953        1.417218
FIRE:  2782 19:20:21   -19916.355469        1.296979
FIRE:  2783 19:20:21   -19916.488281        1.440620
FIRE:  2784 19:20:22   -19916.689453        1.519319
FIRE:  2785 19:20:22   -19916.857422        2.076733
FIRE:  2786 19:20:22   -19917.048828        2.407198
FIRE:  2787 19:20:23   -19917.193359        2.494599
FIRE:  2788 19:20:23   -19917.402344        2.333365
FIRE:  2789 19:20:23   -19917.601562        1.932026
FIRE:  2790 19:20:24   -19917.802734        1.319551
FIRE:  2791 19:20:24   -19917.919922        1.411000
FIRE:  2792 19:20:24   -19918.048828        1.727087
FIRE:  2793 19:20:25   -19918.158203        2.006645
FIRE:  2794 19:20:25   -19918.312500        2.209194
FIRE:  2795 19:20:25   -19918.421875        2.335745
FIRE:  2796 19:20:26   -19918.599609        2.374629
FIRE:  2797 19:20:26   -19918.857422        2.110921
FIRE:  2798 19:20:26   -19919.060547        1.817649
FIRE:  2799 19:20:27   -19919.324219        1.472564
FIRE:  2800 19:20:27   -19919.433594        1.284103
FIRE:  2801 19:20:27   -19919.587891        1.454938
FIRE:  2802 19:20:28   -19919.675781        1.876453
FIRE:  2803 19:20:28   -19919.806641        2.090505
FIRE:  2804 19:20:28   -19919.876953        2.083400
FIRE:  2805 19:20:29   -19920.058594        1.874814
FIRE:  2806 19:20:29   -19920.171875        1.662762
FIRE:  2807 19:20:29   -19920.310547        1.584891
FIRE:  2808 19:20:30   -19920.431641        1.475328
FIRE:  2809 19:20:30   -19920.527344        1.357692
FIRE:  2810 19:20:30   -19920.611328        1.371620
FIRE:  2811 19:20:31   -19920.675781        1.419551
FIRE:  2812 19:20:31   -19920.796875        1.725831
FIRE:  2813 19:20:31   -19920.927734        1.880752
FIRE:  2814 19:20:32   -19921.121094        1.865503
FIRE:  2815 19:20:32   -19921.269531        1.692876
FIRE:  2816 19:20:32   -19921.503906        1.402461
FIRE:  2817 19:20:33   -19921.650391        1.062973
FIRE:  2818 19:20:33   -19921.849609        1.248874
FIRE:  2819 19:20:33   -19922.015625        1.418273
FIRE:  2820 19:20:34   -19922.226562        1.457194
FIRE:  2821 19:20:34   -19922.398438        1.596530
FIRE:  2822 19:20:34   -19922.576172        1.678648
FIRE:  2823 19:20:35   -19922.794922        1.603607
FIRE:  2824 19:20:35   -19922.939453        1.396619
FIRE:  2825 19:20:35   -19923.113281        1.100784
FIRE:  2826 19:20:36   -19923.291016        0.961235
FIRE:  2827 19:20:36   -19923.404297        1.275824
FIRE:  2828 19:20:36   -19923.498047        1.622598
FIRE:  2829 19:20:37   -19923.603516        1.793117
FIRE:  2830 19:20:37   -19923.693359        1.750240
FIRE:  2831 19:20:37   -19923.789062        1.502136
FIRE:  2832 19:20:38   -19923.917969        1.282725
FIRE:  2833 19:20:38   -19923.996094        1.216744
FIRE:  2834 19:20:38   -19924.091797        1.321316
FIRE:  2835 19:20:39   -19924.193359        1.364723
FIRE:  2836 19:20:39   -19924.240234        1.478950
FIRE:  2837 19:20:39   -19924.324219        1.557553
FIRE:  2838 19:20:40   -19924.410156        1.577609
FIRE:  2839 19:20:40   -19924.484375        1.536432
FIRE:  2840 19:20:40   -19924.564453        1.438821
FIRE:  2841 19:20:41   -19924.660156        1.304908
FIRE:  2842 19:20:41   -19924.808594        1.382923
FIRE:  2843 19:20:41   -19924.880859        1.364577
FIRE:  2844 19:20:42   -19925.000000        1.324303
FIRE:  2845 19:20:42   -19925.074219        1.398195
FIRE:  2846 19:20:42   -19925.183594        1.417280
FIRE:  2847 19:20:43   -19925.271484        1.380743
FIRE:  2848 19:20:43   -19925.402344        1.294515
FIRE:  2849 19:20:43   -19925.509766        1.276530
FIRE:  2850 19:20:44   -19925.613281        1.201248
FIRE:  2851 19:20:44   -19925.705078        1.099519
FIRE:  2852 19:20:44   -19925.820312        1.413418
FIRE:  2853 19:20:45   -19925.921875        1.634257
FIRE:  2854 19:20:45   -19926.001953        1.718999
FIRE:  2855 19:20:45   -19926.113281        1.643937
FIRE:  2856 19:20:46   -19926.197266        1.414604
FIRE:  2857 19:20:46   -19926.298828        1.163792
FIRE:  2858 19:20:47   -19926.417969        1.329712
FIRE:  2859 19:20:47   -19926.507812        1.376627
FIRE:  2860 19:20:47   -19926.587891        1.303062
FIRE:  2861 19:20:48   -19926.707031        1.119201
FIRE:  2862 19:20:48   -19926.785156        1.138145
FIRE:  2863 19:20:48   -19926.875000        1.212802
FIRE:  2864 19:20:49   -19926.968750        1.389509
FIRE:  2865 19:20:49   -19927.072266        1.495476
FIRE:  2866 19:20:49   -19927.169922        1.529888
FIRE:  2867 19:20:50   -19927.308594        1.493095
FIRE:  2868 19:20:50   -19927.419922        1.385918
FIRE:  2869 19:20:50   -19927.548828        1.210229
FIRE:  2870 19:20:51   -19927.730469        0.988200
FIRE:  2871 19:20:51   -19927.847656        0.957320
FIRE:  2872 19:20:51   -19927.960938        1.032135
FIRE:  2873 19:20:52   -19928.062500        1.067862
FIRE:  2874 19:20:52   -19928.117188        1.066111
FIRE:  2875 19:20:52   -19928.171875        1.424554
FIRE:  2876 19:20:53   -19928.199219        1.722742
FIRE:  2877 19:20:53   -19928.291016        1.825048
FIRE:  2878 19:20:53   -19928.328125        1.702118
FIRE:  2879 19:20:54   -19928.390625        1.401835
FIRE:  2880 19:20:54   -19928.505859        1.411386
FIRE:  2881 19:20:54   -19928.603516        1.380770
FIRE:  2882 19:20:55   -19928.666016        1.312074
FIRE:  2883 19:20:55   -19928.746094        1.211721
FIRE:  2884 19:20:55   -19928.824219        1.256893
FIRE:  2885 19:20:56   -19928.935547        1.489518
FIRE:  2886 19:20:56   -19929.005859        1.677492
FIRE:  2887 19:20:56   -19929.119141        1.735833
FIRE:  2888 19:20:57   -19929.220703        1.658867
FIRE:  2889 19:20:57   -19929.365234        1.444886
FIRE:  2890 19:20:57   -19929.468750        1.281732
FIRE:  2891 19:20:58   -19929.593750        1.254655
FIRE:  2892 19:20:58   -19929.662109        1.196571
FIRE:  2893 19:20:58   -19929.804688        1.111043
FIRE:  2894 19:20:59   -19929.882812        1.054330
FIRE:  2895 19:20:59   -19929.943359        1.526150
FIRE:  2896 19:20:59   -19930.037109        1.853258
FIRE:  2897 19:21:00   -19930.080078        1.999930
FIRE:  2898 19:21:00   -19930.173828        1.960423
FIRE:  2899 19:21:00   -19930.304688        1.758128
FIRE:  2900 19:21:01   -19930.439453        1.435432
FIRE:  2901 19:21:01   -19930.591797        1.048929
FIRE:  2902 19:21:01   -19930.730469        1.012083
FIRE:  2903 19:21:02   -19930.890625        0.948839
FIRE:  2904 19:21:02   -19931.027344        1.116191
FIRE:  2905 19:21:02   -19931.148438        1.240248
FIRE:  2906 19:21:03   -19931.289062        1.278764
FIRE:  2907 19:21:03   -19931.435547        1.267345
FIRE:  2908 19:21:03   -19931.568359        1.454445
FIRE:  2909 19:21:04   -19931.707031        1.545430
FIRE:  2910 19:21:04   -19931.863281        1.527904
FIRE:  2911 19:21:04   -19932.007812        1.398914
FIRE:  2912 19:21:05   -19932.115234        1.169731
FIRE:  2913 19:21:05   -19932.263672        0.872648
FIRE:  2914 19:21:05   -19932.386719        0.904954
FIRE:  2915 19:21:06   -19932.525391        0.971246
FIRE:  2916 19:21:06   -19932.615234        1.235483
FIRE:  2917 19:21:06   -19932.736328        1.426696
FIRE:  2918 19:21:07   -19932.867188        1.521600
FIRE:  2919 19:21:07   -19932.962891        1.508845
FIRE:  2920 19:21:07   -19933.095703        1.392813
FIRE:  2921 19:21:08   -19933.234375        1.194812
FIRE:  2922 19:21:08   -19933.312500        0.951906
FIRE:  2923 19:21:08   -19933.384766        0.912524
FIRE:  2924 19:21:09   -19933.490234        1.115196
FIRE:  2925 19:21:09   -19933.542969        1.492766
FIRE:  2926 19:21:09   -19933.554688        1.905728
FIRE:  2927 19:21:10   -19933.601562        2.329756
FIRE:  2928 19:21:10   -19934.552734        1.438974
FIRE:  2929 19:21:10   -19935.253906        0.900951
FIRE:  2930 19:21:11   -19935.824219        2.125699
FIRE:  2931 19:21:11   -19936.564453        4.081453
FIRE:  2932 19:21:11   -19937.652344        4.326216
FIRE:  2933 19:21:12   -19938.861328        3.540005
FIRE:  2934 19:21:12   -19939.517578        4.158859
FIRE:  2935 19:21:12   -19939.917969        3.540938
FIRE:  2936 19:21:13   -19940.437500        1.947414
FIRE:  2937 19:21:13   -19940.697266        2.622003
FIRE:  2938 19:21:13   -19940.726562        5.692218
FIRE:  2939 19:21:14   -19940.935547        4.629241
FIRE:  2940 19:21:14   -19941.216797        2.924007
FIRE:  2941 19:21:14   -19941.416016        1.411592
FIRE:  2942 19:21:15   -19941.425781        1.199166
FIRE:  2943 19:21:15   -19941.435547        0.848181
FIRE:  2944 19:21:15   -19941.472656        0.810859
FIRE:  2945 19:21:16   -19941.501953        0.763882
FIRE:  2946 19:21:16   -19941.548828        0.824458
FIRE:  2947 19:21:16   -19941.593750        0.983754
FIRE:  2948 19:21:17   -19941.644531        0.958423
FIRE:  2949 19:21:17   -19941.726562        0.727311
FIRE:  2950 19:21:17   -19941.781250        0.428425
FIRE:  2951 19:21:18   -19941.894531        0.763449
FIRE:  2952 19:21:18   -19941.980469        0.956393
FIRE:  2953 19:21:18   -19942.091797        0.705447
FIRE:  2954 19:21:19   -19942.216797        0.452183
FIRE:  2955 19:21:19   -19942.398438        0.743266
FIRE:  2956 19:21:19   -19942.595703        0.323721
FIRE:  2957 19:21:20   -19942.873047        0.614467
FIRE:  2958 19:21:20   -19943.119141        0.269320
FIRE:  2959 19:21:20   -19943.343750        0.564782
FIRE:  2960 19:21:21   -19943.634766        0.344039
FIRE:  2961 19:21:21   -19943.859375        0.513512
FIRE:  2962 19:21:21   -19944.115234        0.408194
FIRE:  2963 19:21:22   -19944.359375        0.443176
FIRE:  2964 19:21:22   -19944.623047        0.484801
FIRE:  2965 19:21:22   -19944.833984        0.529175
FIRE:  2966 19:21:23   -19945.078125        0.566570
FIRE:  2967 19:21:23   -19945.351562        0.583717
FIRE:  2968 19:21:23   -19945.619141        0.638304
FIRE:  2969 19:21:24   -19945.876953        0.585708
FIRE:  2970 19:21:24   -19946.099609        0.506499
FIRE:  2971 19:21:24   -19946.332031        0.459903
FIRE:  2972 19:21:25   -19946.480469        0.653033
FIRE:  2973 19:21:25   -19946.751953        0.697941
FIRE:  2974 19:21:25   -19946.929688        0.543935
FIRE:  2975 19:21:26   -19947.132812        0.410548
FIRE:  2976 19:21:26   -19947.335938        0.470779
FIRE:  2977 19:21:26   -19947.601562        0.496618
FIRE:  2978 19:21:27   -19947.777344        0.505250
FIRE:  2979 19:21:27   -19947.976562        0.507255
FIRE:  2980 19:21:27   -19948.144531        0.841442
FIRE:  2981 19:21:28   -19948.335938        1.197324
FIRE:  2982 19:21:28   -19948.550781        1.211253
FIRE:  2983 19:21:28   -19948.767578        0.815250
FIRE:  2984 19:21:29   -19948.988281        0.421542
FIRE:  2985 19:21:29   -19949.166016        0.397645
FIRE:  2986 19:21:29   -19949.349609        0.589077
FIRE:  2987 19:21:30   -19949.533203        0.611384
FIRE:  2988 19:21:30   -19949.751953        0.397109
FIRE:  2989 19:21:30   -19949.919922        0.427136
FIRE:  2990 19:21:31   -19950.113281        0.719724
FIRE:  2991 19:21:31   -19950.357422        1.327511
FIRE:  2992 19:21:31   -19950.691406        1.830347
FIRE:  2993 19:21:32   -19951.115234        1.867348
FIRE:  2994 19:21:32   -19951.609375        1.793095
FIRE:  2995 19:21:32   -19952.070312        1.166149
FIRE:  2996 19:21:33   -19952.054688        4.443377
FIRE:  2997 19:21:33   -19952.275391        1.948538
FIRE:  2998 19:21:33   -19952.083984        3.828757
FIRE:  2999 19:21:34   -19952.193359        4.182581
FIRE:  3000 19:21:34   -19952.447266        2.526142
FIRE:  3001 19:21:34   -19952.527344        1.613519
FIRE:  3002 19:21:35   -19952.531250        1.425650
FIRE:  3003 19:21:35   -19952.542969        1.059286
FIRE:  3004 19:21:35   -19952.580078        0.541030
FIRE:  3005 19:21:36   -19952.576172        0.418083
FIRE:  3006 19:21:36   -19952.578125        0.641786
FIRE:  3007 19:21:36   -19952.582031        1.020265
FIRE:  3008 19:21:37   -19952.576172        1.139882
FIRE:  3009 19:21:37   -19952.589844        0.962271
FIRE:  3010 19:21:37   -19952.615234        0.490061
FIRE:  3011 19:21:38   -19952.628906        0.331315
FIRE:  3012 19:21:38   -19952.644531        0.680617
FIRE:  3013 19:21:38   -19952.683594        0.822605
FIRE:  3014 19:21:39   -19952.708984        0.467428
FIRE:  3015 19:21:39   -19952.726562        0.318635
FIRE:  3016 19:21:39   -19952.773438        0.776426
FIRE:  3017 19:21:40   -19952.818359        0.277621
FIRE:  3018 19:21:40   -19952.873047        0.624034
FIRE:  3019 19:21:40   -19952.966797        0.441635
FIRE:  3020 19:21:41   -19953.052734        0.743936
FIRE:  3021 19:21:41   -19953.169922        0.434518
FIRE:  3022 19:21:41   -19953.285156        0.740699
FIRE:  3023 19:21:42   -19953.500000        1.038285
FIRE:  3024 19:21:42   -19953.775391        1.278686
FIRE:  3025 19:21:42   -19954.033203        1.666971
FIRE:  3026 19:21:43   -19954.220703        1.938507
FIRE:  3027 19:21:43   -19954.330078        2.154955
FIRE:  3028 19:21:43   -19954.365234        0.873010
FIRE:  3029 19:21:44   -19954.400391        0.818990
FIRE:  3030 19:21:44   -19954.427734        0.717142
FIRE:  3031 19:21:44   -19954.445312        0.579539
FIRE:  3032 19:21:45   -19954.449219        0.623219
FIRE:  3033 19:21:45   -19954.470703        0.583439
FIRE:  3034 19:21:45   -19954.484375        0.257040
FIRE:  3035 19:21:46   -19954.482422        0.250931
FIRE:  3036 19:21:46   -19954.498047        0.472061
FIRE:  3037 19:21:46   -19954.539062        0.399385
FIRE:  3038 19:21:47   -19954.544922        0.348298
FIRE:  3039 19:21:47   -19954.625000        0.455136
FIRE:  3040 19:21:47   -19954.644531        0.306119
FIRE:  3041 19:21:48   -19954.703125        0.374885
FIRE:  3042 19:21:48   -19954.781250        0.230275
FIRE:  3043 19:21:48   -19954.847656        0.502916
FIRE:  3044 19:21:49   -19954.935547        0.259519
FIRE:  3045 19:21:49   -19955.074219        0.306267
FIRE:  3046 19:21:49   -19955.275391        0.472924
FIRE:  3047 19:21:50   -19955.425781        1.270018
FIRE:  3048 19:21:50   -19955.599609        3.055167
FIRE:  3049 19:21:50   -19955.667969        4.038216
FIRE:  3050 19:21:51   -19955.839844        0.601223
FIRE:  3051 19:21:51   -19955.681641        5.926139
FIRE:  3052 19:21:51   -19955.804688        3.377391
FIRE:  3053 19:21:52   -19955.861328        0.621193
FIRE:  3054 19:21:52   -19955.843750        2.114676
FIRE:  3055 19:21:52   -19955.843750        1.994386
FIRE:  3056 19:21:53   -19955.859375        1.754934
FIRE:  3057 19:21:53   -19955.859375        1.399592
FIRE:  3058 19:21:53   -19955.880859        0.938062
FIRE:  3059 19:21:54   -19955.878906        0.633894
FIRE:  3060 19:21:54   -19955.904297        0.636651
FIRE:  3061 19:21:54   -19955.900391        0.722244
FIRE:  3062 19:21:55   -19955.892578        1.135937
FIRE:  3063 19:21:55   -19955.884766        1.347955
FIRE:  3064 19:21:55   -19955.917969        1.278720
FIRE:  3065 19:21:56   -19955.943359        0.896873
FIRE:  3066 19:21:56   -19955.960938        0.670044
FIRE:  3067 19:21:56   -19955.974609        0.679947
FIRE:  3068 19:21:57   -19955.996094        0.897861
FIRE:  3069 19:21:57   -19956.025391        0.924289
FIRE:  3070 19:21:57   -19956.083984        0.717389
FIRE:  3071 19:21:58   -19956.144531        0.729234
FIRE:  3072 19:21:58   -19956.205078        0.923332
FIRE:  3073 19:21:58   -19956.250000        0.726145
FIRE:  3074 19:21:59   -19956.347656        0.688728
FIRE:  3075 19:21:59   -19956.472656        0.587734
FIRE:  3076 19:21:59   -19956.564453        0.748019
FIRE:  3077 19:22:00   -19956.683594        0.293622
FIRE:  3078 19:22:00   -19956.792969        0.945438
FIRE:  3079 19:22:00   -19956.886719        1.174385
FIRE:  3080 19:22:01   -19957.078125        1.150900
FIRE:  3081 19:22:01   -19957.250000        0.594376
FIRE:  3082 19:22:01   -19957.451172        0.665581
FIRE:  3083 19:22:02   -19957.632812        1.327376
FIRE:  3084 19:22:02   -19957.775391        2.326710
FIRE:  3085 19:22:02   -19957.906250        3.610529
FIRE:  3086 19:22:03   -19957.927734        2.817203
FIRE:  3087 19:22:03   -19957.972656        1.890488
FIRE:  3088 19:22:03   -19958.013672        0.390409
FIRE:  3089 19:22:04   -19957.988281        2.075329
FIRE:  3090 19:22:04   -19958.001953        1.798728
FIRE:  3091 19:22:05   -19958.019531        1.299915
FIRE:  3092 19:22:05   -19958.042969        0.670980
FIRE:  3093 19:22:05   -19958.041016        0.355431
FIRE:  3094 19:22:06   -19958.042969        0.545792
FIRE:  3095 19:22:06   -19958.035156        0.921439
FIRE:  3096 19:22:06   -19958.056641        1.107716
FIRE:  3097 19:22:07   -19958.041016        1.104429
FIRE:  3098 19:22:07   -19958.052734        0.877402
FIRE:  3099 19:22:07   -19958.074219        0.407082
FIRE:  3100 19:22:08   -19958.093750        0.267464
FIRE:  3101 19:22:08   -19958.130859        0.821860
FIRE:  3102 19:22:08   -19958.138672        0.923683
FIRE:  3103 19:22:09   -19958.160156        0.421042
FIRE:  3104 19:22:09   -19958.166016        0.410714
FIRE:  3105 19:22:09   -19958.205078        0.784730
FIRE:  3106 19:22:10   -19958.263672        0.346455
FIRE:  3107 19:22:10   -19958.302734        0.658780
FIRE:  3108 19:22:10   -19958.337891        0.540333
FIRE:  3109 19:22:11   -19958.416016        0.672418
FIRE:  3110 19:22:11   -19958.488281        0.303731
FIRE:  3111 19:22:11   -19958.595703        1.097755
FIRE:  3112 19:22:12   -19958.708984        1.049779
FIRE:  3113 19:22:12   -19958.812500        0.813861
FIRE:  3114 19:22:12   -19959.015625        1.174998
FIRE:  3115 19:22:13   -19959.166016        2.967035
FIRE:  3116 19:22:13   -19959.134766        4.447318
FIRE:  3117 19:22:13   -19959.359375        0.540806
FIRE:  3118 19:22:14   -19959.107422        7.385250
FIRE:  3119 19:22:14   -19959.269531        3.781830
FIRE:  3120 19:22:14   -19959.349609        0.324091
FIRE:  3121 19:22:15   -19959.363281        0.300151
FIRE:  3122 19:22:15   -19959.375000        0.253498
FIRE:  3123 19:22:15   -19959.375000        0.204881
FIRE:  3124 19:22:16   -19959.384766        0.204191
FIRE:  3125 19:22:16   -19959.376953        0.203339
FIRE:  3126 19:22:16   -19959.376953        0.202308
FIRE:  3127 19:22:17   -19959.398438        0.201127
FIRE:  3128 19:22:17   -19959.402344        0.199631
FIRE:  3129 19:22:17   -19959.388672        0.197765
FIRE:  3130 19:22:18   -19959.400391        0.195467
FIRE:  3131 19:22:18   -19959.404297        0.192646
FIRE:  3132 19:22:18   -19959.414062        0.189195
FIRE:  3133 19:22:19   -19959.425781        0.191096
FIRE:  3134 19:22:19   -19959.425781        0.194582
FIRE:  3135 19:22:19   -19959.443359        0.198960
FIRE:  3136 19:22:20   -19959.470703        0.204476
FIRE:  3137 19:22:20   -19959.492188        0.211530
FIRE:  3138 19:22:20   -19959.556641        0.220437
FIRE:  3139 19:22:21   -19959.609375        0.231860
FIRE:  3140 19:22:21   -19959.664062        0.246435
FIRE:  3141 19:22:21   -19959.722656        0.265097
FIRE:  3142 19:22:22   -19959.818359        0.289166
FIRE:  3143 19:22:22   -19959.919922        0.319940
FIRE:  3144 19:22:22   -19960.027344        0.359144
FIRE:  3145 19:22:23   -19960.181641        0.407177
FIRE:  3146 19:22:23   -19960.390625        0.456743
FIRE:  3147 19:22:23   -19960.597656        0.732248
FIRE:  3148 19:22:24   -19960.802734        1.660542
FIRE:  3149 19:22:24   -19960.939453        2.480503
FIRE:  3150 19:22:24   -19961.103516        2.865406
FIRE:  3151 19:22:25   -19961.142578        1.805797
FIRE:  3152 19:22:25   -19961.162109        1.214234
FIRE:  3153 19:22:25   -19961.185547        0.354416
FIRE:  3154 19:22:26   -19961.201172        1.073873
FIRE:  3155 19:22:26   -19961.189453        0.957339
FIRE:  3156 19:22:26   -19961.195312        0.741514
FIRE:  3157 19:22:27   -19961.197266        0.456668
FIRE:  3158 19:22:27   -19961.197266        0.273839
FIRE:  3159 19:22:27   -19961.185547        0.259403
FIRE:  3160 19:22:28   -19961.185547        0.398144
FIRE:  3161 19:22:28   -19961.183594        0.542220
FIRE:  3162 19:22:28   -19961.185547        0.588651
FIRE:  3163 19:22:29   -19961.212891        0.513413
FIRE:  3164 19:22:29   -19961.220703        0.303562
FIRE:  3165 19:22:30   -19961.224609        0.167737
FIRE:  3166 19:22:30   -19961.232422        0.347662
FIRE:  3167 19:22:30   -19961.257812        0.484529
FIRE:  3168 19:22:31   -19961.259766        0.318607
FIRE:  3169 19:22:31   -19961.269531        0.126350
FIRE:  3170 19:22:31   -19961.310547        0.398791
FIRE:  3171 19:22:32   -19961.353516        0.279460
FIRE:  3172 19:22:32   -19961.380859        0.231116
FIRE:  3173 19:22:32   -19961.410156        0.357660
FIRE:  3174 19:22:33   -19961.457031        0.223044
FIRE:  3175 19:22:33   -19961.525391        0.256434
FIRE:  3176 19:22:33   -19961.607422        0.464467
FIRE:  3177 19:22:34   -19961.718750        0.378992
FIRE:  3178 19:22:34   -19961.833984        0.335504
FIRE:  3179 19:22:34   -19961.960938        0.601991
FIRE:  3180 19:22:35   -19962.070312        1.906346
FIRE:  3181 19:22:35   -19962.119141        3.666118
FIRE:  3182 19:22:35   -19962.250000        0.617257
FIRE:  3183 19:22:36   -19962.121094        4.969870
FIRE:  3184 19:22:36   -19962.207031        3.028191
FIRE:  3185 19:22:36   -19962.259766        0.420907
FIRE:  3186 19:22:37   -19962.234375        1.670400
FIRE:  3187 19:22:37   -19962.242188        1.575338
FIRE:  3188 19:22:37   -19962.255859        1.386940
FIRE:  3189 19:22:38   -19962.257812        1.110216
FIRE:  3190 19:22:38   -19962.265625        0.755186
FIRE:  3191 19:22:38   -19962.265625        0.339799
FIRE:  3192 19:22:39   -19962.257812        0.248779
FIRE:  3193 19:22:39   -19962.257812        0.508981
FIRE:  3194 19:22:39   -19962.265625        0.830681
FIRE:  3195 19:22:40   -19962.261719        1.013854
FIRE:  3196 19:22:40   -19962.265625        1.002950
FIRE:  3197 19:22:40   -19962.285156        0.766850
FIRE:  3198 19:22:41   -19962.281250        0.326707
FIRE:  3199 19:22:41   -19962.308594        0.256021
FIRE:  3200 19:22:41   -19962.324219        0.634654
FIRE:  3201 19:22:42   -19962.330078        0.746012
FIRE:  3202 19:22:42   -19962.345703        0.466700
FIRE:  3203 19:22:42   -19962.357422        0.266493
FIRE:  3204 19:22:43   -19962.392578        0.671894
FIRE:  3205 19:22:43   -19962.419922        0.455967
FIRE:  3206 19:22:43   -19962.464844        0.350970
FIRE:  3207 19:22:44   -19962.511719        0.572117
FIRE:  3208 19:22:44   -19962.574219        0.269525
FIRE:  3209 19:22:44   -19962.634766        0.507435
FIRE:  3210 19:22:45   -19962.707031        0.599520
FIRE:  3211 19:22:45   -19962.851562        0.294743
FIRE:  3212 19:22:45   -19962.960938        0.306177
FIRE:  3213 19:22:46   -19963.150391        0.776779
FIRE:  3214 19:22:46   -19963.335938        2.265484
FIRE:  3215 19:22:46   -19963.408203        3.600566
FIRE:  3216 19:22:47   -19963.558594        0.456405
FIRE:  3217 19:22:47   -19963.443359        4.964045
FIRE:  3218 19:22:47   -19963.537109        2.962296
FIRE:  3219 19:22:48   -19963.576172        0.313065
FIRE:  3220 19:22:48   -19963.556641        1.742574
FIRE:  3221 19:22:48   -19963.552734        1.640960
FIRE:  3222 19:22:49   -19963.576172        1.439771
FIRE:  3223 19:22:49   -19963.582031        1.143830
FIRE:  3224 19:22:49   -19963.583984        0.763852
FIRE:  3225 19:22:50   -19963.593750        0.321004
FIRE:  3226 19:22:50   -19963.589844        0.308975
FIRE:  3227 19:22:50   -19963.597656        0.570170
FIRE:  3228 19:22:51   -19963.609375        0.899504
FIRE:  3229 19:22:51   -19963.605469        1.072900
FIRE:  3230 19:22:51   -19963.611328        1.029339
FIRE:  3231 19:22:52   -19963.623047        0.740697
FIRE:  3232 19:22:52   -19963.636719        0.296084
FIRE:  3233 19:22:52   -19963.654297        0.330421
FIRE:  3234 19:22:53   -19963.669922        0.715962
FIRE:  3235 19:22:53   -19963.681641        0.757125
FIRE:  3236 19:22:54   -19963.710938        0.372660
FIRE:  3237 19:22:54   -19963.742188        0.344465
FIRE:  3238 19:22:54   -19963.769531        0.735686
FIRE:  3239 19:22:55   -19963.808594        0.298180
FIRE:  3240 19:22:55   -19963.884766        0.543530
FIRE:  3241 19:22:55   -19963.943359        0.496615
FIRE:  3242 19:22:56   -19964.029297        0.560179
FIRE:  3243 19:22:56   -19964.117188        0.265049
FIRE:  3244 19:22:56   -19964.199219        0.800834
FIRE:  3245 19:22:57   -19964.318359        0.697107
FIRE:  3246 19:22:57   -19964.455078        0.579910
FIRE:  3247 19:22:57   -19964.619141        1.031917
FIRE:  3248 19:22:58   -19964.726562        2.184880
FIRE:  3249 19:22:58   -19964.812500        4.482610
FIRE:  3250 19:22:58   -19964.912109        1.520835
FIRE:  3251 19:22:59   -19964.912109        1.136077
FIRE:  3252 19:22:59   -19964.917969        0.419099
FIRE:  3253 19:22:59   -19964.925781        0.470912
FIRE:  3254 19:23:00   -19964.939453        1.106091
FIRE:  3255 19:23:00   -19964.929688        1.015198
FIRE:  3256 19:23:00   -19964.939453        0.843211
FIRE:  3257 19:23:01   -19964.945312        0.608997
FIRE:  3258 19:23:01   -19964.937500        0.338179
FIRE:  3259 19:23:01   -19964.941406        0.205811
FIRE:  3260 19:23:02   -19964.962891        0.206080
FIRE:  3261 19:23:02   -19964.957031        0.397241
FIRE:  3262 19:23:02   -19964.955078        0.529431
FIRE:  3263 19:23:03   -19964.968750        0.574226
FIRE:  3264 19:23:03   -19964.986328        0.508949
FIRE:  3265 19:23:03   -19964.984375        0.322315
FIRE:  3266 19:23:04   -19964.988281        0.209469
FIRE:  3267 19:23:04   -19964.986328        0.292410
FIRE:  3268 19:23:04   -19965.015625        0.464670
FIRE:  3269 19:23:05   -19965.064453        0.372351
FIRE:  3270 19:23:05   -19965.066406        0.229255
FIRE:  3271 19:23:05   -19965.093750        0.338252
FIRE:  3272 19:23:06   -19965.126953        0.356146
FIRE:  3273 19:23:06   -19965.166016        0.271210
FIRE:  3274 19:23:06   -19965.224609        0.395000
FIRE:  3275 19:23:07   -19965.269531        0.325246
FIRE:  3276 19:23:07   -19965.367188        0.387291
FIRE:  3277 19:23:07   -19965.449219        0.414573
FIRE:  3278 19:23:08   -19965.597656        0.472685
FIRE:  3279 19:23:08   -19965.775391        0.545955
FIRE:  3280 19:23:08   -19966.005859        0.956663
FIRE:  3281 19:23:09   -19966.273438        1.518916
FIRE:  3282 19:23:09   -19966.509766        1.867653
FIRE:  3283 19:23:09   -19966.787109        1.745020
FIRE:  3284 19:23:10   -19967.099609        1.080285
FIRE:  3285 19:23:10   -19967.353516        0.478880
FIRE:  3286 19:23:10   -19967.494141        1.299927
FIRE:  3287 19:23:11   -19967.638672        1.629218
FIRE:  3288 19:23:11   -19967.902344        1.244447
FIRE:  3289 19:23:11   -19968.220703        1.236746
FIRE:  3290 19:23:12   -19968.599609        1.516074
FIRE:  3291 19:23:12   -19969.001953        2.038164
FIRE:  3292 19:23:12   -19969.548828        2.371102
FIRE:  3293 19:23:13   -19970.087891        1.531508
FIRE:  3294 19:23:13   -19970.224609        3.412189
FIRE:  3295 19:23:14   -19970.333984        2.664895
FIRE:  3296 19:23:14   -19970.537109        1.915835
FIRE:  3297 19:23:14   -19970.611328        2.514937
FIRE:  3298 19:23:15   -19970.675781        1.975281
FIRE:  3299 19:23:15   -19970.726562        1.078212
FIRE:  3300 19:23:15   -19970.742188        0.965945
FIRE:  3301 19:23:16   -19970.771484        1.344445
FIRE:  3302 19:23:16   -19970.812500        1.382435
FIRE:  3303 19:23:16   -19970.855469        1.297013
FIRE:  3304 19:23:17   -19970.939453        0.881858
FIRE:  3305 19:23:17   -19971.027344        0.546541
FIRE:  3306 19:23:17   -19971.095703        1.357745
FIRE:  3307 19:23:18   -19971.160156        1.603587
FIRE:  3308 19:23:18   -19971.289062        0.726181
FIRE:  3309 19:23:18   -19971.402344        0.748269
FIRE:  3310 19:23:19   -19971.515625        1.068845
FIRE:  3311 19:23:19   -19971.703125        0.637776
FIRE:  3312 19:23:19   -19971.826172        1.305520
FIRE:  3313 19:23:20   -19971.958984        2.065476
FIRE:  3314 19:23:20   -19972.021484        3.990415
FIRE:  3315 19:23:20   -19972.128906        0.839155
FIRE:  3316 19:23:21   -19972.144531        0.637971
FIRE:  3317 19:23:21   -19972.154297        0.416869
FIRE:  3318 19:23:21   -19972.171875        0.288689
FIRE:  3319 19:23:22   -19972.171875        0.512192
FIRE:  3320 19:23:22   -19972.183594        0.625027
FIRE:  3321 19:23:22   -19972.203125        0.480782
FIRE:  3322 19:23:23   -19972.208984        0.364352
FIRE:  3323 19:23:23   -19972.214844        0.357563
FIRE:  3324 19:23:23   -19972.207031        0.470725
FIRE:  3325 19:23:24   -19972.224609        0.370384
FIRE:  3326 19:23:24   -19972.271484        0.170028
FIRE:  3327 19:23:24   -19972.285156        0.442115
FIRE:  3328 19:23:25   -19972.285156        0.217408
FIRE:  3329 19:23:25   -19972.318359        0.361867
FIRE:  3330 19:23:25   -19972.373047        0.255990
FIRE:  3331 19:23:26   -19972.451172        0.473357
FIRE:  3332 19:23:26   -19972.513672        0.178418
FIRE:  3333 19:23:26   -19972.617188        0.231711
FIRE:  3334 19:23:27   -19972.732422        0.592941
FIRE:  3335 19:23:27   -19972.845703        1.378626
FIRE:  3336 19:23:27   -19972.892578        3.672175
FIRE:  3337 19:23:28   -19972.964844        0.381700
FIRE:  3338 19:23:28   -19972.958984        0.296924
FIRE:  3339 19:23:28   -19972.976562        0.188091
FIRE:  3340 19:23:29   -19972.978516        0.188229
FIRE:  3341 19:23:29   -19972.976562        0.202054
FIRE:  3342 19:23:29   -19972.986328        0.272255
FIRE:  3343 19:23:30   -19972.990234        0.243172
FIRE:  3344 19:23:30   -19972.994141        0.189779
FIRE:  3345 19:23:30   -19973.011719        0.190507
FIRE:  3346 19:23:31   -19973.023438        0.194116
FIRE:  3347 19:23:31   -19973.042969        0.202058
FIRE:  3348 19:23:31   -19973.072266        0.193560
FIRE:  3349 19:23:32   -19973.105469        0.194781
FIRE:  3350 19:23:32   -19973.107422        0.195950
FIRE:  3351 19:23:32   -19973.150391        0.196836
FIRE:  3352 19:23:33   -19973.179688        0.197060
FIRE:  3353 19:23:33   -19973.238281        0.196138
FIRE:  3354 19:23:33   -19973.320312        0.193670
FIRE:  3355 19:23:34   -19973.406250        0.214881
FIRE:  3356 19:23:34   -19973.455078        0.374219
FIRE:  3357 19:23:34   -19973.542969        0.746892
FIRE:  3358 19:23:35   -19973.673828        1.941724
FIRE:  3359 19:23:35   -19973.691406        3.827995
FIRE:  3360 19:23:35   -19973.839844        1.005424
FIRE:  3361 19:23:36   -19973.722656        4.789393
FIRE:  3362 19:23:36   -19973.806641        3.055768
FIRE:  3363 19:23:36   -19973.863281        0.649730
FIRE:  3364 19:23:37   -19973.853516        1.416151
FIRE:  3365 19:23:37   -19973.855469        1.339191
FIRE:  3366 19:23:37   -19973.855469        1.187284
FIRE:  3367 19:23:38   -19973.861328        0.965098
FIRE:  3368 19:23:38   -19973.853516        0.680752
FIRE:  3369 19:23:38   -19973.880859        0.349118
FIRE:  3370 19:23:39   -19973.863281        0.131028
FIRE:  3371 19:23:39   -19973.875000        0.355209
FIRE:  3372 19:23:39   -19973.867188        0.633691
FIRE:  3373 19:23:40   -19973.867188        0.812664
FIRE:  3374 19:23:40   -19973.884766        0.846946
FIRE:  3375 19:23:40   -19973.871094        0.705166
FIRE:  3376 19:23:41   -19973.888672        0.388370
FIRE:  3377 19:23:41   -19973.900391        0.131241
FIRE:  3378 19:23:41   -19973.894531        0.453898
FIRE:  3379 19:23:42   -19973.910156        0.628799
FIRE:  3380 19:23:42   -19973.904297        0.493990
FIRE:  3381 19:23:42   -19973.939453        0.131236
FIRE:  3382 19:23:43   -19973.941406        0.488489
FIRE:  3383 19:23:43   -19973.976562        0.511766
FIRE:  3384 19:23:43   -19974.011719        0.130590
FIRE:  3385 19:23:44   -19974.027344        0.517961
FIRE:  3386 19:23:44   -19974.046875        0.129247
FIRE:  3387 19:23:44   -19974.107422        0.581770
FIRE:  3388 19:23:45   -19974.191406        0.203583
FIRE:  3389 19:23:45   -19974.242188        0.317038
FIRE:  3390 19:23:45   -19974.310547        0.799742
FIRE:  3391 19:23:46   -19974.392578        1.277885
FIRE:  3392 19:23:46   -19974.480469        2.408842
FIRE:  3393 19:23:46   -19974.507812        0.195340
FIRE:  3394 19:23:47   -19974.492188        1.736102
FIRE:  3395 19:23:47   -19974.515625        1.421988
FIRE:  3396 19:23:47   -19974.525391        0.816297
FIRE:  3397 19:23:48   -19974.544922        0.197923
FIRE:  3398 19:23:48   -19974.554688        0.832915
FIRE:  3399 19:23:48   -19974.529297        0.783763
FIRE:  3400 19:23:49   -19974.542969        0.689281
FIRE:  3401 19:23:49   -19974.533203        0.556732
FIRE:  3402 19:23:49   -19974.535156        0.396100
FIRE:  3403 19:23:50   -19974.537109        0.221164
FIRE:  3404 19:23:50   -19974.519531        0.199596
FIRE:  3405 19:23:50   -19974.542969        0.199912
FIRE:  3406 19:23:51   -19974.541016        0.279913
FIRE:  3407 19:23:51   -19974.544922        0.379642
FIRE:  3408 19:23:51   -19974.542969        0.421844
FIRE:  3409 19:23:52   -19974.560547        0.390398
FIRE:  3410 19:23:52   -19974.578125        0.275184
FIRE:  3411 19:23:52   -19974.570312        0.204238
FIRE:  3412 19:23:53   -19974.574219        0.205622
FIRE:  3413 19:23:53   -19974.603516        0.321700
FIRE:  3414 19:23:53   -19974.625000        0.315989
FIRE:  3415 19:23:54   -19974.625000        0.211762
FIRE:  3416 19:23:54   -19974.646484        0.214652
FIRE:  3417 19:23:54   -19974.664062        0.296452
FIRE:  3418 19:23:55   -19974.679688        0.221905
FIRE:  3419 19:23:55   -19974.703125        0.247889
FIRE:  3420 19:23:55   -19974.736328        0.230396
FIRE:  3421 19:23:56   -19974.792969        0.245968
FIRE:  3422 19:23:56   -19974.880859        0.235195
FIRE:  3423 19:23:56   -19974.923828        0.343388
FIRE:  3424 19:23:57   -19974.990234        0.376101
FIRE:  3425 19:23:57   -19975.128906        0.413494
FIRE:  3426 19:23:57   -19975.232422        0.743730
FIRE:  3427 19:23:58   -19975.359375        2.099108
FIRE:  3428 19:23:58   -19975.333984        3.983735
FIRE:  3429 19:23:58   -19975.511719        0.870803
FIRE:  3430 19:23:59   -19975.355469        5.544898
FIRE:  3431 19:23:59   -19975.466797        3.321729
FIRE:  3432 19:23:59   -19975.521484        0.416799
FIRE:  3433 19:24:00   -19975.505859        1.861087
FIRE:  3434 19:24:00   -19975.503906        1.759127
FIRE:  3435 19:24:00   -19975.498047        1.557206
FIRE:  3436 19:24:01   -19975.511719        1.258439
FIRE:  3437 19:24:01   -19975.521484        0.871110
FIRE:  3438 19:24:01   -19975.537109        0.412404
FIRE:  3439 19:24:02   -19975.531250        0.160439
FIRE:  3440 19:24:02   -19975.537109        0.564585
FIRE:  3441 19:24:02   -19975.546875        0.554400
FIRE:  3442 19:24:03   -19975.537109        0.534600
FIRE:  3443 19:24:03   -19975.535156        0.505319
FIRE:  3444 19:24:03   -19975.529297        0.467415
FIRE:  3445 19:24:04   -19975.529297        0.422126
FIRE:  3446 19:24:04   -19975.537109        0.369937
FIRE:  3447 19:24:04   -19975.537109        0.312868
FIRE:  3448 19:24:05   -19975.539062        0.245484
FIRE:  3449 19:24:05   -19975.533203        0.169066
FIRE:  3450 19:24:05   -19975.537109        0.151319
FIRE:  3451 19:24:06   -19975.539062        0.149699
FIRE:  3452 19:24:06   -19975.541016        0.147705
FIRE:  3453 19:24:06   -19975.535156        0.195021
FIRE:  3454 19:24:07   -19975.533203        0.247137
FIRE:  3455 19:24:07   -19975.533203        0.267758
FIRE:  3456 19:24:07   -19975.531250        0.248056
FIRE:  3457 19:24:08   -19975.548828        0.182848
FIRE:  3458 19:24:08   -19975.537109        0.124431
FIRE:  3459 19:24:08   -19975.558594        0.118031
FIRE:  3460 19:24:09   -19975.566406        0.187399
FIRE:  3461 19:24:09   -19975.580078        0.214969
FIRE:  3462 19:24:09   -19975.566406        0.138251
FIRE:  3463 19:24:10   -19975.589844        0.107928
FIRE:  3464 19:24:10   -19975.595703        0.178300
FIRE:  3465 19:24:10   -19975.636719        0.156238
FIRE:  3466 19:24:11   -19975.652344        0.101896
FIRE:  3467 19:24:11   -19975.685547        0.185617
FIRE:  3468 19:24:11   -19975.699219        0.096035
FIRE:  3469 19:24:12   -19975.722656        0.183902
FIRE:  3470 19:24:12   -19975.792969        0.094409
FIRE:  3471 19:24:12   -19975.849609        0.150314
FIRE:  3472 19:24:13   -19975.916016        0.256024
FIRE:  3473 19:24:13   -19976.011719        0.384732
FIRE:  3474 19:24:13   -19976.117188        0.752291
FIRE:  3475 19:24:14   -19976.214844        1.987919
FIRE:  3476 19:24:14   -19976.183594        3.800268
FIRE:  3477 19:24:14   -19976.335938        0.837330
FIRE:  3478 19:24:15   -19976.218750        5.095192
FIRE:  3479 19:24:15   -19976.310547        3.131954
FIRE:  3480 19:24:15   -19976.363281        0.497894
FIRE:  3481 19:24:16   -19976.351562        1.661180
FIRE:  3482 19:24:16   -19976.349609        1.569975
FIRE:  3483 19:24:16   -19976.361328        1.389239
FIRE:  3484 19:24:17   -19976.373047        1.123317
FIRE:  3485 19:24:17   -19976.359375        0.780654
FIRE:  3486 19:24:17   -19976.363281        0.377441
FIRE:  3487 19:24:18   -19976.367188        0.092216
FIRE:  3488 19:24:18   -19976.373047        0.482752
FIRE:  3489 19:24:18   -19976.376953        0.474402
FIRE:  3490 19:24:19   -19976.376953        0.457934
FIRE:  3491 19:24:19   -19976.367188        0.433997
FIRE:  3492 19:24:19   -19976.371094        0.402691
FIRE:  3493 19:24:20   -19976.371094        0.365010
FIRE:  3494 19:24:20   -19976.369141        0.321743
FIRE:  3495 19:24:20   -19976.390625        0.274317
FIRE:  3496 19:24:21   -19976.367188        0.218268
FIRE:  3497 19:24:21   -19976.369141        0.154717
FIRE:  3498 19:24:21   -19976.373047        0.092246
FIRE:  3499 19:24:22   -19976.380859        0.092253
FIRE:  3500 19:24:22   -19976.376953        0.099249
FIRE:  3501 19:24:22   -19976.369141        0.162748
FIRE:  3502 19:24:23   -19976.380859        0.209796
FIRE:  3503 19:24:23   -19976.388672        0.230666
FIRE:  3504 19:24:23   -19976.394531        0.217602
FIRE:  3505 19:24:24   -19976.394531        0.165931
FIRE:  3506 19:24:24   -19976.392578        0.092350
FIRE:  3507 19:24:24   -19976.404297        0.092378
FIRE:  3508 19:24:25   -19976.419922        0.156049
FIRE:  3509 19:24:25   -19976.421875        0.187810
FIRE:  3510 19:24:25   -19976.427734        0.132008
FIRE:  3511 19:24:26   -19976.433594        0.092538
FIRE:  3512 19:24:26   -19976.458984        0.148068
FIRE:  3513 19:24:26   -19976.462891        0.146081
FIRE:  3514 19:24:27   -19976.498047        0.092714
FIRE:  3515 19:24:27   -19976.523438        0.160204
FIRE:  3516 19:24:27   -19976.556641        0.092825
FIRE:  3517 19:24:28   -19976.611328        0.157398
FIRE:  3518 19:24:28   -19976.658203        0.095926
FIRE:  3519 19:24:28   -19976.701172        0.157748
FIRE:  3520 19:24:29   -19976.796875        0.218749
FIRE:  3521 19:24:29   -19976.867188        0.286295
FIRE:  3522 19:24:29   -19976.962891        0.542985
FIRE:  3523 19:24:30   -19977.039062        1.513126
FIRE:  3524 19:24:30   -19977.074219        3.305243
FIRE:  3525 19:24:30   -19977.189453        0.632669
FIRE:  3526 19:24:31   -19977.095703        4.159596
FIRE:  3527 19:24:31   -19977.162109        2.663535
FIRE:  3528 19:24:31   -19977.201172        0.556964
FIRE:  3529 19:24:32   -19977.189453        1.292911
FIRE:  3530 19:24:32   -19977.189453        1.220023
FIRE:  3531 19:24:32   -19977.195312        1.076639
FIRE:  3532 19:24:33   -19977.191406        0.867477
FIRE:  3533 19:24:33   -19977.207031        0.601534
FIRE:  3534 19:24:33   -19977.193359        0.293427
FIRE:  3535 19:24:34   -19977.197266        0.138790
FIRE:  3536 19:24:34   -19977.207031        0.357931
FIRE:  3537 19:24:34   -19977.228516        0.601825
FIRE:  3538 19:24:35   -19977.218750        0.751201
FIRE:  3539 19:24:35   -19977.207031        0.764804
FIRE:  3540 19:24:36   -19977.218750        0.617317
FIRE:  3541 19:24:36   -19977.232422        0.314195
FIRE:  3542 19:24:36   -19977.236328        0.141257
FIRE:  3543 19:24:37   -19977.234375        0.451201
FIRE:  3544 19:24:37   -19977.246094        0.578485
FIRE:  3545 19:24:37   -19977.267578        0.413956
FIRE:  3546 19:24:38   -19977.263672        0.145268
FIRE:  3547 19:24:38   -19977.285156        0.482286
FIRE:  3548 19:24:38   -19977.300781        0.420413
FIRE:  3549 19:24:39   -19977.339844        0.177238
FIRE:  3550 19:24:39   -19977.394531        0.466155
FIRE:  3551 19:24:39   -19977.417969        0.158289
FIRE:  3552 19:24:40   -19977.435547        0.477745
FIRE:  3553 19:24:40   -19977.474609        0.330865
FIRE:  3554 19:24:40   -19977.554688        0.174893
FIRE:  3555 19:24:41   -19977.619141        0.502145
FIRE:  3556 19:24:41   -19977.720703        1.106594
FIRE:  3557 19:24:41   -19977.822266        2.585263
FIRE:  3558 19:24:42   -19977.859375        0.204455
FIRE:  3559 19:24:42   -19977.849609        1.865241
FIRE:  3560 19:24:42   -19977.865234        1.526827
FIRE:  3561 19:24:43   -19977.855469        0.869188
FIRE:  3562 19:24:43   -19977.878906        0.206544
FIRE:  3563 19:24:43   -19977.859375        0.937026
FIRE:  3564 19:24:44   -19977.869141        0.879787
FIRE:  3565 19:24:44   -19977.876953        0.769756
FIRE:  3566 19:24:44   -19977.876953        0.615758
FIRE:  3567 19:24:45   -19977.880859        0.430420
FIRE:  3568 19:24:45   -19977.892578        0.229500
FIRE:  3569 19:24:45   -19977.894531        0.207926
FIRE:  3570 19:24:46   -19977.884766        0.208194
FIRE:  3571 19:24:46   -19977.880859        0.332986
FIRE:  3572 19:24:46   -19977.900391        0.438290
FIRE:  3573 19:24:47   -19977.904297        0.477024
FIRE:  3574 19:24:47   -19977.898438        0.432485
FIRE:  3575 19:24:47   -19977.900391        0.295275
FIRE:  3576 19:24:48   -19977.908203        0.211876
FIRE:  3577 19:24:48   -19977.921875        0.213081
FIRE:  3578 19:24:48   -19977.931641        0.370792
FIRE:  3579 19:24:49   -19977.947266        0.347249
FIRE:  3580 19:24:49   -19977.939453        0.218661
FIRE:  3581 19:24:49   -19977.957031        0.224886
FIRE:  3582 19:24:50   -19977.988281        0.330627
FIRE:  3583 19:24:50   -19978.007812        0.229006
FIRE:  3584 19:24:50   -19978.033203        0.294241
FIRE:  3585 19:24:51   -19978.068359        0.239611
FIRE:  3586 19:24:51   -19978.115234        0.295564
FIRE:  3587 19:24:51   -19978.171875        0.251148
FIRE:  3588 19:24:52   -19978.275391        0.384831
FIRE:  3589 19:24:52   -19978.330078        0.446944
FIRE:  3590 19:24:52   -19978.449219        0.488827
FIRE:  3591 19:24:53   -19978.552734        0.837278
FIRE:  3592 19:24:53   -19978.681641        2.290452
FIRE:  3593 19:24:53   -19978.632812        4.170427
FIRE:  3594 19:24:54   -19978.812500        0.946152
FIRE:  3595 19:24:54   -19978.642578        6.123389
FIRE:  3596 19:24:54   -19978.748047        3.518161
FIRE:  3597 19:24:55   -19978.820312        0.265047
FIRE:  3598 19:24:55   -19978.806641        2.108181
FIRE:  3599 19:24:55   -19978.804688        1.995024
FIRE:  3600 19:24:56   -19978.822266        1.769153
FIRE:  3601 19:24:56   -19978.816406        1.432552
FIRE:  3602 19:24:56   -19978.820312        0.991970
FIRE:  3603 19:24:57   -19978.833984        0.463477
FIRE:  3604 19:24:57   -19978.839844        0.239072
FIRE:  3605 19:24:57   -19978.837891        0.671092
FIRE:  3606 19:24:58   -19978.839844        0.658432
FIRE:  3607 19:24:58   -19978.845703        0.633946
FIRE:  3608 19:24:58   -19978.849609        0.597884
FIRE:  3609 19:24:59   -19978.851562        0.551144
FIRE:  3610 19:24:59   -19978.845703        0.495087
FIRE:  3611 19:24:59   -19978.839844        0.430804
FIRE:  3612 19:25:00   -19978.849609        0.360513
FIRE:  3613 19:25:00   -19978.845703        0.278112
FIRE:  3614 19:25:00   -19978.837891        0.239410
FIRE:  3615 19:25:01   -19978.837891        0.239477
FIRE:  3616 19:25:01   -19978.841797        0.239533
FIRE:  3617 19:25:01   -19978.839844        0.239568
FIRE:  3618 19:25:02   -19978.849609        0.240047
FIRE:  3619 19:25:02   -19978.861328        0.297696
FIRE:  3620 19:25:02   -19978.845703        0.316549
FIRE:  3621 19:25:03   -19978.857422        0.286849
FIRE:  3622 19:25:03   -19978.863281        0.239574
FIRE:  3623 19:25:03   -19978.882812        0.239397
FIRE:  3624 19:25:04   -19978.882812        0.238985
FIRE:  3625 19:25:04   -19978.878906        0.238395
FIRE:  3626 19:25:04   -19978.898438        0.250572
FIRE:  3627 19:25:05   -19978.925781        0.235937
FIRE:  3628 19:25:05   -19978.943359        0.233736
FIRE:  3629 19:25:05   -19978.964844        0.230625
FIRE:  3630 19:25:06   -19978.996094        0.231951
FIRE:  3631 19:25:06   -19979.000000        0.233954
FIRE:  3632 19:25:06   -19979.021484        0.235379
FIRE:  3633 19:25:07   -19979.070312        0.235615
FIRE:  3634 19:25:07   -19979.099609        0.233766
FIRE:  3635 19:25:07   -19979.169922        0.229258
FIRE:  3636 19:25:08   -19979.251953        0.220663
FIRE:  3637 19:25:08   -19979.335938        0.285663
FIRE:  3638 19:25:08   -19979.416016        0.498651
FIRE:  3639 19:25:09   -19979.537109        1.005705
FIRE:  3640 19:25:09   -19979.619141        2.568669
FIRE:  3641 19:25:09   -19979.640625        0.130526
FIRE:  3642 19:25:10   -19979.648438        0.130075
FIRE:  3643 19:25:10   -19979.654297        0.129299
FIRE:  3644 19:25:10   -19979.664062        0.128359
FIRE:  3645 19:25:11   -19979.667969        0.127499
FIRE:  3646 19:25:11   -19979.681641        0.126913
FIRE:  3647 19:25:11   -19979.673828        0.126662
FIRE:  3648 19:25:12   -19979.689453        0.126704
FIRE:  3649 19:25:12   -19979.695312        0.126812
FIRE:  3650 19:25:12   -19979.708984        0.126633
FIRE:  3651 19:25:13   -19979.714844        0.125690
FIRE:  3652 19:25:13   -19979.724609        0.123749
FIRE:  3653 19:25:13   -19979.751953        0.121127
FIRE:  3654 19:25:14   -19979.750000        0.118943
FIRE:  3655 19:25:14   -19979.779297        0.118259
FIRE:  3656 19:25:14   -19979.832031        0.134948
FIRE:  3657 19:25:15   -19979.855469        0.195013
FIRE:  3658 19:25:15   -19979.916016        0.312180
FIRE:  3659 19:25:15   -19979.982422        0.557681
FIRE:  3660 19:25:16   -19980.103516        1.047573
FIRE:  3661 19:25:16   -19980.351562        1.680883
FIRE:  3662 19:25:16   -19980.775391        1.557747
FIRE:  3663 19:25:17   -19981.007812        2.521499
FIRE:  3664 19:25:17   -19981.107422        1.593675
FIRE:  3665 19:25:17   -19981.167969        0.925706
FIRE:  3666 19:25:18   -19981.195312        1.218915
FIRE:  3667 19:25:18   -19981.246094        1.467185
FIRE:  3668 19:25:18   -19981.287109        1.410529
FIRE:  3669 19:25:19   -19981.392578        0.981731
FIRE:  3670 19:25:19   -19981.453125        0.451616
FIRE:  3671 19:25:19   -19981.517578        1.352393
FIRE:  3672 19:25:20   -19981.574219        1.443648
FIRE:  3673 19:25:20   -19981.695312        0.414737
FIRE:  3674 19:25:20   -19981.767578        1.086590
FIRE:  3675 19:25:21   -19981.886719        0.920504
FIRE:  3676 19:25:21   -19982.005859        0.786492
FIRE:  3677 19:25:21   -19982.183594        0.954407
FIRE:  3678 19:25:22   -19982.351562        0.785055
FIRE:  3679 19:25:22   -19982.523438        0.676727
FIRE:  3680 19:25:22   -19982.726562        0.732143
FIRE:  3681 19:25:23   -19982.925781        0.828994
FIRE:  3682 19:25:23   -19982.951172        2.158994
FIRE:  3683 19:25:23   -19982.917969        3.093840
FIRE:  3684 19:25:24   -19983.064453        1.489564
FIRE:  3685 19:25:24   -19983.042969        1.432239
FIRE:  3686 19:25:24   -19983.072266        1.247948
FIRE:  3687 19:25:25   -19983.074219        0.890430
FIRE:  3688 19:25:25   -19983.082031        0.454819
FIRE:  3689 19:25:25   -19983.105469        0.447720
FIRE:  3690 19:25:26   -19983.099609        0.699891
FIRE:  3691 19:25:26   -19983.097656        0.671372
FIRE:  3692 19:25:26   -19983.093750        0.616200
FIRE:  3693 19:25:27   -19983.091797        0.536921
FIRE:  3694 19:25:27   -19983.099609        0.438161
FIRE:  3695 19:25:27   -19983.091797        0.432370
FIRE:  3696 19:25:28   -19983.128906        0.429880
FIRE:  3697 19:25:28   -19983.119141        0.426891
FIRE:  3698 19:25:28   -19983.109375        0.423011
FIRE:  3699 19:25:29   -19983.115234        0.417955
FIRE:  3700 19:25:29   -19983.125000        0.411547
FIRE:  3701 19:25:29   -19983.140625        0.403542
FIRE:  3702 19:25:30   -19983.130859        0.393538
FIRE:  3703 19:25:30   -19983.130859        0.381079
FIRE:  3704 19:25:31   -19983.142578        0.365470
FIRE:  3705 19:25:31   -19983.158203        0.345690
FIRE:  3706 19:25:31   -19983.152344        0.320464
FIRE:  3707 19:25:32   -19983.181641        0.288645
FIRE:  3708 19:25:32   -19983.189453        0.249179
FIRE:  3709 19:25:32   -19983.205078        0.200956
FIRE:  3710 19:25:33   -19983.234375        0.213295
FIRE:  3711 19:25:33   -19983.232422        0.202125
FIRE:  3712 19:25:33   -19983.251953        0.148679
FIRE:  3713 19:25:34   -19983.283203        0.229723
FIRE:  3714 19:25:34   -19983.306641        0.184331
FIRE:  3715 19:25:34   -19983.324219        0.228802
FIRE:  3716 19:25:35   -19983.365234        0.203718
FIRE:  3717 19:25:35   -19983.445312        0.179100
FIRE:  3718 19:25:35   -19983.509766        0.311503
FIRE:  3719 19:25:36   -19983.566406        0.419494
FIRE:  3720 19:25:36   -19983.658203        0.704357
FIRE:  3721 19:25:36   -19983.705078        1.618811
FIRE:  3722 19:25:37   -19983.746094        0.171381
FIRE:  3723 19:25:37   -19983.736328        1.256921
FIRE:  3724 19:25:37   -19983.736328        1.004825
FIRE:  3725 19:25:38   -19983.755859        0.530163
FIRE:  3726 19:25:38   -19983.751953        0.177287
FIRE:  3727 19:25:38   -19983.757812        0.167357
FIRE:  3728 19:25:39   -19983.767578        0.148422
FIRE:  3729 19:25:39   -19983.767578        0.133452
FIRE:  3730 19:25:39   -19983.763672        0.131950
FIRE:  3731 19:25:40   -19983.759766        0.130084
FIRE:  3732 19:25:40   -19983.767578        0.127834
FIRE:  3733 19:25:40   -19983.787109        0.125281
FIRE:  3734 19:25:41   -19983.796875        0.122070
FIRE:  3735 19:25:41   -19983.781250        0.118047
FIRE:  3736 19:25:41   -19983.783203        0.113122
FIRE:  3737 19:25:42   -19983.779297        0.107204
FIRE:  3738 19:25:42   -19983.783203        0.101661
FIRE:  3739 19:25:42   -19983.777344        0.102337
FIRE:  3740 19:25:43   -19983.769531        0.103169
FIRE:  3741 19:25:43   -19983.777344        0.104163
FIRE:  3742 19:25:43   -19983.783203        0.105342
FIRE:  3743 19:25:44   -19983.804688        0.106720
FIRE:  3744 19:25:44   -19983.833984        0.108307
FIRE:  3745 19:25:44   -19983.845703        0.110036
FIRE:  3746 19:25:45   -19983.847656        0.111871
FIRE:  3747 19:25:45   -19983.884766        0.113691
FIRE:  3748 19:25:45   -19983.894531        0.115256
FIRE:  3749 19:25:46   -19983.912109        0.116305
FIRE:  3750 19:25:46   -19983.929688        0.116558
FIRE:  3751 19:25:46   -19983.996094        0.116436
FIRE:  3752 19:25:47   -19984.041016        0.123814
FIRE:  3753 19:25:47   -19984.111328        0.165483
FIRE:  3754 19:25:47   -19984.185547        0.483843
FIRE:  3755 19:25:48   -19984.263672        1.406031
FIRE:  3756 19:25:48   -19984.156250        5.054340
FIRE:  3757 19:25:48   -19984.361328        1.635355
FIRE:  3758 19:25:49   -19984.363281        1.236160
FIRE:  3759 19:25:49   -19984.376953        0.483153
FIRE:  3760 19:25:49   -19984.375000        0.478631
FIRE:  3761 19:25:50   -19984.382812        0.442783
FIRE:  3762 19:25:50   -19984.396484        0.373504
FIRE:  3763 19:25:50   -19984.388672        0.278258
FIRE:  3764 19:25:51   -19984.380859        0.165795
FIRE:  3765 19:25:51   -19984.392578        0.156342
FIRE:  3766 19:25:51   -19984.404297        0.156623
FIRE:  3767 19:25:52   -19984.380859        0.160385
FIRE:  3768 19:25:52   -19984.386719        0.225598
FIRE:  3769 19:25:52   -19984.386719        0.252339
FIRE:  3770 19:25:53   -19984.384766        0.228904
FIRE:  3771 19:25:53   -19984.402344        0.159412
FIRE:  3772 19:25:53   -19984.408203        0.160437
FIRE:  3773 19:25:54   -19984.419922        0.161726
FIRE:  3774 19:25:54   -19984.427734        0.200418
FIRE:  3775 19:25:54   -19984.433594        0.168021
FIRE:  3776 19:25:55   -19984.458984        0.167812
FIRE:  3777 19:25:55   -19984.464844        0.170910
FIRE:  3778 19:25:55   -19984.474609        0.174798
FIRE:  3779 19:25:56   -19984.498047        0.179694
FIRE:  3780 19:25:56   -19984.527344        0.185913
FIRE:  3781 19:25:56   -19984.550781        0.193890
FIRE:  3782 19:25:57   -19984.580078        0.204433
FIRE:  3783 19:25:57   -19984.609375        0.218714
FIRE:  3784 19:25:57   -19984.685547        0.238978
FIRE:  3785 19:25:58   -19984.738281        0.268835
FIRE:  3786 19:25:58   -19984.835938        0.443196
FIRE:  3787 19:25:58   -19984.960938        0.990772
FIRE:  3788 19:25:59   -19985.078125        2.952111
FIRE:  3789 19:25:59   -19985.066406        4.705105
FIRE:  3790 19:25:59   -19985.328125        1.048193
FIRE:  3791 19:26:00   -19985.064453        7.760572
FIRE:  3792 19:26:00   -19985.257812        4.065706
FIRE:  3793 19:26:00   -19985.363281        0.452402
FIRE:  3794 19:26:01   -19985.373047        0.452393
FIRE:  3795 19:26:01   -19985.365234        0.452365
FIRE:  3796 19:26:01   -19985.380859        0.452323
FIRE:  3797 19:26:02   -19985.378906        0.452265
FIRE:  3798 19:26:02   -19985.384766        0.452170
FIRE:  3799 19:26:02   -19985.386719        0.452065
FIRE:  3800 19:26:03   -19985.382812        0.451923
FIRE:  3801 19:26:03   -19985.382812        0.451699
FIRE:  3802 19:26:03   -19985.398438        0.451427
FIRE:  3803 19:26:04   -19985.412109        0.451031
FIRE:  3804 19:26:04   -19985.423828        0.450469
FIRE:  3805 19:26:04   -19985.419922        0.449715
FIRE:  3806 19:26:05   -19985.437500        0.448740
FIRE:  3807 19:26:05   -19985.470703        0.447568
FIRE:  3808 19:26:05   -19985.496094        0.446384
FIRE:  3809 19:26:06   -19985.511719        0.445787
FIRE:  3810 19:26:06   -19985.539062        0.447211
FIRE:  3811 19:26:06   -19985.574219        0.453832
FIRE:  3812 19:26:07   -19985.626953        0.471804
FIRE:  3813 19:26:07   -19985.705078        0.509652
FIRE:  3814 19:26:07   -19985.781250        0.570022
FIRE:  3815 19:26:08   -19985.882812        0.625220
FIRE:  3816 19:26:08   -19985.958984        0.656401
FIRE:  3817 19:26:08   -19986.103516        0.755071
FIRE:  3818 19:26:09   -19986.207031        1.052242
FIRE:  3819 19:26:09   -19986.341797        1.093816
FIRE:  3820 19:26:09   -19986.529297        0.626658
FIRE:  3821 19:26:10   -19986.660156        0.749095
FIRE:  3822 19:26:10   -19986.748047        1.229073
FIRE:  3823 19:26:10   -19986.802734        2.572638
FIRE:  3824 19:26:11   -19986.916016        0.890291
FIRE:  3825 19:26:11   -19986.921875        0.532552
FIRE:  3826 19:26:11   -19986.925781        0.399575
FIRE:  3827 19:26:12   -19986.960938        0.469083
FIRE:  3828 19:26:12   -19986.960938        0.645740
FIRE:  3829 19:26:12   -19986.980469        0.510814
FIRE:  3830 19:26:13   -19986.988281        0.296088
FIRE:  3831 19:26:13   -19986.998047        0.325951
FIRE:  3832 19:26:13   -19987.005859        0.527743
FIRE:  3833 19:26:14   -19987.033203        0.281054
FIRE:  3834 19:26:14   -19987.062500        0.272684
FIRE:  3835 19:26:14   -19987.101562        0.441022
FIRE:  3836 19:26:15   -19987.115234        0.243682
FIRE:  3837 19:26:15   -19987.164062        0.462877
FIRE:  3838 19:26:15   -19987.214844        0.256755
FIRE:  3839 19:26:16   -19987.257812        0.367925
FIRE:  3840 19:26:16   -19987.314453        0.490397
FIRE:  3841 19:26:16   -19987.404297        0.417382
FIRE:  3842 19:26:17   -19987.447266        0.542769
FIRE:  3843 19:26:17   -19987.515625        1.225775
FIRE:  3844 19:26:17   -19987.468750        4.162909
FIRE:  3845 19:26:18   -19987.638672        1.129941
FIRE:  3846 19:26:18   -19987.636719        0.849135
FIRE:  3847 19:26:18   -19987.648438        0.334795
FIRE:  3848 19:26:19   -19987.632812        0.301012
FIRE:  3849 19:26:19   -19987.638672        0.279740
FIRE:  3850 19:26:19   -19987.644531        0.238915
FIRE:  3851 19:26:20   -19987.638672        0.187234
FIRE:  3852 19:26:20   -19987.638672        0.183972
FIRE:  3853 19:26:20   -19987.642578        0.179973
FIRE:  3854 19:26:21   -19987.638672        0.175421
FIRE:  3855 19:26:21   -19987.644531        0.170447
FIRE:  3856 19:26:21   -19987.660156        0.164620
FIRE:  3857 19:26:22   -19987.654297        0.158070
FIRE:  3858 19:26:22   -19987.658203        0.150870
FIRE:  3859 19:26:22   -19987.669922        0.143421
FIRE:  3860 19:26:23   -19987.669922        0.137805
FIRE:  3861 19:26:23   -19987.681641        0.139647
FIRE:  3862 19:26:23   -19987.675781        0.141912
FIRE:  3863 19:26:24   -19987.677734        0.144705
FIRE:  3864 19:26:24   -19987.701172        0.148087
FIRE:  3865 19:26:24   -19987.716797        0.152120
FIRE:  3866 19:26:25   -19987.738281        0.156994
FIRE:  3867 19:26:25   -19987.763672        0.162640
FIRE:  3868 19:26:25   -19987.779297        0.169008
FIRE:  3869 19:26:26   -19987.816406        0.175952
FIRE:  3870 19:26:26   -19987.871094        0.183233
FIRE:  3871 19:26:27   -19987.919922        0.191502
FIRE:  3872 19:26:27   -19987.970703        0.202732
FIRE:  3873 19:26:27   -19988.025391        0.221763
FIRE:  3874 19:26:28   -19988.128906        0.305686
FIRE:  3875 19:26:28   -19988.224609        0.729285
FIRE:  3876 19:26:28   -19988.341797        2.167953
FIRE:  3877 19:26:29   -19988.302734        3.999490
FIRE:  3878 19:26:29   -19988.541016        0.682541
FIRE:  3879 19:26:29   -19988.298828        6.019433
FIRE:  3880 19:26:30   -19988.457031        3.444342
FIRE:  3881 19:26:30   -19988.558594        0.447554
FIRE:  3882 19:26:30   -19988.488281        2.107439
FIRE:  3883 19:26:31   -19988.494141        1.990195
FIRE:  3884 19:26:31   -19988.509766        1.755986
FIRE:  3885 19:26:31   -19988.529297        1.407687
FIRE:  3886 19:26:32   -19988.542969        0.952464
FIRE:  3887 19:26:32   -19988.546875        0.451139
FIRE:  3888 19:26:32   -19988.564453        0.452018
FIRE:  3889 19:26:33   -19988.550781        0.723823
FIRE:  3890 19:26:33   -19988.560547        0.709850
FIRE:  3891 19:26:33   -19988.558594        0.682044
FIRE:  3892 19:26:34   -19988.550781        0.641736
FIRE:  3893 19:26:34   -19988.566406        0.589115
FIRE:  3894 19:26:34   -19988.556641        0.526089
FIRE:  3895 19:26:35   -19988.580078        0.454183
FIRE:  3896 19:26:35   -19988.566406        0.453999
FIRE:  3897 19:26:35   -19988.574219        0.454282
FIRE:  3898 19:26:36   -19988.560547        0.454641
FIRE:  3899 19:26:36   -19988.560547        0.455150
FIRE:  3900 19:26:36   -19988.572266        0.455756
FIRE:  3901 19:26:37   -19988.566406        0.456531
FIRE:  3902 19:26:37   -19988.568359        0.457524
FIRE:  3903 19:26:37   -19988.572266        0.458750
FIRE:  3904 19:26:38   -19988.585938        0.460281
FIRE:  3905 19:26:38   -19988.591797        0.462187
FIRE:  3906 19:26:38   -19988.597656        0.464584
FIRE:  3907 19:26:39   -19988.595703        0.467643
FIRE:  3908 19:26:39   -19988.615234        0.471621
FIRE:  3909 19:26:39   -19988.623047        0.476783
FIRE:  3910 19:26:40   -19988.646484        0.483554
FIRE:  3911 19:26:40   -19988.675781        0.492580
FIRE:  3912 19:26:40   -19988.707031        0.504840
FIRE:  3913 19:26:41   -19988.730469        0.521738
FIRE:  3914 19:26:41   -19988.773438        0.545125
FIRE:  3915 19:26:41   -19988.804688        0.577651
FIRE:  3916 19:26:42   -19988.839844        0.622474
FIRE:  3917 19:26:42   -19988.929688        0.682016
FIRE:  3918 19:26:42   -19989.029297        0.755374
FIRE:  3919 19:26:43   -19989.138672        0.828357
FIRE:  3920 19:26:43   -19989.298828        0.850933
FIRE:  3921 19:26:43   -19989.466797        0.701983
FIRE:  3922 19:26:44   -19989.654297        0.457925
FIRE:  3923 19:26:44   -19989.685547        1.337149
FIRE:  3924 19:26:44   -19989.710938        1.166233
FIRE:  3925 19:26:45   -19989.722656        0.880377
FIRE:  3926 19:26:45   -19989.761719        0.760022
FIRE:  3927 19:26:45   -19989.792969        0.482285
FIRE:  3928 19:26:46   -19989.802734        0.580035
FIRE:  3929 19:26:46   -19989.814453        0.540933
FIRE:  3930 19:26:46   -19989.841797        0.435767
FIRE:  3931 19:26:47   -19989.896484        0.620062
FIRE:  3932 19:26:47   -19989.943359        0.490685
FIRE:  3933 19:26:47   -19989.966797        0.588187
FIRE:  3934 19:26:48   -19990.005859        0.506683
FIRE:  3935 19:26:48   -19990.078125        0.555879
FIRE:  3936 19:26:48   -19990.187500        0.850567
FIRE:  3937 19:26:49   -19990.269531        1.080325
FIRE:  3938 19:26:49   -19990.337891        1.730803
FIRE:  3939 19:26:49   -19990.365234        0.372583
FIRE:  3940 19:26:50   -19990.363281        1.562587
FIRE:  3941 19:26:50   -19990.359375        1.165119
FIRE:  3942 19:26:50   -19990.386719        0.507213
FIRE:  3943 19:26:51   -19990.392578        0.255086
FIRE:  3944 19:26:51   -19990.394531        0.738558
FIRE:  3945 19:26:51   -19990.394531        0.700963
FIRE:  3946 19:26:52   -19990.394531        0.627145
FIRE:  3947 19:26:52   -19990.388672        0.520391
FIRE:  3948 19:26:52   -19990.390625        0.386068
FIRE:  3949 19:26:53   -19990.400391        0.231974
FIRE:  3950 19:26:53   -19990.408203        0.220497
FIRE:  3951 19:26:53   -19990.392578        0.214594
FIRE:  3952 19:26:54   -19990.410156        0.244870
FIRE:  3953 19:26:54   -19990.410156        0.355531
FIRE:  3954 19:26:54   -19990.408203        0.407263
FIRE:  3955 19:26:55   -19990.435547        0.379154
FIRE:  3956 19:26:55   -19990.439453        0.262115
FIRE:  3957 19:26:55   -19990.439453        0.207552
FIRE:  3958 19:26:56   -19990.457031        0.210489
FIRE:  3959 19:26:56   -19990.449219        0.293579
FIRE:  3960 19:26:56   -19990.451172        0.288479
FIRE:  3961 19:26:57   -19990.501953        0.224141
FIRE:  3962 19:26:57   -19990.503906        0.230918
FIRE:  3963 19:26:57   -19990.517578        0.283574
FIRE:  3964 19:26:58   -19990.542969        0.249047
FIRE:  3965 19:26:58   -19990.574219        0.260723
FIRE:  3966 19:26:58   -19990.607422        0.273940
FIRE:  3967 19:26:59   -19990.654297        0.287950
FIRE:  3968 19:26:59   -19990.740234        0.300573
FIRE:  3969 19:26:59   -19990.808594        0.306636
FIRE:  3970 19:27:00   -19990.935547        0.324826
FIRE:  3971 19:27:00   -19991.064453        0.358000
FIRE:  3972 19:27:00   -19991.205078        0.719396
FIRE:  3973 19:27:01   -19991.289062        1.695734
FIRE:  3974 19:27:01   -19991.283203        4.003836
FIRE:  3975 19:27:01   -19991.404297        1.068574
FIRE:  3976 19:27:02   -19991.406250        0.802332
FIRE:  3977 19:27:02   -19991.406250        0.472678
FIRE:  3978 19:27:02   -19991.429688        0.435542
FIRE:  3979 19:27:03   -19991.439453        0.716203
FIRE:  3980 19:27:03   -19991.439453        0.836571
FIRE:  3981 19:27:03   -19991.453125        0.617535
FIRE:  3982 19:27:04   -19991.455078        0.229481
FIRE:  3983 19:27:04   -19991.476562        0.355652
FIRE:  3984 19:27:04   -19991.490234        0.619022
FIRE:  3985 19:27:05   -19991.501953        0.463081
FIRE:  3986 19:27:05   -19991.505859        0.122765
FIRE:  3987 19:27:05   -19991.521484        0.572930
FIRE:  3988 19:27:06   -19991.548828        0.269261
FIRE:  3989 19:27:06   -19991.566406        0.474723
FIRE:  3990 19:27:06   -19991.607422        0.326005
FIRE:  3991 19:27:07   -19991.625000        0.629656
FIRE:  3992 19:27:07   -19991.699219        0.161802
FIRE:  3993 19:27:07   -19991.728516        0.438442
FIRE:  3994 19:27:08   -19991.800781        1.007357
FIRE:  3995 19:27:08   -19991.857422        1.663016
FIRE:  3996 19:27:08   -19991.892578        0.447399
FIRE:  3997 19:27:09   -19991.880859        1.370772
FIRE:  3998 19:27:09   -19991.896484        1.050305
FIRE:  3999 19:27:09   -19991.898438        0.508541
FIRE:  4000 19:27:10   -19991.900391        0.114155
FIRE:  4001 19:27:10   -19991.902344        0.589299
FIRE:  4002 19:27:10   -19991.888672        0.560887
FIRE:  4003 19:27:11   -19991.900391        0.505182
FIRE:  4004 19:27:11   -19991.906250        0.424758
FIRE:  4005 19:27:11   -19991.902344        0.323396
FIRE:  4006 19:27:12   -19991.898438        0.206566
FIRE:  4007 19:27:12   -19991.906250        0.086013
FIRE:  4008 19:27:12   -19991.896484        0.085942
FIRE:  4009 19:27:13   -19991.908203        0.168332
FIRE:  4010 19:27:13   -19991.906250        0.262209
FIRE:  4011 19:27:13   -19991.892578        0.315502
FIRE:  4012 19:27:14   -19991.902344        0.312047
FIRE:  4013 19:27:14   -19991.912109        0.240975
FIRE:  4014 19:27:14   -19991.910156        0.106871
FIRE:  4015 19:27:15   -19991.906250        0.083831
FIRE:  4016 19:27:15   -19991.919922        0.207803
FIRE:  4017 19:27:15   -19991.917969        0.244910
FIRE:  4018 19:27:16   -19991.935547        0.146864
FIRE:  4019 19:27:16   -19991.941406        0.087482
FIRE:  4020 19:27:16   -19991.960938        0.218761
FIRE:  4021 19:27:17   -19991.974609        0.145229
FIRE:  4022 19:27:17   -19992.007812        0.119761
FIRE:  4023 19:27:17   -19992.019531        0.191780
FIRE:  4024 19:27:18   -19992.044922        0.113804
FIRE:  4025 19:27:18   -19992.080078        0.171486
FIRE:  4026 19:27:18   -19992.126953        0.206031
FIRE:  4027 19:27:19   -19992.175781        0.149752
FIRE:  4028 19:27:19   -19992.232422        0.165073
FIRE:  4029 19:27:19   -19992.345703        0.218735
FIRE:  4030 19:27:20   -19992.417969        0.752282
FIRE:  4031 19:27:20   -19992.490234        2.187429
FIRE:  4032 19:27:20   -19992.544922        0.232082
FIRE:  4033 19:27:21   -19992.511719        2.454321
FIRE:  4034 19:27:21   -19992.544922        1.677528
FIRE:  4035 19:27:21   -19992.558594        0.483311
FIRE:  4036 19:27:22   -19992.558594        0.682198
FIRE:  4037 19:27:22   -19992.558594        0.641378
FIRE:  4038 19:27:22   -19992.552734        0.561648
FIRE:  4039 19:27:23   -19992.548828        0.447457
FIRE:  4040 19:27:23   -19992.550781        0.305418
FIRE:  4041 19:27:23   -19992.556641        0.211451
FIRE:  4042 19:27:24   -19992.558594        0.211356
FIRE:  4043 19:27:24   -19992.570312        0.211256
FIRE:  4044 19:27:24   -19992.572266        0.298873
FIRE:  4045 19:27:25   -19992.566406        0.373615
FIRE:  4046 19:27:25   -19992.568359        0.378615
FIRE:  4047 19:27:25   -19992.560547        0.299899
FIRE:  4048 19:27:26   -19992.582031        0.210454
FIRE:  4049 19:27:26   -19992.591797        0.210278
FIRE:  4050 19:27:26   -19992.595703        0.243649
FIRE:  4051 19:27:27   -19992.589844        0.293158
FIRE:  4052 19:27:27   -19992.613281        0.210112
FIRE:  4053 19:27:27   -19992.613281        0.210373
FIRE:  4054 19:27:28   -19992.630859        0.262932
FIRE:  4055 19:27:28   -19992.660156        0.211981
FIRE:  4056 19:27:28   -19992.683594        0.213613
FIRE:  4057 19:27:29   -19992.689453        0.222632
FIRE:  4058 19:27:29   -19992.746094        0.219393
FIRE:  4059 19:27:29   -19992.794922        0.223737
FIRE:  4060 19:27:30   -19992.816406        0.267159
FIRE:  4061 19:27:30   -19992.888672        0.234241
FIRE:  4062 19:27:30   -19992.949219        0.238421
FIRE:  4063 19:27:31   -19993.033203        0.238858
FIRE:  4064 19:27:31   -19993.150391        0.231139
FIRE:  4065 19:27:31   -19993.273438        0.423019
FIRE:  4066 19:27:32   -19993.421875        1.675126
FIRE:  4067 19:27:32   -19993.304688        4.264040
FIRE:  4068 19:27:32   -19993.453125        2.705539
FIRE:  4069 19:27:33   -19993.498047        1.934924
FIRE:  4070 19:27:33   -19993.566406        0.353911
FIRE:  4071 19:27:33   -19993.519531        1.712233
FIRE:  4072 19:27:34   -19993.529297        1.512190
FIRE:  4073 19:27:34   -19993.560547        1.145790
FIRE:  4074 19:27:34   -19993.550781        0.671019
FIRE:  4075 19:27:35   -19993.552734        0.182401
FIRE:  4076 19:27:35   -19993.556641        0.319433
FIRE:  4077 19:27:36   -19993.552734        0.311960
FIRE:  4078 19:27:36   -19993.558594        0.296876
FIRE:  4079 19:27:36   -19993.572266        0.275281
FIRE:  4080 19:27:36   -19993.554688        0.246792
FIRE:  4081 19:27:37   -19993.556641        0.212901
FIRE:  4082 19:27:37   -19993.562500        0.181787
FIRE:  4083 19:27:37   -19993.570312        0.181692
FIRE:  4084 19:27:38   -19993.570312        0.181563
FIRE:  4085 19:27:38   -19993.587891        0.181406
FIRE:  4086 19:27:38   -19993.578125        0.181201
FIRE:  4087 19:27:39   -19993.585938        0.180942
FIRE:  4088 19:27:39   -19993.572266        0.180625
FIRE:  4089 19:27:40   -19993.572266        0.180221
FIRE:  4090 19:27:40   -19993.587891        0.179721
FIRE:  4091 19:27:40   -19993.593750        0.179099
FIRE:  4092 19:27:41   -19993.589844        0.178318
FIRE:  4093 19:27:41   -19993.593750        0.177341
FIRE:  4094 19:27:41   -19993.593750        0.176108
FIRE:  4095 19:27:42   -19993.603516        0.174542
FIRE:  4096 19:27:42   -19993.603516        0.172561
FIRE:  4097 19:27:42   -19993.599609        0.170032
FIRE:  4098 19:27:43   -19993.619141        0.166782
FIRE:  4099 19:27:43   -19993.626953        0.162593
FIRE:  4100 19:27:43   -19993.662109        0.157159
FIRE:  4101 19:27:44   -19993.683594        0.150074
FIRE:  4102 19:27:44   -19993.716797        0.140839
FIRE:  4103 19:27:44   -19993.750000        0.128815
FIRE:  4104 19:27:45   -19993.796875        0.120025
FIRE:  4105 19:27:45   -19993.857422        0.120427
FIRE:  4106 19:27:45   -19993.900391        0.152094
FIRE:  4107 19:27:46   -19993.984375        0.222469
FIRE:  4108 19:27:46   -19994.052734        0.486596
FIRE:  4109 19:27:46   -19994.123047        1.242777
FIRE:  4110 19:27:47   -19994.150391        3.945970
FIRE:  4111 19:27:47   -19994.277344        0.881667
FIRE:  4112 19:27:47   -19994.275391        0.669793
FIRE:  4113 19:27:48   -19994.285156        0.284207
FIRE:  4114 19:27:48   -19994.277344        0.210715
FIRE:  4115 19:27:48   -19994.279297        0.551811
FIRE:  4116 19:27:49   -19994.281250        0.680654
FIRE:  4117 19:27:49   -19994.289062        0.547665
FIRE:  4118 19:27:49   -19994.289062        0.222113
FIRE:  4119 19:27:50   -19994.304688        0.207068
FIRE:  4120 19:27:50   -19994.316406        0.483293
FIRE:  4121 19:27:50   -19994.330078        0.440631
FIRE:  4122 19:27:51   -19994.343750        0.182455
FIRE:  4123 19:27:51   -19994.363281        0.430397
FIRE:  4124 19:27:51   -19994.390625        0.338905
FIRE:  4125 19:27:52   -19994.421875        0.282907
FIRE:  4126 19:27:52   -19994.445312        0.348184
FIRE:  4127 19:27:52   -19994.472656        0.381539
FIRE:  4128 19:27:53   -19994.537109        0.203399
FIRE:  4129 19:27:53   -19994.591797        0.451768
FIRE:  4130 19:27:53   -19994.652344        0.802377
FIRE:  4131 19:27:54   -19994.746094        1.292124
FIRE:  4132 19:27:54   -19994.798828        2.892238
FIRE:  4133 19:27:54   -19994.865234        0.376978
FIRE:  4134 19:27:55   -19994.863281        0.377720
FIRE:  4135 19:27:55   -19994.853516        0.379238
FIRE:  4136 19:27:55   -19994.857422        0.381510
FIRE:  4137 19:27:56   -19994.859375        0.384525
FIRE:  4138 19:27:56   -19994.867188        0.388223
FIRE:  4139 19:27:56   -19994.886719        0.392595
FIRE:  4140 19:27:57   -19994.896484        0.397604
FIRE:  4141 19:27:57   -19994.908203        0.403806
FIRE:  4142 19:27:57   -19994.921875        0.411445
FIRE:  4143 19:27:58   -19994.923828        0.420609
FIRE:  4144 19:27:58   -19994.974609        0.431362
FIRE:  4145 19:27:58   -19994.994141        0.443563
FIRE:  4146 19:27:59   -19995.046875        0.456594
FIRE:  4147 19:27:59   -19995.082031        0.468920
FIRE:  4148 19:27:59   -19995.142578        0.477352
FIRE:  4149 19:28:00   -19995.230469        0.473855
FIRE:  4150 19:28:00   -19995.320312        0.438407
FIRE:  4151 19:28:00   -19995.445312        0.323661
FIRE:  4152 19:28:01   -19995.523438        0.288325
FIRE:  4153 19:28:01   -19995.623047        0.707972
FIRE:  4154 19:28:01   -19995.646484        1.943920
FIRE:  4155 19:28:02   -19995.673828        1.142999
FIRE:  4156 19:28:02   -19995.697266        1.386321
FIRE:  4157 19:28:02   -19995.710938        1.133042
FIRE:  4158 19:28:03   -19995.708984        0.816548
FIRE:  4159 19:28:03   -19995.728516        0.759949
FIRE:  4160 19:28:03   -19995.722656        0.687261
FIRE:  4161 19:28:04   -19995.744141        0.997066
FIRE:  4162 19:28:04   -19995.751953        1.013541
FIRE:  4163 19:28:04   -19995.751953        0.690616
FIRE:  4164 19:28:05   -19995.771484        0.341995
FIRE:  4165 19:28:05   -19995.785156        0.514512
FIRE:  4166 19:28:05   -19995.808594        0.777012
FIRE:  4167 19:28:06   -19995.816406        0.538999
FIRE:  4168 19:28:06   -19995.832031        0.193371
FIRE:  4169 19:28:06   -19995.849609        0.722340
FIRE:  4170 19:28:07   -19995.878906        0.333986
FIRE:  4171 19:28:07   -19995.896484        0.557447
FIRE:  4172 19:28:07   -19995.919922        0.471529
FIRE:  4173 19:28:08   -19995.978516        0.642611
FIRE:  4174 19:28:08   -19996.062500        0.252681
FIRE:  4175 19:28:08   -19996.117188        0.761575
FIRE:  4176 19:28:09   -19996.236328        1.014358
FIRE:  4177 19:28:09   -19996.339844        1.287868
FIRE:  4178 19:28:09   -19996.494141        2.614408
FIRE:  4179 19:28:10   -19996.474609        4.261878
FIRE:  4180 19:28:10   -19996.683594        1.080189
FIRE:  4181 19:28:10   -19996.513672        6.390476
FIRE:  4182 19:28:11   -19996.654297        3.593265
FIRE:  4183 19:28:11   -19996.732422        0.386651
FIRE:  4184 19:28:11   -19996.708984        2.159570
FIRE:  4185 19:28:12   -19996.705078        2.044869
FIRE:  4186 19:28:12   -19996.699219        1.815679
FIRE:  4187 19:28:12   -19996.714844        1.473024
FIRE:  4188 19:28:13   -19996.722656        1.022677
FIRE:  4189 19:28:13   -19996.742188        0.481013
FIRE:  4190 19:28:13   -19996.751953        0.389682
FIRE:  4191 19:28:14   -19996.771484        0.667441
FIRE:  4192 19:28:14   -19996.750000        0.654829
FIRE:  4193 19:28:14   -19996.755859        0.629636
FIRE:  4194 19:28:15   -19996.755859        0.593163
FIRE:  4195 19:28:15   -19996.761719        0.545463
FIRE:  4196 19:28:15   -19996.759766        0.488369
FIRE:  4197 19:28:16   -19996.759766        0.423446
FIRE:  4198 19:28:16   -19996.755859        0.390756
FIRE:  4199 19:28:16   -19996.755859        0.390911
FIRE:  4200 19:28:17   -19996.763672        0.391105
FIRE:  4201 19:28:17   -19996.769531        0.391337
FIRE:  4202 19:28:17   -19996.759766        0.391629
FIRE:  4203 19:28:18   -19996.773438        0.391985
FIRE:  4204 19:28:18   -19996.779297        0.392390
FIRE:  4205 19:28:18   -19996.787109        0.392854
FIRE:  4206 19:28:19   -19996.779297        0.393382
FIRE:  4207 19:28:19   -19996.791016        0.393928
FIRE:  4208 19:28:19   -19996.806641        0.394502
FIRE:  4209 19:28:20   -19996.812500        0.395039
FIRE:  4210 19:28:20   -19996.824219        0.395476
FIRE:  4211 19:28:20   -19996.849609        0.395722
FIRE:  4212 19:28:21   -19996.875000        0.395609
FIRE:  4213 19:28:21   -19996.892578        0.395006
FIRE:  4214 19:28:21   -19996.914062        0.393760
FIRE:  4215 19:28:22   -19996.962891        0.391841
FIRE:  4216 19:28:22   -19997.011719        0.389553
FIRE:  4217 19:28:22   -19997.062500        0.387901
FIRE:  4218 19:28:23   -19997.134766        0.389002
FIRE:  4219 19:28:23   -19997.195312        0.396451
FIRE:  4220 19:28:23   -19997.287109        0.415078
FIRE:  4221 19:28:24   -19997.414062        0.447811
FIRE:  4222 19:28:24   -19997.554688        0.485911
FIRE:  4223 19:28:24   -19997.740234        0.488759
FIRE:  4224 19:28:25   -19997.931641        0.464228
FIRE:  4225 19:28:25   -19998.097656        0.815021
FIRE:  4226 19:28:25   -19998.232422        1.321316
FIRE:  4227 19:28:26   -19998.333984        1.723872
FIRE:  4228 19:28:26   -19998.513672        1.974980
FIRE:  4229 19:28:26   -19998.662109        2.165673
FIRE:  4230 19:28:27   -19998.853516        2.466938
FIRE:  4231 19:28:27   -19998.855469        2.319889
FIRE:  4232 19:28:27   -19998.892578        1.432215
FIRE:  4233 19:28:28   -19998.914062        0.364972
FIRE:  4234 19:28:28   -19998.896484        0.363184
FIRE:  4235 19:28:28   -19998.898438        0.359623
FIRE:  4236 19:28:29   -19998.906250        0.354320
FIRE:  4237 19:28:29   -19998.890625        0.347322
FIRE:  4238 19:28:29   -19998.912109        0.338714
FIRE:  4239 19:28:30   -19998.921875        0.328615
FIRE:  4240 19:28:30   -19998.933594        0.317171
FIRE:  4241 19:28:30   -19998.931641        0.303137
FIRE:  4242 19:28:31   -19998.939453        0.286158
FIRE:  4243 19:28:31   -19998.964844        0.265919
FIRE:  4244 19:28:31   -19999.000000        0.242207
FIRE:  4245 19:28:32   -19998.966797        0.219186
FIRE:  4246 19:28:32   -19998.992188        0.216372
FIRE:  4247 19:28:32   -19999.005859        0.213248
FIRE:  4248 19:28:33   -19999.031250        0.209848
FIRE:  4249 19:28:33   -19999.046875        0.206220
FIRE:  4250 19:28:33   -19999.062500        0.202424
FIRE:  4251 19:28:34   -19999.113281        0.198402
FIRE:  4252 19:28:34   -19999.183594        0.198531
FIRE:  4253 19:28:34   -19999.265625        0.206504
FIRE:  4254 19:28:35   -19999.316406        0.206384
FIRE:  4255 19:28:35   -19999.373047        0.206966
FIRE:  4256 19:28:35   -19999.464844        0.418198
FIRE:  4257 19:28:36   -19999.582031        1.057501
FIRE:  4258 19:28:36   -19999.662109        3.213013
FIRE:  4259 19:28:36   -19999.718750        0.334409
FIRE:  4260 19:28:37   -19999.726562        0.258449
FIRE:  4261 19:28:37   -19999.720703        0.247428
FIRE:  4262 19:28:37   -19999.724609        0.247823
FIRE:  4263 19:28:38   -19999.720703        0.248349
FIRE:  4264 19:28:38   -19999.750000        0.249011
FIRE:  4265 19:28:38   -19999.757812        0.249805
FIRE:  4266 19:28:39   -19999.763672        0.250732
FIRE:  4267 19:28:39   -19999.753906        0.251931
FIRE:  4268 19:28:39   -19999.753906        0.253465
FIRE:  4269 19:28:40   -19999.783203        0.255425
FIRE:  4270 19:28:40   -19999.779297        0.257920
FIRE:  4271 19:28:40   -19999.791016        0.261113
FIRE:  4272 19:28:41   -19999.839844        0.265205
FIRE:  4273 19:28:41   -19999.882812        0.270472
FIRE:  4274 19:28:41   -19999.917969        0.277318
FIRE:  4275 19:28:42   -19999.945312        0.286230
FIRE:  4276 19:28:42   -19999.974609        0.297814
FIRE:  4277 19:28:42   -20000.082031        0.312705
FIRE:  4278 19:28:43   -20000.166016        0.331069
FIRE:  4279 19:28:43   -20000.269531        0.671353
FIRE:  4280 19:28:43   -20000.384766        1.826041
FIRE:  4281 19:28:44   -20000.412109        3.654159
FIRE:  4282 19:28:44   -20000.548828        0.955665
FIRE:  4283 19:28:44   -20000.431641        4.657326
FIRE:  4284 19:28:45   -20000.513672        2.934556
FIRE:  4285 19:28:45   -20000.562500        0.573599
FIRE:  4286 19:28:46   -20000.542969        1.396740
FIRE:  4287 19:28:46   -20000.558594        1.320558
FIRE:  4288 19:28:46   -20000.552734        1.170245
FIRE:  4289 19:28:47   -20000.568359        0.949824
FIRE:  4290 19:28:47   -20000.556641        0.667323
FIRE:  4291 19:28:47   -20000.546875        0.388268
FIRE:  4292 19:28:48   -20000.566406        0.388482
FIRE:  4293 19:28:48   -20000.585938        0.388743
FIRE:  4294 19:28:48   -20000.587891        0.628692
FIRE:  4295 19:28:49   -20000.564453        0.806022
FIRE:  4296 19:28:49   -20000.582031        0.835517
FIRE:  4297 19:28:49   -20000.591797        0.685287
FIRE:  4298 19:28:50   -20000.591797        0.391150
FIRE:  4299 19:28:50   -20000.597656        0.391944
FIRE:  4300 19:28:50   -20000.613281        0.461286
FIRE:  4301 19:28:51   -20000.623047        0.619482
FIRE:  4302 19:28:51   -20000.615234        0.464148
FIRE:  4303 19:28:51   -20000.617188        0.396978
FIRE:  4304 19:28:52   -20000.625000        0.500694
FIRE:  4305 19:28:52   -20000.664062        0.477596
FIRE:  4306 19:28:52   -20000.685547        0.402990
FIRE:  4307 19:28:53   -20000.734375        0.505982
FIRE:  4308 19:28:53   -20000.787109        0.406711
FIRE:  4309 19:28:53   -20000.849609        0.549517
FIRE:  4310 19:28:54   -20000.957031        0.406110
FIRE:  4311 19:28:54   -20001.025391        0.398491
FIRE:  4312 19:28:54   -20001.091797        0.684296
FIRE:  4313 19:28:55   -20001.246094        1.306378
FIRE:  4314 19:28:55   -20001.341797        2.798754
FIRE:  4315 19:28:55   -20001.390625        0.295310
FIRE:  4316 19:28:56   -20001.363281        1.956247
FIRE:  4317 19:28:56   -20001.371094        1.613827
FIRE:  4318 19:28:56   -20001.380859        0.940880
FIRE:  4319 19:28:57   -20001.402344        0.291265
FIRE:  4320 19:28:57   -20001.394531        0.950961
FIRE:  4321 19:28:57   -20001.400391        0.892409
FIRE:  4322 19:28:58   -20001.398438        0.780538
FIRE:  4323 19:28:58   -20001.396484        0.623530
FIRE:  4324 19:28:58   -20001.404297        0.434742
FIRE:  4325 19:28:59   -20001.404297        0.289034
FIRE:  4326 19:28:59   -20001.398438        0.288607
FIRE:  4327 19:28:59   -20001.412109        0.288095
FIRE:  4328 19:29:00   -20001.402344        0.321059
FIRE:  4329 19:29:00   -20001.408203        0.430933
FIRE:  4330 19:29:00   -20001.425781        0.474096
FIRE:  4331 19:29:01   -20001.414062        0.433576
FIRE:  4332 19:29:01   -20001.427734        0.298673
FIRE:  4333 19:29:01   -20001.429688        0.280917
FIRE:  4334 19:29:02   -20001.433594        0.278519
FIRE:  4335 19:29:02   -20001.437500        0.362924
FIRE:  4336 19:29:02   -20001.445312        0.349516
FIRE:  4337 19:29:03   -20001.455078        0.267108
FIRE:  4338 19:29:03   -20001.455078        0.261199
FIRE:  4339 19:29:03   -20001.496094        0.327639
FIRE:  4340 19:29:04   -20001.539062        0.244222
FIRE:  4341 19:29:04   -20001.582031        0.281024
FIRE:  4342 19:29:04   -20001.636719        0.216431
FIRE:  4343 19:29:05   -20001.648438        0.283560
FIRE:  4344 19:29:05   -20001.697266        0.184598
FIRE:  4345 19:29:05   -20001.777344        0.390009
FIRE:  4346 19:29:06   -20001.832031        0.448712
FIRE:  4347 19:29:06   -20001.929688        0.490233
FIRE:  4348 19:29:06   -20002.041016        0.841035
FIRE:  4349 19:29:07   -20002.117188        2.256876
FIRE:  4350 19:29:07   -20002.060547        4.176985
FIRE:  4351 19:29:07   -20002.267578        1.086676
FIRE:  4352 19:29:08   -20002.068359        6.143654
FIRE:  4353 19:29:08   -20002.191406        3.525322
FIRE:  4354 19:29:08   -20002.275391        0.270393
FIRE:  4355 19:29:09   -20002.248047        2.076675
FIRE:  4356 19:29:09   -20002.253906        1.967009
FIRE:  4357 19:29:10   -20002.267578        1.747964
FIRE:  4358 19:29:10   -20002.271484        1.420909
FIRE:  4359 19:29:10   -20002.281250        0.991444
FIRE:  4360 19:29:11   -20002.269531        0.472976
FIRE:  4361 19:29:11   -20002.302734        0.136165
FIRE:  4362 19:29:11   -20002.291016        0.637597
FIRE:  4363 19:29:12   -20002.283203        0.625684
FIRE:  4364 19:29:12   -20002.287109        0.602266
FIRE:  4365 19:29:12   -20002.294922        0.567950
FIRE:  4366 19:29:13   -20002.292969        0.523245
FIRE:  4367 19:29:13   -20002.298828        0.469241
FIRE:  4368 19:29:13   -20002.291016        0.407857
FIRE:  4369 19:29:14   -20002.296875        0.340515
FIRE:  4370 19:29:14   -20002.292969        0.260968
FIRE:  4371 19:29:14   -20002.294922        0.170252
FIRE:  4372 19:29:15   -20002.291016        0.133162
FIRE:  4373 19:29:15   -20002.292969        0.132835
FIRE:  4374 19:29:15   -20002.292969        0.138761
FIRE:  4375 19:29:16   -20002.296875        0.220955
FIRE:  4376 19:29:16   -20002.292969        0.277327
FIRE:  4377 19:29:16   -20002.287109        0.296825
FIRE:  4378 19:29:17   -20002.287109        0.270501
FIRE:  4379 19:29:17   -20002.304688        0.192396
FIRE:  4380 19:29:17   -20002.310547        0.132919
FIRE:  4381 19:29:18   -20002.291016        0.132944
FIRE:  4382 19:29:18   -20002.314453        0.206554
FIRE:  4383 19:29:18   -20002.300781        0.234466
FIRE:  4384 19:29:19   -20002.310547        0.140290
FIRE:  4385 19:29:19   -20002.326172        0.133211
FIRE:  4386 19:29:19   -20002.345703        0.193901
FIRE:  4387 19:29:20   -20002.363281        0.163935
FIRE:  4388 19:29:20   -20002.380859        0.133911
FIRE:  4389 19:29:20   -20002.429688        0.199651
FIRE:  4390 19:29:21   -20002.443359        0.135333
FIRE:  4391 19:29:21   -20002.472656        0.198213
FIRE:  4392 19:29:21   -20002.525391        0.138747
FIRE:  4393 19:29:22   -20002.574219        0.152680
FIRE:  4394 19:29:22   -20002.619141        0.280568
FIRE:  4395 19:29:22   -20002.669922        0.421044
FIRE:  4396 19:29:23   -20002.783203        0.778435
FIRE:  4397 19:29:23   -20002.832031        1.922532
FIRE:  4398 19:29:23   -20002.787109        3.950116
FIRE:  4399 19:29:24   -20002.957031        0.980030
FIRE:  4400 19:29:24   -20002.802734        5.586662
FIRE:  4401 19:29:24   -20002.894531        3.306129
FIRE:  4402 19:29:25   -20002.972656        0.374789
FIRE:  4403 19:29:25   -20002.945312        1.864712
FIRE:  4404 19:29:25   -20002.951172        1.764591
FIRE:  4405 19:29:26   -20002.955078        1.565601
FIRE:  4406 19:29:26   -20002.962891        1.270208
FIRE:  4407 19:29:26   -20002.968750        0.885008
FIRE:  4408 19:29:27   -20002.962891        0.423952
FIRE:  4409 19:29:27   -20002.966797        0.174511
FIRE:  4410 19:29:27   -20002.960938        0.554758
FIRE:  4411 19:29:28   -20002.974609        0.544869
FIRE:  4412 19:29:28   -20002.972656        0.525048
FIRE:  4413 19:29:28   -20002.982422        0.495954
FIRE:  4414 19:29:29   -20002.970703        0.457699
FIRE:  4415 19:29:29   -20002.980469        0.412081
FIRE:  4416 19:29:29   -20002.984375        0.359802
FIRE:  4417 19:29:30   -20002.970703        0.302229
FIRE:  4418 19:29:30   -20002.978516        0.233980
FIRE:  4419 19:29:31   -20002.990234        0.174696
FIRE:  4420 19:29:31   -20002.974609        0.174730
FIRE:  4421 19:29:31   -20002.974609        0.174771
FIRE:  4422 19:29:32   -20002.957031        0.174819
FIRE:  4423 19:29:32   -20002.980469        0.187772
FIRE:  4424 19:29:32   -20002.972656        0.239650
FIRE:  4425 19:29:33   -20002.974609        0.260027
FIRE:  4426 19:29:33   -20002.974609        0.240449
FIRE:  4427 19:29:33   -20002.974609        0.175834
FIRE:  4428 19:29:34   -20002.984375        0.175445
FIRE:  4429 19:29:34   -20002.990234        0.175627
FIRE:  4430 19:29:34   -20003.003906        0.175848
FIRE:  4431 19:29:35   -20002.998047        0.206959
FIRE:  4432 19:29:35   -20003.003906        0.176406
FIRE:  4433 19:29:35   -20002.998047        0.176754
FIRE:  4434 19:29:36   -20003.019531        0.177148
FIRE:  4435 19:29:36   -20003.017578        0.177580
FIRE:  4436 19:29:36   -20003.023438        0.178043
FIRE:  4437 19:29:37   -20003.058594        0.178511
FIRE:  4438 19:29:37   -20003.101562        0.178943
FIRE:  4439 19:29:37   -20003.119141        0.179297
FIRE:  4440 19:29:38   -20003.152344        0.179510
FIRE:  4441 19:29:38   -20003.199219        0.179551
FIRE:  4442 19:29:38   -20003.261719        0.242961
FIRE:  4443 19:29:39   -20003.292969        0.307392
FIRE:  4444 19:29:39   -20003.332031        0.550734
FIRE:  4445 19:29:39   -20003.414062        1.433045
FIRE:  4446 19:29:40   -20003.419922        3.221487
FIRE:  4447 19:29:40   -20003.511719        0.583471
FIRE:  4448 19:29:40   -20003.408203        4.210469
FIRE:  4449 19:29:41   -20003.478516        2.641762
FIRE:  4450 19:29:41   -20003.519531        0.473877
FIRE:  4451 19:29:41   -20003.509766        1.358683
FIRE:  4452 19:29:42   -20003.511719        1.281798
FIRE:  4453 19:29:42   -20003.505859        1.129586
FIRE:  4454 19:29:42   -20003.505859        0.907075
FIRE:  4455 19:29:43   -20003.503906        0.622203
FIRE:  4456 19:29:43   -20003.515625        0.289644
FIRE:  4457 19:29:43   -20003.517578        0.175978
FIRE:  4458 19:29:44   -20003.519531        0.392513
FIRE:  4459 19:29:44   -20003.511719        0.385662
FIRE:  4460 19:29:44   -20003.513672        0.372322
FIRE:  4461 19:29:45   -20003.519531        0.352263
FIRE:  4462 19:29:45   -20003.513672        0.326218
FIRE:  4463 19:29:45   -20003.513672        0.295123
FIRE:  4464 19:29:46   -20003.509766        0.259275
FIRE:  4465 19:29:46   -20003.535156        0.220034
FIRE:  4466 19:29:46   -20003.525391        0.175903
FIRE:  4467 19:29:47   -20003.517578        0.175890
FIRE:  4468 19:29:47   -20003.531250        0.175872
FIRE:  4469 19:29:47   -20003.527344        0.175850
FIRE:  4470 19:29:48   -20003.533203        0.175824
FIRE:  4471 19:29:48   -20003.509766        0.175795
FIRE:  4472 19:29:48   -20003.523438        0.175751
FIRE:  4473 19:29:49   -20003.552734        0.183436
FIRE:  4474 19:29:49   -20003.533203        0.175635
FIRE:  4475 19:29:49   -20003.531250        0.175556
FIRE:  4476 19:29:50   -20003.521484        0.175448
FIRE:  4477 19:29:50   -20003.535156        0.175316
FIRE:  4478 19:29:51   -20003.539062        0.175145
FIRE:  4479 19:29:51   -20003.552734        0.174918
FIRE:  4480 19:29:51   -20003.564453        0.174621
FIRE:  4481 19:29:52   -20003.560547        0.174219
FIRE:  4482 19:29:52   -20003.589844        0.173677
FIRE:  4483 19:29:52   -20003.591797        0.172919
FIRE:  4484 19:29:53   -20003.615234        0.171849
FIRE:  4485 19:29:53   -20003.642578        0.170291
FIRE:  4486 19:29:53   -20003.658203        0.167988
FIRE:  4487 19:29:54   -20003.683594        0.164473
FIRE:  4488 19:29:54   -20003.708984        0.159010
FIRE:  4489 19:29:54   -20003.751953        0.150307
FIRE:  4490 19:29:55   -20003.820312        0.172333
FIRE:  4491 19:29:55   -20003.878906        0.227577
FIRE:  4492 19:29:55   -20003.896484        0.445141
FIRE:  4493 19:29:56   -20003.949219        1.246320
FIRE:  4494 19:29:56   -20003.974609        2.912892
FIRE:  4495 19:29:56   -20004.060547        0.485381
FIRE:  4496 19:29:57   -20003.984375        3.628461
FIRE:  4497 19:29:57   -20004.023438        2.344594
FIRE:  4498 19:29:57   -20004.056641        0.508923
FIRE:  4499 19:29:58   -20004.048828        1.119494
FIRE:  4500 19:29:58   -20004.058594        1.054929
FIRE:  4501 19:29:58   -20004.060547        0.928393
FIRE:  4502 19:29:59   -20004.058594        0.744172
FIRE:  4503 19:29:59   -20004.052734        0.510266
FIRE:  4504 19:29:59   -20004.062500        0.240219
FIRE:  4505 19:30:00   -20004.052734        0.143098
FIRE:  4506 19:30:00   -20004.054688        0.308622
FIRE:  4507 19:30:00   -20004.066406        0.518918
FIRE:  4508 19:30:01   -20004.058594        0.646185
FIRE:  4509 19:30:01   -20004.072266        0.657378
FIRE:  4510 19:30:01   -20004.070312        0.530913
FIRE:  4511 19:30:02   -20004.070312        0.269815
FIRE:  4512 19:30:02   -20004.074219        0.146181
FIRE:  4513 19:30:02   -20004.074219        0.378672
FIRE:  4514 19:30:03   -20004.072266        0.495415
FIRE:  4515 19:30:03   -20004.095703        0.360237
FIRE:  4516 19:30:03   -20004.097656        0.150474
FIRE:  4517 19:30:04   -20004.103516        0.402028
FIRE:  4518 19:30:04   -20004.115234        0.370901
FIRE:  4519 19:30:04   -20004.136719        0.154431
FIRE:  4520 19:30:05   -20004.156250        0.399590
FIRE:  4521 19:30:05   -20004.193359        0.157083
FIRE:  4522 19:30:05   -20004.216797        0.424514
FIRE:  4523 19:30:06   -20004.234375        0.224638
FIRE:  4524 19:30:06   -20004.289062        0.147796
FIRE:  4525 19:30:06   -20004.349609        0.524508
FIRE:  4526 19:30:07   -20004.406250        1.005082
FIRE:  4527 19:30:07   -20004.449219        2.115477
FIRE:  4528 19:30:07   -20004.474609        0.150280
FIRE:  4529 19:30:08   -20004.470703        1.556209
FIRE:  4530 19:30:08   -20004.478516        1.263548
FIRE:  4531 19:30:08   -20004.484375        0.700691
FIRE:  4532 19:30:09   -20004.482422        0.145974
FIRE:  4533 19:30:09   -20004.484375        0.784218
FIRE:  4534 19:30:09   -20004.472656        0.735996
FIRE:  4535 19:30:10   -20004.470703        0.643514
FIRE:  4536 19:30:10   -20004.486328        0.513580
FIRE:  4537 19:30:10   -20004.482422        0.356870
FIRE:  4538 19:30:11   -20004.472656        0.185756
FIRE:  4539 19:30:11   -20004.482422        0.144002
FIRE:  4540 19:30:11   -20004.488281        0.146895
FIRE:  4541 19:30:12   -20004.474609        0.276317
FIRE:  4542 19:30:12   -20004.480469        0.365462
FIRE:  4543 19:30:13   -20004.464844        0.398236
FIRE:  4544 19:30:13   -20004.468750        0.360541
FIRE:  4545 19:30:13   -20004.486328        0.243987
FIRE:  4546 19:30:14   -20004.486328        0.139659
FIRE:  4547 19:30:14   -20004.494141        0.165441
FIRE:  4548 19:30:14   -20004.496094        0.305504
FIRE:  4549 19:30:15   -20004.501953        0.288523
FIRE:  4550 19:30:15   -20004.515625        0.134543
FIRE:  4551 19:30:15   -20004.519531        0.178655
FIRE:  4552 19:30:16   -20004.521484        0.273849
FIRE:  4553 19:30:16   -20004.525391        0.142934
FIRE:  4554 19:30:16   -20004.574219        0.237800
FIRE:  4555 19:30:17   -20004.585938        0.163699
FIRE:  4556 19:30:17   -20004.615234        0.238674
FIRE:  4557 19:30:17   -20004.638672        0.137138
FIRE:  4558 19:30:18   -20004.673828        0.327845
FIRE:  4559 19:30:18   -20004.730469        0.349656
FIRE:  4560 19:30:18   -20004.781250        0.343544
FIRE:  4561 19:30:19   -20004.853516        0.573327
FIRE:  4562 19:30:19   -20004.923828        1.591128
FIRE:  4563 19:30:19   -20004.841797        3.679823
FIRE:  4564 19:30:20   -20004.988281        0.666208
FIRE:  4565 19:30:20   -20004.847656        5.352346
FIRE:  4566 19:30:20   -20004.953125        3.122653
FIRE:  4567 19:30:21   -20005.000000        0.268075
FIRE:  4568 19:30:21   -20004.968750        1.880297
FIRE:  4569 19:30:21   -20004.970703        1.776238
FIRE:  4570 19:30:22   -20004.982422        1.568968
FIRE:  4571 19:30:22   -20004.994141        1.261643
FIRE:  4572 19:30:22   -20004.998047        0.860812
FIRE:  4573 19:30:23   -20005.007812        0.381593
FIRE:  4574 19:30:23   -20005.003906        0.152454
FIRE:  4575 19:30:23   -20005.009766        0.149597
FIRE:  4576 19:30:24   -20005.005859        0.144542
FIRE:  4577 19:30:24   -20005.009766        0.136673
FIRE:  4578 19:30:24   -20005.000000        0.126664
FIRE:  4579 19:30:25   -20004.992188        0.114666
FIRE:  4580 19:30:25   -20005.005859        0.106487
FIRE:  4581 19:30:25   -20005.007812        0.106386
FIRE:  4582 19:30:26   -20005.013672        0.106267
FIRE:  4583 19:30:26   -20004.998047        0.106099
FIRE:  4584 19:30:26   -20005.001953        0.105919
FIRE:  4585 19:30:27   -20005.007812        0.105663
FIRE:  4586 19:30:27   -20005.007812        0.105359
FIRE:  4587 19:30:27   -20005.005859        0.104996
FIRE:  4588 19:30:28   -20005.021484        0.104554
FIRE:  4589 19:30:28   -20005.019531        0.104009
FIRE:  4590 19:30:28   -20005.021484        0.103371
FIRE:  4591 19:30:29   -20005.023438        0.102609
FIRE:  4592 19:30:29   -20005.027344        0.101712
FIRE:  4593 19:30:29   -20005.023438        0.100675
FIRE:  4594 19:30:30   -20005.041016        0.099488
FIRE:  4595 19:30:30   -20005.035156        0.098132
FIRE:  4596 19:30:30   -20005.033203        0.096651
FIRE:  4597 19:30:31   -20005.048828        0.095583
FIRE:  4598 19:30:31   -20005.060547        0.094436
FIRE:  4599 19:30:31   -20005.076172        0.095313
FIRE:  4600 19:30:32   -20005.082031        0.096259
FIRE:  4601 19:30:32   -20005.080078        0.096326
FIRE:  4602 19:30:32   -20005.109375        0.095345
FIRE:  4603 19:30:33   -20005.126953        0.093138
FIRE:  4604 19:30:33   -20005.136719        0.089855
FIRE:  4605 19:30:34   -20005.177734        0.085645
FIRE:  4606 19:30:34   -20005.212891        0.080794
FIRE:  4607 19:30:34   -20005.281250        0.115789
FIRE:  4608 19:30:35   -20005.328125        0.322509
FIRE:  4609 19:30:35   -20005.406250        1.151587
FIRE:  4610 19:30:35   -20005.386719        2.990139
FIRE:  4611 19:30:36   -20005.474609        0.363885
FIRE:  4612 19:30:36   -20005.380859        3.995801
FIRE:  4613 19:30:36   -20005.433594        2.476336
FIRE:  4614 19:30:37   -20005.486328        0.382173
FIRE:  4615 19:30:37   -20005.462891        1.381531
FIRE:  4616 19:30:37   -20005.458984        1.300737
FIRE:  4617 19:30:38   -20005.476562        1.141407
FIRE:  4618 19:30:38   -20005.480469        0.907919
FIRE:  4619 19:30:38   -20005.486328        0.609064
FIRE:  4620 19:30:39   -20005.488281        0.259893
FIRE:  4621 19:30:39   -20005.484375        0.121985
FIRE:  4622 19:30:39   -20005.490234        0.445479
FIRE:  4623 19:30:40   -20005.480469        0.437400
FIRE:  4624 19:30:40   -20005.482422        0.421299
FIRE:  4625 19:30:40   -20005.486328        0.397828
FIRE:  4626 19:30:41   -20005.484375        0.367330
FIRE:  4627 19:30:41   -20005.478516        0.330494
FIRE:  4628 19:30:41   -20005.490234        0.288110
FIRE:  4629 19:30:42   -20005.488281        0.241578
FIRE:  4630 19:30:42   -20005.484375        0.186722
FIRE:  4631 19:30:42   -20005.488281        0.123755
FIRE:  4632 19:30:43   -20005.482422        0.054383
FIRE:  4633 19:30:43   -20005.486328        0.053698
FIRE:  4634 19:30:43   -20005.488281        0.097905
FIRE:  4635 19:30:44   -20005.480469        0.156458
FIRE:  4636 19:30:44   -20005.478516        0.196876
FIRE:  4637 19:30:44   -20005.476562        0.211668
FIRE:  4638 19:30:45   -20005.486328        0.193395
FIRE:  4639 19:30:45   -20005.480469        0.138429
FIRE:  4640 19:30:45   -20005.482422        0.052648
FIRE:  4641 19:30:46   -20005.476562        0.064099
FIRE:  4642 19:30:46   -20005.486328        0.146176
FIRE:  4643 19:30:46   -20005.482422        0.166842
FIRE:  4644 19:30:47   -20005.482422        0.102847
FIRE:  4645 19:30:47   -20005.490234        0.052791
FIRE:  4646 19:30:47   -20005.490234        0.137803
FIRE:  4647 19:30:48   -20005.496094        0.119426
FIRE:  4648 19:30:48   -20005.496094        0.052958
FIRE:  4649 19:30:48   -20005.531250        0.142004
FIRE:  4650 19:30:49   -20005.521484        0.053121
FIRE:  4651 19:30:49   -20005.537109        0.141869
FIRE:  4652 19:30:49   -20005.576172        0.053301
FIRE:  4653 19:30:50   -20005.636719        0.116370
FIRE:  4654 19:30:50   -20005.630859        0.200050
FIRE:  4655 19:30:50   -20005.673828        0.286168
FIRE:  4656 19:30:51   -20005.689453        0.525245
FIRE:  4657 19:30:51   -20005.730469        1.284612
FIRE:  4658 19:30:51   -20005.720703        2.890553
FIRE:  4659 19:30:52   -20005.787109        0.376123
FIRE:  4660 19:30:52   -20005.708984        3.768227
FIRE:  4661 19:30:52   -20005.765625        2.377718
FIRE:  4662 19:30:53   -20005.796875        0.427720
FIRE:  4663 19:30:53   -20005.791016        1.261973
FIRE:  4664 19:30:54   -20005.785156        1.188419
FIRE:  4665 19:30:54   -20005.791016        1.042976
FIRE:  4666 19:30:54   -20005.779297        0.831083
FIRE:  4667 19:30:55   -20005.773438        0.560675
FIRE:  4668 19:30:55   -20005.789062        0.246040
FIRE:  4669 19:30:55   -20005.800781        0.098986
FIRE:  4670 19:30:56   -20005.787109        0.391522
FIRE:  4671 19:30:56   -20005.787109        0.384685
FIRE:  4672 19:30:56   -20005.787109        0.370820
FIRE:  4673 19:30:57   -20005.789062        0.350552
FIRE:  4674 19:30:57   -20005.794922        0.324646
FIRE:  4675 19:30:57   -20005.789062        0.292764
FIRE:  4676 19:30:58   -20005.792969        0.256663
FIRE:  4677 19:30:58   -20005.798828        0.216557
FIRE:  4678 19:30:58   -20005.777344        0.169040
FIRE:  4679 19:30:59   -20005.796875        0.114323
FIRE:  4680 19:30:59   -20005.785156        0.054444
FIRE:  4681 19:30:59   -20005.787109        0.053374
FIRE:  4682 19:31:00   -20005.785156        0.081488
FIRE:  4683 19:31:00   -20005.789062        0.133702
FIRE:  4684 19:31:00   -20005.794922        0.171217
FIRE:  4685 19:31:01   -20005.796875        0.186405
FIRE:  4686 19:31:01   -20005.800781        0.172686
FIRE:  4687 19:31:01   -20005.787109        0.127388
FIRE:  4688 19:31:02   -20005.798828        0.053661
FIRE:  4689 19:31:02   -20005.800781        0.053740
FIRE:  4690 19:31:02   -20005.818359        0.124716
FIRE:  4691 19:31:03   -20005.816406        0.148285
FIRE:  4692 19:31:03   -20005.814453        0.098106
FIRE:  4693 19:31:03   -20005.810547        0.054256
FIRE:  4694 19:31:04   -20005.822266        0.117982
FIRE:  4695 19:31:04   -20005.822266        0.111838
FIRE:  4696 19:31:04   -20005.837891        0.054943
FIRE:  4697 19:31:05   -20005.832031        0.125072
FIRE:  4698 19:31:05   -20005.843750        0.055607
FIRE:  4699 19:31:05   -20005.871094        0.124197
FIRE:  4700 19:31:06   -20005.886719        0.056473
FIRE:  4701 19:31:06   -20005.919922        0.121184
FIRE:  4702 19:31:06   -20005.958984        0.173350
FIRE:  4703 19:31:07   -20005.949219        0.219413
FIRE:  4704 19:31:07   -20006.015625        0.396463
FIRE:  4705 19:31:07   -20006.050781        1.020262
FIRE:  4706 19:31:08   -20006.048828        2.429585
FIRE:  4707 19:31:08   -20006.117188        0.252569
FIRE:  4708 19:31:08   -20006.068359        2.957549
FIRE:  4709 19:31:09   -20006.095703        1.939285
FIRE:  4710 19:31:09   -20006.119141        0.443022
FIRE:  4711 19:31:09   -20006.125000        0.939817
FIRE:  4712 19:31:10   -20006.113281        0.883874
FIRE:  4713 19:31:10   -20006.126953        0.773457
FIRE:  4714 19:31:10   -20006.121094        0.613996
FIRE:  4715 19:31:11   -20006.121094        0.412729
FIRE:  4716 19:31:11   -20006.117188        0.182331
FIRE:  4717 19:31:12   -20006.117188        0.068730
FIRE:  4718 19:31:12   -20006.117188        0.278810
FIRE:  4719 19:31:12   -20006.117188        0.274227
FIRE:  4720 19:31:13   -20006.119141        0.264754
FIRE:  4721 19:31:13   -20006.115234        0.250990
FIRE:  4722 19:31:13   -20006.121094        0.232838
FIRE:  4723 19:31:14   -20006.123047        0.211089
FIRE:  4724 19:31:14   -20006.130859        0.186157
FIRE:  4725 19:31:14   -20006.132812        0.158551
FIRE:  4726 19:31:15   -20006.123047        0.125830
FIRE:  4727 19:31:15   -20006.132812        0.088449
FIRE:  4728 19:31:15   -20006.128906        0.060093
FIRE:  4729 19:31:16   -20006.126953        0.060104
FIRE:  4730 19:31:16   -20006.125000        0.060109
FIRE:  4731 19:31:16   -20006.128906        0.090984
FIRE:  4732 19:31:17   -20006.132812        0.119211
FIRE:  4733 19:31:17   -20006.136719        0.132610
FIRE:  4734 19:31:17   -20006.142578        0.125373
FIRE:  4735 19:31:18   -20006.140625        0.095120
FIRE:  4736 19:31:18   -20006.140625        0.060220
FIRE:  4737 19:31:18   -20006.136719        0.060261
FIRE:  4738 19:31:19   -20006.138672        0.086684
FIRE:  4739 19:31:19   -20006.154297        0.106599
FIRE:  4740 19:31:19   -20006.148438        0.074422
FIRE:  4741 19:31:20   -20006.154297        0.060485
FIRE:  4742 19:31:20   -20006.150391        0.082705
FIRE:  4743 19:31:20   -20006.171875        0.083143
FIRE:  4744 19:31:21   -20006.173828        0.060810
FIRE:  4745 19:31:21   -20006.201172        0.089326
FIRE:  4746 19:31:21   -20006.220703        0.061992
FIRE:  4747 19:31:22   -20006.228516        0.088322
FIRE:  4748 19:31:22   -20006.244141        0.065348
FIRE:  4749 19:31:22   -20006.238281        0.090386
FIRE:  4750 19:31:23   -20006.257812        0.122133
FIRE:  4751 19:31:23   -20006.292969        0.154586
FIRE:  4752 19:31:23   -20006.314453        0.294586
FIRE:  4753 19:31:24   -20006.373047        0.828066
FIRE:  4754 19:31:24   -20006.382812        2.112516
FIRE:  4755 19:31:24   -20006.425781        0.198620
FIRE:  4756 19:31:25   -20006.406250        2.436846
FIRE:  4757 19:31:25   -20006.429688        1.641712
FIRE:  4758 19:31:25   -20006.453125        0.435512
FIRE:  4759 19:31:26   -20006.437500        0.729103
FIRE:  4760 19:31:26   -20006.447266        0.685045
FIRE:  4761 19:31:26   -20006.437500        0.599169
FIRE:  4762 19:31:27   -20006.451172        0.475502
FIRE:  4763 19:31:27   -20006.457031        0.320980
FIRE:  4764 19:31:27   -20006.453125        0.146105
FIRE:  4765 19:31:28   -20006.457031        0.090033
FIRE:  4766 19:31:28   -20006.460938        0.204708
FIRE:  4767 19:31:28   -20006.451172        0.333671
FIRE:  4768 19:31:29   -20006.466797        0.409725
FIRE:  4769 19:31:29   -20006.466797        0.412227
FIRE:  4770 19:31:29   -20006.466797        0.327945
FIRE:  4771 19:31:30   -20006.470703        0.159237
FIRE:  4772 19:31:30   -20006.480469        0.091214
FIRE:  4773 19:31:30   -20006.462891        0.255823
FIRE:  4774 19:31:31   -20006.470703        0.319034
FIRE:  4775 19:31:31   -20006.474609        0.212387
FIRE:  4776 19:31:31   -20006.464844        0.093309
FIRE:  4777 19:31:32   -20006.478516        0.271119
FIRE:  4778 19:31:32   -20006.480469        0.211342
FIRE:  4779 19:31:32   -20006.482422        0.121933
FIRE:  4780 19:31:33   -20006.474609        0.252641
FIRE:  4781 19:31:33   -20006.527344        0.099751
FIRE:  4782 19:31:34   -20006.541016        0.236235
FIRE:  4783 19:31:34   -20006.552734        0.224834
FIRE:  4784 19:31:34   -20006.574219        0.107047
FIRE:  4785 19:31:35   -20006.593750        0.151297
FIRE:  4786 19:31:35   -20006.613281        0.453900
FIRE:  4787 19:31:35   -20006.677734        1.294388
FIRE:  4788 19:31:36   -20006.644531        2.981392
FIRE:  4789 19:31:36   -20006.730469        0.418679
FIRE:  4790 19:31:36   -20006.660156        3.913552
FIRE:  4791 19:31:37   -20006.707031        2.456677
FIRE:  4792 19:31:37   -20006.757812        0.428633
FIRE:  4793 19:31:37   -20006.732422        1.310358
FIRE:  4794 19:31:38   -20006.734375        1.234434
FIRE:  4795 19:31:38   -20006.726562        1.084775
FIRE:  4796 19:31:38   -20006.734375        0.865996
FIRE:  4797 19:31:39   -20006.742188        0.586385
FIRE:  4798 19:31:39   -20006.751953        0.260351
FIRE:  4799 19:31:39   -20006.748047        0.120353
FIRE:  4800 19:31:40   -20006.748047        0.404261
FIRE:  4801 19:31:40   -20006.750000        0.397329
FIRE:  4802 19:31:40   -20006.759766        0.383272
FIRE:  4803 19:31:41   -20006.732422        0.362478
FIRE:  4804 19:31:41   -20006.744141        0.335289
FIRE:  4805 19:31:41   -20006.744141        0.302720
FIRE:  4806 19:31:42   -20006.746094        0.265480
FIRE:  4807 19:31:42   -20006.750000        0.224043
FIRE:  4808 19:31:42   -20006.746094        0.175206
FIRE:  4809 19:31:43   -20006.742188        0.120587
FIRE:  4810 19:31:43   -20006.759766        0.120629
FIRE:  4811 19:31:43   -20006.748047        0.120680
FIRE:  4812 19:31:44   -20006.748047        0.120748
FIRE:  4813 19:31:44   -20006.748047        0.138036
FIRE:  4814 19:31:44   -20006.755859        0.176608
FIRE:  4815 19:31:45   -20006.755859        0.192294
FIRE:  4816 19:31:45   -20006.771484        0.178711
FIRE:  4817 19:31:45   -20006.753906        0.131836
FIRE:  4818 19:31:46   -20006.763672        0.121581
FIRE:  4819 19:31:46   -20006.755859        0.121832
FIRE:  4820 19:31:46   -20006.763672        0.129264
FIRE:  4821 19:31:47   -20006.748047        0.153506
FIRE:  4822 19:31:47   -20006.759766        0.122991
FIRE:  4823 19:31:47   -20006.751953        0.123545
FIRE:  4824 19:31:48   -20006.765625        0.124220
FIRE:  4825 19:31:48   -20006.775391        0.125034
FIRE:  4826 19:31:48   -20006.792969        0.126027
FIRE:  4827 19:31:49   -20006.812500        0.129910
FIRE:  4828 19:31:49   -20006.830078        0.128757
FIRE:  4829 19:31:49   -20006.857422        0.130637
FIRE:  4830 19:31:50   -20006.878906        0.133001
FIRE:  4831 19:31:50   -20006.892578        0.135984
FIRE:  4832 19:31:50   -20006.937500        0.178798
FIRE:  4833 19:31:51   -20006.962891        0.225033
FIRE:  4834 19:31:51   -20006.990234        0.406836
FIRE:  4835 19:31:51   -20007.015625        1.071722
FIRE:  4836 19:31:52   -20007.044922        2.573567
FIRE:  4837 19:31:52   -20007.107422        0.302874
FIRE:  4838 19:31:52   -20007.052734        3.163519
FIRE:  4839 19:31:53   -20007.082031        2.059154
FIRE:  4840 19:31:53   -20007.117188        0.453450
FIRE:  4841 19:31:54   -20007.101562        1.006585
FIRE:  4842 19:31:54   -20007.107422        0.947043
FIRE:  4843 19:31:54   -20007.109375        0.829870
FIRE:  4844 19:31:55   -20007.107422        0.660176
FIRE:  4845 19:31:55   -20007.123047        0.446132
FIRE:  4846 19:31:55   -20007.121094        0.200048
FIRE:  4847 19:31:56   -20007.126953        0.163900
FIRE:  4848 19:31:56   -20007.132812        0.295454
FIRE:  4849 19:31:56   -20007.125000        0.477865
FIRE:  4850 19:31:57   -20007.128906        0.583667
FIRE:  4851 19:31:57   -20007.134766        0.585044
FIRE:  4852 19:31:57   -20007.138672        0.463069
FIRE:  4853 19:31:58   -20007.138672        0.222583
FIRE:  4854 19:31:58   -20007.138672        0.167946
FIRE:  4855 19:31:58   -20007.136719        0.356845
FIRE:  4856 19:31:59   -20007.144531        0.445991
FIRE:  4857 19:31:59   -20007.154297        0.305180
FIRE:  4858 19:31:59   -20007.158203        0.172340
FIRE:  4859 19:32:00   -20007.152344        0.374982
FIRE:  4860 19:32:00   -20007.158203        0.309703
FIRE:  4861 19:32:00   -20007.171875        0.175532
FIRE:  4862 19:32:01   -20007.179688        0.354097
FIRE:  4863 19:32:01   -20007.205078        0.175905
FIRE:  4864 19:32:01   -20007.222656        0.349709
FIRE:  4865 19:32:02   -20007.259766        0.267417
FIRE:  4866 19:32:02   -20007.296875        0.167193
FIRE:  4867 19:32:02   -20007.328125        0.325884
FIRE:  4868 19:32:03   -20007.390625        0.796318
FIRE:  4869 19:32:03   -20007.441406        1.964514
FIRE:  4870 19:32:03   -20007.458984        0.158942
FIRE:  4871 19:32:04   -20007.457031        1.472892
FIRE:  4872 19:32:04   -20007.458984        1.187921
FIRE:  4873 19:32:04   -20007.472656        0.643429
FIRE:  4874 19:32:05   -20007.474609        0.153602
FIRE:  4875 19:32:05   -20007.468750        0.766265
FIRE:  4876 19:32:05   -20007.470703        0.718262
FIRE:  4877 19:32:06   -20007.462891        0.627314
FIRE:  4878 19:32:06   -20007.464844        0.498777
FIRE:  4879 19:32:06   -20007.464844        0.343884
FIRE:  4880 19:32:07   -20007.474609        0.175328
FIRE:  4881 19:32:07   -20007.472656        0.151844
FIRE:  4882 19:32:07   -20007.474609        0.155404
FIRE:  4883 19:32:08   -20007.462891        0.280156
FIRE:  4884 19:32:08   -20007.476562        0.364293
FIRE:  4885 19:32:08   -20007.474609        0.392530
FIRE:  4886 19:32:09   -20007.470703        0.350606
FIRE:  4887 19:32:09   -20007.472656        0.231606
FIRE:  4888 19:32:09   -20007.480469        0.149524
FIRE:  4889 19:32:10   -20007.480469        0.176487
FIRE:  4890 19:32:10   -20007.488281        0.305622
FIRE:  4891 19:32:10   -20007.486328        0.277476
FIRE:  4892 19:32:11   -20007.496094        0.149615
FIRE:  4893 19:32:11   -20007.509766        0.189923
FIRE:  4894 19:32:11   -20007.505859        0.267505
FIRE:  4895 19:32:12   -20007.527344        0.152052
FIRE:  4896 19:32:12   -20007.533203        0.245076
FIRE:  4897 19:32:12   -20007.546875        0.150565
FIRE:  4898 19:32:13   -20007.566406        0.250424
FIRE:  4899 19:32:13   -20007.617188        0.130745
FIRE:  4900 19:32:13   -20007.634766        0.311072
FIRE:  4901 19:32:14   -20007.675781        0.384126
FIRE:  4902 19:32:14   -20007.726562        0.428922
FIRE:  4903 19:32:14   -20007.792969        0.713100
FIRE:  4904 19:32:15   -20007.816406        1.840541
FIRE:  4905 19:32:15   -20007.740234        4.040862
FIRE:  4906 19:32:16   -20007.941406        0.838583
FIRE:  4907 19:32:16   -20007.765625        6.216314
FIRE:  4908 19:32:16   -20007.886719        3.466081
FIRE:  4909 19:32:17   -20007.943359        0.152939
FIRE:  4910 19:32:17   -20007.910156        2.183678
FIRE:  4911 19:32:17   -20007.919922        2.066388
FIRE:  4912 19:32:18   -20007.923828        1.831764
FIRE:  4913 19:32:18   -20007.933594        1.480014
FIRE:  4914 19:32:18   -20007.951172        1.016708
FIRE:  4915 19:32:19   -20007.957031        0.455056
FIRE:  4916 19:32:19   -20007.949219        0.185524
FIRE:  4917 19:32:19   -20007.958984        0.182046
FIRE:  4918 19:32:20   -20007.955078        0.175782
FIRE:  4919 19:32:20   -20007.953125        0.166083
FIRE:  4920 19:32:20   -20007.955078        0.153961
FIRE:  4921 19:32:21   -20007.960938        0.146276
FIRE:  4922 19:32:21   -20007.957031        0.146272
FIRE:  4923 19:32:21   -20007.960938        0.146277
FIRE:  4924 19:32:22   -20007.958984        0.146277
FIRE:  4925 19:32:22   -20007.953125        0.146274
FIRE:  4926 19:32:22   -20007.962891        0.146278
FIRE:  4927 19:32:23   -20007.955078        0.146278
FIRE:  4928 19:32:23   -20007.962891        0.146272
FIRE:  4929 19:32:23   -20007.962891        0.146267
FIRE:  4930 19:32:24   -20007.966797        0.146255
FIRE:  4931 19:32:24   -20007.962891        0.146228
FIRE:  4932 19:32:24   -20007.966797        0.146190
FIRE:  4933 19:32:25   -20007.957031        0.146124
FIRE:  4934 19:32:25   -20007.976562        0.146019
FIRE:  4935 19:32:25   -20007.968750        0.145854
FIRE:  4936 19:32:26   -20007.972656        0.145604
FIRE:  4937 19:32:26   -20007.996094        0.145221
FIRE:  4938 19:32:26   -20007.992188        0.144626
FIRE:  4939 19:32:27   -20008.027344        0.143727
FIRE:  4940 19:32:27   -20008.031250        0.142376
FIRE:  4941 19:32:27   -20008.046875        0.140385
FIRE:  4942 19:32:28   -20008.042969        0.137452
FIRE:  4943 19:32:28   -20008.058594        0.133188
FIRE:  4944 19:32:28   -20008.083984        0.127103
FIRE:  4945 19:32:29   -20008.101562        0.118560
FIRE:  4946 19:32:29   -20008.152344        0.106851
FIRE:  4947 19:32:29   -20008.183594        0.091275
FIRE:  4948 19:32:30   -20008.230469        0.071265
FIRE:  4949 19:32:30   -20008.240234        0.102461
FIRE:  4950 19:32:30   -20008.291016        0.300454
FIRE:  4951 19:32:31   -20008.363281        1.111633
FIRE:  4952 19:32:31   -20008.343750        2.981926
FIRE:  4953 19:32:31   -20008.441406        0.302826
FIRE:  4954 19:32:32   -20008.345703        4.029990
FIRE:  4955 19:32:32   -20008.406250        2.467206
FIRE:  4956 19:32:32   -20008.455078        0.332873
FIRE:  4957 19:32:33   -20008.435547        1.438090
FIRE:  4958 19:32:33   -20008.441406        1.353319
FIRE:  4959 19:32:33   -20008.435547        1.185774
FIRE:  4960 19:32:34   -20008.449219        0.940047
FIRE:  4961 19:32:34   -20008.445312        0.625529
FIRE:  4962 19:32:34   -20008.445312        0.257726
FIRE:  4963 19:32:35   -20008.447266        0.149234
FIRE:  4964 19:32:35   -20008.437500        0.146505
FIRE:  4965 19:32:35   -20008.445312        0.141621
FIRE:  4966 19:32:36   -20008.439453        0.134150
FIRE:  4967 19:32:36   -20008.437500        0.124321
FIRE:  4968 19:32:36   -20008.427734        0.112748
FIRE:  4969 19:32:37   -20008.449219        0.099683
FIRE:  4970 19:32:37   -20008.433594        0.085050
FIRE:  4971 19:32:37   -20008.453125        0.083716
FIRE:  4972 19:32:38   -20008.435547        0.083732
FIRE:  4973 19:32:38   -20008.449219        0.083687
FIRE:  4974 19:32:38   -20008.449219        0.083734
FIRE:  4975 19:32:39   -20008.429688        0.083747
FIRE:  4976 19:32:39   -20008.431641        0.083764
FIRE:  4977 19:32:39   -20008.439453        0.083771
FIRE:  4978 19:32:40   -20008.455078        0.083772
FIRE:  4979 19:32:40   -20008.451172        0.083863
FIRE:  4980 19:32:40   -20008.449219        0.083929
FIRE:  4981 19:32:41   -20008.470703        0.084026
FIRE:  4982 19:32:41   -20008.488281        0.084176
FIRE:  4983 19:32:41   -20008.482422        0.084372
FIRE:  4984 19:32:42   -20008.490234        0.084654
FIRE:  4985 19:32:42   -20008.507812        0.085036
FIRE:  4986 19:32:43   -20008.478516        0.085596
FIRE:  4987 19:32:43   -20008.509766        0.086310
FIRE:  4988 19:32:43   -20008.511719        0.087288
FIRE:  4989 19:32:44   -20008.533203        0.088517
FIRE:  4990 19:32:44   -20008.546875        0.090069
FIRE:  4991 19:32:44   -20008.564453        0.091922
FIRE:  4992 19:32:45   -20008.566406        0.094115
FIRE:  4993 19:32:45   -20008.572266        0.096617
FIRE:  4994 19:32:45   -20008.609375        0.099482
FIRE:  4995 19:32:46   -20008.621094        0.102699
FIRE:  4996 19:32:46   -20008.632812        0.112866
FIRE:  4997 19:32:46   -20008.685547        0.284789
FIRE:  4998 19:32:47   -20008.751953        0.956713
FIRE:  4999 19:32:47   -20008.718750        2.586897
FIRE:  5000 19:32:47   -20008.792969        0.208146
FIRE:  5001 19:32:48   -20008.736328        3.273748
FIRE:  5002 19:32:48   -20008.769531        2.082858
FIRE:  5003 19:32:48   -20008.792969        0.380619
FIRE:  5004 19:32:49   -20008.779297        1.128377
FIRE:  5005 19:32:49   -20008.792969        1.060200
FIRE:  5006 19:32:49   -20008.792969        0.926366
FIRE:  5007 19:32:50   -20008.783203        0.731591
FIRE:  5008 19:32:50   -20008.798828        0.485025
FIRE:  5009 19:32:50   -20008.794922        0.201309
FIRE:  5010 19:32:51   -20008.796875        0.112308
FIRE:  5011 19:32:51   -20008.781250        0.367893
FIRE:  5012 19:32:51   -20008.794922        0.361228
FIRE:  5013 19:32:52   -20008.789062        0.348418
FIRE:  5014 19:32:52   -20008.787109        0.329366
FIRE:  5015 19:32:52   -20008.785156        0.304768
FIRE:  5016 19:32:53   -20008.792969        0.274907
FIRE:  5017 19:32:53   -20008.798828        0.240737
FIRE:  5018 19:32:53   -20008.785156        0.203143
FIRE:  5019 19:32:54   -20008.789062        0.158806
FIRE:  5020 19:32:54   -20008.796875        0.111612
FIRE:  5021 19:32:54   -20008.789062        0.111565
FIRE:  5022 19:32:55   -20008.800781        0.111518
FIRE:  5023 19:32:55   -20008.798828        0.111471
FIRE:  5024 19:32:55   -20008.789062        0.130171
FIRE:  5025 19:32:56   -20008.794922        0.163706
FIRE:  5026 19:32:56   -20008.787109        0.176674
FIRE:  5027 19:32:56   -20008.789062        0.161915
FIRE:  5028 19:32:57   -20008.785156        0.117009
FIRE:  5029 19:32:57   -20008.800781        0.110827
FIRE:  5030 19:32:57   -20008.814453        0.110664
FIRE:  5031 19:32:58   -20008.814453        0.124397
FIRE:  5032 19:32:58   -20008.804688        0.139611
FIRE:  5033 19:32:58   -20008.820312        0.110100
FIRE:  5034 19:32:59   -20008.824219        0.109897
FIRE:  5035 19:32:59   -20008.824219        0.118950
FIRE:  5036 19:32:59   -20008.814453        0.109435
FIRE:  5037 19:33:00   -20008.828125        0.109151
FIRE:  5038 19:33:00   -20008.824219        0.120927
FIRE:  5039 19:33:00   -20008.833984        0.108172
FIRE:  5040 19:33:01   -20008.880859        0.120987
FIRE:  5041 19:33:01   -20008.921875        0.105889
FIRE:  5042 19:33:02   -20008.931641        0.103851
FIRE:  5043 19:33:02   -20008.968750        0.165236
FIRE:  5044 19:33:02   -20009.023438        0.261398
FIRE:  5045 19:33:03   -20009.060547        0.522007
FIRE:  5046 19:33:03   -20009.091797        1.347882
FIRE:  5047 19:33:03   -20009.091797        3.051546
FIRE:  5048 19:33:04   -20009.191406        0.445064
FIRE:  5049 19:33:04   -20009.097656        4.028464
FIRE:  5050 19:33:04   -20009.154297        2.515891
FIRE:  5051 19:33:05   -20009.201172        0.425011
FIRE:  5052 19:33:05   -20009.203125        1.353030
FIRE:  5053 19:33:05   -20009.193359        1.275116
FIRE:  5054 19:33:06   -20009.205078        1.121365
FIRE:  5055 19:33:06   -20009.197266        0.896294
FIRE:  5056 19:33:06   -20009.207031        0.608766
FIRE:  5057 19:33:07   -20009.212891        0.273047
FIRE:  5058 19:33:07   -20009.210938        0.146999
FIRE:  5059 19:33:07   -20009.220703        0.419051
FIRE:  5060 19:33:08   -20009.208984        0.411538
FIRE:  5061 19:33:08   -20009.210938        0.397084
FIRE:  5062 19:33:08   -20009.205078        0.375804
FIRE:  5063 19:33:09   -20009.216797        0.347800
FIRE:  5064 19:33:09   -20009.220703        0.314107
FIRE:  5065 19:33:09   -20009.207031        0.275672
FIRE:  5066 19:33:10   -20009.214844        0.233136
FIRE:  5067 19:33:10   -20009.210938        0.183075
FIRE:  5068 19:33:10   -20009.214844        0.148037
FIRE:  5069 19:33:11   -20009.212891        0.148213
FIRE:  5070 19:33:11   -20009.210938        0.148460
FIRE:  5071 19:33:11   -20009.208984        0.148699
FIRE:  5072 19:33:12   -20009.201172        0.149049
FIRE:  5073 19:33:12   -20009.212891        0.183984
FIRE:  5074 19:33:12   -20009.212891        0.200271
FIRE:  5075 19:33:13   -20009.212891        0.186076
FIRE:  5076 19:33:13   -20009.216797        0.151408
FIRE:  5077 19:33:13   -20009.218750        0.152362
FIRE:  5078 19:33:14   -20009.226562        0.153522
FIRE:  5079 19:33:14   -20009.226562        0.154902
FIRE:  5080 19:33:14   -20009.199219        0.160148
FIRE:  5081 19:33:15   -20009.228516        0.158546
FIRE:  5082 19:33:15   -20009.232422        0.160877
FIRE:  5083 19:33:15   -20009.251953        0.163618
FIRE:  5084 19:33:16   -20009.257812        0.166717
FIRE:  5085 19:33:16   -20009.261719        0.170196
FIRE:  5086 19:33:16   -20009.267578        0.173841
FIRE:  5087 19:33:17   -20009.283203        0.177267
FIRE:  5088 19:33:17   -20009.298828        0.179808
FIRE:  5089 19:33:17   -20009.328125        0.180473
FIRE:  5090 19:33:18   -20009.353516        0.177433
FIRE:  5091 19:33:18   -20009.394531        0.187466
FIRE:  5092 19:33:18   -20009.441406        0.247479
FIRE:  5093 19:33:19   -20009.484375        0.483077
FIRE:  5094 19:33:19   -20009.523438        1.337624
FIRE:  5095 19:33:19   -20009.521484        3.071547
FIRE:  5096 19:33:20   -20009.609375        0.509994
FIRE:  5097 19:33:20   -20009.537109        3.983357
FIRE:  5098 19:33:20   -20009.558594        2.516416
FIRE:  5099 19:33:21   -20009.615234        0.470468
FIRE:  5100 19:33:21   -20009.595703        1.295054
FIRE:  5101 19:33:21   -20009.597656        1.221073
FIRE:  5102 19:33:22   -20009.595703        1.075412
FIRE:  5103 19:33:22   -20009.591797        0.862624
FIRE:  5104 19:33:22   -20009.605469        0.591043
FIRE:  5105 19:33:23   -20009.611328        0.274585
FIRE:  5106 19:33:23   -20009.605469        0.140803
FIRE:  5107 19:33:23   -20009.605469        0.384005
FIRE:  5108 19:33:24   -20009.607422        0.377532
FIRE:  5109 19:33:24   -20009.611328        0.364500
FIRE:  5110 19:33:24   -20009.619141        0.345271
FIRE:  5111 19:33:25   -20009.605469        0.320416
FIRE:  5112 19:33:25   -20009.617188        0.290169
FIRE:  5113 19:33:25   -20009.615234        0.255630
FIRE:  5114 19:33:26   -20009.611328        0.217673
FIRE:  5115 19:33:26   -20009.615234        0.172295
FIRE:  5116 19:33:26   -20009.615234        0.135394
FIRE:  5117 19:33:27   -20009.609375        0.134504
FIRE:  5118 19:33:27   -20009.615234        0.133393
FIRE:  5119 19:33:27   -20009.621094        0.131936
FIRE:  5120 19:33:28   -20009.609375        0.130259
FIRE:  5121 19:33:28   -20009.617188        0.167129
FIRE:  5122 19:33:28   -20009.615234        0.183632
FIRE:  5123 19:33:29   -20009.621094        0.172982
FIRE:  5124 19:33:29   -20009.626953        0.131246
FIRE:  5125 19:33:29   -20009.636719        0.122100
FIRE:  5126 19:33:30   -20009.638672        0.122383
FIRE:  5127 19:33:30   -20009.638672        0.122724
FIRE:  5128 19:33:30   -20009.652344        0.147571
FIRE:  5129 19:33:31   -20009.664062        0.123591
FIRE:  5130 19:33:31   -20009.660156        0.124135
FIRE:  5131 19:33:31   -20009.662109        0.124755
FIRE:  5132 19:33:32   -20009.673828        0.125445
FIRE:  5133 19:33:32   -20009.675781        0.126195
FIRE:  5134 19:33:32   -20009.712891        0.126967
FIRE:  5135 19:33:33   -20009.730469        0.127659
FIRE:  5136 19:33:33   -20009.750000        0.128077
FIRE:  5137 19:33:33   -20009.769531        0.127991
FIRE:  5138 19:33:34   -20009.787109        0.130082
FIRE:  5139 19:33:34   -20009.830078        0.170591
FIRE:  5140 19:33:34   -20009.890625        0.217122
FIRE:  5141 19:33:35   -20009.917969        0.393108
FIRE:  5142 19:33:35   -20009.914062        1.032175
FIRE:  5143 19:33:35   -20009.957031        2.470175
FIRE:  5144 19:33:36   -20010.011719        0.309159
FIRE:  5145 19:33:36   -20009.962891        2.965466
FIRE:  5146 19:33:36   -20009.998047        1.959923
FIRE:  5147 19:33:37   -20010.025391        0.476341
FIRE:  5148 19:33:37   -20010.013672        0.910452
FIRE:  5149 19:33:37   -20010.001953        0.856786
FIRE:  5150 19:33:38   -20010.013672        0.751963
FIRE:  5151 19:33:38   -20010.011719        0.600176
FIRE:  5152 19:33:38   -20010.023438        0.409239
FIRE:  5153 19:33:39   -20010.019531        0.191552
FIRE:  5154 19:33:39   -20010.005859        0.191747
FIRE:  5155 19:33:39   -20010.007812        0.259577
FIRE:  5156 19:33:40   -20010.019531        0.423593
FIRE:  5157 19:33:40   -20010.013672        0.521506
FIRE:  5158 19:33:40   -20010.003906        0.526296
FIRE:  5159 19:33:41   -20010.029297        0.422059
FIRE:  5160 19:33:41   -20010.023438        0.211519
FIRE:  5161 19:33:41   -20010.021484        0.194940
FIRE:  5162 19:33:42   -20010.033203        0.318729
FIRE:  5163 19:33:42   -20010.044922        0.403942
FIRE:  5164 19:33:42   -20010.060547        0.282108
FIRE:  5165 19:33:43   -20010.054688        0.199841
FIRE:  5166 19:33:43   -20010.082031        0.337542
FIRE:  5167 19:33:44   -20010.082031        0.285022
FIRE:  5168 19:33:44   -20010.099609        0.206802
FIRE:  5169 19:33:44   -20010.095703        0.324328
FIRE:  5170 19:33:45   -20010.128906        0.214201
FIRE:  5171 19:33:45   -20010.148438        0.322392
FIRE:  5172 19:33:45   -20010.183594        0.239544
FIRE:  5173 19:33:46   -20010.203125        0.231671
FIRE:  5174 19:33:46   -20010.240234        0.315830
FIRE:  5175 19:33:46   -20010.310547        0.737432
FIRE:  5176 19:33:47   -20010.347656        1.774338
FIRE:  5177 19:33:47   -20010.332031        3.646972
FIRE:  5178 19:33:47   -20010.468750        0.777804
FIRE:  5179 19:33:48   -20010.335938        5.077440
FIRE:  5180 19:33:48   -20010.416016        3.053471
FIRE:  5181 19:33:48   -20010.460938        0.395630
FIRE:  5182 19:33:49   -20010.435547        1.710212
FIRE:  5183 19:33:49   -20010.447266        1.616565
FIRE:  5184 19:33:49   -20010.453125        1.430928
FIRE:  5185 19:33:50   -20010.466797        1.156494
FIRE:  5186 19:33:50   -20010.476562        0.800602
FIRE:  5187 19:33:50   -20010.478516        0.377629
FIRE:  5188 19:33:51   -20010.482422        0.247835
FIRE:  5189 19:33:51   -20010.478516        0.521811
FIRE:  5190 19:33:51   -20010.474609        0.512654
FIRE:  5191 19:33:52   -20010.472656        0.494186
FIRE:  5192 19:33:52   -20010.478516        0.467159
FIRE:  5193 19:33:52   -20010.486328        0.431879
FIRE:  5194 19:33:53   -20010.482422        0.389736
FIRE:  5195 19:33:53   -20010.486328        0.341343
FIRE:  5196 19:33:53   -20010.468750        0.287453
FIRE:  5197 19:33:54   -20010.480469        0.247755
FIRE:  5198 19:33:54   -20010.486328        0.247743
FIRE:  5199 19:33:54   -20010.472656        0.247724
FIRE:  5200 19:33:55   -20010.468750        0.247701
FIRE:  5201 19:33:55   -20010.470703        0.247671
FIRE:  5202 19:33:55   -20010.482422        0.247634
FIRE:  5203 19:33:56   -20010.482422        0.247585
FIRE:  5204 19:33:56   -20010.486328        0.249057
FIRE:  5205 19:33:56   -20010.488281        0.247443
FIRE:  5206 19:33:57   -20010.480469        0.247341
FIRE:  5207 19:33:57   -20010.490234        0.247207
FIRE:  5208 19:33:57   -20010.484375        0.247026
FIRE:  5209 19:33:58   -20010.490234        0.246782
FIRE:  5210 19:33:58   -20010.500000        0.246449
FIRE:  5211 19:33:58   -20010.501953        0.245993
FIRE:  5212 19:33:59   -20010.511719        0.245356
FIRE:  5213 19:33:59   -20010.517578        0.244451
FIRE:  5214 19:33:59   -20010.531250        0.243152
FIRE:  5215 19:34:00   -20010.531250        0.241265
FIRE:  5216 19:34:00   -20010.539062        0.238461
FIRE:  5217 19:34:00   -20010.582031        0.234256
FIRE:  5218 19:34:01   -20010.576172        0.227821
FIRE:  5219 19:34:01   -20010.611328        0.217936
FIRE:  5220 19:34:01   -20010.628906        0.202626
FIRE:  5221 19:34:02   -20010.666016        0.237774
FIRE:  5222 19:34:02   -20010.699219        0.313185
FIRE:  5223 19:34:02   -20010.761719        0.566575
FIRE:  5224 19:34:03   -20010.816406        1.415697
FIRE:  5225 19:34:03   -20010.748047        3.113109
FIRE:  5226 19:34:03   -20010.853516        0.535345
FIRE:  5227 19:34:04   -20010.763672        4.052313
FIRE:  5228 19:34:04   -20010.822266        2.552855
FIRE:  5229 19:34:04   -20010.853516        0.470881
FIRE:  5230 19:34:05   -20010.839844        1.316912
FIRE:  5231 19:34:05   -20010.843750        1.242325
FIRE:  5232 19:34:05   -20010.857422        1.094920
FIRE:  5233 19:34:06   -20010.861328        0.878891
FIRE:  5234 19:34:06   -20010.853516        0.603301
FIRE:  5235 19:34:06   -20010.849609        0.281806
FIRE:  5236 19:34:07   -20010.863281        0.156231
FIRE:  5237 19:34:07   -20010.849609        0.389200
FIRE:  5238 19:34:07   -20010.847656        0.382411
FIRE:  5239 19:34:08   -20010.859375        0.369411
FIRE:  5240 19:34:08   -20010.851562        0.350186
FIRE:  5241 19:34:08   -20010.851562        0.324807
FIRE:  5242 19:34:09   -20010.853516        0.294289
FIRE:  5243 19:34:09   -20010.865234        0.259448
FIRE:  5244 19:34:09   -20010.859375        0.220573
FIRE:  5245 19:34:10   -20010.859375        0.174991
FIRE:  5246 19:34:10   -20010.876953        0.151459
FIRE:  5247 19:34:10   -20010.863281        0.150646
FIRE:  5248 19:34:11   -20010.873047        0.149629
FIRE:  5249 19:34:11   -20010.867188        0.148365
FIRE:  5250 19:34:11   -20010.869141        0.146813
FIRE:  5251 19:34:12   -20010.867188        0.169179
FIRE:  5252 19:34:12   -20010.871094        0.186393
FIRE:  5253 19:34:12   -20010.869141        0.175938
FIRE:  5254 19:34:13   -20010.869141        0.136704
FIRE:  5255 19:34:13   -20010.871094        0.132857
FIRE:  5256 19:34:13   -20010.878906        0.128288
FIRE:  5257 19:34:14   -20010.890625        0.124092
FIRE:  5258 19:34:14   -20010.890625        0.150301
FIRE:  5259 19:34:14   -20010.898438        0.119839
FIRE:  5260 19:34:15   -20010.912109        0.120256
FIRE:  5261 19:34:15   -20010.912109        0.120751
FIRE:  5262 19:34:15   -20010.945312        0.121343
FIRE:  5263 19:34:16   -20010.949219        0.122045
FIRE:  5264 19:34:16   -20010.966797        0.127121
FIRE:  5265 19:34:16   -20010.994141        0.123869
FIRE:  5266 19:34:17   -20011.011719        0.126516
FIRE:  5267 19:34:17   -20011.041016        0.126419
FIRE:  5268 19:34:17   -20011.076172        0.128046
FIRE:  5269 19:34:18   -20011.107422        0.168873
FIRE:  5270 19:34:18   -20011.162109        0.207395
FIRE:  5271 19:34:18   -20011.218750        0.317717
FIRE:  5272 19:34:19   -20011.302734        0.797836
FIRE:  5273 19:34:19   -20011.375000        2.064357
FIRE:  5274 19:34:19   -20011.408203        7.190633
FIRE:  5275 19:34:20   -20011.595703        3.156814
FIRE:  5276 19:34:20   -20011.656250        2.495608
FIRE:  5277 19:34:20   -20011.720703        1.627652
FIRE:  5278 19:34:21   -20011.769531        1.681892
FIRE:  5279 19:34:21   -20011.794922        2.719450
FIRE:  5280 19:34:21   -20011.857422        2.972906
FIRE:  5281 19:34:22   -20011.964844        1.783037
FIRE:  5282 19:34:22   -20012.082031        1.754357
FIRE:  5283 19:34:22   -20012.191406        1.690514
FIRE:  5284 19:34:23   -20012.333984        1.931380
FIRE:  5285 19:34:23   -20012.560547        1.544179
FIRE:  5286 19:34:23   -20012.757812        1.419752
FIRE:  5287 19:34:24   -20012.958984        1.934139
FIRE:  5288 19:34:24   -20013.183594        0.692048
FIRE:  5289 19:34:24   -20013.285156        1.520939
FIRE:  5290 19:34:25   -20013.310547        1.133753
FIRE:  5291 19:34:25   -20013.316406        0.812813
FIRE:  5292 19:34:25   -20013.332031        0.573488
FIRE:  5293 19:34:26   -20013.357422        1.121025
FIRE:  5294 19:34:26   -20013.386719        1.173441
FIRE:  5295 19:34:26   -20013.406250        0.665323
FIRE:  5296 19:34:27   -20013.416016        0.577133
FIRE:  5297 19:34:27   -20013.425781        0.740613
FIRE:  5298 19:34:27   -20013.447266        0.888574
FIRE:  5299 19:34:28   -20013.457031        0.493328
FIRE:  5300 19:34:28   -20013.500000        0.549073
FIRE:  5301 19:34:28   -20013.517578        0.820878
FIRE:  5302 19:34:29   -20013.556641        0.491497
FIRE:  5303 19:34:29   -20013.609375        0.753819
FIRE:  5304 19:34:29   -20013.640625        0.335171
FIRE:  5305 19:34:30   -20013.673828        0.772634
FIRE:  5306 19:34:30   -20013.722656        0.778336
FIRE:  5307 19:34:30   -20013.771484        0.357298
FIRE:  5308 19:34:31   -20013.818359        0.209849
FIRE:  5309 19:34:31   -20013.876953        0.636263
FIRE:  5310 19:34:31   -20013.888672        2.586817
FIRE:  5311 19:34:32   -20013.943359        0.571365
FIRE:  5312 19:34:32   -20013.941406        0.426527
FIRE:  5313 19:34:32   -20013.923828        0.169615
FIRE:  5314 19:34:33   -20013.935547        0.155353
FIRE:  5315 19:34:33   -20013.925781        0.366585
FIRE:  5316 19:34:33   -20013.943359        0.427688
FIRE:  5317 19:34:34   -20013.931641        0.315174
FIRE:  5318 19:34:34   -20013.957031        0.144276
FIRE:  5319 19:34:34   -20013.939453        0.199339
FIRE:  5320 19:34:35   -20013.958984        0.331872
FIRE:  5321 19:34:35   -20013.972656        0.226037
FIRE:  5322 19:34:35   -20013.998047        0.153071
FIRE:  5323 19:34:36   -20013.992188        0.306516
FIRE:  5324 19:34:36   -20014.033203        0.169449
FIRE:  5325 19:34:36   -20014.068359        0.284794
FIRE:  5326 19:34:37   -20014.085938        0.194540
FIRE:  5327 19:34:37   -20014.121094        0.336815
FIRE:  5328 19:34:37   -20014.156250        0.249851
FIRE:  5329 19:34:38   -20014.205078        0.223368
FIRE:  5330 19:34:38   -20014.261719        0.217547
FIRE:  5331 19:34:38   -20014.291016        0.388013
FIRE:  5332 19:34:39   -20014.363281        1.503399
FIRE:  5333 19:34:39   -20014.308594        3.908119
FIRE:  5334 19:34:39   -20014.490234        0.622168
FIRE:  5335 19:34:40   -20014.300781        6.166004
FIRE:  5336 19:34:40   -20014.433594        3.350128
FIRE:  5337 19:34:40   -20014.498047        0.304066
FIRE:  5338 19:34:41   -20014.451172        2.211894
FIRE:  5339 19:34:41   -20014.457031        2.090022
FIRE:  5340 19:34:41   -20014.472656        1.846141
FIRE:  5341 19:34:42   -20014.486328        1.480749
FIRE:  5342 19:34:42   -20014.492188        0.998455
FIRE:  5343 19:34:42   -20014.498047        0.415533
FIRE:  5344 19:34:43   -20014.513672        0.312503
FIRE:  5345 19:34:43   -20014.509766        0.312545
FIRE:  5346 19:34:43   -20014.505859        0.312644
FIRE:  5347 19:34:44   -20014.501953        0.312798
FIRE:  5348 19:34:44   -20014.507812        0.312987
FIRE:  5349 19:34:44   -20014.500000        0.313245
FIRE:  5350 19:34:45   -20014.517578        0.313535
FIRE:  5351 19:34:45   -20014.503906        0.313885
FIRE:  5352 19:34:45   -20014.513672        0.314321
FIRE:  5353 19:34:46   -20014.503906        0.314885
FIRE:  5354 19:34:46   -20014.509766        0.315601
FIRE:  5355 19:34:46   -20014.511719        0.316487
FIRE:  5356 19:34:47   -20014.519531        0.317581
FIRE:  5357 19:34:47   -20014.519531        0.318954
FIRE:  5358 19:34:47   -20014.523438        0.320622
FIRE:  5359 19:34:48   -20014.527344        0.322677
FIRE:  5360 19:34:48   -20014.539062        0.325197
FIRE:  5361 19:34:48   -20014.535156        0.328254
FIRE:  5362 19:34:49   -20014.548828        0.331979
FIRE:  5363 19:34:49   -20014.562500        0.336473
FIRE:  5364 19:34:49   -20014.570312        0.341893
FIRE:  5365 19:34:50   -20014.570312        0.348351
FIRE:  5366 19:34:50   -20014.578125        0.355998
FIRE:  5367 19:34:50   -20014.595703        0.364975
FIRE:  5368 19:34:51   -20014.603516        0.375503
FIRE:  5369 19:34:51   -20014.630859        0.387723
FIRE:  5370 19:34:51   -20014.666016        0.401929
FIRE:  5371 19:34:52   -20014.685547        0.418755
FIRE:  5372 19:34:52   -20014.732422        0.439851
FIRE:  5373 19:34:52   -20014.800781        0.467525
FIRE:  5374 19:34:53   -20014.896484        0.503909
FIRE:  5375 19:34:53   -20014.988281        0.546469
FIRE:  5376 19:34:53   -20015.125000        0.579928
FIRE:  5377 19:34:54   -20015.283203        0.558927
FIRE:  5378 19:34:54   -20015.441406        0.367301
FIRE:  5379 19:34:54   -20015.576172        1.050961
FIRE:  5380 19:34:55   -20015.628906        2.201995
FIRE:  5381 19:34:55   -20015.697266        0.963868
FIRE:  5382 19:34:55   -20015.679688        2.656187
FIRE:  5383 19:34:56   -20015.701172        1.681636
FIRE:  5384 19:34:56   -20015.720703        0.596943
FIRE:  5385 19:34:56   -20015.732422        0.953965
FIRE:  5386 19:34:57   -20015.730469        0.892210
FIRE:  5387 19:34:57   -20015.742188        0.771248
FIRE:  5388 19:34:57   -20015.746094        0.597165
FIRE:  5389 19:34:58   -20015.742188        0.507545
FIRE:  5390 19:34:58   -20015.740234        0.490847
FIRE:  5391 19:34:58   -20015.744141        0.470972
FIRE:  5392 19:34:59   -20015.751953        0.448353
FIRE:  5393 19:34:59   -20015.753906        0.482146
FIRE:  5394 19:34:59   -20015.744141        0.551757
FIRE:  5395 19:35:00   -20015.765625        0.500568
FIRE:  5396 19:35:00   -20015.777344        0.318359
FIRE:  5397 19:35:00   -20015.798828        0.262709
FIRE:  5398 19:35:01   -20015.804688        0.263476
FIRE:  5399 19:35:01   -20015.820312        0.414822
FIRE:  5400 19:35:01   -20015.833984        0.341302
FIRE:  5401 19:35:02   -20015.845703        0.175761
FIRE:  5402 19:35:02   -20015.857422        0.324516
FIRE:  5403 19:35:02   -20015.882812        0.333498
FIRE:  5404 19:35:03   -20015.917969        0.206505
FIRE:  5405 19:35:03   -20015.927734        0.352415
FIRE:  5406 19:35:03   -20015.964844        0.173354
FIRE:  5407 19:35:04   -20016.011719        0.375049
FIRE:  5408 19:35:04   -20016.048828        0.193772
FIRE:  5409 19:35:04   -20016.109375        0.154376
FIRE:  5410 19:35:05   -20016.187500        0.467695
FIRE:  5411 19:35:05   -20016.287109        0.857882
FIRE:  5412 19:35:06   -20016.400391        1.730129
FIRE:  5413 19:35:06   -20016.439453        3.286479
FIRE:  5414 19:35:06   -20016.550781        0.855576
FIRE:  5415 19:35:07   -20016.474609        3.879305
FIRE:  5416 19:35:07   -20016.513672        2.547219
FIRE:  5417 19:35:07   -20016.562500        0.640727
FIRE:  5418 19:35:08   -20016.566406        1.054406
FIRE:  5419 19:35:08   -20016.560547        0.996772
FIRE:  5420 19:35:08   -20016.560547        0.883114
FIRE:  5421 19:35:09   -20016.562500        0.718331
FIRE:  5422 19:35:09   -20016.568359        0.509232
FIRE:  5423 19:35:09   -20016.562500        0.300089
FIRE:  5424 19:35:10   -20016.570312        0.301342
FIRE:  5425 19:35:10   -20016.572266        0.302796
FIRE:  5426 19:35:10   -20016.574219        0.437223
FIRE:  5427 19:35:11   -20016.568359        0.574006
FIRE:  5428 19:35:11   -20016.578125        0.605500
FIRE:  5429 19:35:11   -20016.591797        0.505246
FIRE:  5430 19:35:12   -20016.603516        0.317122
FIRE:  5431 19:35:12   -20016.617188        0.322164
FIRE:  5432 19:35:12   -20016.638672        0.336479
FIRE:  5433 19:35:13   -20016.642578        0.459193
FIRE:  5434 19:35:13   -20016.644531        0.345142
FIRE:  5435 19:35:13   -20016.697266        0.356300
FIRE:  5436 19:35:14   -20016.705078        0.373501
FIRE:  5437 19:35:14   -20016.726562        0.386573
FIRE:  5438 19:35:14   -20016.775391        0.406325
FIRE:  5439 19:35:15   -20016.798828        0.429467
FIRE:  5440 19:35:15   -20016.876953        0.454863
FIRE:  5441 19:35:15   -20016.941406        0.479569
FIRE:  5442 19:35:16   -20017.023438        0.493511
FIRE:  5443 19:35:16   -20017.169922        0.473462
FIRE:  5444 19:35:16   -20017.341797        0.507931
FIRE:  5445 19:35:17   -20017.500000        1.011039
FIRE:  5446 19:35:17   -20017.589844        2.091572
FIRE:  5447 19:35:17   -20017.632812        0.483856
FIRE:  5448 19:35:18   -20017.625000        1.481396
FIRE:  5449 19:35:18   -20017.636719        1.215639
FIRE:  5450 19:35:18   -20017.640625        0.706147
FIRE:  5451 19:35:19   -20017.656250        0.324973
FIRE:  5452 19:35:19   -20017.667969        0.663276
FIRE:  5453 19:35:19   -20017.662109        1.079740
FIRE:  5454 19:35:20   -20017.691406        1.116738
FIRE:  5455 19:35:20   -20017.697266        0.796215
FIRE:  5456 19:35:20   -20017.701172        0.233809
FIRE:  5457 19:35:21   -20017.728516        0.489097
FIRE:  5458 19:35:21   -20017.716797        0.830033
FIRE:  5459 19:35:21   -20017.748047        0.667245
FIRE:  5460 19:35:22   -20017.783203        0.219966
FIRE:  5461 19:35:22   -20017.800781        0.751833
FIRE:  5462 19:35:22   -20017.830078        0.522597
FIRE:  5463 19:35:23   -20017.882812        0.487075
FIRE:  5464 19:35:23   -20017.914062        0.582641
FIRE:  5465 19:35:23   -20017.957031        0.573435
FIRE:  5466 19:35:24   -20018.009766        0.253827
FIRE:  5467 19:35:24   -20018.123047        0.825440
FIRE:  5468 19:35:24   -20018.191406        1.089281
FIRE:  5469 19:35:25   -20018.318359        1.414046
FIRE:  5470 19:35:25   -20018.451172        2.903335
FIRE:  5471 19:35:25   -20018.490234        0.250067
FIRE:  5472 19:35:26   -20018.490234        0.250167
FIRE:  5473 19:35:26   -20018.496094        0.250396
FIRE:  5474 19:35:26   -20018.496094        0.250783
FIRE:  5475 19:35:27   -20018.500000        0.251371
FIRE:  5476 19:35:27   -20018.505859        0.252177
FIRE:  5477 19:35:27   -20018.507812        0.253225
FIRE:  5478 19:35:28   -20018.509766        0.254523
FIRE:  5479 19:35:28   -20018.513672        0.256236
FIRE:  5480 19:35:28   -20018.517578        0.258454
FIRE:  5481 19:35:29   -20018.519531        0.261307
FIRE:  5482 19:35:29   -20018.533203        0.264962
FIRE:  5483 19:35:29   -20018.562500        0.269598
FIRE:  5484 19:35:30   -20018.587891        0.275359
FIRE:  5485 19:35:30   -20018.599609        0.282302
FIRE:  5486 19:35:30   -20018.632812        0.290504
FIRE:  5487 19:35:31   -20018.677734        0.300257
FIRE:  5488 19:35:31   -20018.738281        0.312111
FIRE:  5489 19:35:31   -20018.818359        0.326439
FIRE:  5490 19:35:32   -20018.898438        0.343027
FIRE:  5491 19:35:32   -20018.998047        0.449903
FIRE:  5492 19:35:32   -20019.121094        1.302185
FIRE:  5493 19:35:33   -20019.232422        2.927534
FIRE:  5494 19:35:33   -20019.324219        0.611695
FIRE:  5495 19:35:33   -20019.271484        3.440960
FIRE:  5496 19:35:34   -20019.316406        2.272026
FIRE:  5497 19:35:34   -20019.335938        0.574971
FIRE:  5498 19:35:34   -20019.341797        0.951286
FIRE:  5499 19:35:35   -20019.345703        0.897434
FIRE:  5500 19:35:35   -20019.345703        0.791789
FIRE:  5501 19:35:35   -20019.345703        0.639097
FIRE:  5502 19:35:36   -20019.347656        0.446831
FIRE:  5503 19:35:36   -20019.351562        0.387818
FIRE:  5504 19:35:36   -20019.351562        0.387927
FIRE:  5505 19:35:37   -20019.345703        0.388045
FIRE:  5506 19:35:37   -20019.357422        0.398705
FIRE:  5507 19:35:37   -20019.359375        0.516209
FIRE:  5508 19:35:38   -20019.382812        0.536165
FIRE:  5509 19:35:38   -20019.380859        0.435338
FIRE:  5510 19:35:38   -20019.382812        0.388926
FIRE:  5511 19:35:39   -20019.400391        0.389081
FIRE:  5512 19:35:39   -20019.421875        0.390025
FIRE:  5513 19:35:39   -20019.429688        0.410612
FIRE:  5514 19:35:40   -20019.451172        0.392352
FIRE:  5515 19:35:40   -20019.482422        0.393158
FIRE:  5516 19:35:40   -20019.505859        0.392996
FIRE:  5517 19:35:41   -20019.542969        0.390620
FIRE:  5518 19:35:41   -20019.591797        0.383689
FIRE:  5519 19:35:41   -20019.644531        0.367944
FIRE:  5520 19:35:42   -20019.718750        0.345288
FIRE:  5521 19:35:42   -20019.771484        0.312919
FIRE:  5522 19:35:42   -20019.835938        0.369047
FIRE:  5523 19:35:43   -20019.910156        0.225780
FIRE:  5524 19:35:43   -20019.947266        0.381166
FIRE:  5525 19:35:43   -20019.972656        0.537017
FIRE:  5526 19:35:44   -20020.080078        0.469443
FIRE:  5527 19:35:44   -20020.205078        1.619008
FIRE:  5528 19:35:44   -20020.148438        3.827610
FIRE:  5529 19:35:45   -20020.296875        0.346116
FIRE:  5530 19:35:45   -20020.117188        6.205330
FIRE:  5531 19:35:45   -20020.253906        3.178412
FIRE:  5532 19:35:46   -20020.320312        0.298117
FIRE:  5533 19:35:46   -20020.314453        0.275555
FIRE:  5534 19:35:46   -20020.310547        0.231695
FIRE:  5535 19:35:47   -20020.314453        0.211058
FIRE:  5536 19:35:47   -20020.322266        0.209297
FIRE:  5537 19:35:47   -20020.322266        0.207085
FIRE:  5538 19:35:48   -20020.322266        0.204422
FIRE:  5539 19:35:48   -20020.318359        0.201287
FIRE:  5540 19:35:48   -20020.322266        0.198963
FIRE:  5541 19:35:49   -20020.330078        0.200682
FIRE:  5542 19:35:49   -20020.333984        0.202844
FIRE:  5543 19:35:49   -20020.343750        0.205541
FIRE:  5544 19:35:50   -20020.359375        0.208968
FIRE:  5545 19:35:50   -20020.359375        0.213267
FIRE:  5546 19:35:50   -20020.371094        0.218632
FIRE:  5547 19:35:51   -20020.375000        0.225302
FIRE:  5548 19:35:51   -20020.402344        0.233562
FIRE:  5549 19:35:51   -20020.431641        0.243661
FIRE:  5550 19:35:52   -20020.443359        0.255772
FIRE:  5551 19:35:52   -20020.468750        0.269974
FIRE:  5552 19:35:52   -20020.507812        0.286008
FIRE:  5553 19:35:53   -20020.544922        0.303277
FIRE:  5554 19:35:53   -20020.568359        0.321157
FIRE:  5555 19:35:53   -20020.603516        0.340044
FIRE:  5556 19:35:54   -20020.689453        0.363518
FIRE:  5557 19:35:54   -20020.755859        0.400427
FIRE:  5558 19:35:54   -20020.865234        0.463543
FIRE:  5559 19:35:55   -20020.990234        1.058279
FIRE:  5560 19:35:55   -20021.121094        3.540447
FIRE:  5561 19:35:55   -20021.189453        0.868273
FIRE:  5562 19:35:56   -20021.199219        0.653272
FIRE:  5563 19:35:56   -20021.193359        0.653238
FIRE:  5564 19:35:56   -20021.208984        0.660167
FIRE:  5565 19:35:57   -20021.203125        0.668913
FIRE:  5566 19:35:57   -20021.222656        0.678599
FIRE:  5567 19:35:57   -20021.226562        0.688496
FIRE:  5568 19:35:58   -20021.255859        0.697864
FIRE:  5569 19:35:58   -20021.269531        0.706848
FIRE:  5570 19:35:58   -20021.287109        0.714621
FIRE:  5571 19:35:59   -20021.314453        0.720718
FIRE:  5572 19:35:59   -20021.371094        0.725965
FIRE:  5573 19:35:59   -20021.419922        0.733446
FIRE:  5574 19:36:00   -20021.458984        0.748525
FIRE:  5575 19:36:00   -20021.558594        0.777533
FIRE:  5576 19:36:00   -20021.628906        0.813083
FIRE:  5577 19:36:01   -20021.767578        0.798139
FIRE:  5578 19:36:01   -20021.921875        0.566484
FIRE:  5579 19:36:01   -20022.056641        0.604190
FIRE:  5580 19:36:02   -20021.992188        2.281489
FIRE:  5581 19:36:02   -20022.029297        1.829756
FIRE:  5582 19:36:02   -20022.085938        1.113622
FIRE:  5583 19:36:03   -20022.142578        0.442940
FIRE:  5584 19:36:03   -20022.158203        0.349925
FIRE:  5585 19:36:03   -20022.152344        0.626884
FIRE:  5586 19:36:04   -20022.154297        0.608987
FIRE:  5587 19:36:04   -20022.156250        0.573531
FIRE:  5588 19:36:04   -20022.162109        0.521424
FIRE:  5589 19:36:05   -20022.166016        0.465652
FIRE:  5590 19:36:05   -20022.179688        0.415023
FIRE:  5591 19:36:05   -20022.171875        0.356105
FIRE:  5592 19:36:06   -20022.179688        0.290826
FIRE:  5593 19:36:06   -20022.199219        0.262448
FIRE:  5594 19:36:06   -20022.197266        0.264533
FIRE:  5595 19:36:07   -20022.195312        0.265628
FIRE:  5596 19:36:07   -20022.191406        0.289077
FIRE:  5597 19:36:07   -20022.216797        0.352692
FIRE:  5598 19:36:08   -20022.228516        0.365395
FIRE:  5599 19:36:08   -20022.236328        0.317355
FIRE:  5600 19:36:08   -20022.257812        0.229033
FIRE:  5601 19:36:09   -20022.304688        0.209924
FIRE:  5602 19:36:09   -20022.343750        0.201505
FIRE:  5603 19:36:09   -20022.357422        0.284272
FIRE:  5604 19:36:10   -20022.373047        0.284850
FIRE:  5605 19:36:10   -20022.427734        0.187036
FIRE:  5606 19:36:10   -20022.486328        0.148174
FIRE:  5607 19:36:11   -20022.527344        0.221640
FIRE:  5608 19:36:11   -20022.583984        0.396676
FIRE:  5609 19:36:11   -20022.646484        1.869535
FIRE:  5610 19:36:12   -20022.480469        4.692478
FIRE:  5611 19:36:12   -20022.759766        0.898181
FIRE:  5612 19:36:12   -20022.412109        9.081880
FIRE:  5613 19:36:13   -20022.691406        4.024178
FIRE:  5614 19:36:13   -20022.773438        0.908608
FIRE:  5615 19:36:13   -20022.777344        0.842669
FIRE:  5616 19:36:14   -20022.779297        0.714128
FIRE:  5617 19:36:14   -20022.779297        0.529813
FIRE:  5618 19:36:14   -20022.794922        0.301193
FIRE:  5619 19:36:15   -20022.785156        0.110845
FIRE:  5620 19:36:15   -20022.789062        0.196224
FIRE:  5621 19:36:15   -20022.789062        0.387971
FIRE:  5622 19:36:16   -20022.787109        0.515299
FIRE:  5623 19:36:16   -20022.781250        0.547421
FIRE:  5624 19:36:16   -20022.800781        0.461981
FIRE:  5625 19:36:17   -20022.804688        0.257260
FIRE:  5626 19:36:17   -20022.814453        0.110964
FIRE:  5627 19:36:18   -20022.826172        0.294071
FIRE:  5628 19:36:18   -20022.798828        0.410644
FIRE:  5629 19:36:18   -20022.820312        0.309936
FIRE:  5630 19:36:19   -20022.814453        0.111244
FIRE:  5631 19:36:19   -20022.832031        0.328544
FIRE:  5632 19:36:19   -20022.830078        0.307334
FIRE:  5633 19:36:20   -20022.826172        0.111658
FIRE:  5634 19:36:20   -20022.839844        0.331110
FIRE:  5635 19:36:20   -20022.875000        0.112107
FIRE:  5636 19:36:21   -20022.878906        0.338181
FIRE:  5637 19:36:21   -20022.904297        0.229605
FIRE:  5638 19:36:21   -20022.943359        0.113187
FIRE:  5639 19:36:22   -20022.982422        0.329300
FIRE:  5640 19:36:22   -20023.042969        0.786969
FIRE:  5641 19:36:22   -20023.060547        1.889763
FIRE:  5642 19:36:23   -20023.076172        0.114516
FIRE:  5643 19:36:23   -20023.097656        1.411786
FIRE:  5644 19:36:23   -20023.089844        1.137877
FIRE:  5645 19:36:24   -20023.082031        0.615441
FIRE:  5646 19:36:24   -20023.087891        0.114554
FIRE:  5647 19:36:24   -20023.089844        0.724653
FIRE:  5648 19:36:25   -20023.083984        0.679366
FIRE:  5649 19:36:25   -20023.085938        0.592503
FIRE:  5650 19:36:25   -20023.087891        0.470850
FIRE:  5651 19:36:26   -20023.089844        0.323764
FIRE:  5652 19:36:26   -20023.089844        0.162897
FIRE:  5653 19:36:26   -20023.087891        0.114554
FIRE:  5654 19:36:27   -20023.097656        0.140108
FIRE:  5655 19:36:27   -20023.101562        0.259490
FIRE:  5656 19:36:27   -20023.105469        0.340828
FIRE:  5657 19:36:28   -20023.107422        0.368907
FIRE:  5658 19:36:28   -20023.107422        0.331075
FIRE:  5659 19:36:28   -20023.105469        0.220264
FIRE:  5660 19:36:29   -20023.113281        0.114543
FIRE:  5661 19:36:29   -20023.113281        0.154301
FIRE:  5662 19:36:29   -20023.126953        0.282567
FIRE:  5663 19:36:30   -20023.119141        0.263363
FIRE:  5664 19:36:30   -20023.138672        0.114478
FIRE:  5665 19:36:30   -20023.140625        0.165594
FIRE:  5666 19:36:31   -20023.156250        0.251100
FIRE:  5667 19:36:31   -20023.171875        0.114310
FIRE:  5668 19:36:31   -20023.183594        0.219189
FIRE:  5669 19:36:32   -20023.183594        0.146172
FIRE:  5670 19:36:32   -20023.201172        0.222489
FIRE:  5671 19:36:32   -20023.246094        0.113416
FIRE:  5672 19:36:33   -20023.244141        0.304224
FIRE:  5673 19:36:33   -20023.281250        0.329285
FIRE:  5674 19:36:33   -20023.320312        0.322532
FIRE:  5675 19:36:34   -20023.371094        0.535361
FIRE:  5676 19:36:34   -20023.400391        1.460555
FIRE:  5677 19:36:34   -20023.333984        3.428430
FIRE:  5678 19:36:35   -20023.464844        0.503940
FIRE:  5679 19:36:35   -20023.349609        5.003529
FIRE:  5680 19:36:35   -20023.427734        2.912737
FIRE:  5681 19:36:36   -20023.486328        0.228940
FIRE:  5682 19:36:36   -20023.453125        1.787763
FIRE:  5683 19:36:36   -20023.453125        1.686570
FIRE:  5684 19:36:37   -20023.453125        1.485708
FIRE:  5685 19:36:37   -20023.466797        1.187706
FIRE:  5686 19:36:37   -20023.472656        0.800008
FIRE:  5687 19:36:38   -20023.480469        0.338173
FIRE:  5688 19:36:38   -20023.462891        0.165612
FIRE:  5689 19:36:38   -20023.462891        0.162469
FIRE:  5690 19:36:39   -20023.478516        0.156585
FIRE:  5691 19:36:39   -20023.466797        0.147758
FIRE:  5692 19:36:39   -20023.478516        0.136409
FIRE:  5693 19:36:40   -20023.476562        0.124507
FIRE:  5694 19:36:40   -20023.470703        0.124536
FIRE:  5695 19:36:40   -20023.478516        0.124568
FIRE:  5696 19:36:41   -20023.482422        0.124606
FIRE:  5697 19:36:41   -20023.468750        0.124658
FIRE:  5698 19:36:41   -20023.476562        0.124727
FIRE:  5699 19:36:42   -20023.478516        0.124802
FIRE:  5700 19:36:42   -20023.474609        0.124904
FIRE:  5701 19:36:42   -20023.472656        0.125033
FIRE:  5702 19:36:43   -20023.470703        0.125188
FIRE:  5703 19:36:43   -20023.470703        0.125377
FIRE:  5704 19:36:43   -20023.480469        0.125607
FIRE:  5705 19:36:44   -20023.486328        0.125888
FIRE:  5706 19:36:44   -20023.492188        0.126238
FIRE:  5707 19:36:44   -20023.484375        0.126657
FIRE:  5708 19:36:45   -20023.490234        0.127163
FIRE:  5709 19:36:45   -20023.498047        0.127775
FIRE:  5710 19:36:45   -20023.486328        0.128513
FIRE:  5711 19:36:46   -20023.507812        0.129391
FIRE:  5712 19:36:46   -20023.531250        0.130436
FIRE:  5713 19:36:46   -20023.537109        0.131664
FIRE:  5714 19:36:47   -20023.572266        0.133090
FIRE:  5715 19:36:47   -20023.564453        0.134714
FIRE:  5716 19:36:47   -20023.593750        0.136518
FIRE:  5717 19:36:48   -20023.625000        0.138453
FIRE:  5718 19:36:48   -20023.658203        0.140391
FIRE:  5719 19:36:48   -20023.650391        0.142147
FIRE:  5720 19:36:49   -20023.693359        0.143425
FIRE:  5721 19:36:49   -20023.744141        0.143906
FIRE:  5722 19:36:49   -20023.798828        0.330980
FIRE:  5723 19:36:50   -20023.832031        1.145591
FIRE:  5724 19:36:50   -20023.781250        2.963717
FIRE:  5725 19:36:50   -20023.865234        0.338620
FIRE:  5726 19:36:51   -20023.785156        4.027771
FIRE:  5727 19:36:51   -20023.843750        2.462808
FIRE:  5728 19:36:51   -20023.875000        0.333844
FIRE:  5729 19:36:52   -20023.880859        1.410568
FIRE:  5730 19:36:52   -20023.876953        1.327810
FIRE:  5731 19:36:52   -20023.871094        1.164166
FIRE:  5732 19:36:53   -20023.900391        0.924226
FIRE:  5733 19:36:53   -20023.894531        0.616468
FIRE:  5734 19:36:53   -20023.884766        0.256036
FIRE:  5735 19:36:54   -20023.875000        0.128711
FIRE:  5736 19:36:54   -20023.888672        0.462527
FIRE:  5737 19:36:54   -20023.892578        0.453933
FIRE:  5738 19:36:55   -20023.886719        0.436811
FIRE:  5739 19:36:55   -20023.876953        0.411839
FIRE:  5740 19:36:55   -20023.884766        0.379132
FIRE:  5741 19:36:56   -20023.888672        0.340322
FIRE:  5742 19:36:56   -20023.900391        0.295362
FIRE:  5743 19:36:56   -20023.898438        0.246325
FIRE:  5744 19:36:57   -20023.892578        0.188168
FIRE:  5745 19:36:57   -20023.898438        0.124930
FIRE:  5746 19:36:57   -20023.906250        0.124875
FIRE:  5747 19:36:58   -20023.896484        0.124806
FIRE:  5748 19:36:58   -20023.896484        0.124717
FIRE:  5749 19:36:58   -20023.906250        0.161391
FIRE:  5750 19:36:59   -20023.902344        0.202457
FIRE:  5751 19:36:59   -20023.914062        0.216279
FIRE:  5752 19:36:59   -20023.927734        0.195163
FIRE:  5753 19:37:00   -20023.923828        0.135902
FIRE:  5754 19:37:00   -20023.925781        0.123551
FIRE:  5755 19:37:00   -20023.906250        0.123169
FIRE:  5756 19:37:01   -20023.923828        0.151795
FIRE:  5757 19:37:01   -20023.931641        0.169230
FIRE:  5758 19:37:01   -20023.935547        0.121327
FIRE:  5759 19:37:02   -20023.947266        0.120365
FIRE:  5760 19:37:02   -20023.943359        0.141753
FIRE:  5761 19:37:02   -20023.968750        0.117577
FIRE:  5762 19:37:03   -20023.958984        0.115588
FIRE:  5763 19:37:03   -20023.970703        0.144222
FIRE:  5764 19:37:03   -20024.003906        0.109805
FIRE:  5765 19:37:04   -20024.033203        0.143025
FIRE:  5766 19:37:04   -20024.050781        0.100364
FIRE:  5767 19:37:04   -20024.091797        0.099894
FIRE:  5768 19:37:05   -20024.103516        0.201223
FIRE:  5769 19:37:05   -20024.126953        0.319725
FIRE:  5770 19:37:05   -20024.158203        0.605727
FIRE:  5771 19:37:06   -20024.214844        1.474321
FIRE:  5772 19:37:06   -20024.185547        3.202894
FIRE:  5773 19:37:06   -20024.281250        0.518154
FIRE:  5774 19:37:07   -20024.183594        4.402960
FIRE:  5775 19:37:07   -20024.251953        2.682882
FIRE:  5776 19:37:07   -20024.292969        0.372767
FIRE:  5777 19:37:08   -20024.275391        1.501321
FIRE:  5778 19:37:08   -20024.267578        1.416137
FIRE:  5779 19:37:08   -20024.277344        1.247313
FIRE:  5780 19:37:09   -20024.292969        0.998808
FIRE:  5781 19:37:09   -20024.304688        0.678941
FIRE:  5782 19:37:09   -20024.304688        0.301253
FIRE:  5783 19:37:10   -20024.322266        0.122933
FIRE:  5784 19:37:10   -20024.304688        0.469786
FIRE:  5785 19:37:10   -20024.314453        0.461065
FIRE:  5786 19:37:11   -20024.296875        0.444125
FIRE:  5787 19:37:11   -20024.312500        0.419175
FIRE:  5788 19:37:11   -20024.308594        0.386844
FIRE:  5789 19:37:12   -20024.318359        0.347964
FIRE:  5790 19:37:12   -20024.310547        0.303052
FIRE:  5791 19:37:12   -20024.310547        0.253777
FIRE:  5792 19:37:13   -20024.302734        0.195266
FIRE:  5793 19:37:13   -20024.312500        0.128767
FIRE:  5794 19:37:13   -20024.308594        0.123381
FIRE:  5795 19:37:14   -20024.314453        0.123465
FIRE:  5796 19:37:14   -20024.306641        0.123570
FIRE:  5797 19:37:14   -20024.310547        0.161207
FIRE:  5798 19:37:15   -20024.312500        0.204522
FIRE:  5799 19:37:15   -20024.310547        0.220803
FIRE:  5800 19:37:15   -20024.302734        0.202708
FIRE:  5801 19:37:16   -20024.312500        0.145911
FIRE:  5802 19:37:16   -20024.300781        0.124854
FIRE:  5803 19:37:16   -20024.312500        0.125238
FIRE:  5804 19:37:17   -20024.302734        0.148983
FIRE:  5805 19:37:17   -20024.314453        0.175051
FIRE:  5806 19:37:17   -20024.320312        0.126871
FIRE:  5807 19:37:18   -20024.339844        0.127601
FIRE:  5808 19:37:18   -20024.355469        0.138829
FIRE:  5809 19:37:18   -20024.371094        0.129340
FIRE:  5810 19:37:19   -20024.367188        0.130304
FIRE:  5811 19:37:19   -20024.353516        0.147079
FIRE:  5812 19:37:19   -20024.380859        0.132071
FIRE:  5813 19:37:20   -20024.396484        0.145563
FIRE:  5814 19:37:20   -20024.406250        0.132179
FIRE:  5815 19:37:20   -20024.419922        0.143799
FIRE:  5816 19:37:21   -20024.462891        0.201900
FIRE:  5817 19:37:21   -20024.501953        0.243156
FIRE:  5818 19:37:21   -20024.556641        0.420882
FIRE:  5819 19:37:22   -20024.615234        1.086151
FIRE:  5820 19:37:22   -20024.607422        2.584074
FIRE:  5821 19:37:22   -20024.679688        0.300049
FIRE:  5822 19:37:23   -20024.623047        3.237365
FIRE:  5823 19:37:23   -20024.652344        2.081751
FIRE:  5824 19:37:23   -20024.675781        0.423580
FIRE:  5825 19:37:24   -20024.679688        1.046427
FIRE:  5826 19:37:24   -20024.681641        0.984190
FIRE:  5827 19:37:24   -20024.679688        0.862131
FIRE:  5828 19:37:25   -20024.693359        0.684832
FIRE:  5829 19:37:25   -20024.689453        0.460192
FIRE:  5830 19:37:25   -20024.689453        0.201883
FIRE:  5831 19:37:26   -20024.707031        0.169875
FIRE:  5832 19:37:26   -20024.685547        0.309856
FIRE:  5833 19:37:26   -20024.687500        0.304501
FIRE:  5834 19:37:27   -20024.687500        0.293746
FIRE:  5835 19:37:27   -20024.691406        0.277774
FIRE:  5836 19:37:27   -20024.685547        0.257510
FIRE:  5837 19:37:28   -20024.687500        0.232761
FIRE:  5838 19:37:28   -20024.687500        0.204392
FIRE:  5839 19:37:28   -20024.683594        0.173291
FIRE:  5840 19:37:29   -20024.693359        0.171790
FIRE:  5841 19:37:29   -20024.689453        0.172071
FIRE:  5842 19:37:29   -20024.687500        0.172463
FIRE:  5843 19:37:30   -20024.701172        0.172992
FIRE:  5844 19:37:30   -20024.683594        0.173613
FIRE:  5845 19:37:30   -20024.693359        0.174412
FIRE:  5846 19:37:31   -20024.693359        0.175392
FIRE:  5847 19:37:31   -20024.697266        0.176582
FIRE:  5848 19:37:31   -20024.693359        0.178067
FIRE:  5849 19:37:32   -20024.699219        0.179928
FIRE:  5850 19:37:32   -20024.697266        0.182217
FIRE:  5851 19:37:32   -20024.708984        0.185081
FIRE:  5852 19:37:33   -20024.697266        0.188671
FIRE:  5853 19:37:33   -20024.707031        0.193157
FIRE:  5854 19:37:33   -20024.714844        0.198830
FIRE:  5855 19:37:34   -20024.726562        0.205927
FIRE:  5856 19:37:34   -20024.726562        0.215030
FIRE:  5857 19:37:34   -20024.748047        0.226656
FIRE:  5858 19:37:35   -20024.755859        0.241711
FIRE:  5859 19:37:35   -20024.775391        0.261386
FIRE:  5860 19:37:35   -20024.783203        0.287370
FIRE:  5861 19:37:36   -20024.808594        0.322126
FIRE:  5862 19:37:36   -20024.841797        0.368757
FIRE:  5863 19:37:36   -20024.888672        0.430633
FIRE:  5864 19:37:37   -20024.960938        0.507759
FIRE:  5865 19:37:37   -20025.035156        0.585358
FIRE:  5866 19:37:37   -20025.160156        0.585772
FIRE:  5867 19:37:38   -20025.314453        0.340935
FIRE:  5868 19:37:38   -20025.365234        0.897198
FIRE:  5869 19:37:38   -20025.417969        1.134937
FIRE:  5870 19:37:39   -20025.458984        2.550531
FIRE:  5871 19:37:39   -20025.521484        0.971516
FIRE:  5872 19:37:39   -20025.539062        0.558325
FIRE:  5873 19:37:40   -20025.550781        0.469326
FIRE:  5874 19:37:40   -20025.552734        0.537292
FIRE:  5875 19:37:40   -20025.558594        0.700647
FIRE:  5876 19:37:41   -20025.566406        0.515723
FIRE:  5877 19:37:41   -20025.580078        0.292533
FIRE:  5878 19:37:41   -20025.591797        0.420701
FIRE:  5879 19:37:42   -20025.599609        0.571989
FIRE:  5880 19:37:42   -20025.613281        0.263802
FIRE:  5881 19:37:42   -20025.619141        0.370300
FIRE:  5882 19:37:43   -20025.652344        0.462309
FIRE:  5883 19:37:43   -20025.669922        0.199205
FIRE:  5884 19:37:43   -20025.693359        0.483293
FIRE:  5885 19:37:44   -20025.716797        0.237998
FIRE:  5886 19:37:44   -20025.767578        0.311911
FIRE:  5887 19:37:44   -20025.783203        0.600299
FIRE:  5888 19:37:45   -20025.810547        0.633232
FIRE:  5889 19:37:45   -20025.863281        0.804053
FIRE:  5890 19:37:45   -20025.902344        1.522371
FIRE:  5891 19:37:46   -20025.931641        0.224411
FIRE:  5892 19:37:46   -20025.912109        1.509451
FIRE:  5893 19:37:46   -20025.923828        1.091068
FIRE:  5894 19:37:47   -20025.931641        0.412996
FIRE:  5895 19:37:47   -20025.935547        0.305627
FIRE:  5896 19:37:47   -20025.912109        0.288152
FIRE:  5897 19:37:48   -20025.929688        0.254210
FIRE:  5898 19:37:48   -20025.925781        0.205672
FIRE:  5899 19:37:48   -20025.923828        0.156995
FIRE:  5900 19:37:49   -20025.931641        0.157509
FIRE:  5901 19:37:49   -20025.933594        0.158136
FIRE:  5902 19:37:49   -20025.941406        0.158822
FIRE:  5903 19:37:50   -20025.939453        0.159699
FIRE:  5904 19:37:50   -20025.935547        0.160731
FIRE:  5905 19:37:50   -20025.941406        0.163588
FIRE:  5906 19:37:51   -20025.951172        0.163346
FIRE:  5907 19:37:51   -20025.955078        0.164942
FIRE:  5908 19:37:51   -20025.960938        0.166639
FIRE:  5909 19:37:52   -20025.958984        0.168420
FIRE:  5910 19:37:52   -20025.964844        0.170103
FIRE:  5911 19:37:52   -20025.976562        0.171592
FIRE:  5912 19:37:53   -20025.974609        0.172795
FIRE:  5913 19:37:53   -20025.970703        0.173595
FIRE:  5914 19:37:53   -20025.984375        0.174113
FIRE:  5915 19:37:54   -20025.990234        0.174500
FIRE:  5916 19:37:54   -20026.011719        0.175154
FIRE:  5917 19:37:54   -20026.005859        0.176250
FIRE:  5918 19:37:55   -20026.019531        0.177579
FIRE:  5919 19:37:55   -20026.050781        0.177868
FIRE:  5920 19:37:55   -20026.082031        0.174750
FIRE:  5921 19:37:56   -20026.126953        0.165017
FIRE:  5922 19:37:56   -20026.171875        0.216740
FIRE:  5923 19:37:56   -20026.226562        0.669065
FIRE:  5924 19:37:57   -20026.253906        1.768680
FIRE:  5925 19:37:57   -20026.275391        0.240829
FIRE:  5926 19:37:57   -20026.261719        1.874242
FIRE:  5927 19:37:58   -20026.263672        1.320808
FIRE:  5928 19:37:58   -20026.289062        0.446159
FIRE:  5929 19:37:58   -20026.289062        0.448778
FIRE:  5930 19:37:59   -20026.287109        0.422620
FIRE:  5931 19:37:59   -20026.273438        0.371694
FIRE:  5932 19:37:59   -20026.287109        0.298726
FIRE:  5933 19:38:00   -20026.283203        0.208293
FIRE:  5934 19:38:00   -20026.296875        0.111871
FIRE:  5935 19:38:00   -20026.281250        0.112159
FIRE:  5936 19:38:01   -20026.285156        0.112479
FIRE:  5937 19:38:01   -20026.294922        0.180725
FIRE:  5938 19:38:01   -20026.291016        0.234296
FIRE:  5939 19:38:02   -20026.292969        0.245928
FIRE:  5940 19:38:02   -20026.298828        0.205771
FIRE:  5941 19:38:03   -20026.292969        0.114742
FIRE:  5942 19:38:03   -20026.296875        0.115134
FIRE:  5943 19:38:03   -20026.302734        0.140720
FIRE:  5944 19:38:04   -20026.306641        0.191333
FIRE:  5945 19:38:04   -20026.316406        0.137852
FIRE:  5946 19:38:04   -20026.312500        0.114038
FIRE:  5947 19:38:05   -20026.310547        0.156975
FIRE:  5948 19:38:05   -20026.318359        0.135523
FIRE:  5949 19:38:05   -20026.306641        0.108484
FIRE:  5950 19:38:06   -20026.328125        0.157349
FIRE:  5951 19:38:06   -20026.328125        0.104499
FIRE:  5952 19:38:06   -20026.349609        0.153025
FIRE:  5953 19:38:07   -20026.367188        0.130616
FIRE:  5954 19:38:07   -20026.378906        0.100393
FIRE:  5955 19:38:07   -20026.408203        0.113111
FIRE:  5956 19:38:08   -20026.458984        0.317516
FIRE:  5957 19:38:08   -20026.466797        0.905549
FIRE:  5958 19:38:08   -20026.486328        2.127395
FIRE:  5959 19:38:09   -20026.527344        0.287983
FIRE:  5960 19:38:09   -20026.482422        2.430008
FIRE:  5961 19:38:09   -20026.513672        1.654986
FIRE:  5962 19:38:10   -20026.531250        0.475607
FIRE:  5963 19:38:10   -20026.513672        0.670527
FIRE:  5964 19:38:10   -20026.515625        0.631276
FIRE:  5965 19:38:11   -20026.525391        0.554470
FIRE:  5966 19:38:11   -20026.523438        0.443707
FIRE:  5967 19:38:11   -20026.529297        0.304593
FIRE:  5968 19:38:12   -20026.527344        0.146735
FIRE:  5969 19:38:12   -20026.531250        0.082056
FIRE:  5970 19:38:12   -20026.529297        0.171006
FIRE:  5971 19:38:13   -20026.525391        0.292805
FIRE:  5972 19:38:13   -20026.529297        0.369018
FIRE:  5973 19:38:13   -20026.533203        0.380880
FIRE:  5974 19:38:14   -20026.529297        0.314970
FIRE:  5975 19:38:14   -20026.535156        0.171039
FIRE:  5976 19:38:14   -20026.546875        0.082004
FIRE:  5977 19:38:15   -20026.535156        0.213156
FIRE:  5978 19:38:15   -20026.535156        0.291410
FIRE:  5979 19:38:15   -20026.542969        0.219660
FIRE:  5980 19:38:16   -20026.544922        0.080907
FIRE:  5981 19:38:16   -20026.546875        0.228369
FIRE:  5982 19:38:16   -20026.541016        0.224254
FIRE:  5983 19:38:17   -20026.560547        0.078556
FIRE:  5984 19:38:17   -20026.574219        0.239227
FIRE:  5985 19:38:17   -20026.591797        0.076216
FIRE:  5986 19:38:18   -20026.607422        0.254052
FIRE:  5987 19:38:18   -20026.625000        0.117674
FIRE:  5988 19:38:18   -20026.640625        0.105226
FIRE:  5989 19:38:19   -20026.671875        0.328375
FIRE:  5990 19:38:19   -20026.689453        0.605884
FIRE:  5991 19:38:19   -20026.736328        1.209683
FIRE:  5992 19:38:20   -20026.751953        0.078599
FIRE:  5993 19:38:20   -20026.738281        0.919740
FIRE:  5994 19:38:20   -20026.738281        0.739743
FIRE:  5995 19:38:21   -20026.744141        0.403401
FIRE:  5996 19:38:21   -20026.746094        0.078745
FIRE:  5997 19:38:21   -20026.740234        0.436901
FIRE:  5998 19:38:22   -20026.740234        0.412070
FIRE:  5999 19:38:22   -20026.740234        0.363914
FIRE:  6000 19:38:22   -20026.738281        0.295497
FIRE:  6001 19:38:23   -20026.730469        0.212496
FIRE:  6002 19:38:23   -20026.738281        0.119722
FIRE:  6003 19:38:23   -20026.732422        0.078827
FIRE:  6004 19:38:24   -20026.726562        0.078844
FIRE:  6005 19:38:24   -20026.740234        0.143496
FIRE:  6006 19:38:24   -20026.742188        0.199045
FIRE:  6007 19:38:25   -20026.748047        0.223849
FIRE:  6008 19:38:25   -20026.744141        0.208987
FIRE:  6009 19:38:25   -20026.746094        0.149017
FIRE:  6010 19:38:26   -20026.738281        0.079052
FIRE:  6011 19:38:26   -20026.750000        0.079118
FIRE:  6012 19:38:26   -20026.750000        0.165019
FIRE:  6013 19:38:27   -20026.750000        0.168520
FIRE:  6014 19:38:27   -20026.744141        0.079384
FIRE:  6015 19:38:27   -20026.753906        0.085305
FIRE:  6016 19:38:28   -20026.763672        0.156715
FIRE:  6017 19:38:28   -20026.765625        0.079795
FIRE:  6018 19:38:28   -20026.781250        0.121067
FIRE:  6019 19:38:29   -20026.775391        0.109451
FIRE:  6020 19:38:29   -20026.783203        0.117525
FIRE:  6021 19:38:29   -20026.812500        0.080484
FIRE:  6022 19:38:30   -20026.826172        0.180782
FIRE:  6023 19:38:30   -20026.841797        0.171005
FIRE:  6024 19:38:30   -20026.876953        0.161022
FIRE:  6025 19:38:31   -20026.878906        0.280353
FIRE:  6026 19:38:31   -20026.935547        0.808038
FIRE:  6027 19:38:31   -20026.960938        2.107608
FIRE:  6028 19:38:32   -20026.998047        0.136535
FIRE:  6029 19:38:32   -20026.957031        2.526831
FIRE:  6030 19:38:32   -20026.986328        1.659973
FIRE:  6031 19:38:33   -20027.003906        0.373850
FIRE:  6032 19:38:33   -20027.013672        0.825779
FIRE:  6033 19:38:33   -20027.017578        0.774911
FIRE:  6034 19:38:34   -20027.009766        0.675538
FIRE:  6035 19:38:34   -20027.013672        0.531941
FIRE:  6036 19:38:34   -20027.013672        0.351618
FIRE:  6037 19:38:35   -20027.007812        0.146055
FIRE:  6038 19:38:35   -20027.000000        0.077523
FIRE:  6039 19:38:35   -20027.013672        0.256275
FIRE:  6040 19:38:36   -20027.007812        0.251888
FIRE:  6041 19:38:36   -20027.003906        0.242947
FIRE:  6042 19:38:36   -20027.003906        0.229852
FIRE:  6043 19:38:37   -20027.003906        0.212916
FIRE:  6044 19:38:37   -20027.003906        0.192526
FIRE:  6045 19:38:37   -20027.013672        0.169110
FIRE:  6046 19:38:38   -20026.998047        0.143323
FIRE:  6047 19:38:38   -20027.003906        0.112464
FIRE:  6048 19:38:38   -20027.007812        0.077496
FIRE:  6049 19:38:39   -20027.000000        0.077494
FIRE:  6050 19:38:39   -20027.003906        0.077490
FIRE:  6051 19:38:39   -20027.009766        0.077480
FIRE:  6052 19:38:40   -20027.007812        0.084979
FIRE:  6053 19:38:40   -20027.003906        0.110568
FIRE:  6054 19:38:40   -20027.000000        0.121543
FIRE:  6055 19:38:41   -20027.009766        0.113274
FIRE:  6056 19:38:41   -20027.003906        0.083483
FIRE:  6057 19:38:41   -20027.003906        0.077361
FIRE:  6058 19:38:42   -20027.000000        0.077319
FIRE:  6059 19:38:42   -20027.019531        0.081406
FIRE:  6060 19:38:42   -20027.015625        0.096464
FIRE:  6061 19:38:43   -20027.035156        0.077095
FIRE:  6062 19:38:43   -20027.015625        0.076972
FIRE:  6063 19:38:43   -20027.025391        0.077873
FIRE:  6064 19:38:44   -20027.031250        0.076576
FIRE:  6065 19:38:44   -20027.035156        0.076271
FIRE:  6066 19:38:44   -20027.033203        0.081989
FIRE:  6067 19:38:45   -20027.015625        0.075266
FIRE:  6068 19:38:45   -20027.033203        0.081917
FIRE:  6069 19:38:45   -20027.076172        0.074581
FIRE:  6070 19:38:46   -20027.085938        0.074396
FIRE:  6071 19:38:46   -20027.097656        0.116179
FIRE:  6072 19:38:46   -20027.132812        0.167325
FIRE:  6073 19:38:47   -20027.177734        0.332172
FIRE:  6074 19:38:47   -20027.167969        0.881394
FIRE:  6075 19:38:47   -20027.175781        2.127186
FIRE:  6076 19:38:48   -20027.230469        0.184718
FIRE:  6077 19:38:48   -20027.183594        2.540684
FIRE:  6078 19:38:48   -20027.208984        1.683393
FIRE:  6079 19:38:49   -20027.230469        0.405494
FIRE:  6080 19:38:49   -20027.220703        0.796618
FIRE:  6081 19:38:49   -20027.226562        0.748396
FIRE:  6082 19:38:50   -20027.214844        0.653942
FIRE:  6083 19:38:50   -20027.216797        0.517560
FIRE:  6084 19:38:50   -20027.212891        0.346100
FIRE:  6085 19:38:51   -20027.222656        0.150412
FIRE:  6086 19:38:51   -20027.218750        0.072335
FIRE:  6087 19:38:51   -20027.232422        0.235802
FIRE:  6088 19:38:52   -20027.226562        0.231627
FIRE:  6089 19:38:52   -20027.246094        0.223883
FIRE:  6090 19:38:52   -20027.238281        0.211942
FIRE:  6091 19:38:53   -20027.222656        0.196827
FIRE:  6092 19:38:53   -20027.236328        0.178436
FIRE:  6093 19:38:53   -20027.228516        0.157294
FIRE:  6094 19:38:54   -20027.220703        0.133767
FIRE:  6095 19:38:54   -20027.228516        0.106301
FIRE:  6096 19:38:54   -20027.238281        0.074189
FIRE:  6097 19:38:55   -20027.226562        0.072315
FIRE:  6098 19:38:55   -20027.232422        0.072311
FIRE:  6099 19:38:55   -20027.236328        0.072311
FIRE:  6100 19:38:56   -20027.244141        0.075803
FIRE:  6101 19:38:56   -20027.251953        0.100075
FIRE:  6102 19:38:56   -20027.248047        0.111300
FIRE:  6103 19:38:57   -20027.228516        0.105488
FIRE:  6104 19:38:57   -20027.240234        0.079890
FIRE:  6105 19:38:57   -20027.236328        0.072248
FIRE:  6106 19:38:58   -20027.240234        0.072228
FIRE:  6107 19:38:58   -20027.232422        0.072213
FIRE:  6108 19:38:58   -20027.234375        0.089300
FIRE:  6109 19:38:59   -20027.238281        0.072166
FIRE:  6110 19:38:59   -20027.240234        0.072140
FIRE:  6111 19:38:59   -20027.253906        0.072114
FIRE:  6112 19:39:00   -20027.259766        0.072075
FIRE:  6113 19:39:00   -20027.287109        0.072024
FIRE:  6114 19:39:00   -20027.292969        0.074350
FIRE:  6115 19:39:01   -20027.298828        0.071894
FIRE:  6116 19:39:01   -20027.310547        0.073583
FIRE:  6117 19:39:01   -20027.330078        0.071659
FIRE:  6118 19:39:02   -20027.326172        0.076830
FIRE:  6119 19:39:02   -20027.349609        0.102882
FIRE:  6120 19:39:02   -20027.355469        0.129688
FIRE:  6121 19:39:03   -20027.351562        0.247062
FIRE:  6122 19:39:03   -20027.369141        0.687372
FIRE:  6123 19:39:03   -20027.425781        1.766569
FIRE:  6124 19:39:04   -20027.457031        0.131461
FIRE:  6125 19:39:04   -20027.433594        1.983698
FIRE:  6126 19:39:04   -20027.449219        1.353688
FIRE:  6127 19:39:05   -20027.464844        0.381345
FIRE:  6128 19:39:05   -20027.453125        0.578857
FIRE:  6129 19:39:05   -20027.455078        0.543440
FIRE:  6130 19:39:06   -20027.468750        0.474407
FIRE:  6131 19:39:06   -20027.455078        0.375160
FIRE:  6132 19:39:06   -20027.453125        0.251873
FIRE:  6133 19:39:07   -20027.458984        0.113036
FIRE:  6134 19:39:07   -20027.460938        0.090587
FIRE:  6135 19:39:07   -20027.468750        0.160418
FIRE:  6136 19:39:08   -20027.470703        0.261960
FIRE:  6137 19:39:08   -20027.474609        0.321791
FIRE:  6138 19:39:08   -20027.470703        0.323739
FIRE:  6139 19:39:09   -20027.472656        0.257118
FIRE:  6140 19:39:09   -20027.468750        0.124013
FIRE:  6141 19:39:09   -20027.476562        0.091801
FIRE:  6142 19:39:10   -20027.468750        0.201688
FIRE:  6143 19:39:10   -20027.478516        0.251220
FIRE:  6144 19:39:10   -20027.476562        0.165217
FIRE:  6145 19:39:11   -20027.472656        0.093876
FIRE:  6146 19:39:11   -20027.474609        0.213670
FIRE:  6147 19:39:11   -20027.492188        0.163915
FIRE:  6148 19:39:12   -20027.496094        0.097694
FIRE:  6149 19:39:12   -20027.505859        0.198432
FIRE:  6150 19:39:12   -20027.500000        0.100924
FIRE:  6151 19:39:13   -20027.513672        0.182840
FIRE:  6152 19:39:13   -20027.539062        0.180948
FIRE:  6153 19:39:13   -20027.554688        0.111005
FIRE:  6154 19:39:14   -20027.580078        0.116230
FIRE:  6155 19:39:14   -20027.593750        0.336518
FIRE:  6156 19:39:14   -20027.638672        0.996113
FIRE:  6157 19:39:15   -20027.605469        2.412616
FIRE:  6158 19:39:15   -20027.660156        0.240051
FIRE:  6159 19:39:15   -20027.613281        3.015374
FIRE:  6160 19:39:16   -20027.650391        1.946436
FIRE:  6161 19:39:16   -20027.675781        0.401640
FIRE:  6162 19:39:16   -20027.658203        0.989374
FIRE:  6163 19:39:17   -20027.666016        0.930084
FIRE:  6164 19:39:17   -20027.664062        0.813629
FIRE:  6165 19:39:17   -20027.669922        0.644857
FIRE:  6166 19:39:18   -20027.675781        0.431174
FIRE:  6167 19:39:18   -20027.677734        0.185207
FIRE:  6168 19:39:18   -20027.658203        0.140229
FIRE:  6169 19:39:19   -20027.664062        0.302734
FIRE:  6170 19:39:19   -20027.669922        0.297481
FIRE:  6171 19:39:19   -20027.662109        0.286920
FIRE:  6172 19:39:20   -20027.666016        0.271396
FIRE:  6173 19:39:20   -20027.671875        0.251352
FIRE:  6174 19:39:20   -20027.660156        0.227179
FIRE:  6175 19:39:21   -20027.667969        0.199351
FIRE:  6176 19:39:21   -20027.669922        0.168620
FIRE:  6177 19:39:21   -20027.669922        0.140478
FIRE:  6178 19:39:22   -20027.667969        0.140518
FIRE:  6179 19:39:22   -20027.675781        0.140564
FIRE:  6180 19:39:22   -20027.671875        0.140633
FIRE:  6181 19:39:23   -20027.677734        0.140710
FIRE:  6182 19:39:23   -20027.662109        0.140812
FIRE:  6183 19:39:23   -20027.671875        0.140934
FIRE:  6184 19:39:24   -20027.671875        0.143068
FIRE:  6185 19:39:24   -20027.673828        0.141260
FIRE:  6186 19:39:24   -20027.667969        0.141480
FIRE:  6187 19:39:25   -20027.679688        0.141736
FIRE:  6188 19:39:25   -20027.675781        0.142054
FIRE:  6189 19:39:25   -20027.687500        0.142438
FIRE:  6190 19:39:26   -20027.691406        0.142896
FIRE:  6191 19:39:26   -20027.685547        0.143442
FIRE:  6192 19:39:26   -20027.701172        0.144086
FIRE:  6193 19:39:27   -20027.707031        0.144834
FIRE:  6194 19:39:27   -20027.703125        0.145694
FIRE:  6195 19:39:27   -20027.724609        0.146652
FIRE:  6196 19:39:28   -20027.718750        0.147670
FIRE:  6197 19:39:28   -20027.724609        0.148666
FIRE:  6198 19:39:28   -20027.736328        0.149473
FIRE:  6199 19:39:29   -20027.755859        0.149774
FIRE:  6200 19:39:29   -20027.783203        0.149011
FIRE:  6201 19:39:29   -20027.818359        0.146205
FIRE:  6202 19:39:30   -20027.841797        0.177299
FIRE:  6203 19:39:30   -20027.871094        0.339806
FIRE:  6204 19:39:30   -20027.900391        0.913219
FIRE:  6205 19:39:31   -20027.884766        2.209928
FIRE:  6206 19:39:31   -20027.947266        0.220392
FIRE:  6207 19:39:31   -20027.904297        2.657584
FIRE:  6208 19:39:32   -20027.939453        1.755150
FIRE:  6209 19:39:32   -20027.955078        0.418293
FIRE:  6210 19:39:32   -20027.947266        0.828989
FIRE:  6211 19:39:33   -20027.943359        0.779172
FIRE:  6212 19:39:33   -20027.949219        0.681709
FIRE:  6213 19:39:33   -20027.953125        0.540718
FIRE:  6214 19:39:34   -20027.953125        0.363269
FIRE:  6215 19:39:34   -20027.957031        0.160274
FIRE:  6216 19:39:34   -20027.953125        0.072835
FIRE:  6217 19:39:35   -20027.964844        0.241402
FIRE:  6218 19:39:35   -20027.957031        0.237205
FIRE:  6219 19:39:35   -20027.957031        0.229367
FIRE:  6220 19:39:36   -20027.958984        0.217315
FIRE:  6221 19:39:36   -20027.962891        0.201771
FIRE:  6222 19:39:36   -20027.962891        0.182708
FIRE:  6223 19:39:37   -20027.957031        0.161171
FIRE:  6224 19:39:37   -20027.964844        0.137395
FIRE:  6225 19:39:37   -20027.966797        0.108873
FIRE:  6226 19:39:38   -20027.960938        0.076429
FIRE:  6227 19:39:38   -20027.957031        0.072743
FIRE:  6228 19:39:38   -20027.964844        0.072725
FIRE:  6229 19:39:39   -20027.964844        0.072700
FIRE:  6230 19:39:39   -20027.964844        0.076549
FIRE:  6231 19:39:39   -20027.964844        0.101703
FIRE:  6232 19:39:40   -20027.964844        0.113641
FIRE:  6233 19:39:40   -20027.964844        0.107894
FIRE:  6234 19:39:40   -20027.968750        0.082453
FIRE:  6235 19:39:41   -20027.968750        0.072350
FIRE:  6236 19:39:41   -20027.966797        0.072222
FIRE:  6237 19:39:41   -20027.966797        0.072787
FIRE:  6238 19:39:42   -20027.990234        0.091240
FIRE:  6239 19:39:42   -20027.986328        0.071584
FIRE:  6240 19:39:42   -20027.988281        0.071229
FIRE:  6241 19:39:43   -20028.001953        0.070947
FIRE:  6242 19:39:43   -20027.988281        0.071619
FIRE:  6243 19:39:43   -20027.976562        0.071466
FIRE:  6244 19:39:44   -20027.982422        0.075370
FIRE:  6245 19:39:44   -20028.000000        0.072397
FIRE:  6246 19:39:44   -20028.015625        0.074440
FIRE:  6247 19:39:45   -20028.046875        0.073765
FIRE:  6248 19:39:45   -20028.052734        0.078605
FIRE:  6249 19:39:45   -20028.076172        0.103572
FIRE:  6250 19:39:46   -20028.083984        0.129175
FIRE:  6251 19:39:46   -20028.095703        0.246705
FIRE:  6252 19:39:46   -20028.123047        0.697096
FIRE:  6253 19:39:47   -20028.150391        1.801854
FIRE:  6254 19:39:47   -20028.175781        0.148125
FIRE:  6255 19:39:47   -20028.164062        2.026868
FIRE:  6256 19:39:48   -20028.185547        1.382979
FIRE:  6257 19:39:48   -20028.191406        0.390339
FIRE:  6258 19:39:48   -20028.166016        0.586752
FIRE:  6259 19:39:49   -20028.187500        0.551082
FIRE:  6260 19:39:49   -20028.173828        0.481457
FIRE:  6261 19:39:49   -20028.191406        0.381393
FIRE:  6262 19:39:50   -20028.175781        0.256851
FIRE:  6263 19:39:50   -20028.171875        0.116522
FIRE:  6264 19:39:50   -20028.193359        0.085506
FIRE:  6265 19:39:51   -20028.167969        0.160273
FIRE:  6266 19:39:51   -20028.177734        0.263867
FIRE:  6267 19:39:51   -20028.169922        0.325231
FIRE:  6268 19:39:52   -20028.167969        0.328042
FIRE:  6269 19:39:52   -20028.171875        0.261397
FIRE:  6270 19:39:53   -20028.201172        0.126738
FIRE:  6271 19:39:53   -20028.199219        0.085924
FIRE:  6272 19:39:53   -20028.191406        0.203589
FIRE:  6273 19:39:54   -20028.185547        0.254533
FIRE:  6274 19:39:54   -20028.189453        0.167698
FIRE:  6275 19:39:54   -20028.199219        0.086699
FIRE:  6276 19:39:55   -20028.210938        0.216561
FIRE:  6277 19:39:55   -20028.228516        0.166028
FIRE:  6278 19:39:55   -20028.234375        0.099067
FIRE:  6279 19:39:56   -20028.250000        0.200928
FIRE:  6280 19:39:56   -20028.257812        0.089843
FIRE:  6281 19:39:56   -20028.283203        0.185508
FIRE:  6282 19:39:57   -20028.277344        0.184660
FIRE:  6283 19:39:57   -20028.335938        0.094519
FIRE:  6284 19:39:57   -20028.341797        0.106141
FIRE:  6285 19:39:58   -20028.359375        0.335693
FIRE:  6286 19:39:58   -20028.380859        0.994367
FIRE:  6287 19:39:58   -20028.359375        2.403643
FIRE:  6288 19:39:59   -20028.398438        0.248774
FIRE:  6289 19:39:59   -20028.361328        2.991468
FIRE:  6290 19:39:59   -20028.386719        1.935010
FIRE:  6291 19:40:00   -20028.408203        0.406371
FIRE:  6292 19:40:00   -20028.396484        0.970688
FIRE:  6293 19:40:00   -20028.400391        0.912538
FIRE:  6294 19:40:01   -20028.392578        0.798640
FIRE:  6295 19:40:01   -20028.419922        0.633277
FIRE:  6296 19:40:01   -20028.406250        0.424309
FIRE:  6297 19:40:02   -20028.402344        0.183833
FIRE:  6298 19:40:02   -20028.412109        0.108808
FIRE:  6299 19:40:02   -20028.423828        0.293937
FIRE:  6300 19:40:03   -20028.410156        0.288721
FIRE:  6301 19:40:03   -20028.412109        0.278517
FIRE:  6302 19:40:03   -20028.416016        0.263807
FIRE:  6303 19:40:04   -20028.412109        0.244103
FIRE:  6304 19:40:04   -20028.400391        0.220763
FIRE:  6305 19:40:04   -20028.412109        0.193911
FIRE:  6306 19:40:05   -20028.408203        0.164211
FIRE:  6307 19:40:05   -20028.421875        0.128952
FIRE:  6308 19:40:05   -20028.408203        0.109087
FIRE:  6309 19:40:06   -20028.416016        0.109139
FIRE:  6310 19:40:06   -20028.416016        0.109200
FIRE:  6311 19:40:06   -20028.427734        0.109273
FIRE:  6312 19:40:07   -20028.423828        0.109372
FIRE:  6313 19:40:07   -20028.412109        0.125539
FIRE:  6314 19:40:07   -20028.416016        0.138522
FIRE:  6315 19:40:08   -20028.425781        0.129727
FIRE:  6316 19:40:08   -20028.431641        0.110027
FIRE:  6317 19:40:08   -20028.437500        0.110301
FIRE:  6318 19:40:09   -20028.439453        0.110628
FIRE:  6319 19:40:09   -20028.437500        0.111022
FIRE:  6320 19:40:09   -20028.423828        0.111516
FIRE:  6321 19:40:10   -20028.439453        0.112127
FIRE:  6322 19:40:10   -20028.443359        0.112862
FIRE:  6323 19:40:10   -20028.433594        0.113780
FIRE:  6324 19:40:11   -20028.441406        0.114904
FIRE:  6325 19:40:11   -20028.453125        0.116289
FIRE:  6326 19:40:11   -20028.470703        0.117992
FIRE:  6327 19:40:12   -20028.482422        0.120069
FIRE:  6328 19:40:12   -20028.507812        0.122722
FIRE:  6329 19:40:12   -20028.529297        0.126076
FIRE:  6330 19:40:13   -20028.542969        0.130246
FIRE:  6331 19:40:13   -20028.560547        0.135132
FIRE:  6332 19:40:13   -20028.609375        0.159955
FIRE:  6333 19:40:14   -20028.650391        0.297831
FIRE:  6334 19:40:14   -20028.718750        0.818209
FIRE:  6335 19:40:14   -20028.724609        2.058609
FIRE:  6336 19:40:15   -20028.767578        0.185482
FIRE:  6337 19:40:15   -20028.714844        2.408068
FIRE:  6338 19:40:15   -20028.746094        1.607510
FIRE:  6339 19:40:16   -20028.755859        0.405653
FIRE:  6340 19:40:16   -20028.753906        0.731400
FIRE:  6341 19:40:16   -20028.759766        0.687081
FIRE:  6342 19:40:17   -20028.755859        0.600360
FIRE:  6343 19:40:17   -20028.757812        0.475466
FIRE:  6344 19:40:17   -20028.757812        0.318983
FIRE:  6345 19:40:18   -20028.765625        0.141295
FIRE:  6346 19:40:18   -20028.755859        0.128280
FIRE:  6347 19:40:18   -20028.765625        0.208870
FIRE:  6348 19:40:19   -20028.765625        0.339189
FIRE:  6349 19:40:19   -20028.763672        0.415065
FIRE:  6350 19:40:19   -20028.773438        0.416380
FIRE:  6351 19:40:20   -20028.773438        0.329294
FIRE:  6352 19:40:20   -20028.761719        0.156659
FIRE:  6353 19:40:20   -20028.767578        0.125239
FIRE:  6354 19:40:21   -20028.765625        0.258161
FIRE:  6355 19:40:21   -20028.771484        0.320850
FIRE:  6356 19:40:21   -20028.771484        0.212713
FIRE:  6357 19:40:22   -20028.777344        0.119552
FIRE:  6358 19:40:22   -20028.785156        0.272911
FIRE:  6359 19:40:22   -20028.779297        0.212829
FIRE:  6360 19:40:23   -20028.787109        0.120557
FIRE:  6361 19:40:23   -20028.826172        0.253667
FIRE:  6362 19:40:23   -20028.855469        0.114849
FIRE:  6363 19:40:24   -20028.871094        0.236753
FIRE:  6364 19:40:24   -20028.892578        0.226670
FIRE:  6365 19:40:24   -20028.904297        0.119302
FIRE:  6366 19:40:25   -20028.931641        0.151542
FIRE:  6367 19:40:25   -20028.945312        0.453117
FIRE:  6368 19:40:25   -20028.996094        1.215093
FIRE:  6369 19:40:26   -20029.015625        0.132659
FIRE:  6370 19:40:26   -20028.998047        0.946858
FIRE:  6371 19:40:26   -20028.996094        0.754184
FIRE:  6372 19:40:27   -20028.994141        0.395388
FIRE:  6373 19:40:27   -20028.998047        0.134585
FIRE:  6374 19:40:27   -20029.000000        0.483827
FIRE:  6375 19:40:28   -20029.003906        0.455031
FIRE:  6376 19:40:28   -20029.005859        0.398940
FIRE:  6377 19:40:28   -20029.011719        0.319705
FIRE:  6378 19:40:29   -20029.017578        0.223733
FIRE:  6379 19:40:29   -20029.005859        0.135571
FIRE:  6380 19:40:29   -20029.013672        0.135758
FIRE:  6381 19:40:30   -20029.013672        0.135988
FIRE:  6382 19:40:30   -20029.009766        0.172654
FIRE:  6383 19:40:30   -20029.000000        0.229603
FIRE:  6384 19:40:31   -20029.007812        0.250844
FIRE:  6385 19:40:31   -20029.007812        0.226891
FIRE:  6386 19:40:31   -20029.017578        0.153182
FIRE:  6387 19:40:32   -20029.017578        0.139039
FIRE:  6388 19:40:32   -20029.019531        0.140014
FIRE:  6389 19:40:32   -20029.007812        0.191875
FIRE:  6390 19:40:33   -20029.017578        0.181139
FIRE:  6391 19:40:33   -20029.011719        0.144405
FIRE:  6392 19:40:33   -20029.017578        0.146565
FIRE:  6393 19:40:34   -20029.033203        0.173716
FIRE:  6394 19:40:34   -20029.023438        0.152348
FIRE:  6395 19:40:34   -20029.027344        0.156188
FIRE:  6396 19:40:35   -20029.048828        0.160721
FIRE:  6397 19:40:35   -20029.039062        0.166025
FIRE:  6398 19:40:35   -20029.080078        0.171942
FIRE:  6399 19:40:36   -20029.111328        0.209345
FIRE:  6400 19:40:36   -20029.134766        0.233953
FIRE:  6401 19:40:36   -20029.154297        0.237378
FIRE:  6402 19:40:37   -20029.195312        0.497214
FIRE:  6403 19:40:37   -20029.234375        1.383231
FIRE:  6404 19:40:37   -20029.240234        0.167896
FIRE:  6405 19:40:38   -20029.250000        0.167502
FIRE:  6406 19:40:38   -20029.244141        0.166906
FIRE:  6407 19:40:38   -20029.228516        0.166394
FIRE:  6408 19:40:39   -20029.244141        0.166236
FIRE:  6409 19:40:39   -20029.238281        0.166515
FIRE:  6410 19:40:39   -20029.253906        0.167057
FIRE:  6411 19:40:40   -20029.246094        0.167480
FIRE:  6412 19:40:40   -20029.236328        0.167283
FIRE:  6413 19:40:40   -20029.238281        0.165894
FIRE:  6414 19:40:41   -20029.250000        0.163022
FIRE:  6415 19:40:41   -20029.251953        0.158988
FIRE:  6416 19:40:41   -20029.251953        0.154483
FIRE:  6417 19:40:42   -20029.265625        0.149857
FIRE:  6418 19:40:42   -20029.285156        0.144792
FIRE:  6419 19:40:42   -20029.277344        0.139202
FIRE:  6420 19:40:43   -20029.277344        0.132622
FIRE:  6421 19:40:43   -20029.322266        0.122107
FIRE:  6422 19:40:43   -20029.349609        0.107881
FIRE:  6423 19:40:44   -20029.371094        0.094356
FIRE:  6424 19:40:44   -20029.400391        0.152777
FIRE:  6425 19:40:44   -20029.449219        0.578713
FIRE:  6426 19:40:45   -20029.455078        1.835557
FIRE:  6427 19:40:45   -20029.476562        0.078433
FIRE:  6428 19:40:45   -20029.445312        2.030975
FIRE:  6429 19:40:46   -20029.464844        1.382634
FIRE:  6430 19:40:46   -20029.476562        0.374936
FIRE:  6431 19:40:46   -20029.476562        0.626926
FIRE:  6432 19:40:47   -20029.474609        0.587542
FIRE:  6433 19:40:47   -20029.480469        0.510806
FIRE:  6434 19:40:47   -20029.478516        0.400822
FIRE:  6435 19:40:48   -20029.480469        0.264386
FIRE:  6436 19:40:48   -20029.474609        0.111169
FIRE:  6437 19:40:48   -20029.478516        0.076712
FIRE:  6438 19:40:49   -20029.482422        0.186623
FIRE:  6439 19:40:49   -20029.478516        0.293022
FIRE:  6440 19:40:49   -20029.484375        0.352248
FIRE:  6441 19:40:50   -20029.476562        0.347652
FIRE:  6442 19:40:50   -20029.484375        0.268405
FIRE:  6443 19:40:50   -20029.478516        0.118377
FIRE:  6444 19:40:51   -20029.478516        0.079762
FIRE:  6445 19:40:51   -20029.480469        0.230585
FIRE:  6446 19:40:52   -20029.478516        0.270960
FIRE:  6447 19:40:52   -20029.482422        0.162274
FIRE:  6448 19:40:52   -20029.490234        0.074900
FIRE:  6449 19:40:53   -20029.480469        0.239099
FIRE:  6450 19:40:53   -20029.505859        0.156251
FIRE:  6451 19:40:53   -20029.515625        0.135008
FIRE:  6452 19:40:54   -20029.529297        0.204927
FIRE:  6453 19:40:54   -20029.515625        0.104898
FIRE:  6454 19:40:54   -20029.521484        0.168965
FIRE:  6455 19:40:55   -20029.544922        0.233001
FIRE:  6456 19:40:55   -20029.560547        0.113786
FIRE:  6457 19:40:55   -20029.574219        0.084024
FIRE:  6458 19:40:56   -20029.621094        0.099782
FIRE:  6459 19:40:56   -20029.656250        0.402033
FIRE:  6460 19:40:56   -20029.691406        1.436512
FIRE:  6461 19:40:57   -20029.708984        0.117236
FIRE:  6462 19:40:57   -20029.720703        0.117373
FIRE:  6463 19:40:57   -20029.720703        0.117652
FIRE:  6464 19:40:58   -20029.720703        0.118066
FIRE:  6465 19:40:58   -20029.726562        0.118623
FIRE:  6466 19:40:58   -20029.734375        0.119318
FIRE:  6467 19:40:59   -20029.732422        0.120138
FIRE:  6468 19:40:59   -20029.708984        0.121096
FIRE:  6469 19:40:59   -20029.738281        0.122329
FIRE:  6470 19:41:00   -20029.738281        0.123901
FIRE:  6471 19:41:00   -20029.722656        0.125929
FIRE:  6472 19:41:00   -20029.734375        0.128496
FIRE:  6473 19:41:01   -20029.746094        0.131810
FIRE:  6474 19:41:01   -20029.753906        0.136064
FIRE:  6475 19:41:01   -20029.773438        0.141556
FIRE:  6476 19:41:02   -20029.787109        0.148675
FIRE:  6477 19:41:02   -20029.802734        0.158076
FIRE:  6478 19:41:02   -20029.839844        0.170662
FIRE:  6479 19:41:03   -20029.863281        0.187833
FIRE:  6480 19:41:03   -20029.919922        0.211785
FIRE:  6481 19:41:03   -20029.972656        0.246282
FIRE:  6482 19:41:04   -20030.039062        0.921972
FIRE:  6483 19:41:04   -20030.070312        2.950838
FIRE:  6484 19:41:04   -20030.156250        0.368600
FIRE:  6485 19:41:05   -20030.074219        3.826771
FIRE:  6486 19:41:05   -20030.128906        2.286433
FIRE:  6487 19:41:05   -20030.173828        0.382155
FIRE:  6488 19:41:06   -20030.162109        1.490084
FIRE:  6489 19:41:06   -20030.156250        1.394649
FIRE:  6490 19:41:06   -20030.160156        1.206466
FIRE:  6491 19:41:07   -20030.171875        0.932016
FIRE:  6492 19:41:07   -20030.164062        0.583437
FIRE:  6493 19:41:07   -20030.177734        0.389237
FIRE:  6494 19:41:08   -20030.173828        0.390862
FIRE:  6495 19:41:08   -20030.177734        0.573320
FIRE:  6496 19:41:08   -20030.177734        0.561735
FIRE:  6497 19:41:09   -20030.181641        0.539052
FIRE:  6498 19:41:09   -20030.177734        0.505642
FIRE:  6499 19:41:09   -20030.177734        0.462427
FIRE:  6500 19:41:10   -20030.185547        0.410659
FIRE:  6501 19:41:10   -20030.175781        0.394065
FIRE:  6502 19:41:10   -20030.181641        0.394481
FIRE:  6503 19:41:11   -20030.179688        0.395019
FIRE:  6504 19:41:11   -20030.193359        0.395698
FIRE:  6505 19:41:11   -20030.181641        0.396570
FIRE:  6506 19:41:12   -20030.185547        0.397670
FIRE:  6507 19:41:12   -20030.187500        0.399018
FIRE:  6508 19:41:12   -20030.185547        0.400672
FIRE:  6509 19:41:13   -20030.189453        0.402708
FIRE:  6510 19:41:13   -20030.193359        0.405156
FIRE:  6511 19:41:13   -20030.201172        0.408099
FIRE:  6512 19:41:14   -20030.199219        0.411590
FIRE:  6513 19:41:14   -20030.208984        0.415791
FIRE:  6514 19:41:14   -20030.214844        0.420773
FIRE:  6515 19:41:15   -20030.222656        0.426562
FIRE:  6516 19:41:15   -20030.234375        0.433123
FIRE:  6517 19:41:16   -20030.232422        0.440284
FIRE:  6518 19:41:16   -20030.253906        0.447611
FIRE:  6519 19:41:16   -20030.281250        0.453950
FIRE:  6520 19:41:17   -20030.308594        0.457062
FIRE:  6521 19:41:17   -20030.318359        0.452489
FIRE:  6522 19:41:17   -20030.365234        0.431723
FIRE:  6523 19:41:18   -20030.443359        0.379604
FIRE:  6524 19:41:18   -20030.480469        0.272207
FIRE:  6525 19:41:18   -20030.546875        0.238133
FIRE:  6526 19:41:19   -20030.589844        0.325113
FIRE:  6527 19:41:19   -20030.615234        0.715674
FIRE:  6528 19:41:19   -20030.667969        0.857115
FIRE:  6529 19:41:20   -20030.734375        0.544510
FIRE:  6530 19:41:20   -20030.798828        0.849859
FIRE:  6531 19:41:20   -20030.808594        2.658802
FIRE:  6532 19:41:21   -20030.865234        0.406177
FIRE:  6533 19:41:21   -20030.820312        3.313371
FIRE:  6534 19:41:21   -20030.859375        2.040903
FIRE:  6535 19:41:22   -20030.902344        0.246543
FIRE:  6536 19:41:22   -20030.894531        1.259658
FIRE:  6537 19:41:22   -20030.884766        1.178115
FIRE:  6538 19:41:23   -20030.888672        1.017919
FIRE:  6539 19:41:23   -20030.890625        0.785678
FIRE:  6540 19:41:23   -20030.896484        0.493267
FIRE:  6541 19:41:24   -20030.890625        0.243829
FIRE:  6542 19:41:24   -20030.906250        0.244903
FIRE:  6543 19:41:24   -20030.892578        0.465828
FIRE:  6544 19:41:25   -20030.908203        0.673690
FIRE:  6545 19:41:25   -20030.906250        0.763153
FIRE:  6546 19:41:25   -20030.912109        0.698221
FIRE:  6547 19:41:26   -20030.917969        0.465598
FIRE:  6548 19:41:26   -20030.927734        0.257907
FIRE:  6549 19:41:26   -20030.923828        0.305959
FIRE:  6550 19:41:27   -20030.935547        0.543549
FIRE:  6551 19:41:27   -20030.923828        0.514431
FIRE:  6552 19:41:27   -20030.929688        0.279955
FIRE:  6553 19:41:28   -20030.939453        0.333945
FIRE:  6554 19:41:28   -20030.974609        0.516333
FIRE:  6555 19:41:28   -20030.966797        0.313909
FIRE:  6556 19:41:29   -20030.988281        0.437398
FIRE:  6557 19:41:29   -20031.052734        0.354881
FIRE:  6558 19:41:29   -20031.082031        0.460433
FIRE:  6559 19:41:30   -20031.132812        0.406764
FIRE:  6560 19:41:30   -20031.197266        0.575558
FIRE:  6561 19:41:30   -20031.255859        0.578285
FIRE:  6562 19:41:31   -20031.332031        0.553760
FIRE:  6563 19:41:31   -20031.392578        1.011425
FIRE:  6564 19:41:31   -20031.427734        2.387546
FIRE:  6565 19:41:32   -20031.482422        0.320345
FIRE:  6566 19:41:32   -20031.447266        2.684770
FIRE:  6567 19:41:32   -20031.474609        1.832400
FIRE:  6568 19:41:33   -20031.492188        0.530959
FIRE:  6569 19:41:33   -20031.488281        0.737028
FIRE:  6570 19:41:33   -20031.498047        0.693732
FIRE:  6571 19:41:34   -20031.496094        0.609116
FIRE:  6572 19:41:34   -20031.492188        0.487338
FIRE:  6573 19:41:34   -20031.492188        0.335289
FIRE:  6574 19:41:35   -20031.500000        0.175149
FIRE:  6575 19:41:35   -20031.503906        0.173659
FIRE:  6576 19:41:35   -20031.496094        0.184051
FIRE:  6577 19:41:36   -20031.496094        0.317473
FIRE:  6578 19:41:36   -20031.494141        0.400749
FIRE:  6579 19:41:36   -20031.500000        0.411384
FIRE:  6580 19:41:37   -20031.488281        0.334066
FIRE:  6581 19:41:37   -20031.507812        0.169978
FIRE:  6582 19:41:37   -20031.505859        0.158297
FIRE:  6583 19:41:38   -20031.505859        0.248865
FIRE:  6584 19:41:38   -20031.527344        0.318238
FIRE:  6585 19:41:38   -20031.529297        0.214578
FIRE:  6586 19:41:39   -20031.531250        0.147130
FIRE:  6587 19:41:39   -20031.535156        0.270583
FIRE:  6588 19:41:39   -20031.560547        0.207740
FIRE:  6589 19:41:40   -20031.556641        0.133371
FIRE:  6590 19:41:40   -20031.544922        0.250081
FIRE:  6591 19:41:40   -20031.578125        0.126016
FIRE:  6592 19:41:41   -20031.601562        0.222803
FIRE:  6593 19:41:41   -20031.628906        0.246231
FIRE:  6594 19:41:41   -20031.666016        0.132262
FIRE:  6595 19:41:42   -20031.705078        0.142436
FIRE:  6596 19:41:42   -20031.740234        0.305153
FIRE:  6597 19:41:42   -20031.779297        1.006148
FIRE:  6598 19:41:43   -20031.759766        2.522317
FIRE:  6599 19:41:43   -20031.808594        0.279478
FIRE:  6600 19:41:43   -20031.753906        3.006344
FIRE:  6601 19:41:44   -20031.785156        1.998269
FIRE:  6602 19:41:44   -20031.816406        0.496502
FIRE:  6603 19:41:44   -20031.802734        0.921490
FIRE:  6604 19:41:45   -20031.808594        0.866645
FIRE:  6605 19:41:45   -20031.808594        0.759071
FIRE:  6606 19:41:45   -20031.808594        0.603689
FIRE:  6607 19:41:46   -20031.808594        0.408218
FIRE:  6608 19:41:46   -20031.816406        0.196452
FIRE:  6609 19:41:46   -20031.814453        0.196882
FIRE:  6610 19:41:47   -20031.806641        0.263665
FIRE:  6611 19:41:47   -20031.810547        0.259328
FIRE:  6612 19:41:47   -20031.806641        0.250643
FIRE:  6613 19:41:48   -20031.806641        0.237802
FIRE:  6614 19:41:48   -20031.812500        0.221142
FIRE:  6615 19:41:48   -20031.818359        0.200938
FIRE:  6616 19:41:49   -20031.820312        0.197665
FIRE:  6617 19:41:49   -20031.816406        0.197761
FIRE:  6618 19:41:49   -20031.820312        0.197876
FIRE:  6619 19:41:50   -20031.814453        0.198028
FIRE:  6620 19:41:50   -20031.816406        0.198218
FIRE:  6621 19:41:50   -20031.814453        0.198464
FIRE:  6622 19:41:51   -20031.816406        0.198773
FIRE:  6623 19:41:51   -20031.820312        0.199157
FIRE:  6624 19:41:51   -20031.820312        0.199637
FIRE:  6625 19:41:52   -20031.833984        0.200235
FIRE:  6626 19:41:52   -20031.822266        0.200968
FIRE:  6627 19:41:52   -20031.818359        0.201868
FIRE:  6628 19:41:53   -20031.830078        0.202977
FIRE:  6629 19:41:53   -20031.833984        0.204349
FIRE:  6630 19:41:53   -20031.812500        0.206018
FIRE:  6631 19:41:54   -20031.824219        0.208065
FIRE:  6632 19:41:54   -20031.820312        0.210554
FIRE:  6633 19:41:54   -20031.824219        0.213594
FIRE:  6634 19:41:55   -20031.830078        0.217330
FIRE:  6635 19:41:55   -20031.828125        0.221923
FIRE:  6636 19:41:55   -20031.839844        0.227543
FIRE:  6637 19:41:56   -20031.855469        0.234376
FIRE:  6638 19:41:56   -20031.857422        0.242541
FIRE:  6639 19:41:56   -20031.882812        0.252147
FIRE:  6640 19:41:57   -20031.896484        0.262511
FIRE:  6641 19:41:57   -20031.927734        0.272335
FIRE:  6642 19:41:57   -20031.970703        0.280286
FIRE:  6643 19:41:58   -20031.998047        0.285976
FIRE:  6644 19:41:58   -20032.039062        0.291414
FIRE:  6645 19:41:58   -20032.080078        0.431171
FIRE:  6646 19:41:59   -20032.138672        1.400629
FIRE:  6647 19:41:59   -20032.035156        5.996338
FIRE:  6648 19:41:59   -20032.179688        2.511271
FIRE:  6649 19:42:00   -20032.203125        1.916049
FIRE:  6650 19:42:00   -20032.224609        0.726446
FIRE:  6651 19:42:00   -20032.248047        0.906777
FIRE:  6652 19:42:01   -20032.259766        0.828889
FIRE:  6653 19:42:01   -20032.248047        0.681788
FIRE:  6654 19:42:01   -20032.246094        0.481112
FIRE:  6655 19:42:02   -20032.234375        0.343011
FIRE:  6656 19:42:02   -20032.234375        0.342927
FIRE:  6657 19:42:02   -20032.259766        0.342851
FIRE:  6658 19:42:03   -20032.261719        0.368037
FIRE:  6659 19:42:03   -20032.257812        0.465635
FIRE:  6660 19:42:03   -20032.255859        0.486054
FIRE:  6661 19:42:04   -20032.257812        0.412841
FIRE:  6662 19:42:04   -20032.265625        0.342513
FIRE:  6663 19:42:04   -20032.261719        0.342404
FIRE:  6664 19:42:05   -20032.265625        0.342188
FIRE:  6665 19:42:05   -20032.269531        0.394961
FIRE:  6666 19:42:05   -20032.281250        0.341105
FIRE:  6667 19:42:06   -20032.283203        0.340026
FIRE:  6668 19:42:06   -20032.300781        0.338427
FIRE:  6669 19:42:06   -20032.312500        0.336156
FIRE:  6670 19:42:07   -20032.349609        0.332884
FIRE:  6671 19:42:07   -20032.365234        0.327973
FIRE:  6672 19:42:07   -20032.376953        0.320824
FIRE:  6673 19:42:08   -20032.382812        0.310752
FIRE:  6674 19:42:08   -20032.427734        0.296749
FIRE:  6675 19:42:08   -20032.476562        0.275325
FIRE:  6676 19:42:09   -20032.525391        0.239434
FIRE:  6677 19:42:09   -20032.544922        0.656829
FIRE:  6678 19:42:09   -20032.582031        1.595283
FIRE:  6679 19:42:10   -20032.597656        0.325724
FIRE:  6680 19:42:10   -20032.607422        1.452935
FIRE:  6681 19:42:10   -20032.617188        1.085302
FIRE:  6682 19:42:11   -20032.617188        0.473725
FIRE:  6683 19:42:11   -20032.623047        0.212899
FIRE:  6684 19:42:11   -20032.623047        0.201626
FIRE:  6685 19:42:12   -20032.625000        0.179805
FIRE:  6686 19:42:12   -20032.619141        0.148744
FIRE:  6687 19:42:12   -20032.619141        0.111245
FIRE:  6688 19:42:13   -20032.623047        0.111224
FIRE:  6689 19:42:13   -20032.623047        0.111205
FIRE:  6690 19:42:13   -20032.619141        0.111185
FIRE:  6691 19:42:14   -20032.621094        0.111158
FIRE:  6692 19:42:14   -20032.628906        0.111134
FIRE:  6693 19:42:14   -20032.630859        0.113511
FIRE:  6694 19:42:15   -20032.621094        0.111103
FIRE:  6695 19:42:15   -20032.630859        0.111113
FIRE:  6696 19:42:15   -20032.630859        0.111151
FIRE:  6697 19:42:16   -20032.626953        0.111244
FIRE:  6698 19:42:16   -20032.638672        0.111406
FIRE:  6699 19:42:16   -20032.652344        0.111677
FIRE:  6700 19:42:17   -20032.664062        0.112078
FIRE:  6701 19:42:17   -20032.662109        0.112600
FIRE:  6702 19:42:17   -20032.662109        0.113213
FIRE:  6703 19:42:18   -20032.671875        0.113790
FIRE:  6704 19:42:18   -20032.685547        0.114132
FIRE:  6705 19:42:18   -20032.697266        0.113911
FIRE:  6706 19:42:19   -20032.683594        0.112536
FIRE:  6707 19:42:19   -20032.714844        0.109229
FIRE:  6708 19:42:19   -20032.730469        0.103129
FIRE:  6709 19:42:20   -20032.748047        0.115267
FIRE:  6710 19:42:20   -20032.785156        0.227395
FIRE:  6711 19:42:20   -20032.810547        0.565034
FIRE:  6712 19:42:21   -20032.826172        1.336213
FIRE:  6713 19:42:21   -20032.845703        0.210908
FIRE:  6714 19:42:21   -20032.828125        1.257141
FIRE:  6715 19:42:22   -20032.839844        0.933709
FIRE:  6716 19:42:22   -20032.859375        0.394418
FIRE:  6717 19:42:22   -20032.851562        0.216033
FIRE:  6718 19:42:23   -20032.849609        0.204329
FIRE:  6719 19:42:23   -20032.849609        0.181530
FIRE:  6720 19:42:23   -20032.857422        0.149011
FIRE:  6721 19:42:24   -20032.859375        0.109023
FIRE:  6722 19:42:24   -20032.859375        0.064491
FIRE:  6723 19:42:24   -20032.851562        0.053656
FIRE:  6724 19:42:25   -20032.849609        0.053619
FIRE:  6725 19:42:25   -20032.857422        0.079207
FIRE:  6726 19:42:25   -20032.857422        0.106600
FIRE:  6727 19:42:26   -20032.863281        0.117110
FIRE:  6728 19:42:26   -20032.845703        0.104948
FIRE:  6729 19:42:26   -20032.875000        0.068559
FIRE:  6730 19:42:27   -20032.859375        0.053015
FIRE:  6731 19:42:27   -20032.853516        0.060853
FIRE:  6732 19:42:27   -20032.867188        0.092665
FIRE:  6733 19:42:28   -20032.873047        0.078448
FIRE:  6734 19:42:28   -20032.875000        0.052258
FIRE:  6735 19:42:28   -20032.871094        0.069473
FIRE:  6736 19:42:29   -20032.876953        0.077008
FIRE:  6737 19:42:29   -20032.869141        0.051116
FIRE:  6738 19:42:29   -20032.878906        0.080577
FIRE:  6739 19:42:30   -20032.894531        0.049264
