      Step     Time          Energy          fmax
FIRE:    0 18:52:44    77021.085938     5044.515625
FIRE:    1 18:52:44    71281.203125     4384.462891
FIRE:    2 18:52:45    65935.195312     3841.833496
FIRE:    3 18:52:45    60991.507812     3168.322021
FIRE:    4 18:52:46    56440.910156     2965.512695
FIRE:    5 18:52:47    52276.050781     2896.002930
FIRE:    6 18:52:47    48467.449219     2384.449951
FIRE:    7 18:52:47    45018.093750     2151.345215
FIRE:    8 18:52:48    41871.023438     1918.365845
FIRE:    9 18:52:48    39005.917969     1660.061279
FIRE:   10 18:52:48    36391.097656     1411.070435
FIRE:   11 18:52:49    33998.097656     1173.130127
FIRE:   12 18:52:49    31797.531250      975.282959
FIRE:   13 18:52:49    29772.634766      832.837341
FIRE:   14 18:52:50    27905.910156      715.458008
FIRE:   15 18:52:50    26179.589844      641.249756
FIRE:   16 18:52:51    24578.328125      578.451599
FIRE:   17 18:52:51    23088.087891      522.063171
FIRE:   18 18:52:51    21696.304688      470.533264
FIRE:   19 18:52:52    20392.601562      427.708710
FIRE:   20 18:52:52    19168.283203      399.268250
FIRE:   21 18:52:52    18015.621094      379.666656
FIRE:   22 18:52:53    16927.751953      361.286774
FIRE:   23 18:52:53    15898.707031      343.423279
FIRE:   24 18:52:53    14923.100586      325.803223
FIRE:   25 18:52:54    13996.548828      308.161713
FIRE:   26 18:52:54    13115.310547      290.610291
FIRE:   27 18:52:54    12276.117188      273.615417
FIRE:   28 18:52:55    11476.104492      257.574585
FIRE:   29 18:52:55    10712.711914      242.737076
FIRE:   30 18:52:56     9983.690430      229.194946
FIRE:   31 18:52:56     9286.958008      216.764404
FIRE:   32 18:52:56     8620.679688      205.069580
FIRE:   33 18:52:57     7983.183105      193.779617
FIRE:   34 18:52:57     7372.809570      182.850342
FIRE:   35 18:52:57     6787.961914      172.452866
FIRE:   36 18:52:58     6227.229980      162.624542
FIRE:   37 18:52:58     5689.151855      153.222107
FIRE:   38 18:52:59     5172.421875      144.118774
FIRE:   39 18:52:59     4675.788574      135.506378
FIRE:   40 18:52:59     4198.097656      129.921555
FIRE:   41 18:53:00     3738.284668      125.132713
FIRE:   42 18:53:00     3295.347168      120.467804
FIRE:   43 18:53:00     2868.378418      115.931175
FIRE:   44 18:53:01     2456.531982      111.532761
FIRE:   45 18:53:01     2058.986816      108.164803
FIRE:   46 18:53:02     1675.003540      107.313782
FIRE:   47 18:53:02     1303.890869      106.254158
FIRE:   48 18:53:02      944.999573      104.985146
FIRE:   49 18:53:03      597.737671      103.510765
FIRE:   50 18:53:03      261.547791      101.829124
FIRE:   51 18:53:03      -64.069298       99.954475
FIRE:   52 18:53:04     -379.577179       97.899345
FIRE:   53 18:53:04     -685.409851       95.681549
FIRE:   54 18:53:05     -981.967712       93.321823
FIRE:   55 18:53:05    -1269.615601       90.842491
FIRE:   56 18:53:05    -1548.699341       88.264000
FIRE:   57 18:53:06    -1819.544678       85.610405
FIRE:   58 18:53:06    -2082.458008       82.898842
FIRE:   59 18:53:06    -2337.731445       80.149200
FIRE:   60 18:53:07    -2585.635742       77.378632
FIRE:   61 18:53:07    -2826.444824       74.599648
FIRE:   62 18:53:08    -3060.394775       71.826851
FIRE:   63 18:53:08    -3287.734375       69.073227
FIRE:   64 18:53:08    -3508.692139       66.346970
FIRE:   65 18:53:09    -3723.496582       64.638733
FIRE:   66 18:53:09    -3932.348877       62.861172
FIRE:   67 18:53:10    -4135.451660       61.021454
FIRE:   68 18:53:10    -4333.002930       59.142490
FIRE:   69 18:53:10    -4525.191406       57.247749
FIRE:   70 18:53:11    -4712.183105       55.359219
FIRE:   71 18:53:11    -4894.161621       53.494141
FIRE:   72 18:53:12    -5071.279785       51.666912
FIRE:   73 18:53:12    -5243.700684       49.884186
      Step     Time          Energy          fmax
FIRE:    0 18:54:43    77021.171875     5044.515137
FIRE:    1 18:54:43    71281.117188     4384.462402
FIRE:    2 18:54:44    65935.187500     3841.833984
FIRE:    3 18:54:45    60991.519531     3168.322021
FIRE:    4 18:54:46    56440.882812     2965.512207
FIRE:    5 18:54:46    52276.023438     2896.002930
FIRE:    6 18:54:47    48467.433594     2384.450195
FIRE:    7 18:54:47    45018.097656     2151.344971
FIRE:    8 18:54:48    41871.007812     1918.365601
FIRE:    9 18:54:48    39005.875000     1660.061157
FIRE:   10 18:54:49    36391.093750     1411.070557
FIRE:   11 18:54:49    33998.097656     1173.126343
FIRE:   12 18:54:50    31797.523438      975.285400
      Step     Time          Energy          fmax
FIRE:    0 18:55:04    77021.125000     5044.514648
FIRE:    1 18:55:05    71281.101562     4384.463379
FIRE:    2 18:55:06    65935.203125     3841.833008
FIRE:    3 18:55:06    60991.527344     3168.322754
FIRE:    4 18:55:07    56440.878906     2965.512695
FIRE:    5 18:55:08    52276.054688     2896.003174
FIRE:    6 18:55:09    48467.437500     2384.450195
      Step     Time          Energy          fmax
FIRE:    0 18:55:22    77021.093750     5044.516113
FIRE:    1 18:55:22    71281.164062     4384.462402
FIRE:    2 18:55:23    65935.226562     3841.833008
FIRE:    3 18:55:24    60991.507812     3168.322510
FIRE:    4 18:55:24    56440.914062     2965.512207
FIRE:    5 18:55:25    52276.046875     2896.003174
FIRE:    6 18:55:25    48467.429688     2384.450439
FIRE:    7 18:55:26    45018.082031     2151.345215
      Step     Time          Energy          fmax
FIRE:    0 18:55:57    77021.156250     5044.515625
FIRE:    1 18:55:58    71281.140625     4384.462891
FIRE:    2 18:55:59    65935.187500     3841.833008
FIRE:    3 18:55:59    60991.523438     3168.322021
FIRE:    4 18:56:00    56440.890625     2965.512695
FIRE:    5 18:56:01    52276.035156     2896.002686
FIRE:    6 18:56:01    48467.441406     2384.450439
FIRE:    7 18:56:02    45018.085938     2151.345215
FIRE:    8 18:56:02    41871.019531     1918.365723
FIRE:    9 18:56:03    39005.894531     1660.061279
FIRE:   10 18:56:03    36391.105469     1411.070435
FIRE:   11 18:56:04    33998.062500     1173.126465
FIRE:   12 18:56:05    31797.529297      975.283020
FIRE:   13 18:56:05    29772.628906      832.837463
FIRE:   14 18:56:06    27905.906250      715.457947
FIRE:   15 18:56:06    26179.599609      641.249817
FIRE:   16 18:56:07    24578.341797      578.451599
FIRE:   17 18:56:07    23088.070312      522.063110
      Step     Time          Energy          fmax
FIRE:    0 18:56:21    77021.164062     5044.515625
FIRE:    1 18:56:21    71281.109375     4384.462402
FIRE:    2 18:56:22    65935.195312     3841.833008
FIRE:    3 18:56:23    60991.523438     3168.322021
FIRE:    4 18:56:24    56440.910156     2965.512695
FIRE:    5 18:56:24    52276.035156     2896.001953
FIRE:    6 18:56:25    48467.449219     2384.450195
FIRE:    7 18:56:25    45018.093750     2151.345459
FIRE:    8 18:56:26    41871.023438     1918.365479
FIRE:    9 18:56:26    39005.894531     1660.061157
      Step     Time          Energy          fmax
FIRE:    0 18:56:40    77021.210938     5044.515625
FIRE:    1 18:56:40    71281.109375     4384.462402
FIRE:    2 18:56:41    65935.179688     3841.833984
      Step     Time          Energy          fmax
FIRE:    0 18:57:01    77021.187500     5044.516113
FIRE:    1 18:57:02    71281.109375     4384.463379
FIRE:    2 18:57:03    65935.179688     3841.833496
FIRE:    3 18:57:03    60991.527344     3168.322021
FIRE:    4 18:57:04    56440.890625     2965.512695
FIRE:    5 18:57:05    52276.035156     2896.002197
FIRE:    6 18:57:05    48467.449219     2384.450195
FIRE:    7 18:57:06    45018.089844     2151.345215
FIRE:    8 18:57:06    41871.035156     1918.365845
FIRE:    9 18:57:07    39005.882812     1660.061157
FIRE:   10 18:57:07    36391.097656     1411.070435
      Step     Time          Energy          fmax
FIRE:    0 18:57:22    77021.078125     5044.514648
FIRE:    1 18:57:22    71281.125000     4384.463379
FIRE:    2 18:57:23    65935.234375     3841.833008
FIRE:    3 18:57:24    60991.507812     3168.322510
FIRE:    4 18:57:25    56440.902344     2965.512207
FIRE:    5 18:57:25    52276.074219     2896.002197
FIRE:    6 18:57:25    48467.437500     2384.450684
FIRE:    7 18:57:26    45018.101562     2151.345215
FIRE:    8 18:57:26    41871.035156     1918.365601
      Step     Time          Energy          fmax
FIRE:    0 19:03:49    77021.078125     5044.515137
FIRE:    1 19:03:49    71281.140625     4384.462402
FIRE:    2 19:03:50    65935.218750     3841.833252
FIRE:    3 19:03:51    60991.472656     3168.322021
FIRE:    4 19:03:52    56440.894531     2965.512695
FIRE:    5 19:03:52    52276.074219     2896.002197
FIRE:    6 19:03:53    48467.449219     2384.450439
FIRE:    7 19:03:53    45018.109375     2151.345215
FIRE:    8 19:03:53    41871.050781     1918.365723
FIRE:    9 19:03:54    39005.867188     1660.061035
FIRE:   10 19:03:54    36391.093750     1411.070557
FIRE:   11 19:03:55    33998.062500     1173.130127
FIRE:   12 19:03:55    31797.515625      975.285400
FIRE:   13 19:03:55    29772.638672      832.837402
FIRE:   14 19:03:56    27905.912109      715.457886
      Step     Time          Energy          fmax
FIRE:    0 19:04:23    77021.093750     5044.516113
FIRE:    1 19:04:23    71281.140625     4384.462402
FIRE:    2 19:04:24    65935.226562     3841.833008
FIRE:    3 19:04:24    60991.488281     3168.322021
FIRE:    4 19:04:25    56440.898438     2965.512939
FIRE:    5 19:04:26    52276.082031     2896.002441
FIRE:    6 19:04:26    48467.386719     2384.450439
FIRE:    7 19:04:26    45018.132812     2151.345215
FIRE:    8 19:04:27    41871.050781     1918.365601
FIRE:    9 19:04:27    39005.875000     1660.061035
FIRE:   10 19:04:27    36391.121094     1411.070435
FIRE:   11 19:04:28    33998.062500     1173.126343
FIRE:   12 19:04:28    31797.500000      975.283020
FIRE:   13 19:04:29    29772.640625      832.837341
FIRE:   14 19:04:29    27905.914062      715.457886
FIRE:   15 19:04:29    26179.589844      641.249756
FIRE:   16 19:04:30    24578.343750      578.451538
FIRE:   17 19:04:30    23088.093750      522.063171
FIRE:   18 19:04:30    21696.302734      470.533264
FIRE:   19 19:04:31    20392.572266      427.708710
FIRE:   20 19:04:31    19168.298828      399.268250
FIRE:   21 19:04:31    18015.611328      379.666626
FIRE:   22 19:04:32    16927.787109      361.286774
FIRE:   23 19:04:32    15898.698242      343.423279
FIRE:   24 19:04:32    14923.107422      325.803253
FIRE:   25 19:04:33    13996.552734      308.161713
FIRE:   26 19:04:33    13115.312500      290.610291
FIRE:   27 19:04:34    12276.122070      273.615387
FIRE:   28 19:04:34    11476.108398      257.574615
FIRE:   29 19:04:34    10712.713867      242.737061
FIRE:   30 19:04:35     9983.677734      229.194977
FIRE:   31 19:04:35     9286.950195      216.764389
FIRE:   32 19:04:35     8620.683594      205.069580
FIRE:   33 19:04:36     7983.185547      193.779617
FIRE:   34 19:04:36     7372.803223      182.850372
FIRE:   35 19:04:37     6787.967773      172.452866
FIRE:   36 19:04:37     6227.225098      162.624542
FIRE:   37 19:04:37     5689.148438      153.222107
FIRE:   38 19:04:38     5172.417480      144.118790
FIRE:   39 19:04:38     4675.784668      135.506363
FIRE:   40 19:04:38     4198.098633      129.921570
FIRE:   41 19:04:39     3738.284912      125.132729
FIRE:   42 19:04:39     3295.346436      120.467812
FIRE:   43 19:04:39     2868.380127      115.931190
FIRE:   44 19:04:40     2456.533936      111.532745
FIRE:   45 19:04:40     2058.981934      108.164803
FIRE:   46 19:04:40     1675.004639      107.313766
FIRE:   47 19:04:41     1303.890259      106.254158
FIRE:   48 19:04:41      945.001221      104.985161
FIRE:   49 19:04:42      597.737244      103.510765
FIRE:   50 19:04:42      261.548492      101.829109
FIRE:   51 19:04:42      -64.067055       99.954483
FIRE:   52 19:04:43     -379.577759       97.899345
FIRE:   53 19:04:43     -685.409973       95.681549
FIRE:   54 19:04:43     -981.968201       93.321831
FIRE:   55 19:04:44    -1269.614380       90.842491
FIRE:   56 19:04:44    -1548.698853       88.264008
FIRE:   57 19:04:45    -1819.545654       85.610405
FIRE:   58 19:04:45    -2082.458496       82.898834
FIRE:   59 19:04:45    -2337.730469       80.149193
FIRE:   60 19:04:46    -2585.635986       77.378616
FIRE:   61 19:04:46    -2826.441895       74.599655
FIRE:   62 19:04:46    -3060.391846       71.826851
FIRE:   63 19:04:47    -3287.733154       69.073235
FIRE:   64 19:04:47    -3508.690430       66.346970
FIRE:   65 19:04:47    -3723.496338       64.638741
FIRE:   66 19:04:48    -3932.349609       62.861172
FIRE:   67 19:04:48    -4135.450195       61.021458
FIRE:   68 19:04:49    -4333.002441       59.142490
FIRE:   69 19:04:49    -4525.190430       57.247753
FIRE:   70 19:04:49    -4712.185059       55.359219
FIRE:   71 19:04:50    -4894.161133       53.494144
FIRE:   72 19:04:50    -5071.279785       51.666908
FIRE:   73 19:04:50    -5243.698730       49.884186
FIRE:   74 19:04:51    -5411.581055       48.149399
FIRE:   75 19:04:51    -5575.068848       46.460964
FIRE:   76 19:04:52    -5734.312500       44.902771
FIRE:   77 19:04:52    -5889.460449       43.751549
FIRE:   78 19:04:52    -6040.625977       42.629070
FIRE:   79 19:04:53    -6187.980469       41.492649
FIRE:   80 19:04:53    -6331.629395       40.345894
FIRE:   81 19:04:53    -6471.711426       39.193245
FIRE:   82 19:04:54    -6608.347168       38.037498
FIRE:   83 19:04:54    -6741.659668       36.882790
FIRE:   84 19:04:55    -6871.774414       35.733021
FIRE:   85 19:04:55    -6998.780762       34.590805
FIRE:   86 19:04:55    -7122.812012       33.459320
FIRE:   87 19:04:56    -7243.959961       32.341496
FIRE:   88 19:04:56    -7362.339844       31.239222
FIRE:   89 19:04:56    -7478.029297       30.155209
FIRE:   90 19:04:57    -7591.143555       29.091114
FIRE:   91 19:04:57    -7701.760254       28.048864
FIRE:   92 19:04:57    -7809.965332       27.029682
FIRE:   93 19:04:58    -7915.851074       26.034986
FIRE:   94 19:04:58    -8019.491211       25.065836
FIRE:   95 19:04:58    -8120.957520       24.218863
FIRE:   96 19:04:59    -8220.313477       23.565559
FIRE:   97 19:04:59    -8317.663086       22.973139
FIRE:   98 19:05:00    -8413.036133       22.388025
FIRE:   99 19:05:00    -8506.505859       21.810928
FIRE:  100 19:05:00    -8598.140625       21.253429
FIRE:  101 19:05:01    -8688.023438       20.943380
FIRE:  102 19:05:01    -8776.158203       20.751034
FIRE:  103 19:05:01    -8862.633789       20.551586
FIRE:  104 19:05:02    -8947.492188       20.345091
FIRE:  105 19:05:02    -9030.771484       20.131683
FIRE:  106 19:05:02    -9112.541992       19.911503
FIRE:  107 19:05:03    -9192.843750       19.684759
FIRE:  108 19:05:03    -9271.675781       19.451742
FIRE:  109 19:05:04    -9349.151367       19.212698
FIRE:  110 19:05:04    -9425.275391       18.968138
FIRE:  111 19:05:04    -9500.066406       18.718216
FIRE:  112 19:05:05    -9573.598633       18.463600
FIRE:  113 19:05:05    -9645.857422       18.204359
FIRE:  114 19:05:05    -9716.912109       17.941008
FIRE:  115 19:05:06    -9786.819336       17.673878
FIRE:  116 19:05:06    -9855.550781       17.403379
FIRE:  117 19:05:06    -9923.183594       17.360676
FIRE:  118 19:05:07    -9989.705078       17.453129
FIRE:  119 19:05:07   -10055.168945       17.530397
FIRE:  120 19:05:08   -10119.583984       17.588240
FIRE:  121 19:05:08   -10183.025391       17.622461
FIRE:  122 19:05:08   -10245.443359       17.629087
FIRE:  123 19:05:09   -10306.921875       17.604431
FIRE:  124 19:05:09   -10367.469727       17.545326
FIRE:  125 19:05:10   -10427.093750       17.449167
FIRE:  126 19:05:10   -10485.805664       17.314125
FIRE:  127 19:05:10   -10543.620117       17.139112
FIRE:  128 19:05:11   -10600.632812       16.924139
FIRE:  129 19:05:11   -10656.786133       16.670090
FIRE:  130 19:05:11   -10712.130859       16.378942
FIRE:  131 19:05:12   -10766.666992       16.053566
FIRE:  132 19:05:12   -10820.444336       15.697673
FIRE:  133 19:05:12   -10873.431641       15.315612
FIRE:  134 19:05:13   -10925.682617       14.911754
FIRE:  135 19:05:13   -10977.212891       14.837450
FIRE:  136 19:05:13   -11028.031250       14.750361
FIRE:  137 19:05:14   -11078.131836       14.635136
FIRE:  138 19:05:14   -11127.547852       14.628151
FIRE:  139 19:05:14   -11176.260742       14.753400
FIRE:  140 19:05:15   -11224.345703       14.847055
FIRE:  141 19:05:15   -11271.781250       14.907309
FIRE:  142 19:05:16   -11318.601562       14.932990
FIRE:  143 19:05:16   -11364.788086       14.923435
FIRE:  144 19:05:16   -11410.363281       14.878650
FIRE:  145 19:05:17   -11455.343750       14.799022
FIRE:  146 19:05:17   -11499.734375       14.685366
FIRE:  147 19:05:17   -11543.579102       14.538839
FIRE:  148 19:05:18   -11586.834961       14.360488
FIRE:  149 19:05:18   -11629.550781       14.151752
FIRE:  150 19:05:18   -11671.743164       13.913857
FIRE:  151 19:05:19   -11713.368164       13.647962
FIRE:  152 19:05:19   -11754.509766       13.354917
FIRE:  153 19:05:19   -11795.147461       13.036030
FIRE:  154 19:05:20   -11835.282227       12.692145
FIRE:  155 19:05:20   -11874.919922       12.324846
FIRE:  156 19:05:20   -11914.059570       11.935824
FIRE:  157 19:05:21   -11952.731445       11.527870
FIRE:  158 19:05:21   -11990.971680       11.103868
FIRE:  159 19:05:22   -12028.714844       10.668620
FIRE:  160 19:05:22   -12066.027344       10.226702
FIRE:  161 19:05:22   -12102.920898        9.918585
FIRE:  162 19:05:23   -12139.357422        9.788201
FIRE:  163 19:05:23   -12175.396484        9.655338
FIRE:  164 19:05:23   -12210.980469        9.519998
FIRE:  165 19:05:24   -12246.196289        9.382264
FIRE:  166 19:05:24   -12280.986328        9.242138
FIRE:  167 19:05:24   -12315.398438        9.099751
FIRE:  168 19:05:25   -12349.394531        8.955240
FIRE:  169 19:05:25   -12383.029297        8.808753
FIRE:  170 19:05:25   -12416.277344        8.660330
FIRE:  171 19:05:26   -12449.166016        8.510226
FIRE:  172 19:05:26   -12481.674805        8.358550
FIRE:  173 19:05:26   -12513.837891        8.205475
FIRE:  174 19:05:27   -12545.633789        8.051284
FIRE:  175 19:05:27   -12577.121094        7.896222
FIRE:  176 19:05:28   -12608.223633        7.744657
FIRE:  177 19:05:28   -12638.992188        7.750810
FIRE:  178 19:05:28   -12669.424805        7.752650
FIRE:  179 19:05:29   -12699.536133        7.750012
FIRE:  180 19:05:29   -12729.289062        7.742799
FIRE:  181 19:05:29   -12758.745117        7.730860
FIRE:  182 19:05:30   -12787.916016        7.714085
FIRE:  183 19:05:30   -12816.738281        7.692389
FIRE:  184 19:05:30   -12845.241211        7.665618
FIRE:  185 19:05:31   -12873.439453        7.633668
FIRE:  186 19:05:31   -12901.366211        7.704117
FIRE:  187 19:05:31   -12928.997070        7.809011
FIRE:  188 19:05:32   -12956.319336        7.881193
FIRE:  189 19:05:32   -12983.357422        7.920694
FIRE:  190 19:05:32   -13010.147461        8.121550
FIRE:  191 19:05:33   -13036.608398        8.536790
FIRE:  192 19:05:33   -13062.819336        8.989009
FIRE:  193 19:05:33   -13088.775391        9.469952
FIRE:  194 19:05:34   -13114.450195        9.970441
FIRE:  195 19:05:34   -13139.886719       10.481324
FIRE:  196 19:05:35   -13165.083984       10.993285
FIRE:  197 19:05:35   -13190.022461       11.497460
FIRE:  198 19:05:35   -13214.709961       11.984704
FIRE:  199 19:05:36   -13239.207031       12.446803
FIRE:  200 19:05:36   -13263.448242       12.875117
FIRE:  201 19:05:36   -13287.483398       13.262564
FIRE:  202 19:05:37   -13311.287109       13.601806
FIRE:  203 19:05:37   -13334.897461       13.886691
FIRE:  204 19:05:37   -13358.313477       14.112448
FIRE:  205 19:05:38   -13381.504883       14.274337
FIRE:  206 19:05:38   -13404.513672       14.369198
FIRE:  207 19:05:38   -13427.340820       14.394782
FIRE:  208 19:05:39   -13449.989258       14.350324
FIRE:  209 19:05:39   -13472.433594       14.433557
FIRE:  210 19:05:39   -13494.680664       14.876478
FIRE:  211 19:05:40   -13516.774414       15.224811
FIRE:  212 19:05:40   -13538.707031       15.474428
FIRE:  213 19:05:40   -13560.452148       15.622475
FIRE:  214 19:05:41   -13581.994141       15.667587
FIRE:  215 19:05:41   -13603.402344       15.611589
FIRE:  216 19:05:41   -13624.638672       15.455881
FIRE:  217 19:05:42   -13645.687500       15.205632
FIRE:  218 19:05:42   -13666.584961       14.866093
FIRE:  219 19:05:42   -13687.282227       14.444977
FIRE:  220 19:05:43   -13707.832031       13.949181
FIRE:  221 19:05:43   -13728.222656       13.387549
FIRE:  222 19:05:43   -13748.411133       13.709463
FIRE:  223 19:05:44   -13768.435547       14.272652
FIRE:  224 19:05:44   -13788.286133       14.778655
FIRE:  225 19:05:44   -13807.994141       15.221839
FIRE:  226 19:05:45   -13827.492188       15.596178
FIRE:  227 19:05:45   -13846.846680       15.897357
FIRE:  228 19:05:45   -13866.066406       16.123238
FIRE:  229 19:05:46   -13885.056641       16.271814
FIRE:  230 19:05:46   -13903.916992       16.341318
FIRE:  231 19:05:46   -13922.610352       16.333429
FIRE:  232 19:05:47   -13941.153320       16.359417
FIRE:  233 19:05:47   -13959.517578       16.508116
FIRE:  234 19:05:47   -13977.743164       16.598326
FIRE:  235 19:05:48   -13995.823242       16.655376
FIRE:  236 19:05:48   -14013.706055       16.650673
FIRE:  237 19:05:48   -14031.470703       16.578844
FIRE:  238 19:05:49   -14049.062500       16.440655
FIRE:  239 19:05:49   -14066.547852       16.240093
FIRE:  240 19:05:49   -14083.842773       17.090235
FIRE:  241 19:05:50   -14101.024414       17.933529
FIRE:  242 19:05:50   -14118.040039       18.720287
FIRE:  243 19:05:50   -14134.909180       19.441515
FIRE:  244 19:05:51   -14151.634766       20.087893
FIRE:  245 19:05:51   -14168.249023       20.653915
FIRE:  246 19:05:51   -14184.688477       21.132998
FIRE:  247 19:05:52   -14201.011719       21.520361
FIRE:  248 19:05:52   -14217.174805       21.813137
FIRE:  249 19:05:52   -14233.189453       22.009775
FIRE:  250 19:05:53   -14249.082031       22.108366
FIRE:  251 19:05:53   -14264.799805       22.113588
FIRE:  252 19:05:53   -14280.333008       22.025589
FIRE:  253 19:05:54   -14295.770508       21.849331
FIRE:  254 19:05:54   -14310.995117       21.589905
FIRE:  255 19:05:54   -14326.079102       21.263077
FIRE:  256 19:05:55   -14340.992188       22.108908
FIRE:  257 19:05:55   -14355.748047       22.867413
FIRE:  258 19:05:55   -14370.288086       23.530340
FIRE:  259 19:05:56   -14384.676758       24.089781
FIRE:  260 19:05:56   -14398.838867       24.539196
FIRE:  261 19:05:56   -14412.869141       24.874668
FIRE:  262 19:05:57   -14426.666992       25.092888
FIRE:  263 19:05:57   -14440.290039       25.192751
FIRE:  264 19:05:57   -14453.685547       25.175556
FIRE:  265 19:05:58   -14466.881836       25.042646
FIRE:  266 19:05:58   -14479.867188       24.799160
FIRE:  267 19:05:58   -14492.659180       24.449577
FIRE:  268 19:05:59   -14505.229492       24.081978
FIRE:  269 19:05:59   -14517.585938       25.790041
FIRE:  270 19:05:59   -14529.741211       27.435863
FIRE:  271 19:06:00   -14541.683594       28.998898
FIRE:  272 19:06:00   -14553.417969       30.459532
FIRE:  273 19:06:00   -14564.932617       31.797642
FIRE:  274 19:06:01   -14576.244141       32.995838
FIRE:  275 19:06:01   -14587.386719       34.037224
FIRE:  276 19:06:01   -14598.327148       34.908489
FIRE:  277 19:06:02   -14609.061523       35.597969
FIRE:  278 19:06:02   -14619.650391       36.098801
FIRE:  279 19:06:02   -14630.038086       36.406242
FIRE:  280 19:06:03   -14640.267578       36.519165
FIRE:  281 19:06:03   -14650.319336       37.302692
FIRE:  282 19:06:03   -14660.242188       38.012241
FIRE:  283 19:06:04   -14670.020508       38.559994
FIRE:  284 19:06:04   -14679.645508       38.943954
FIRE:  285 19:06:04   -14689.187500       39.161346
FIRE:  286 19:06:05   -14698.587891       39.212032
FIRE:  287 19:06:05   -14707.870117       39.100063
FIRE:  288 19:06:05   -14717.038086       40.336487
FIRE:  289 19:06:06   -14726.094727       41.551228
FIRE:  290 19:06:06   -14735.099609       42.584431
FIRE:  291 19:06:06   -14744.012695       43.422314
FIRE:  292 19:06:07   -14752.807617       44.053860
FIRE:  293 19:06:07   -14761.572266       44.471378
FIRE:  294 19:06:07   -14770.246094       44.671207
FIRE:  295 19:06:08   -14778.810547       44.651955
FIRE:  296 19:06:08   -14787.328125       44.417797
FIRE:  297 19:06:08   -14795.768555       43.974632
FIRE:  298 19:06:09   -14804.171875       43.332546
FIRE:  299 19:06:09   -14812.484375       42.502762
FIRE:  300 19:06:09   -14820.707031       41.501995
FIRE:  301 19:06:10   -14828.857422       40.345810
FIRE:  302 19:06:10   -14836.949219       39.051800
FIRE:  303 19:06:10   -14844.909180       38.967747
FIRE:  304 19:06:11   -14852.856445       39.952656
FIRE:  305 19:06:11   -14860.659180       40.814316
FIRE:  306 19:06:11   -14868.412109       41.544758
FIRE:  307 19:06:12   -14876.019531       42.137386
FIRE:  308 19:06:12   -14883.575195       42.586998
FIRE:  309 19:06:12   -14891.019531       42.888836
FIRE:  310 19:06:13   -14898.308594       43.043255
FIRE:  311 19:06:13   -14905.538086       43.624504
FIRE:  312 19:06:13   -14912.612305       45.620758
FIRE:  313 19:06:14   -14919.617188       47.513599
FIRE:  314 19:06:14   -14926.449219       49.283340
FIRE:  315 19:06:14   -14933.236328       50.909737
FIRE:  316 19:06:14   -14939.849609       52.374912
FIRE:  317 19:06:15   -14946.342773       53.662582
FIRE:  318 19:06:15   -14952.752930       54.758976
FIRE:  319 19:06:15   -14959.001953       55.652039
FIRE:  320 19:06:16   -14965.143555       56.332073
FIRE:  321 19:06:16   -14971.191406       56.792713
FIRE:  322 19:06:16   -14977.092773       57.029903
FIRE:  323 19:06:17   -14982.916016       57.041721
FIRE:  324 19:06:17   -14988.578125       56.830482
FIRE:  325 19:06:17   -14994.168945       56.400093
FIRE:  326 19:06:18   -14999.622070       55.757519
FIRE:  327 19:06:18   -15004.981445       54.912388
FIRE:  328 19:06:18   -15010.239258       53.875862
FIRE:  329 19:06:19   -15015.394531       52.660870
FIRE:  330 19:06:19   -15020.455078       53.183338
FIRE:  331 19:06:19   -15025.416016       54.527847
FIRE:  332 19:06:19   -15030.267578       55.703907
FIRE:  333 19:06:20   -15035.024414       56.701221
FIRE:  334 19:06:20   -15039.699219       57.512661
FIRE:  335 19:06:20   -15044.291992       58.127518
FIRE:  336 19:06:21   -15048.773438       58.545204
FIRE:  337 19:06:21   -15053.178711       58.759266
FIRE:  338 19:06:21   -15057.475586       58.770741
FIRE:  339 19:06:22   -15061.710938       58.582882
FIRE:  340 19:06:22   -15065.825195       58.194473
FIRE:  341 19:06:22   -15069.850586       57.612030
FIRE:  342 19:06:23   -15073.778320       56.844406
FIRE:  343 19:06:23   -15077.634766       55.897457
FIRE:  344 19:06:23   -15081.352539       54.781033
FIRE:  345 19:06:23   -15084.979492       53.508648
FIRE:  346 19:06:24   -15088.513672       52.093529
FIRE:  347 19:06:24   -15091.938477       50.546391
FIRE:  348 19:06:24   -15095.225586       48.883354
FIRE:  349 19:06:25   -15098.442383       47.120396
FIRE:  350 19:06:25   -15101.487305       45.272881
FIRE:  351 19:06:25   -15104.461914       43.357403
FIRE:  352 19:06:26   -15107.297852       42.014408
FIRE:  353 19:06:26   -15109.979492       43.927418
FIRE:  354 19:06:26   -15112.569336       45.789772
FIRE:  355 19:06:27   -15115.022461       47.588024
FIRE:  356 19:06:27   -15117.349609       49.308273
FIRE:  357 19:06:27   -15119.562500       50.937389
FIRE:  358 19:06:27   -15121.626953       52.463146
FIRE:  359 19:06:28   -15123.596680       53.873116
FIRE:  360 19:06:28   -15125.423828       55.156384
FIRE:  361 19:06:28   -15127.137695       56.302273
FIRE:  362 19:06:29   -15128.772461       57.301876
FIRE:  363 19:06:29   -15130.251953       58.146889
FIRE:  364 19:06:29   -15131.638672       58.829689
FIRE:  365 19:06:30   -15132.949219       59.345692
FIRE:  366 19:06:30   -15134.156250       59.689930
FIRE:  367 19:06:30   -15135.268555       59.860184
FIRE:  368 19:06:30   -15136.286133       61.265686
FIRE:  369 19:06:31   -15137.236328       63.097195
FIRE:  370 19:06:31   -15138.118164       64.772957
FIRE:  371 19:06:31   -15138.947266       66.275024
FIRE:  372 19:06:32   -15139.691406       67.591103
FIRE:  373 19:06:32   -15140.383789       68.706818
FIRE:  374 19:06:32   -15141.041992       69.610054
FIRE:  375 19:06:33   -15141.631836       70.292084
FIRE:  376 19:06:33   -15142.161133       70.746414
FIRE:  377 19:06:33   -15142.685547       70.965843
FIRE:  378 19:06:34   -15143.156250       70.951172
FIRE:  379 19:06:34   -15143.554688       70.701393
FIRE:  380 19:06:34   -15143.951172       70.221695
FIRE:  381 19:06:34   -15144.287109       69.518272
FIRE:  382 19:06:35   -15144.563477       68.599648
FIRE:  383 19:06:35   -15144.835938       67.477226
FIRE:  384 19:06:35   -15144.960938       66.163948
FIRE:  385 19:06:36   -15198.903320       38.137688
FIRE:  386 19:06:36   -15245.525391       22.479902
FIRE:  387 19:06:36   -15287.289062       19.282984
FIRE:  388 19:06:37   -15325.603516       16.509264
FIRE:  389 19:06:37   -15361.188477       14.093699
FIRE:  390 19:06:37   -15394.505859       12.088070
FIRE:  391 19:06:38   -15425.885742       11.897552
FIRE:  392 19:06:38   -15455.586914       11.694672
FIRE:  393 19:06:38   -15483.921875       11.479404
FIRE:  394 19:06:38   -15510.902344       11.252242
FIRE:  395 19:06:39   -15536.791016       11.013959
FIRE:  396 19:06:39   -15561.695312       10.765354
FIRE:  397 19:06:39   -15585.664062       10.506847
FIRE:  398 19:06:40   -15608.839844       10.237813
FIRE:  399 19:06:40   -15631.239258        9.956504
FIRE:  400 19:06:40   -15652.931641        9.659619
FIRE:  401 19:06:41   -15674.014648        9.342520
FIRE:  402 19:06:41   -15694.422852        8.999358
FIRE:  403 19:06:41   -15714.282227        8.623454
FIRE:  404 19:06:41   -15733.583008        8.207933
FIRE:  405 19:06:42   -15752.333984        7.746072
FIRE:  406 19:06:42   -15770.601562        7.232023
FIRE:  407 19:06:42   -15788.361328        6.661191
FIRE:  408 19:06:43   -15805.659180        6.030830
FIRE:  409 19:06:43   -15822.515625        5.499399
FIRE:  410 19:06:43   -15838.994141        5.571693
FIRE:  411 19:06:44   -15855.072266        5.643535
FIRE:  412 19:06:44   -15870.764648        5.713829
FIRE:  413 19:06:44   -15886.107422        5.797766
FIRE:  414 19:06:45   -15901.174805        5.927173
FIRE:  415 19:06:45   -15915.993164        6.053244
FIRE:  416 19:06:45   -15930.607422        6.172547
FIRE:  417 19:06:45   -15945.044922        6.280638
FIRE:  418 19:06:46   -15959.370117        6.371884
FIRE:  419 19:06:46   -15973.618164        6.439265
FIRE:  420 19:06:46   -15987.757812        6.474325
FIRE:  421 19:06:47   -16001.843750        6.467382
FIRE:  422 19:06:47   -16015.827148        6.408016
FIRE:  423 19:06:47   -16029.781250        6.445107
FIRE:  424 19:06:48   -16043.632812        6.685748
FIRE:  425 19:06:48   -16057.380859        6.903231
FIRE:  426 19:06:48   -16070.987305        7.088792
FIRE:  427 19:06:48   -16084.512695        7.234539
FIRE:  428 19:06:49   -16097.880859        7.334667
FIRE:  429 19:06:49   -16111.151367        7.386118
FIRE:  430 19:06:49   -16124.270508        7.387559
FIRE:  431 19:06:50   -16137.239258        7.336584
FIRE:  432 19:06:50   -16150.097656        7.227212
FIRE:  433 19:06:50   -16162.779297        7.048045
FIRE:  434 19:06:51   -16175.376953        6.783506
FIRE:  435 19:06:51   -16187.822266        6.416035
FIRE:  436 19:06:51   -16200.186523        5.928917
FIRE:  437 19:06:52   -16212.446289        6.036875
FIRE:  438 19:06:52   -16224.627930        6.205371
FIRE:  439 19:06:52   -16236.692383        6.367872
FIRE:  440 19:06:52   -16248.682617        6.522170
FIRE:  441 19:06:53   -16260.634766        6.665645
FIRE:  442 19:06:53   -16272.541992        6.795246
FIRE:  443 19:06:53   -16284.343750        6.906703
FIRE:  444 19:06:54   -16296.155273        6.994534
FIRE:  445 19:06:54   -16307.851562        7.050931
FIRE:  446 19:06:54   -16319.552734        7.065558
FIRE:  447 19:06:55   -16331.236328        7.542714
FIRE:  448 19:06:55   -16342.854492        8.352448
FIRE:  449 19:06:55   -16354.460938        8.812905
FIRE:  450 19:06:55   -16366.052734        8.900843
FIRE:  451 19:06:56   -16377.570312        8.634254
FIRE:  452 19:06:56   -16389.025391        8.063356
FIRE:  453 19:06:56   -16400.443359        7.262386
FIRE:  454 19:06:57   -16411.744141        6.748000
FIRE:  455 19:06:57   -16422.894531        6.882431
FIRE:  456 19:06:57   -16433.986328        6.978365
FIRE:  457 19:06:58   -16444.919922        7.028403
FIRE:  458 19:06:58   -16455.710938        7.027197
FIRE:  459 19:06:58   -16466.435547        6.971198
FIRE:  460 19:06:58   -16477.035156        6.857057
FIRE:  461 19:06:59   -16487.546875        7.971028
FIRE:  462 19:06:59   -16497.984375        9.486481
FIRE:  463 19:06:59   -16508.406250       10.667736
FIRE:  464 19:07:00   -16518.779297       11.401600
FIRE:  465 19:07:00   -16529.156250       11.625851
FIRE:  466 19:07:00   -16539.476562       11.342473
FIRE:  467 19:07:01   -16549.791016       10.615020
FIRE:  468 19:07:01   -16560.060547        9.549047
FIRE:  469 19:07:01   -16570.230469        8.268780
FIRE:  470 19:07:01   -16580.355469        6.893073
FIRE:  471 19:07:02   -16590.390625        6.000879
FIRE:  472 19:07:02   -16600.310547        6.107418
FIRE:  473 19:07:02   -16610.125000        6.179568
FIRE:  474 19:07:03   -16619.878906        6.385797
FIRE:  475 19:07:03   -16629.568359        6.735362
FIRE:  476 19:07:03   -16639.195312        7.600228
FIRE:  477 19:07:04   -16648.720703        8.265743
FIRE:  478 19:07:04   -16658.289062        8.689015
FIRE:  479 19:07:04   -16667.808594        8.846482
FIRE:  480 19:07:04   -16677.291016        9.706920
FIRE:  481 19:07:05   -16686.806641       10.716453
FIRE:  482 19:07:05   -16696.347656       11.419465
FIRE:  483 19:07:05   -16705.867188       11.762629
FIRE:  484 19:07:06   -16715.363281       11.728415
FIRE:  485 19:07:06   -16724.826172       11.337444
FIRE:  486 19:07:06   -16734.242188       10.642261
FIRE:  487 19:07:07   -16743.615234        9.716269
FIRE:  488 19:07:07   -16752.884766        8.642010
FIRE:  489 19:07:07   -16762.058594        7.498448
FIRE:  490 19:07:07   -16771.082031        7.599152
FIRE:  491 19:07:08   -16780.066406        8.364420
FIRE:  492 19:07:08   -16788.882812        8.952979
FIRE:  493 19:07:08   -16797.591797        9.333070
FIRE:  494 19:07:09   -16806.210938        9.670040
FIRE:  495 19:07:09   -16814.761719       11.823659
FIRE:  496 19:07:09   -16823.230469       13.716427
FIRE:  497 19:07:10   -16831.707031       15.150357
FIRE:  498 19:07:10   -16840.095703       15.970362
FIRE:  499 19:07:10   -16848.488281       16.096775
FIRE:  500 19:07:10   -16856.941406       15.537385
FIRE:  501 19:07:11   -16865.302734       14.384290
FIRE:  502 19:07:11   -16873.701172       12.786608
FIRE:  503 19:07:11   -16882.070312       11.803211
FIRE:  504 19:07:12   -16890.402344       12.867282
FIRE:  505 19:07:12   -16898.714844       13.565830
FIRE:  506 19:07:12   -16907.072266       13.840328
FIRE:  507 19:07:13   -16915.417969       13.674197
FIRE:  508 19:07:13   -16923.791016       13.095230
FIRE:  509 19:07:13   -16932.150391       12.168065
FIRE:  510 19:07:13   -16940.529297       10.980033
FIRE:  511 19:07:14   -16948.875000        9.625424
FIRE:  512 19:07:14   -16957.187500        8.191846
FIRE:  513 19:07:14   -16965.488281        6.751887
FIRE:  514 19:07:15   -16973.753906        6.326325
FIRE:  515 19:07:15   -16982.005859        6.373453
FIRE:  516 19:07:15   -16990.160156        6.375803
FIRE:  517 19:07:16   -16998.335938        6.323870
FIRE:  518 19:07:16   -17006.437500        6.216356
FIRE:  519 19:07:16   -17014.498047        6.381193
FIRE:  520 19:07:16   -17022.523438        6.521925
FIRE:  521 19:07:17   -17030.533203        6.614970
FIRE:  522 19:07:17   -17038.488281        6.664325
FIRE:  523 19:07:17   -17046.341797        6.672900
FIRE:  524 19:07:18   -17054.226562        6.642685
FIRE:  525 19:07:18   -17062.054688        6.574758
FIRE:  526 19:07:18   -17069.783203        6.469518
FIRE:  527 19:07:18   -17077.451172        6.326658
FIRE:  528 19:07:19   -17085.074219        6.166451
FIRE:  529 19:07:19   -17092.587891        5.962099
FIRE:  530 19:07:19   -17100.097656        7.882553
FIRE:  531 19:07:20   -17107.519531       10.052559
FIRE:  532 19:07:20   -17114.875000       12.205380
FIRE:  533 19:07:20   -17122.220703       14.198255
FIRE:  534 19:07:21   -17129.564453       15.878333
FIRE:  535 19:07:21   -17136.914062       17.107388
FIRE:  536 19:07:21   -17144.294922       17.782139
FIRE:  537 19:07:21   -17151.742188       17.854797
FIRE:  538 19:07:22   -17159.218750       17.336155
FIRE:  539 19:07:22   -17166.720703       16.293907
FIRE:  540 19:07:22   -17174.251953       14.839125
FIRE:  541 19:07:23   -17181.812500       13.103295
FIRE:  542 19:07:23   -17189.410156       11.221872
FIRE:  543 19:07:23   -17196.980469       10.940395
FIRE:  544 19:07:24   -17204.611328       11.918668
FIRE:  545 19:07:24   -17212.179688       12.650633
FIRE:  546 19:07:24   -17219.746094       13.088953
FIRE:  547 19:07:24   -17227.404297       13.206784
FIRE:  548 19:07:25   -17234.953125       13.001608
FIRE:  549 19:07:25   -17242.527344       12.495148
FIRE:  550 19:07:25   -17250.052734       11.728844
FIRE:  551 19:07:26   -17257.554688       10.758081
FIRE:  552 19:07:26   -17264.957031        9.645104
FIRE:  553 19:07:26   -17272.324219        8.451780
FIRE:  554 19:07:27   -17279.589844        7.235099
FIRE:  555 19:07:27   -17286.683594        6.232237
FIRE:  556 19:07:27   -17293.701172        6.413048
FIRE:  557 19:07:27   -17300.613281        6.787220
FIRE:  558 19:07:28   -17307.384766        7.086838
FIRE:  559 19:07:28   -17314.013672        7.304480
FIRE:  560 19:07:28   -17320.501953        7.435383
FIRE:  561 19:07:29   -17326.921875        8.738850
FIRE:  562 19:07:29   -17333.156250       10.876561
FIRE:  563 19:07:29   -17339.298828       13.008012
FIRE:  564 19:07:29   -17345.396484       15.008804
FIRE:  565 19:07:30   -17351.417969       16.746786
FIRE:  566 19:07:30   -17357.375000       18.096281
FIRE:  567 19:07:30   -17363.302734       18.956373
FIRE:  568 19:07:31   -17369.210938       19.263067
FIRE:  569 19:07:31   -17375.058594       19.000618
FIRE:  570 19:07:31   -17380.906250       18.201525
FIRE:  571 19:07:32   -17386.730469       16.941059
FIRE:  572 19:07:32   -17392.439453       15.324421
FIRE:  573 19:07:32   -17398.099609       13.472301
FIRE:  574 19:07:32   -17403.667969       12.456079
FIRE:  575 19:07:33   -17409.162109       14.925964
FIRE:  576 19:07:33   -17414.501953       17.296217
FIRE:  577 19:07:33   -17419.869141       19.414005
FIRE:  578 19:07:34   -17425.167969       21.127853
FIRE:  579 19:07:34   -17430.468750       22.311001
FIRE:  580 19:07:34   -17435.849609       22.878820
FIRE:  581 19:07:35   -17441.271484       24.435062
FIRE:  582 19:07:35   -17446.792969       26.049717
FIRE:  583 19:07:35   -17452.410156       26.901594
FIRE:  584 19:07:35   -17458.154297       26.913097
FIRE:  585 19:07:36   -17463.951172       26.092176
FIRE:  586 19:07:36   -17469.783203       24.526600
FIRE:  587 19:07:36   -17475.621094       22.375664
FIRE:  588 19:07:37   -17481.443359       19.838041
FIRE:  589 19:07:37   -17487.111328       17.118286
FIRE:  590 19:07:37   -17492.664062       14.397783
FIRE:  591 19:07:38   -17498.097656       11.808701
FIRE:  592 19:07:38   -17503.392578        9.433108
FIRE:  593 19:07:38   -17508.515625        7.693337
FIRE:  594 19:07:38   -17513.480469        8.328134
FIRE:  595 19:07:39   -17518.306641       10.125071
FIRE:  596 19:07:39   -17523.031250       11.976193
FIRE:  597 19:07:39   -17527.640625       13.825894
FIRE:  598 19:07:40   -17532.189453       15.605098
FIRE:  599 19:07:40   -17536.679688       17.234449
FIRE:  600 19:07:40   -17541.173828       18.630318
FIRE:  601 19:07:41   -17545.669922       19.713528
FIRE:  602 19:07:41   -17550.134766       20.418484
FIRE:  603 19:07:41   -17554.710938       20.701817
FIRE:  604 19:07:41   -17559.304688       20.548264
FIRE:  605 19:07:42   -17563.951172       19.972170
FIRE:  606 19:07:42   -17568.691406       19.015369
FIRE:  607 19:07:42   -17573.488281       17.741179
FIRE:  608 19:07:43   -17578.330078       16.225637
FIRE:  609 19:07:43   -17583.175781       14.548765
FIRE:  610 19:07:43   -17588.119141       12.786954
FIRE:  611 19:07:43   -17593.037109       11.007761
FIRE:  612 19:07:44   -17598.009766       10.366312
FIRE:  613 19:07:44   -17602.964844       10.052244
FIRE:  614 19:07:44   -17607.904297        9.658706
FIRE:  615 19:07:45   -17612.927734        9.197700
FIRE:  616 19:07:45   -17617.888672        8.863316
FIRE:  617 19:07:45   -17622.835938        9.206375
FIRE:  618 19:07:46   -17627.824219        9.449306
FIRE:  619 19:07:46   -17632.728516        9.580496
FIRE:  620 19:07:46   -17637.623047        9.592463
FIRE:  621 19:07:46   -17642.541016        9.641609
FIRE:  622 19:07:47   -17647.416016        9.779242
FIRE:  623 19:07:47   -17652.277344        9.777676
FIRE:  624 19:07:47   -17657.099609        9.638866
FIRE:  625 19:07:48   -17661.878906        9.368150
FIRE:  626 19:07:48   -17666.626953        8.977925
FIRE:  627 19:07:48   -17671.318359        8.482827
FIRE:  628 19:07:49   -17675.937500        7.900664
FIRE:  629 19:07:49   -17680.519531        7.990967
FIRE:  630 19:07:49   -17684.990234        8.118772
FIRE:  631 19:07:49   -17689.382812        8.193265
FIRE:  632 19:07:50   -17693.744141        8.269827
FIRE:  633 19:07:50   -17697.994141        8.408884
FIRE:  634 19:07:50   -17702.160156        8.483932
FIRE:  635 19:07:51   -17706.203125        8.519474
FIRE:  636 19:07:51   -17710.253906        9.822459
FIRE:  637 19:07:51   -17714.171875       11.083632
FIRE:  638 19:07:52   -17718.039062       12.252142
FIRE:  639 19:07:52   -17721.839844       13.273377
FIRE:  640 19:07:52   -17725.630859       14.095911
FIRE:  641 19:07:52   -17729.416016       15.012395
FIRE:  642 19:07:53   -17733.224609       16.785517
FIRE:  643 19:07:53   -17736.986328       18.424101
FIRE:  644 19:07:53   -17740.777344       19.843302
FIRE:  645 19:07:54   -17744.628906       20.961422
FIRE:  646 19:07:54   -17748.537109       21.711689
FIRE:  647 19:07:54   -17752.494141       22.046188
FIRE:  648 19:07:54   -17756.460938       21.941898
FIRE:  649 19:07:55   -17760.542969       21.405708
FIRE:  650 19:07:55   -17764.599609       20.472126
FIRE:  651 19:07:55   -17768.679688       19.196623
FIRE:  652 19:07:56   -17772.767578       17.651518
FIRE:  653 19:07:56   -17776.794922       16.085817
FIRE:  654 19:07:56   -17780.845703       17.387085
FIRE:  655 19:07:57   -17784.851562       18.510216
FIRE:  656 19:07:57   -17788.833984       19.398870
FIRE:  657 19:07:57   -17792.824219       20.004993
FIRE:  658 19:07:57   -17796.773438       20.292747
FIRE:  659 19:07:58   -17800.708984       20.244167
FIRE:  660 19:07:58   -17804.603516       19.860308
FIRE:  661 19:07:58   -17808.490234       19.161146
FIRE:  662 19:07:59   -17812.335938       18.182722
FIRE:  663 19:07:59   -17816.117188       16.973059
FIRE:  664 19:07:59   -17819.894531       15.588403
FIRE:  665 19:08:00   -17823.685547       14.085726
FIRE:  666 19:08:00   -17827.363281       12.519913
FIRE:  667 19:08:00   -17831.021484       10.939898
FIRE:  668 19:08:00   -17834.603516        9.386811
FIRE:  669 19:08:01   -17838.214844        9.419506
FIRE:  670 19:08:01   -17841.714844        9.587139
FIRE:  671 19:08:01   -17845.189453        9.659135
FIRE:  672 19:08:02   -17848.626953        9.731822
FIRE:  673 19:08:02   -17851.988281        9.917909
FIRE:  674 19:08:02   -17855.332031       10.037157
FIRE:  675 19:08:03   -17858.636719       10.089204
FIRE:  676 19:08:03   -17861.878906       10.074450
FIRE:  677 19:08:03   -17865.103516        9.995298
FIRE:  678 19:08:03   -17868.255859       10.526092
FIRE:  679 19:08:04   -17871.412109       11.397195
FIRE:  680 19:08:04   -17874.533203       12.173453
FIRE:  681 19:08:04   -17877.585938       12.828618
FIRE:  682 19:08:05   -17880.619141       13.338526
FIRE:  683 19:08:05   -17883.640625       13.685163
FIRE:  684 19:08:05   -17886.603516       13.855187
FIRE:  685 19:08:05   -17889.582031       13.843141
FIRE:  686 19:08:06   -17892.546875       13.650893
FIRE:  687 19:08:06   -17895.462891       13.286591
FIRE:  688 19:08:06   -17898.355469       12.766669
FIRE:  689 19:08:07   -17901.230469       12.110893
FIRE:  690 19:08:07   -17904.121094       11.343706
FIRE:  691 19:08:07   -17906.980469       10.490160
FIRE:  692 19:08:08   -17909.818359        9.733760
FIRE:  693 19:08:08   -17912.675781       10.177731
FIRE:  694 19:08:08   -17915.486328       10.568449
FIRE:  695 19:08:08   -17918.349609       10.898024
FIRE:  696 19:08:09   -17921.169922       11.160082
FIRE:  697 19:08:09   -17924.070312       11.348661
FIRE:  698 19:08:09   -17926.898438       12.059550
FIRE:  699 19:08:10   -17929.765625       12.923379
FIRE:  700 19:08:10   -17932.671875       13.679441
FIRE:  701 19:08:10   -17935.582031       14.305555
FIRE:  702 19:08:11   -17938.492188       14.781013
FIRE:  703 19:08:11   -17941.449219       15.090692
FIRE:  704 19:08:11   -17944.435547       15.224824
FIRE:  705 19:08:11   -17947.472656       15.179556
FIRE:  706 19:08:12   -17950.490234       14.958483
FIRE:  707 19:08:12   -17953.529297       14.571057
FIRE:  708 19:08:12   -17956.552734       14.032178
FIRE:  709 19:08:13   -17959.568359       13.361808
FIRE:  710 19:08:13   -17962.603516       12.582211
FIRE:  711 19:08:13   -17965.611328       11.717752
FIRE:  712 19:08:13   -17968.580078       11.905495
FIRE:  713 19:08:14   -17971.476562       12.076859
FIRE:  714 19:08:14   -17974.373047       12.144630
FIRE:  715 19:08:14   -17977.218750       12.107021
FIRE:  716 19:08:15   -17980.005859       11.965348
FIRE:  717 19:08:15   -17982.791016       11.723927
FIRE:  718 19:08:15   -17985.480469       11.389451
FIRE:  719 19:08:16   -17988.087891       10.970846
FIRE:  720 19:08:16   -17990.689453       10.478668
FIRE:  721 19:08:16   -17993.220703        9.924578
FIRE:  722 19:08:16   -17995.677734       10.215321
FIRE:  723 19:08:17   -17998.142578       10.865437
FIRE:  724 19:08:17   -18000.550781       11.658661
FIRE:  725 19:08:17   -18002.906250       12.394262
FIRE:  726 19:08:18   -18005.289062       13.051828
FIRE:  727 19:08:18   -18007.605469       13.610143
FIRE:  728 19:08:18   -18009.910156       14.051011
FIRE:  729 19:08:19   -18012.193359       14.358363
FIRE:  730 19:08:19   -18014.501953       14.521117
FIRE:  731 19:08:19   -18016.796875       14.573039
FIRE:  732 19:08:19   -18019.068359       14.476839
FIRE:  733 19:08:20   -18021.335938       14.230421
FIRE:  734 19:08:20   -18023.632812       13.844063
FIRE:  735 19:08:20   -18025.966797       13.806925
FIRE:  736 19:08:21   -18028.328125       14.331329
FIRE:  737 19:08:21   -18030.667969       14.625130
FIRE:  738 19:08:21   -18033.050781       14.676261
FIRE:  739 19:08:21   -18035.417969       14.481274
FIRE:  740 19:08:22   -18037.800781       14.052660
FIRE:  741 19:08:22   -18040.224609       13.409671
FIRE:  742 19:08:22   -18042.626953       12.580876
FIRE:  743 19:08:23   -18045.054688       11.601296
FIRE:  744 19:08:23   -18047.441406       10.728251
FIRE:  745 19:08:23   -18049.902344       11.506030
FIRE:  746 19:08:24   -18052.292969       12.240789
FIRE:  747 19:08:24   -18054.687500       12.917394
FIRE:  748 19:08:24   -18057.074219       13.521568
FIRE:  749 19:08:24   -18059.476562       14.038751
FIRE:  750 19:08:25   -18061.857422       14.456797
FIRE:  751 19:08:25   -18064.257812       14.764678
FIRE:  752 19:08:25   -18066.591797       14.954415
FIRE:  753 19:08:26   -18068.937500       15.021023
FIRE:  754 19:08:26   -18071.308594       14.962933
FIRE:  755 19:08:26   -18073.615234       14.781894
FIRE:  756 19:08:27   -18075.984375       14.483106
FIRE:  757 19:08:27   -18078.248047       14.074170
FIRE:  758 19:08:27   -18080.576172       13.565529
FIRE:  759 19:08:27   -18082.878906       12.969467
FIRE:  760 19:08:28   -18085.126953       12.298690
FIRE:  761 19:08:28   -18087.425781       11.700519
FIRE:  762 19:08:28   -18089.675781       12.077046
FIRE:  763 19:08:29   -18091.941406       12.357612
FIRE:  764 19:08:29   -18094.208984       12.538140
FIRE:  765 19:08:29   -18096.470703       12.617139
FIRE:  766 19:08:29   -18098.759766       12.597135
FIRE:  767 19:08:30   -18101.029297       12.483896
FIRE:  768 19:08:30   -18103.343750       12.287519
FIRE:  769 19:08:30   -18105.693359       12.121031
FIRE:  770 19:08:31   -18108.068359       12.291370
FIRE:  771 19:08:31   -18110.417969       12.344311
FIRE:  772 19:08:31   -18112.861328       12.276821
FIRE:  773 19:08:31   -18115.332031       12.090756
FIRE:  774 19:08:32   -18117.810547       11.790428
FIRE:  775 19:08:32   -18120.302734       11.517004
FIRE:  776 19:08:32   -18122.865234       11.848874
FIRE:  777 19:08:33   -18125.412109       12.120530
FIRE:  778 19:08:33   -18127.988281       12.321710
FIRE:  779 19:08:33   -18130.585938       12.442192
FIRE:  780 19:08:34   -18133.220703       12.474133
FIRE:  781 19:08:34   -18135.798828       12.411873
FIRE:  782 19:08:34   -18138.429688       12.253000
FIRE:  783 19:08:34   -18141.027344       11.998630
FIRE:  784 19:08:35   -18143.638672       11.652837
FIRE:  785 19:08:35   -18146.226562       11.220721
FIRE:  786 19:08:35   -18148.716797       10.763703
FIRE:  787 19:08:36   -18151.248047       10.575170
FIRE:  788 19:08:36   -18153.703125       10.883925
FIRE:  789 19:08:36   -18156.103516       11.375109
FIRE:  790 19:08:36   -18158.494141       11.777708
FIRE:  791 19:08:37   -18160.800781       12.081277
FIRE:  792 19:08:37   -18163.023438       12.277767
FIRE:  793 19:08:37   -18165.207031       12.362305
FIRE:  794 19:08:38   -18167.277344       12.331930
FIRE:  795 19:08:38   -18169.320312       12.188807
FIRE:  796 19:08:38   -18171.337891       11.936816
FIRE:  797 19:08:39   -18173.230469       11.583467
FIRE:  798 19:08:39   -18175.058594       11.138370
FIRE:  799 19:08:39   -18176.849609       11.334282
FIRE:  800 19:08:39   -18178.582031       12.022350
FIRE:  801 19:08:40   -18180.302734       12.625346
FIRE:  802 19:08:40   -18181.910156       13.125051
FIRE:  803 19:08:40   -18183.496094       13.504791
FIRE:  804 19:08:41   -18185.089844       13.750996
FIRE:  805 19:08:41   -18186.636719       13.853216
FIRE:  806 19:08:41   -18188.212891       13.805247
FIRE:  807 19:08:41   -18189.728516       13.683168
FIRE:  808 19:08:42   -18191.281250       13.495329
FIRE:  809 19:08:42   -18192.814453       13.415353
FIRE:  810 19:08:42   -18194.365234       13.784032
FIRE:  811 19:08:43   -18195.908203       14.082658
FIRE:  812 19:08:43   -18197.496094       14.255555
FIRE:  813 19:08:43   -18199.050781       14.355636
FIRE:  814 19:08:44   -18200.667969       14.362226
FIRE:  815 19:08:44   -18202.240234       14.235392
FIRE:  816 19:08:44   -18203.824219       13.978685
FIRE:  817 19:08:44   -18205.431641       13.600081
FIRE:  818 19:08:45   -18206.990234       13.111257
FIRE:  819 19:08:45   -18208.574219       12.526403
FIRE:  820 19:08:45   -18210.099609       11.861785
FIRE:  821 19:08:46   -18211.634766       11.134889
FIRE:  822 19:08:46   -18213.177734       10.362556
FIRE:  823 19:08:46   -18214.654297       10.810778
FIRE:  824 19:08:47   -18216.134766       11.718355
FIRE:  825 19:08:47   -18217.582031       12.510294
FIRE:  826 19:08:47   -18219.025391       13.158863
FIRE:  827 19:08:48   -18220.443359       13.641682
FIRE:  828 19:08:48   -18221.839844       13.939685
FIRE:  829 19:08:49   -18223.253906       14.042590
FIRE:  830 19:08:49   -18224.644531       13.946596
FIRE:  831 19:08:49   -18226.046875       13.655608
FIRE:  832 19:08:50   -18227.419922       13.181212
FIRE:  833 19:08:50   -18228.833984       12.541110
FIRE:  834 19:08:51   -18230.185547       11.759089
FIRE:  835 19:08:51   -18231.582031       10.861898
FIRE:  836 19:08:52   -18232.933594        9.877562
FIRE:  837 19:08:52   -18234.287109        9.346664
FIRE:  838 19:08:52   -18235.642578        9.338885
FIRE:  839 19:08:53   -18237.011719        9.509996
FIRE:  840 19:08:53   -18238.347656        9.637277
FIRE:  841 19:08:54   -18239.671875        9.718406
FIRE:  842 19:08:54   -18240.984375        9.751271
FIRE:  843 19:08:54   -18242.308594        9.734696
FIRE:  844 19:08:55   -18243.650391        9.776601
FIRE:  845 19:08:55   -18244.941406        9.798967
FIRE:  846 19:08:56   -18246.244141        9.775001
FIRE:  847 19:08:56   -18247.562500        9.705574
FIRE:  848 19:08:57   -18248.804688        9.592166
FIRE:  849 19:08:57   -18250.099609        9.437059
FIRE:  850 19:08:57   -18251.339844        9.560665
FIRE:  851 19:08:58   -18252.634766        9.889101
FIRE:  852 19:08:58   -18253.890625       10.178744
FIRE:  853 19:08:59   -18255.115234       10.425512
FIRE:  854 19:08:59   -18256.378906       10.625383
FIRE:  855 19:08:59   -18257.601562       10.776084
FIRE:  856 19:09:00   -18258.851562       10.875238
FIRE:  857 19:09:00   -18260.029297       10.975055
FIRE:  858 19:09:01   -18261.298828       11.207485
FIRE:  859 19:09:01   -18262.541016       11.374660
FIRE:  860 19:09:02   -18263.740234       11.472774
FIRE:  861 19:09:02   -18264.990234       11.499220
FIRE:  862 19:09:02   -18266.269531       11.453195
FIRE:  863 19:09:03   -18267.541016       11.334673
FIRE:  864 19:09:03   -18268.833984       11.145392
FIRE:  865 19:09:04   -18270.195312       10.888594
FIRE:  866 19:09:04   -18271.566406       11.428273
FIRE:  867 19:09:04   -18272.996094       12.035685
FIRE:  868 19:09:05   -18274.417969       12.577824
FIRE:  869 19:09:05   -18275.976562       13.039803
FIRE:  870 19:09:06   -18277.492188       13.408105
FIRE:  871 19:09:06   -18279.107422       13.671058
FIRE:  872 19:09:07   -18280.714844       13.818715
FIRE:  873 19:09:07   -18282.332031       13.845007
FIRE:  874 19:09:07   -18284.134766       13.745594
FIRE:  875 19:09:08   -18285.882812       13.521671
FIRE:  876 19:09:08   -18287.660156       13.176571
FIRE:  877 19:09:09   -18289.474609       12.716634
FIRE:  878 19:09:09   -18291.302734       12.152228
FIRE:  879 19:09:09   -18293.123047       11.495584
FIRE:  880 19:09:10   -18294.984375       10.759172
FIRE:  881 19:09:10   -18296.835938       10.885036
FIRE:  882 19:09:11   -18298.691406       10.976480
FIRE:  883 19:09:11   -18300.519531       11.001524
FIRE:  884 19:09:12   -18302.376953       10.959110
FIRE:  885 19:09:12   -18304.173828       10.850377
FIRE:  886 19:09:12   -18305.953125       10.677196
FIRE:  887 19:09:13   -18307.748047       10.442988
FIRE:  888 19:09:13   -18309.439453       10.152155
FIRE:  889 19:09:14   -18311.166016        9.809883
FIRE:  890 19:09:14   -18312.863281        9.422276
FIRE:  891 19:09:14   -18314.511719        8.995446
FIRE:  892 19:09:15   -18316.154297        8.536248
FIRE:  893 19:09:15   -18317.740234        8.051245
FIRE:  894 19:09:16   -18319.294922        8.269176
FIRE:  895 19:09:16   -18320.814453        8.554304
FIRE:  896 19:09:17   -18322.343750        9.242156
FIRE:  897 19:09:17   -18323.826172        9.893464
FIRE:  898 19:09:17   -18325.283203       10.496783
FIRE:  899 19:09:18   -18326.730469       11.040162
FIRE:  900 19:09:18   -18328.154297       11.512686
FIRE:  901 19:09:19   -18329.509766       11.904036
FIRE:  902 19:09:19   -18330.945312       12.205507
FIRE:  903 19:09:19   -18332.302734       12.410197
FIRE:  904 19:09:20   -18333.660156       12.513310
FIRE:  905 19:09:20   -18334.988281       12.512678
FIRE:  906 19:09:21   -18336.343750       12.408797
FIRE:  907 19:09:21   -18337.669922       12.204901
FIRE:  908 19:09:22   -18339.017578       12.282273
FIRE:  909 19:09:22   -18340.357422       12.861854
FIRE:  910 19:09:22   -18341.689453       13.369979
FIRE:  911 19:09:23   -18343.005859       13.795049
FIRE:  912 19:09:23   -18344.361328       14.128732
FIRE:  913 19:09:24   -18345.687500       14.362767
FIRE:  914 19:09:24   -18347.046875       14.492375
FIRE:  915 19:09:24   -18348.435547       14.515067
FIRE:  916 19:09:25   -18349.802734       14.430278
FIRE:  917 19:09:25   -18351.251953       14.241387
FIRE:  918 19:09:26   -18352.662109       13.952485
FIRE:  919 19:09:26   -18354.054688       13.572044
FIRE:  920 19:09:26   -18355.519531       13.108385
FIRE:  921 19:09:27   -18357.005859       13.359463
FIRE:  922 19:09:27   -18358.541016       13.619521
FIRE:  923 19:09:28   -18360.064453       13.708960
FIRE:  924 19:09:28   -18361.599609       13.625672
FIRE:  925 19:09:29   -18363.132812       13.372985
FIRE:  926 19:09:29   -18364.708984       12.959637
FIRE:  927 19:09:29   -18366.267578       12.399382
FIRE:  928 19:09:30   -18367.859375       11.709821
FIRE:  929 19:09:30   -18369.453125       11.435905
FIRE:  930 19:09:31   -18371.023438       11.304017
FIRE:  931 19:09:31   -18372.599609       11.364841
FIRE:  932 19:09:31   -18374.167969       11.750934
FIRE:  933 19:09:32   -18375.726562       12.051188
FIRE:  934 19:09:32   -18377.273438       12.258929
FIRE:  935 19:09:33   -18378.773438       12.370769
FIRE:  936 19:09:33   -18380.289062       12.384694
FIRE:  937 19:09:34   -18381.767578       12.302135
FIRE:  938 19:09:34   -18383.177734       12.126558
FIRE:  939 19:09:34   -18384.585938       11.862847
FIRE:  940 19:09:35   -18385.994141       11.519447
FIRE:  941 19:09:35   -18387.351562       11.104708
FIRE:  942 19:09:36   -18388.671875       10.629128
FIRE:  943 19:09:36   -18389.953125       10.404843
FIRE:  944 19:09:36   -18391.232422       10.862747
FIRE:  945 19:09:37   -18392.458984       11.261397
FIRE:  946 19:09:37   -18393.654297       11.792215
FIRE:  947 19:09:38   -18394.824219       12.323657
FIRE:  948 19:09:38   -18395.980469       13.734821
FIRE:  949 19:09:38   -18397.097656       15.608456
FIRE:  950 19:09:39   -18398.216797       17.482073
FIRE:  951 19:09:39   -18399.292969       19.302555
FIRE:  952 19:09:40   -18400.414062       21.013451
FIRE:  953 19:09:40   -18401.500000       22.553127
FIRE:  954 19:09:41   -18402.591797       23.862921
FIRE:  955 19:09:41   -18403.728516       24.890455
FIRE:  956 19:09:41   -18404.865234       25.590990
FIRE:  957 19:09:42   -18406.029297       25.932222
FIRE:  958 19:09:42   -18407.224609       25.900219
FIRE:  959 19:09:43   -18408.433594       25.494507
FIRE:  960 19:09:43   -18409.658203       24.733507
FIRE:  961 19:09:43   -18410.912109       23.649260
FIRE:  962 19:09:44   -18412.091797       22.287460
FIRE:  963 19:09:44   -18413.289062       20.700228
FIRE:  964 19:09:45   -18414.410156       18.947783
FIRE:  965 19:09:45   -18415.482422       17.087641
FIRE:  966 19:09:46   -18416.542969       15.175653
FIRE:  967 19:09:46   -18417.482422       13.262108
FIRE:  968 19:09:46   -18418.384766       12.849299
FIRE:  969 19:09:47   -18419.267578       13.232033
FIRE:  970 19:09:47   -18419.972656       14.186738
FIRE:  971 19:09:48   -18420.708984       15.111874
FIRE:  972 19:09:48   -18421.320312       15.953725
FIRE:  973 19:09:48   -18421.916016       19.100973
FIRE:  974 19:09:49   -18422.458984       22.488911
FIRE:  975 19:09:49   -18422.984375       25.991039
FIRE:  976 19:09:50   -18423.537109       29.491884
FIRE:  977 19:09:50   -18424.119141       32.851528
FIRE:  978 19:09:50   -18424.753906       35.914639
FIRE:  979 19:09:51   -18425.498047       38.516380
FIRE:  980 19:09:51   -18426.361328       40.502316
FIRE:  981 19:09:52   -18427.349609       41.742424
FIRE:  982 19:09:52   -18428.464844       42.150291
FIRE:  983 19:09:53   -18429.742188       41.699474
FIRE:  984 19:09:53   -18431.166016       40.421875
FIRE:  985 19:09:53   -18432.666016       38.407936
FIRE:  986 19:09:54   -18434.281250       35.790211
FIRE:  987 19:09:54   -18435.880859       32.723522
FIRE:  988 19:09:55   -18437.583984       29.371075
FIRE:  989 19:09:55   -18439.244141       25.886978
FIRE:  990 19:09:55   -18440.876953       22.406658
FIRE:  991 19:09:56   -18442.490234       24.204752
FIRE:  992 19:09:56   -18444.082031       26.514584
FIRE:  993 19:09:57   -18445.634766       28.608053
FIRE:  994 19:09:57   -18447.154297       30.391428
FIRE:  995 19:09:58   -18448.742188       31.777929
FIRE:  996 19:09:58   -18450.308594       32.694126
FIRE:  997 19:09:58   -18451.904297       33.090008
FIRE:  998 19:09:59   -18453.541016       32.943790
FIRE:  999 19:09:59   -18455.183594       32.263294
FIRE:  1000 19:10:00   -18456.853516       31.103746
FIRE:  1001 19:10:00   -18458.486328       29.518854
FIRE:  1002 19:10:00   -18460.132812       27.577602
FIRE:  1003 19:10:01   -18461.705078       25.372072
FIRE:  1004 19:10:01   -18463.232422       22.994822
FIRE:  1005 19:10:02   -18464.658203       20.534004
FIRE:  1006 19:10:02   -18466.046875       18.067957
FIRE:  1007 19:10:02   -18467.310547       15.659486
FIRE:  1008 19:10:03   -18468.453125       13.356928
FIRE:  1009 19:10:03   -18469.488281       11.193069
FIRE:  1010 19:10:04   -18470.470703        9.187770
FIRE:  1011 19:10:04   -18471.312500        8.757743
FIRE:  1012 19:10:05   -18472.060547        8.858643
FIRE:  1013 19:10:05   -18472.746094        9.761428
FIRE:  1014 19:10:05   -18473.310547       10.606189
FIRE:  1015 19:10:06   -18473.849609       11.375972
FIRE:  1016 19:10:06   -18474.369141       12.049967
FIRE:  1017 19:10:07   -18474.818359       12.610135
FIRE:  1018 19:10:07   -18475.250000       13.041061
FIRE:  1019 19:10:07   -18475.642578       13.329957
FIRE:  1020 19:10:08   -18476.062500       13.468273
FIRE:  1021 19:10:08   -18476.458984       13.451503
FIRE:  1022 19:10:09   -18476.822266       13.281204
FIRE:  1023 19:10:09   -18477.267578       12.962051
FIRE:  1024 19:10:09   -18477.712891       12.502601
FIRE:  1025 19:10:09   -18478.126953       11.918087
FIRE:  1026 19:10:10   -18478.634766       11.296466
FIRE:  1027 19:10:10   -18479.146484       11.415666
FIRE:  1028 19:10:10   -18479.650391       11.607640
FIRE:  1029 19:10:11   -18480.216797       11.899495
FIRE:  1030 19:10:11   -18480.792969       12.314322
FIRE:  1031 19:10:11   -18481.408203       12.868473
FIRE:  1032 19:10:11   -18482.056641       13.567887
FIRE:  1033 19:10:12   -18482.710938       14.407246
FIRE:  1034 19:10:12   -18483.402344       15.369695
FIRE:  1035 19:10:12   -18484.179688       16.428511
FIRE:  1036 19:10:13   -18484.980469       17.548605
FIRE:  1037 19:10:13   -18485.759766       18.689651
FIRE:  1038 19:10:13   -18486.666016       19.807625
FIRE:  1039 19:10:13   -18487.619141       20.857883
FIRE:  1040 19:10:14   -18488.615234       21.794968
FIRE:  1041 19:10:14   -18489.666016       22.578917
FIRE:  1042 19:10:14   -18490.812500       23.173651
FIRE:  1043 19:10:15   -18492.007812       23.551531
FIRE:  1044 19:10:15   -18493.269531       23.693264
FIRE:  1045 19:10:15   -18494.658203       23.588957
FIRE:  1046 19:10:15   -18496.087891       23.240488
FIRE:  1047 19:10:16   -18497.599609       22.658443
FIRE:  1048 19:10:16   -18499.160156       21.862333
FIRE:  1049 19:10:16   -18500.767578       20.879534
FIRE:  1050 19:10:17   -18502.447266       19.741415
FIRE:  1051 19:10:17   -18504.164062       18.482521
FIRE:  1052 19:10:17   -18505.900391       17.139286
FIRE:  1053 19:10:17   -18507.644531       15.745671
FIRE:  1054 19:10:18   -18509.435547       14.333869
FIRE:  1055 19:10:18   -18511.205078       12.932945
FIRE:  1056 19:10:18   -18512.964844       11.568233
FIRE:  1057 19:10:19   -18514.738281       10.260387
FIRE:  1058 19:10:19   -18516.513672        9.028018
FIRE:  1059 19:10:19   -18518.269531        8.926288
FIRE:  1060 19:10:19   -18519.945312        8.903268
FIRE:  1061 19:10:20   -18521.689453        8.846128
FIRE:  1062 19:10:20   -18523.285156        8.754957
FIRE:  1063 19:10:20   -18524.941406        8.630082
FIRE:  1064 19:10:21   -18526.505859        8.472359
FIRE:  1065 19:10:21   -18528.060547        8.282684
FIRE:  1066 19:10:21   -18529.517578        8.092811
FIRE:  1067 19:10:22   -18530.945312        8.260530
FIRE:  1068 19:10:22   -18532.382812        8.470529
FIRE:  1069 19:10:22   -18533.712891        8.659721
FIRE:  1070 19:10:22   -18534.982422        8.825864
FIRE:  1071 19:10:23   -18536.218750        8.966937
FIRE:  1072 19:10:23   -18537.394531        9.080991
FIRE:  1073 19:10:23   -18538.488281        9.167041
FIRE:  1074 19:10:24   -18539.492188        9.223576
FIRE:  1075 19:10:24   -18540.472656        9.249975
FIRE:  1076 19:10:24   -18541.341797        9.245901
FIRE:  1077 19:10:24   -18542.138672        9.211229
FIRE:  1078 19:10:25   -18542.931641       10.268945
FIRE:  1079 19:10:25   -18543.625000       11.731381
FIRE:  1080 19:10:25   -18544.222656       13.238500
FIRE:  1081 19:10:26   -18544.865234       14.763672
FIRE:  1082 19:10:26   -18545.369141       16.277050
FIRE:  1083 19:10:26   -18545.857422       17.743395
FIRE:  1084 19:10:26   -18546.353516       19.124916
FIRE:  1085 19:10:27   -18546.810547       20.383307
FIRE:  1086 19:10:27   -18547.255859       21.479500
FIRE:  1087 19:10:27   -18547.740234       22.377592
FIRE:  1088 19:10:28   -18548.285156       23.048431
FIRE:  1089 19:10:28   -18548.824219       23.467066
FIRE:  1090 19:10:28   -18549.437500       23.619444
FIRE:  1091 19:10:28   -18550.103516       23.499481
FIRE:  1092 19:10:29   -18550.818359       23.112469
FIRE:  1093 19:10:29   -18551.552734       22.472919
FIRE:  1094 19:10:29   -18552.404297       21.603720
FIRE:  1095 19:10:30   -18553.300781       20.534941
FIRE:  1096 19:10:30   -18554.287109       19.302729
FIRE:  1097 19:10:30   -18555.244141       17.946278
FIRE:  1098 19:10:30   -18556.302734       16.504251
FIRE:  1099 19:10:31   -18557.353516       15.016878
FIRE:  1100 19:10:31   -18558.462891       13.520827
FIRE:  1101 19:10:31   -18559.554688       12.600520
FIRE:  1102 19:10:32   -18560.656250       12.494325
FIRE:  1103 19:10:32   -18561.794922       12.320068
FIRE:  1104 19:10:32   -18562.912109       12.079325
FIRE:  1105 19:10:33   -18564.017578       11.774693
FIRE:  1106 19:10:33   -18565.111328       11.410278
FIRE:  1107 19:10:33   -18566.214844       10.991577
FIRE:  1108 19:10:33   -18567.285156       10.524672
FIRE:  1109 19:10:34   -18568.330078       10.402234
FIRE:  1110 19:10:34   -18569.349609       10.348548
FIRE:  1111 19:10:34   -18570.378906       10.635907
FIRE:  1112 19:10:35   -18571.373047       11.282374
FIRE:  1113 19:10:35   -18572.326172       11.836299
FIRE:  1114 19:10:35   -18573.230469       12.284060
FIRE:  1115 19:10:36   -18574.152344       12.614829
FIRE:  1116 19:10:36   -18575.058594       12.819942
FIRE:  1117 19:10:36   -18575.941406       12.894800
FIRE:  1118 19:10:36   -18576.750000       12.837721
FIRE:  1119 19:10:37   -18577.558594       12.651057
FIRE:  1120 19:10:37   -18578.337891       12.580453
FIRE:  1121 19:10:37   -18579.091797       12.871242
FIRE:  1122 19:10:38   -18579.826172       13.031252
FIRE:  1123 19:10:38   -18580.496094       14.095619
FIRE:  1124 19:10:38   -18581.208984       15.430750
FIRE:  1125 19:10:39   -18581.806641       16.702805
FIRE:  1126 19:10:39   -18582.416016       17.877913
FIRE:  1127 19:10:39   -18583.005859       18.921297
FIRE:  1128 19:10:39   -18583.585938       19.799721
FIRE:  1129 19:10:40   -18584.054688       20.483418
FIRE:  1130 19:10:40   -18584.595703       20.948114
FIRE:  1131 19:10:40   -18585.046875       21.176491
FIRE:  1132 19:10:41   -18585.511719       21.160084
FIRE:  1133 19:10:41   -18585.921875       20.899426
FIRE:  1134 19:10:41   -18586.333984       20.403887
FIRE:  1135 19:10:41   -18586.750000       19.691448
FIRE:  1136 19:10:42   -18587.144531       19.540550
FIRE:  1137 19:10:42   -18587.533203       21.219963
FIRE:  1138 19:10:42   -18587.951172       22.766884
FIRE:  1139 19:10:43   -18588.365234       24.129936
FIRE:  1140 19:10:43   -18588.804688       25.260836
FIRE:  1141 19:10:43   -18589.296875       26.115221
FIRE:  1142 19:10:43   -18589.785156       26.659462
FIRE:  1143 19:10:44   -18590.324219       26.871918
FIRE:  1144 19:10:44   -18590.884766       26.744976
FIRE:  1145 19:10:44   -18591.535156       26.284798
FIRE:  1146 19:10:45   -18592.179688       25.511581
FIRE:  1147 19:10:45   -18592.900391       24.460518
FIRE:  1148 19:10:46   -18593.648438       23.174398
FIRE:  1149 19:10:46   -18594.457031       21.703348
FIRE:  1150 19:10:46   -18595.238281       20.102163
FIRE:  1151 19:10:47   -18596.062500       18.425087
FIRE:  1152 19:10:47   -18596.927734       16.725210
FIRE:  1153 19:10:48   -18597.755859       15.053016
FIRE:  1154 19:10:48   -18598.650391       13.453334
FIRE:  1155 19:10:48   -18599.554688       12.308848
FIRE:  1156 19:10:49   -18600.486328       12.190238
FIRE:  1157 19:10:49   -18601.419922       12.078465
FIRE:  1158 19:10:50   -18602.339844       12.523508
FIRE:  1159 19:10:50   -18603.271484       12.946233
FIRE:  1160 19:10:51   -18604.210938       13.343513
FIRE:  1161 19:10:51   -18605.183594       13.712056
FIRE:  1162 19:10:51   -18606.185547       14.049007
FIRE:  1163 19:10:52   -18607.130859       14.351227
FIRE:  1164 19:10:52   -18608.105469       14.616220
FIRE:  1165 19:10:53   -18609.085938       14.841403
FIRE:  1166 19:10:53   -18610.115234       15.025029
FIRE:  1167 19:10:53   -18611.105469       15.165219
FIRE:  1168 19:10:54   -18612.101562       15.261139
FIRE:  1169 19:10:54   -18613.074219       15.311876
FIRE:  1170 19:10:55   -18614.119141       15.317429
FIRE:  1171 19:10:55   -18615.105469       15.278237
FIRE:  1172 19:10:55   -18616.105469       15.195286
FIRE:  1173 19:10:56   -18617.062500       15.070210
FIRE:  1174 19:10:56   -18618.015625       14.904747
FIRE:  1175 19:10:57   -18618.925781       14.701358
FIRE:  1176 19:10:57   -18619.857422       14.537740
FIRE:  1177 19:10:58   -18620.759766       15.225240
FIRE:  1178 19:10:58   -18621.595703       15.818472
FIRE:  1179 19:10:58   -18622.404297       16.302368
FIRE:  1180 19:10:59   -18623.205078       16.665583
FIRE:  1181 19:10:59   -18623.990234       16.897497
FIRE:  1182 19:11:00   -18624.681641       16.992416
FIRE:  1183 19:11:00   -18625.359375       16.947222
FIRE:  1184 19:11:00   -18626.041016       16.762764
FIRE:  1185 19:11:01   -18626.597656       16.444250
FIRE:  1186 19:11:01   -18627.140625       17.719200
FIRE:  1187 19:11:02   -18627.660156       19.316923
FIRE:  1188 19:11:02   -18628.125000       20.838455
FIRE:  1189 19:11:03   -18628.554688       22.240377
FIRE:  1190 19:11:03   -18628.927734       23.478502
FIRE:  1191 19:11:03   -18629.292969       24.510544
FIRE:  1192 19:11:04   -18629.623047       25.297319
FIRE:  1193 19:11:04   -18629.957031       25.809124
FIRE:  1194 19:11:05   -18630.169922       26.023838
FIRE:  1195 19:11:05   -18630.451172       25.932617
FIRE:  1196 19:11:05   -18630.681641       25.538780
FIRE:  1197 19:11:06   -18630.869141       24.857676
FIRE:  1198 19:11:06   -18631.076172       23.915842
FIRE:  1199 19:11:07   -18631.207031       22.749067
FIRE:  1200 19:11:07   -18649.951172       12.442490
FIRE:  1201 19:11:07   -18666.314453        8.705355
FIRE:  1202 19:11:08   -18681.095703        7.213418
FIRE:  1203 19:11:08   -18694.667969        7.064572
FIRE:  1204 19:11:09   -18707.250000        6.822268
FIRE:  1205 19:11:09   -18719.000000        6.464294
FIRE:  1206 19:11:09   -18730.056641        5.968978
FIRE:  1207 19:11:10   -18740.437500        5.315824
FIRE:  1208 19:11:10   -18750.251953        4.490078
FIRE:  1209 19:11:11   -18759.615234        3.889751
FIRE:  1210 19:11:11   -18768.464844        3.402083
FIRE:  1211 19:11:12   -18776.958984        3.517640
FIRE:  1212 19:11:12   -18785.074219        3.603353
FIRE:  1213 19:11:12   -18792.894531        3.655467
FIRE:  1214 19:11:13   -18800.498047        3.675173
FIRE:  1215 19:11:13   -18807.814453        3.766491
FIRE:  1216 19:11:14   -18814.951172        3.885982
FIRE:  1217 19:11:14   -18821.937500        4.072160
FIRE:  1218 19:11:14   -18828.708984        4.331590
FIRE:  1219 19:11:15   -18835.283203        4.609928
FIRE:  1220 19:11:15   -18841.626953        4.908718
FIRE:  1221 19:11:16   -18847.835938        5.224632
FIRE:  1222 19:11:16   -18853.808594        5.544915
FIRE:  1223 19:11:16   -18859.650391        5.845917
FIRE:  1224 19:11:17   -18865.337891        6.093570
FIRE:  1225 19:11:17   -18870.908203        6.245337
FIRE:  1226 19:11:18   -18876.347656        6.251118
FIRE:  1227 19:11:18   -18881.617188        6.059646
FIRE:  1228 19:11:19   -18886.806641        5.632156
FIRE:  1229 19:11:19   -18891.826172        4.942192
FIRE:  1230 19:11:19   -18896.675781        3.960752
FIRE:  1231 19:11:20   -18901.320312        2.693312
FIRE:  1232 19:11:20   -18905.853516        1.619913
FIRE:  1233 19:11:20   -18910.191406        2.947693
FIRE:  1234 19:11:21   -18914.332031        4.903894
FIRE:  1235 19:11:21   -18918.419922        6.552628
FIRE:  1236 19:11:21   -18922.441406        7.489329
FIRE:  1237 19:11:21   -18926.480469        7.476390
FIRE:  1238 19:11:22   -18930.505859        6.563142
FIRE:  1239 19:11:22   -18934.503906        5.040642
FIRE:  1240 19:11:22   -18938.419922        3.287163
FIRE:  1241 19:11:23   -18942.169922        1.751483
FIRE:  1242 19:11:23   -18945.880859        1.716851
FIRE:  1243 19:11:23   -18949.486328        1.665704
FIRE:  1244 19:11:23   -18953.009766        2.301754
FIRE:  1245 19:11:24   -18956.447266        2.930234
FIRE:  1246 19:11:24   -18959.886719        3.334394
FIRE:  1247 19:11:24   -18963.259766        3.533439
FIRE:  1248 19:11:25   -18966.595703        3.547639
FIRE:  1249 19:11:25   -18969.855469        3.393106
FIRE:  1250 19:11:25   -18973.107422        3.082855
FIRE:  1251 19:11:25   -18976.298828        2.628288
FIRE:  1252 19:11:26   -18979.449219        2.043009
FIRE:  1253 19:11:26   -18982.591797        1.561558
FIRE:  1254 19:11:26   -18985.634766        1.577249
FIRE:  1255 19:11:27   -18988.585938        1.585077
FIRE:  1256 19:11:27   -18991.529297        1.689973
FIRE:  1257 19:11:27   -18994.416016        1.967864
FIRE:  1258 19:11:27   -18997.320312        2.387039
FIRE:  1259 19:11:28   -19000.167969        2.580281
FIRE:  1260 19:11:28   -19003.005859        2.543296
FIRE:  1261 19:11:28   -19005.806641        2.266695
FIRE:  1262 19:11:29   -19008.589844        1.845360
FIRE:  1263 19:11:29   -19011.382812        1.892738
FIRE:  1264 19:11:29   -19014.103516        1.940066
FIRE:  1265 19:11:29   -19016.853516        2.075913
FIRE:  1266 19:11:30   -19019.556641        2.326918
FIRE:  1267 19:11:30   -19022.218750        2.575790
FIRE:  1268 19:11:30   -19024.910156        2.798016
FIRE:  1269 19:11:31   -19027.595703        2.968316
FIRE:  1270 19:11:31   -19030.230469        3.074598
FIRE:  1271 19:11:31   -19032.902344        3.143519
FIRE:  1272 19:11:32   -19035.546875        3.226577
FIRE:  1273 19:11:32   -19038.208984        3.354464
FIRE:  1274 19:11:32   -19040.882812        3.508224
FIRE:  1275 19:11:32   -19043.542969        3.574216
FIRE:  1276 19:11:33   -19046.132812        3.598128
FIRE:  1277 19:11:33   -19048.734375        3.663877
FIRE:  1278 19:11:33   -19051.267578        3.823869
FIRE:  1279 19:11:34   -19053.746094        4.033869
FIRE:  1280 19:11:34   -19056.197266        4.182923
FIRE:  1281 19:11:34   -19058.599609        4.164297
FIRE:  1282 19:11:35   -19061.015625        3.918911
FIRE:  1283 19:11:35   -19063.396484        3.448625
FIRE:  1284 19:11:35   -19065.734375        2.879161
FIRE:  1285 19:11:35   -19068.035156        3.067806
FIRE:  1286 19:11:36   -19070.339844        3.286238
FIRE:  1287 19:11:36   -19072.611328        3.539143
FIRE:  1288 19:11:36   -19074.917969        3.830298
FIRE:  1289 19:11:37   -19077.246094        4.156956
FIRE:  1290 19:11:37   -19079.544922        4.501958
FIRE:  1291 19:11:37   -19081.882812        4.831991
FIRE:  1292 19:11:37   -19084.248047        5.106516
FIRE:  1293 19:11:38   -19086.699219        5.285490
FIRE:  1294 19:11:38   -19089.218750        5.308250
FIRE:  1295 19:11:38   -19091.666016        5.055891
FIRE:  1296 19:11:39   -19094.105469        4.348407
FIRE:  1297 19:11:39   -19096.492188        3.007709
FIRE:  1298 19:11:39   -19098.707031        2.410638
FIRE:  1299 19:11:39   -19100.710938        4.314329
FIRE:  1300 19:11:40   -19102.449219        9.232058
FIRE:  1301 19:11:40   -19103.947266       14.989208
FIRE:  1302 19:11:40   -19105.425781       20.619724
FIRE:  1303 19:11:41   -19106.994141       24.735535
FIRE:  1304 19:11:41   -19108.951172       26.085371
FIRE:  1305 19:11:41   -19111.316406       24.224205
FIRE:  1306 19:11:42   -19114.089844       19.782864
FIRE:  1307 19:11:42   -19116.832031       14.082571
FIRE:  1308 19:11:42   -19119.517578        8.566872
FIRE:  1309 19:11:42   -19121.970703        5.652582
FIRE:  1310 19:11:43   -19124.216797        5.769263
FIRE:  1311 19:11:43   -19126.310547        5.497424
FIRE:  1312 19:11:43   -19128.275391        5.274781
FIRE:  1313 19:11:44   -19130.148438        6.559258
FIRE:  1314 19:11:44   -19131.931641        7.420855
FIRE:  1315 19:11:44   -19133.716797        7.948769
FIRE:  1316 19:11:44   -19135.419922        8.215412
FIRE:  1317 19:11:45   -19137.207031        8.277220
FIRE:  1318 19:11:45   -19139.007812        8.541086
FIRE:  1319 19:11:45   -19140.808594        8.379617
FIRE:  1320 19:11:46   -19142.736328        7.662607
FIRE:  1321 19:11:46   -19144.654297        7.307983
FIRE:  1322 19:11:46   -19146.607422        6.922026
FIRE:  1323 19:11:46   -19148.500000        6.516972
FIRE:  1324 19:11:47   -19150.292969        6.091075
FIRE:  1325 19:11:47   -19152.066406        5.627307
FIRE:  1326 19:11:47   -19153.814453        5.093616
FIRE:  1327 19:11:48   -19155.505859        4.444488
FIRE:  1328 19:11:48   -19157.150391        3.964116
FIRE:  1329 19:11:48   -19158.748047        4.374595
FIRE:  1330 19:11:48   -19160.316406        4.594815
FIRE:  1331 19:11:49   -19161.865234        4.603662
FIRE:  1332 19:11:49   -19163.279297        4.648318
FIRE:  1333 19:11:49   -19164.666016        7.057264
FIRE:  1334 19:11:50   -19165.955078        9.659315
FIRE:  1335 19:11:50   -19167.308594       11.871209
FIRE:  1336 19:11:50   -19168.720703       13.234563
FIRE:  1337 19:11:51   -19170.251953       13.442951
FIRE:  1338 19:11:51   -19171.953125       12.469582
FIRE:  1339 19:11:51   -19173.708984       10.574910
FIRE:  1340 19:11:51   -19175.566406        8.191669
FIRE:  1341 19:11:52   -19177.371094        5.765975
FIRE:  1342 19:11:52   -19179.138672        4.741630
FIRE:  1343 19:11:52   -19180.851562        4.083879
FIRE:  1344 19:11:53   -19182.488281        3.326603
FIRE:  1345 19:11:53   -19184.056641        3.412504
FIRE:  1346 19:11:53   -19185.591797        3.634130
FIRE:  1347 19:11:53   -19187.062500        4.521248
FIRE:  1348 19:11:54   -19188.521484        5.239699
FIRE:  1349 19:11:54   -19190.011719        5.717774
FIRE:  1350 19:11:54   -19191.505859        5.906561
FIRE:  1351 19:11:55   -19193.048828        5.791043
FIRE:  1352 19:11:55   -19194.613281        5.466856
FIRE:  1353 19:11:55   -19196.253906        5.546253
FIRE:  1354 19:11:55   -19197.849609        5.565397
FIRE:  1355 19:11:56   -19199.544922        5.508665
FIRE:  1356 19:11:56   -19201.167969        5.353434
FIRE:  1357 19:11:56   -19202.833984        5.071828
FIRE:  1358 19:11:57   -19204.439453        4.633243
FIRE:  1359 19:11:57   -19206.064453        4.011334
FIRE:  1360 19:11:57   -19207.654297        3.200639
FIRE:  1361 19:11:58   -19209.222656        2.703590
FIRE:  1362 19:11:58   -19210.697266        3.097566
FIRE:  1363 19:11:58   -19212.162109        3.414744
FIRE:  1364 19:11:58   -19213.548828        3.961481
FIRE:  1365 19:11:59   -19214.947266        5.746003
FIRE:  1366 19:11:59   -19216.283203        7.394107
FIRE:  1367 19:11:59   -19217.634766        8.624780
FIRE:  1368 19:12:00   -19219.060547        9.219639
FIRE:  1369 19:12:00   -19220.587891        9.075691
FIRE:  1370 19:12:00   -19222.138672        8.232527
FIRE:  1371 19:12:01   -19223.705078        6.854396
FIRE:  1372 19:12:01   -19225.345703        5.169758
FIRE:  1373 19:12:01   -19226.931641        3.631400
FIRE:  1374 19:12:02   -19228.482422        3.203580
FIRE:  1375 19:12:02   -19229.937500        2.638532
FIRE:  1376 19:12:02   -19231.369141        2.121471
FIRE:  1377 19:12:03   -19232.779297        2.277186
FIRE:  1378 19:12:03   -19234.080078        3.074841
FIRE:  1379 19:12:03   -19235.408203        3.694578
FIRE:  1380 19:12:03   -19236.751953        4.160758
FIRE:  1381 19:12:04   -19238.078125        4.499859
FIRE:  1382 19:12:04   -19239.468750        4.734681
FIRE:  1383 19:12:04   -19240.814453        4.881283
FIRE:  1384 19:12:05   -19242.261719        4.950047
FIRE:  1385 19:12:05   -19243.693359        4.945124
FIRE:  1386 19:12:05   -19245.171875        4.865566
FIRE:  1387 19:12:06   -19246.662109        4.706186
FIRE:  1388 19:12:06   -19248.189453        4.458423
FIRE:  1389 19:12:06   -19249.730469        4.113391
FIRE:  1390 19:12:06   -19251.283203        3.664478
FIRE:  1391 19:12:07   -19252.859375        3.116112
FIRE:  1392 19:12:07   -19254.378906        2.504526
FIRE:  1393 19:12:07   -19255.837891        2.331020
FIRE:  1394 19:12:08   -19257.291016        2.347010
FIRE:  1395 19:12:08   -19258.697266        2.343613
FIRE:  1396 19:12:08   -19260.070312        3.303887
FIRE:  1397 19:12:09   -19261.359375        4.399605
FIRE:  1398 19:12:09   -19262.646484        5.431596
FIRE:  1399 19:12:09   -19263.908203        6.252684
FIRE:  1400 19:12:09   -19265.162109        6.748891
FIRE:  1401 19:12:10   -19266.402344        6.850830
FIRE:  1402 19:12:10   -19267.625000        6.546724
FIRE:  1403 19:12:10   -19268.917969        5.879986
FIRE:  1404 19:12:11   -19270.148438        4.937268
FIRE:  1405 19:12:11   -19271.380859        4.212900
FIRE:  1406 19:12:11   -19272.623047        4.178869
FIRE:  1407 19:12:11   -19273.789062        4.024885
FIRE:  1408 19:12:12   -19274.957031        3.818957
FIRE:  1409 19:12:12   -19276.048828        3.805395
FIRE:  1410 19:12:12   -19277.107422        3.714290
FIRE:  1411 19:12:13   -19278.123047        3.555682
FIRE:  1412 19:12:13   -19279.134766        3.342743
FIRE:  1413 19:12:13   -19280.177734        3.587550
FIRE:  1414 19:12:13   -19281.158203        4.245049
FIRE:  1415 19:12:14   -19282.103516        5.287299
FIRE:  1416 19:12:14   -19283.093750        6.288272
FIRE:  1417 19:12:14   -19284.082031        7.174425
FIRE:  1418 19:12:15   -19285.207031        7.869648
FIRE:  1419 19:12:15   -19286.357422        8.306534
FIRE:  1420 19:12:15   -19287.617188        8.437296
FIRE:  1421 19:12:15   -19288.947266        8.241910
FIRE:  1422 19:12:16   -19290.322266        7.730436
FIRE:  1423 19:12:16   -19291.761719        6.939746
FIRE:  1424 19:12:16   -19293.250000        5.927333
FIRE:  1425 19:12:17   -19294.685547        4.763986
FIRE:  1426 19:12:17   -19296.093750        3.526861
FIRE:  1427 19:12:17   -19297.466797        3.081565
FIRE:  1428 19:12:18   -19298.802734        2.985837
FIRE:  1429 19:12:18   -19300.050781        2.913490
FIRE:  1430 19:12:18   -19301.205078        2.800915
FIRE:  1431 19:12:18   -19302.314453        3.026034
FIRE:  1432 19:12:19   -19303.384766        3.879946
FIRE:  1433 19:12:19   -19304.388672        4.620326
FIRE:  1434 19:12:19   -19305.365234        5.184631
FIRE:  1435 19:12:20   -19306.369141        5.522266
FIRE:  1436 19:12:20   -19307.365234        5.603095
FIRE:  1437 19:12:20   -19308.386719        5.423754
FIRE:  1438 19:12:20   -19309.416016        5.430278
FIRE:  1439 19:12:21   -19310.431641        5.470658
FIRE:  1440 19:12:21   -19311.515625        5.410835
FIRE:  1441 19:12:21   -19312.625000        5.258680
FIRE:  1442 19:12:22   -19313.664062        5.025385
FIRE:  1443 19:12:22   -19314.736328        4.724535
FIRE:  1444 19:12:22   -19315.755859        4.371444
FIRE:  1445 19:12:22   -19316.792969        3.982226
FIRE:  1446 19:12:23   -19317.792969        3.572661
FIRE:  1447 19:12:23   -19318.792969        3.559841
FIRE:  1448 19:12:23   -19319.804688        3.940232
FIRE:  1449 19:12:24   -19320.732422        4.279542
FIRE:  1450 19:12:24   -19321.681641        4.561846
FIRE:  1451 19:12:24   -19322.636719        4.773287
FIRE:  1452 19:12:24   -19323.578125        4.902899
FIRE:  1453 19:12:25   -19324.556641        4.944181
FIRE:  1454 19:12:25   -19325.521484        4.895587
FIRE:  1455 19:12:25   -19326.511719        4.760587
FIRE:  1456 19:12:26   -19327.537109        4.547272
FIRE:  1457 19:12:26   -19328.525391        4.267342
FIRE:  1458 19:12:26   -19329.546875        3.935079
FIRE:  1459 19:12:27   -19330.552734        3.565735
FIRE:  1460 19:12:27   -19331.585938        3.174401
FIRE:  1461 19:12:27   -19332.646484        3.309808
FIRE:  1462 19:12:27   -19333.673828        3.836704
FIRE:  1463 19:12:28   -19334.683594        4.357167
FIRE:  1464 19:12:28   -19335.742188        4.842435
FIRE:  1465 19:12:28   -19336.718750        5.261332
FIRE:  1466 19:12:29   -19337.816406        5.581530
FIRE:  1467 19:12:29   -19338.843750        5.771178
FIRE:  1468 19:12:29   -19339.853516        5.797437
FIRE:  1469 19:12:29   -19340.939453        5.627590
FIRE:  1470 19:12:30   -19342.062500        5.232281
FIRE:  1471 19:12:30   -19343.146484        4.712113
FIRE:  1472 19:12:30   -19344.275391        4.924798
FIRE:  1473 19:12:31   -19345.408203        4.929715
FIRE:  1474 19:12:31   -19346.541016        4.728847
FIRE:  1475 19:12:31   -19347.578125        4.342900
FIRE:  1476 19:12:31   -19348.562500        3.805958
FIRE:  1477 19:12:32   -19349.425781        4.559864
FIRE:  1478 19:12:32   -19350.177734        7.366539
FIRE:  1479 19:12:32   -19350.847656       10.693797
FIRE:  1480 19:12:33   -19351.482422       14.254758
FIRE:  1481 19:12:33   -19352.042969       17.544792
FIRE:  1482 19:12:33   -19352.757812       19.915056
FIRE:  1483 19:12:33   -19353.619141       20.799816
FIRE:  1484 19:12:34   -19354.644531       19.971416
FIRE:  1485 19:12:34   -19355.855469       17.656292
FIRE:  1486 19:12:34   -19357.193359       14.412679
FIRE:  1487 19:12:35   -19358.435547       10.873159
FIRE:  1488 19:12:35   -19359.650391        7.525070
FIRE:  1489 19:12:35   -19360.650391        4.635483
FIRE:  1490 19:12:36   -19361.531250        4.235415
FIRE:  1491 19:12:36   -19362.330078        4.233731
FIRE:  1492 19:12:36   -19363.019531        4.153566
FIRE:  1493 19:12:36   -19363.621094        4.334887
FIRE:  1494 19:12:37   -19364.240234        5.079683
FIRE:  1495 19:12:37   -19364.824219        5.559532
FIRE:  1496 19:12:37   -19365.343750        5.822646
FIRE:  1497 19:12:38   -19365.894531        5.930580
FIRE:  1498 19:12:38   -19366.460938        5.936601
FIRE:  1499 19:12:38   -19367.056641        5.878381
FIRE:  1500 19:12:38   -19367.640625        5.780824
FIRE:  1501 19:12:39   -19368.292969        5.659626
FIRE:  1502 19:12:39   -19368.919922        5.524902
FIRE:  1503 19:12:39   -19369.568359        5.384307
FIRE:  1504 19:12:40   -19370.230469        5.243176
FIRE:  1505 19:12:40   -19370.890625        5.105145
FIRE:  1506 19:12:40   -19371.562500        4.972315
FIRE:  1507 19:12:40   -19372.261719        4.846265
FIRE:  1508 19:12:41   -19372.980469        4.728529
FIRE:  1509 19:12:41   -19373.679688        4.621000
FIRE:  1510 19:12:41   -19374.476562        4.658161
FIRE:  1511 19:12:42   -19375.271484        4.642078
FIRE:  1512 19:12:42   -19376.076172        4.554866
FIRE:  1513 19:12:42   -19376.884766        4.401798
FIRE:  1514 19:12:42   -19377.779297        4.341353
FIRE:  1515 19:12:43   -19378.650391        4.361775
FIRE:  1516 19:12:43   -19379.523438        4.413219
FIRE:  1517 19:12:43   -19380.427734        4.493643
FIRE:  1518 19:12:44   -19381.324219        4.597053
FIRE:  1519 19:12:44   -19382.224609        4.718349
FIRE:  1520 19:12:44   -19383.166016        4.853802
FIRE:  1521 19:12:45   -19384.066406        4.955913
FIRE:  1522 19:12:45   -19384.974609        4.997482
FIRE:  1523 19:12:45   -19385.931641        4.943265
FIRE:  1524 19:12:45   -19386.867188        4.758284
FIRE:  1525 19:12:46   -19387.802734        4.417073
FIRE:  1526 19:12:46   -19388.734375        3.903821
FIRE:  1527 19:12:46   -19389.625000        3.292717
FIRE:  1528 19:12:47   -19390.496094        3.221086
FIRE:  1529 19:12:47   -19391.326172        3.289173
FIRE:  1530 19:12:47   -19392.058594        3.392268
FIRE:  1531 19:12:47   -19392.748047        3.531038
FIRE:  1532 19:12:48   -19393.363281        5.832115
FIRE:  1533 19:12:48   -19393.861328        8.485134
FIRE:  1534 19:12:48   -19394.287109       11.277205
FIRE:  1535 19:12:49   -19394.746094       13.905470
FIRE:  1536 19:12:49   -19395.191406       15.993545
FIRE:  1537 19:12:49   -19395.746094       17.177214
FIRE:  1538 19:12:49   -19396.402344       17.231689
FIRE:  1539 19:12:50   -19397.167969       16.156170
FIRE:  1540 19:12:50   -19398.054688       14.179557
FIRE:  1541 19:12:50   -19398.945312       11.673466
FIRE:  1542 19:12:51   -19399.824219        9.038017
FIRE:  1543 19:12:51   -19400.656250        6.625600
FIRE:  1544 19:12:51   -19401.390625        4.985660
FIRE:  1545 19:12:51   -19402.074219        5.080430
FIRE:  1546 19:12:52   -19402.705078        5.068796
FIRE:  1547 19:12:52   -19403.269531        4.951952
FIRE:  1548 19:12:52   -19403.816406        5.195771
FIRE:  1549 19:12:53   -19404.419922        5.601953
FIRE:  1550 19:12:53   -19404.968750        5.910320
FIRE:  1551 19:12:53   -19405.544922        6.096359
FIRE:  1552 19:12:54   -19406.181641        6.141201
FIRE:  1553 19:12:54   -19406.792969        6.034158
FIRE:  1554 19:12:54   -19407.460938        5.894812
FIRE:  1555 19:12:54   -19408.160156        5.653031
FIRE:  1556 19:12:55   -19408.912109        5.458087
FIRE:  1557 19:12:55   -19409.648438        5.297661
FIRE:  1558 19:12:55   -19410.484375        5.289790
FIRE:  1559 19:12:56   -19411.224609        5.278390
FIRE:  1560 19:12:56   -19412.021484        5.268762
FIRE:  1561 19:12:56   -19412.796875        5.264170
FIRE:  1562 19:12:56   -19413.552734        5.266500
FIRE:  1563 19:12:57   -19414.322266        5.276525
FIRE:  1564 19:12:57   -19415.099609        5.294112
FIRE:  1565 19:12:57   -19415.896484        5.318255
FIRE:  1566 19:12:58   -19416.689453        5.346977
FIRE:  1567 19:12:58   -19417.425781        6.055481
FIRE:  1568 19:12:58   -19418.240234        6.856104
FIRE:  1569 19:12:58   -19419.039062        7.553388
FIRE:  1570 19:12:59   -19419.802734        8.101242
FIRE:  1571 19:12:59   -19420.582031        8.459696
FIRE:  1572 19:12:59   -19421.300781        8.601748
FIRE:  1573 19:13:00   -19422.121094        8.517757
FIRE:  1574 19:13:00   -19422.896484        8.341841
FIRE:  1575 19:13:00   -19423.662109        9.861263
FIRE:  1576 19:13:01   -19424.484375       11.150041
FIRE:  1577 19:13:01   -19425.324219       12.051071
FIRE:  1578 19:13:01   -19426.203125       12.443245
FIRE:  1579 19:13:01   -19427.138672       12.270524
FIRE:  1580 19:13:02   -19428.091797       11.556132
FIRE:  1581 19:13:02   -19429.009766       10.394875
FIRE:  1582 19:13:02   -19429.916016        8.923248
FIRE:  1583 19:13:03   -19430.701172        7.288185
FIRE:  1584 19:13:03   -19431.441406        6.120523
FIRE:  1585 19:13:03   -19432.128906        7.992652
FIRE:  1586 19:13:03   -19432.679688        9.939569
FIRE:  1587 19:13:04   -19433.167969       11.771690
FIRE:  1588 19:13:04   -19433.697266       13.278460
FIRE:  1589 19:13:04   -19434.205078       14.260876
FIRE:  1590 19:13:05   -19434.724609       14.575397
FIRE:  1591 19:13:05   -19435.347656       14.175271
FIRE:  1592 19:13:05   -19435.986328       13.122577
FIRE:  1593 19:13:05   -19436.638672       11.569637
FIRE:  1594 19:13:06   -19437.302734        9.712995
FIRE:  1595 19:13:06   -19437.939453        7.748558
FIRE:  1596 19:13:06   -19438.527344        7.016424
FIRE:  1597 19:13:07   -19439.080078        7.118783
FIRE:  1598 19:13:07   -19439.583984        7.149653
FIRE:  1599 19:13:07   -19440.042969        7.117053
FIRE:  1600 19:13:08   -19440.466797        7.028072
FIRE:  1601 19:13:08   -19440.914062        6.947826
FIRE:  1602 19:13:08   -19441.347656        7.051282
FIRE:  1603 19:13:08   -19441.816406        6.992596
FIRE:  1604 19:13:09   -19442.326172        6.770433
FIRE:  1605 19:13:09   -19442.835938        6.400104
FIRE:  1606 19:13:09   -19443.423828        5.981959
FIRE:  1607 19:13:10   -19444.019531        5.653621
FIRE:  1608 19:13:10   -19444.710938        5.626972
FIRE:  1609 19:13:10   -19445.398438        5.553137
FIRE:  1610 19:13:10   -19446.146484        5.445208
FIRE:  1611 19:13:11   -19446.884766        5.289399
FIRE:  1612 19:13:11   -19447.603516        5.297782
FIRE:  1613 19:13:11   -19448.402344        5.298545
FIRE:  1614 19:13:12   -19449.134766        5.295385
FIRE:  1615 19:13:12   -19449.859375        5.290179
FIRE:  1616 19:13:12   -19450.576172        5.283553
FIRE:  1617 19:13:12   -19451.240234        5.274925
FIRE:  1618 19:13:13   -19451.818359        5.262798
FIRE:  1619 19:13:13   -19452.394531        5.244642
FIRE:  1620 19:13:13   -19452.962891        5.217151
FIRE:  1621 19:13:14   -19453.435547        5.425683
FIRE:  1622 19:13:14   -19453.855469        6.509585
FIRE:  1623 19:13:14   -19454.285156        7.796489
FIRE:  1624 19:13:15   -19454.691406        9.213583
FIRE:  1625 19:13:15   -19455.173828       10.562371
FIRE:  1626 19:13:15   -19455.687500       11.663629
FIRE:  1627 19:13:15   -19456.296875       12.357939
FIRE:  1628 19:13:16   -19456.937500       12.535956
FIRE:  1629 19:13:16   -19457.783203       12.161457
FIRE:  1630 19:13:16   -19458.625000       11.277033
FIRE:  1631 19:13:17   -19459.580078        9.989180
FIRE:  1632 19:13:17   -19460.500000        8.436808
FIRE:  1633 19:13:17   -19461.425781        6.761484
FIRE:  1634 19:13:17   -19462.275391        5.143447
FIRE:  1635 19:13:18   -19463.035156        4.620319
FIRE:  1636 19:13:18   -19463.714844        4.567298
FIRE:  1637 19:13:18   -19464.328125        5.877511
FIRE:  1638 19:13:19   -19464.794922        7.489159
FIRE:  1639 19:13:19   -19465.257812        9.103460
FIRE:  1640 19:13:19   -19465.642578       10.565628
FIRE:  1641 19:13:20   -19466.060547       11.718060
FIRE:  1642 19:13:20   -19466.458984       12.422139
FIRE:  1643 19:13:20   -19466.869141       12.585003
FIRE:  1644 19:13:20   -19467.341797       12.181664
FIRE:  1645 19:13:21   -19467.830078       11.270046
FIRE:  1646 19:13:21   -19468.404297        9.991371
FIRE:  1647 19:13:21   -19468.884766        8.450868
FIRE:  1648 19:13:22   -19469.363281        6.789126
FIRE:  1649 19:13:22   -19469.826172        6.129860
FIRE:  1650 19:13:22   -19470.263672        6.103824
FIRE:  1651 19:13:22   -19470.660156        6.284437
FIRE:  1652 19:13:23   -19470.988281        6.822460
FIRE:  1653 19:13:23   -19471.326172        7.285768
FIRE:  1654 19:13:23   -19471.630859        7.653285
FIRE:  1655 19:13:24   -19472.007812        7.907262
FIRE:  1656 19:13:24   -19472.335938        8.034714
FIRE:  1657 19:13:24   -19472.701172        8.029019
FIRE:  1658 19:13:24   -19473.078125        7.890190
FIRE:  1659 19:13:25   -19473.513672        7.625319
FIRE:  1660 19:13:25   -19474.025391        7.247355
FIRE:  1661 19:13:25   -19474.511719        6.774064
FIRE:  1662 19:13:26   -19475.083984        6.226578
FIRE:  1663 19:13:26   -19475.707031        5.918756
FIRE:  1664 19:13:26   -19476.271484        6.025912
FIRE:  1665 19:13:26   -19476.841797        6.110181
FIRE:  1666 19:13:27   -19477.416016        6.177156
FIRE:  1667 19:13:27   -19477.976562        6.230564
FIRE:  1668 19:13:27   -19478.453125        6.272377
FIRE:  1669 19:13:28   -19478.919922        6.302997
FIRE:  1670 19:13:28   -19479.326172        6.321460
FIRE:  1671 19:13:28   -19479.685547        6.867648
FIRE:  1672 19:13:28   -19479.974609        7.766236
FIRE:  1673 19:13:29   -19480.224609        8.461478
FIRE:  1674 19:13:29   -19480.492188        8.899345
FIRE:  1675 19:13:29   -19480.742188        9.045695
FIRE:  1676 19:13:30   -19480.935547        8.891142
FIRE:  1677 19:13:30   -19481.195312        9.229007
FIRE:  1678 19:13:30   -19481.402344       10.047641
FIRE:  1679 19:13:31   -19481.726562       10.576645
FIRE:  1680 19:13:31   -19482.037109       10.769590
FIRE:  1681 19:13:31   -19482.357422       10.609607
FIRE:  1682 19:13:31   -19482.751953       10.113673
FIRE:  1683 19:13:32   -19483.142578        9.328019
FIRE:  1684 19:13:32   -19483.476562        8.319680
FIRE:  1685 19:13:32   -19483.841797        7.163784
FIRE:  1686 19:13:33   -19484.205078        6.100853
FIRE:  1687 19:13:33   -19484.480469        5.965070
FIRE:  1688 19:13:33   -19484.748047        5.745362
FIRE:  1689 19:13:33   -19484.935547        5.659415
FIRE:  1690 19:13:34   -19485.111328        6.873725
FIRE:  1691 19:13:34   -19485.224609        8.435346
FIRE:  1692 19:13:34   -19485.365234        9.843599
FIRE:  1693 19:13:35   -19485.529297       10.971439
FIRE:  1694 19:13:35   -19485.724609       11.702933
FIRE:  1695 19:13:35   -19485.933594       11.955505
FIRE:  1696 19:13:35   -19486.242188       11.699803
FIRE:  1697 19:13:36   -19486.589844       10.968575
FIRE:  1698 19:13:36   -19486.982422        9.845266
FIRE:  1699 19:13:36   -19487.449219        8.447303
FIRE:  1700 19:13:37   -19487.929688        6.899196
FIRE:  1701 19:13:37   -19488.421875        5.983931
FIRE:  1702 19:13:37   -19488.943359        5.926774
FIRE:  1703 19:13:37   -19489.431641        5.831831
FIRE:  1704 19:13:38   -19489.908203        5.698143
FIRE:  1705 19:13:38   -19490.410156        5.584183
FIRE:  1706 19:13:38   -19490.921875        5.580606
FIRE:  1707 19:13:39   -19491.443359        5.561168
FIRE:  1708 19:13:39   -19491.937500        5.525381
FIRE:  1709 19:13:39   -19492.490234        5.471889
FIRE:  1710 19:13:39   -19493.037109        5.591444
FIRE:  1711 19:13:40   -19493.541016        6.031192
FIRE:  1712 19:13:40   -19494.076172        6.392829
FIRE:  1713 19:13:40   -19494.613281        6.682339
FIRE:  1714 19:13:41   -19495.107422        6.905753
FIRE:  1715 19:13:41   -19495.626953        7.068957
FIRE:  1716 19:13:41   -19496.064453        7.178816
FIRE:  1717 19:13:42   -19496.503906        8.999322
FIRE:  1718 19:13:42   -19496.919922       10.809767
FIRE:  1719 19:13:42   -19497.361328       12.461605
FIRE:  1720 19:13:42   -19497.773438       13.782038
FIRE:  1721 19:13:43   -19498.248047       14.603507
FIRE:  1722 19:13:43   -19498.763672       14.801662
FIRE:  1723 19:13:43   -19499.369141       14.328210
FIRE:  1724 19:13:44   -19499.984375       13.226237
FIRE:  1725 19:13:44   -19500.714844       11.642246
FIRE:  1726 19:13:44   -19501.402344        9.863086
FIRE:  1727 19:13:45   -19502.078125        9.678783
FIRE:  1728 19:13:45   -19502.761719        9.306210
FIRE:  1729 19:13:45   -19503.375000        8.691996
FIRE:  1730 19:13:45   -19503.982422        8.658072
FIRE:  1731 19:13:46   -19504.480469        9.306653
FIRE:  1732 19:13:46   -19505.009766        9.699480
FIRE:  1733 19:13:46   -19505.458984        9.803666
FIRE:  1734 19:13:47   -19505.845703        9.608445
FIRE:  1735 19:13:47   -19506.236328        9.127672
FIRE:  1736 19:13:47   -19506.607422        8.396441
FIRE:  1737 19:13:47   -19506.882812        7.466371
FIRE:  1738 19:13:48   -19507.189453        6.397319
FIRE:  1739 19:13:48   -19507.431641        6.705727
FIRE:  1740 19:13:48   -19507.593750        6.972483
FIRE:  1741 19:13:49   -19507.779297        7.174924
FIRE:  1742 19:13:49   -19507.929688        7.681977
FIRE:  1743 19:13:49   -19508.064453        9.165269
FIRE:  1744 19:13:49   -19508.228516       10.457093
FIRE:  1745 19:13:50   -19508.369141       11.447260
FIRE:  1746 19:13:50   -19508.593750       12.041805
FIRE:  1747 19:13:50   -19508.855469       12.179544
FIRE:  1748 19:13:51   -19509.189453       11.848250
FIRE:  1749 19:13:51   -19509.593750       11.085233
FIRE:  1750 19:13:51   -19510.042969        9.971139
FIRE:  1751 19:13:51   -19510.490234        8.611986
FIRE:  1752 19:13:52   -19510.968750        7.119181
FIRE:  1753 19:13:52   -19511.466797        6.943267
FIRE:  1754 19:13:52   -19511.953125        6.736300
FIRE:  1755 19:13:53   -19512.396484        6.484603
FIRE:  1756 19:13:53   -19512.871094        6.179971
FIRE:  1757 19:13:53   -19513.339844        6.038568
FIRE:  1758 19:13:53   -19513.857422        6.462748
FIRE:  1759 19:13:54   -19514.289062        6.813221
FIRE:  1760 19:13:54   -19514.771484        7.077311
FIRE:  1761 19:13:54   -19515.234375        7.244979
FIRE:  1762 19:13:55   -19515.707031        7.309614
FIRE:  1763 19:13:55   -19516.181641        7.269312
FIRE:  1764 19:13:55   -19516.654297        7.126369
FIRE:  1765 19:13:56   -19517.117188        6.887431
FIRE:  1766 19:13:56   -19517.523438        6.563337
FIRE:  1767 19:13:56   -19517.955078        6.168556
FIRE:  1768 19:13:56   -19518.302734        6.156203
FIRE:  1769 19:13:57   -19518.679688        7.925966
FIRE:  1770 19:13:57   -19519.005859        9.638298
FIRE:  1771 19:13:57   -19519.347656       11.176961
FIRE:  1772 19:13:58   -19519.687500       12.417868
FIRE:  1773 19:13:58   -19520.031250       13.246894
FIRE:  1774 19:13:58   -19520.406250       13.583285
FIRE:  1775 19:13:58   -19520.886719       13.394743
FIRE:  1776 19:13:59   -19521.298828       12.708961
FIRE:  1777 19:13:59   -19521.818359       11.604192
FIRE:  1778 19:13:59   -19522.365234       10.195104
FIRE:  1779 19:14:00   -19522.906250        8.843061
FIRE:  1780 19:14:00   -19523.433594        8.714766
FIRE:  1781 19:14:00   -19523.994141        8.389377
FIRE:  1782 19:14:01   -19524.533203        8.641605
FIRE:  1783 19:14:01   -19525.070312        9.115975
FIRE:  1784 19:14:01   -19525.591797        9.327732
FIRE:  1785 19:14:02   -19526.083984        9.261127
FIRE:  1786 19:14:02   -19526.574219        8.922853
FIRE:  1787 19:14:02   -19527.025391        8.340725
FIRE:  1788 19:14:03   -19527.476562        7.558429
FIRE:  1789 19:14:03   -19527.914062        6.628953
FIRE:  1790 19:14:03   -19528.271484        5.607481
FIRE:  1791 19:14:03   -19528.617188        5.918149
FIRE:  1792 19:14:04   -19528.896484        6.234500
FIRE:  1793 19:14:04   -19529.166016        6.490258
FIRE:  1794 19:14:04   -19529.369141        6.692698
FIRE:  1795 19:14:05   -19529.519531        6.848423
FIRE:  1796 19:14:05   -19529.689453        6.963377
FIRE:  1797 19:14:05   -19529.832031        7.167122
FIRE:  1798 19:14:06   -19529.970703        8.351561
FIRE:  1799 19:14:06   -19530.111328        9.389780
FIRE:  1800 19:14:06   -19530.240234       10.211052
FIRE:  1801 19:14:06   -19530.472656       10.752873
FIRE:  1802 19:14:07   -19530.683594       10.971539
FIRE:  1803 19:14:07   -19530.947266       10.851711
FIRE:  1804 19:14:07   -19531.279297       10.410184
FIRE:  1805 19:14:08   -19531.644531        9.690221
FIRE:  1806 19:14:08   -19532.101562        8.759234
FIRE:  1807 19:14:08   -19532.572266        7.697023
FIRE:  1808 19:14:09   -19533.000000        6.588043
FIRE:  1809 19:14:09   -19533.474609        5.596646
FIRE:  1810 19:14:09   -19533.931641        5.739830
FIRE:  1811 19:14:09   -19534.402344        5.905470
FIRE:  1812 19:14:10   -19534.873047        5.990588
FIRE:  1813 19:14:10   -19535.324219        5.992038
FIRE:  1814 19:14:10   -19535.759766        5.909839
FIRE:  1815 19:14:11   -19536.156250        5.747827
FIRE:  1816 19:14:11   -19536.519531        5.512115
FIRE:  1817 19:14:11   -19536.900391        5.276625
FIRE:  1818 19:14:12   -19537.279297        5.430829
FIRE:  1819 19:14:12   -19537.599609        5.540986
FIRE:  1820 19:14:12   -19537.916016        5.709282
FIRE:  1821 19:14:13   -19538.179688        7.231809
FIRE:  1822 19:14:13   -19538.503906        8.738986
FIRE:  1823 19:14:13   -19538.785156       10.134534
FIRE:  1824 19:14:14   -19539.074219       11.316580
FIRE:  1825 19:14:14   -19539.365234       12.185956
FIRE:  1826 19:14:14   -19539.701172       12.664721
FIRE:  1827 19:14:14   -19540.083984       12.708439
FIRE:  1828 19:14:15   -19540.458984       12.315989
FIRE:  1829 19:14:15   -19540.947266       11.532560
FIRE:  1830 19:14:15   -19541.351562       10.436933
FIRE:  1831 19:14:16   -19541.724609        9.130419
FIRE:  1832 19:14:16   -19542.119141        7.720716
FIRE:  1833 19:14:16   -19542.515625        6.749052
FIRE:  1834 19:14:17   -19542.835938        7.537158
FIRE:  1835 19:14:17   -19543.171875        8.195556
FIRE:  1836 19:14:17   -19543.509766        8.686348
FIRE:  1837 19:14:18   -19543.841797        8.980678
FIRE:  1838 19:14:18   -19544.203125        9.251529
FIRE:  1839 19:14:18   -19544.578125        9.360865
FIRE:  1840 19:14:18   -19545.023438        9.218845
FIRE:  1841 19:14:19   -19545.482422        8.837319
FIRE:  1842 19:14:19   -19545.947266        8.244966
FIRE:  1843 19:14:20   -19546.449219        7.482513
FIRE:  1844 19:14:20   -19546.935547        6.597461
FIRE:  1845 19:14:20   -19547.423828        5.820169
FIRE:  1846 19:14:20   -19547.919922        6.043199
FIRE:  1847 19:14:21   -19548.400391        6.219041
FIRE:  1848 19:14:21   -19548.796875        6.352968
FIRE:  1849 19:14:21   -19549.199219        6.449898
FIRE:  1850 19:14:22   -19549.583984        6.514174
FIRE:  1851 19:14:22   -19549.880859        6.549211
FIRE:  1852 19:14:22   -19550.123047        6.557886
FIRE:  1853 19:14:23   -19550.369141        6.644746
FIRE:  1854 19:14:23   -19550.529297        7.220602
FIRE:  1855 19:14:23   -19550.691406        7.826205
FIRE:  1856 19:14:24   -19550.839844        8.421455
FIRE:  1857 19:14:24   -19550.984375        8.959952
FIRE:  1858 19:14:24   -19551.099609        9.417102
FIRE:  1859 19:14:25   -19551.287109       10.182987
FIRE:  1860 19:14:25   -19551.509766       10.722894
FIRE:  1861 19:14:25   -19551.798828       10.992038
FIRE:  1862 19:14:26   -19552.095703       10.966073
FIRE:  1863 19:14:26   -19552.462891       10.646749
FIRE:  1864 19:14:26   -19552.916016       10.058143
FIRE:  1865 19:14:26   -19553.312500        9.246127
FIRE:  1866 19:14:27   -19553.798828        8.267535
FIRE:  1867 19:14:27   -19554.242188        7.185391
FIRE:  1868 19:14:27   -19554.730469        6.191231
FIRE:  1869 19:14:28   -19555.144531        6.722893
FIRE:  1870 19:14:28   -19555.552734        7.190422
FIRE:  1871 19:14:28   -19555.927734        7.574885
FIRE:  1872 19:14:28   -19556.240234        7.860113
FIRE:  1873 19:14:29   -19556.550781        8.033062
FIRE:  1874 19:14:29   -19556.839844        8.085006
FIRE:  1875 19:14:29   -19557.134766        8.011912
FIRE:  1876 19:14:30   -19557.349609        7.975889
FIRE:  1877 19:14:30   -19557.609375        9.305179
FIRE:  1878 19:14:30   -19557.832031       10.470726
FIRE:  1879 19:14:30   -19558.101562       11.387970
FIRE:  1880 19:14:31   -19558.412109       11.982368
FIRE:  1881 19:14:31   -19558.708984       12.201845
FIRE:  1882 19:14:31   -19559.080078       12.028790
FIRE:  1883 19:14:32   -19559.457031       11.481867
FIRE:  1884 19:14:32   -19559.814453       10.613382
FIRE:  1885 19:14:32   -19560.167969        9.500299
FIRE:  1886 19:14:32   -19560.544922        8.232479
FIRE:  1887 19:14:33   -19560.835938        6.902286
FIRE:  1888 19:14:33   -19561.097656        5.651042
FIRE:  1889 19:14:33   -19561.375000        5.731480
FIRE:  1890 19:14:34   -19561.589844        5.844850
FIRE:  1891 19:14:34   -19561.820312        6.385461
FIRE:  1892 19:14:34   -19561.972656        7.137802
FIRE:  1893 19:14:34   -19562.173828        7.775196
FIRE:  1894 19:14:35   -19562.410156        8.258018
FIRE:  1895 19:14:35   -19562.660156        8.553647
FIRE:  1896 19:14:35   -19562.958984        8.639436
FIRE:  1897 19:14:36   -19563.273438        8.506256
FIRE:  1898 19:14:36   -19563.701172        8.158946
FIRE:  1899 19:14:36   -19564.095703        7.619509
FIRE:  1900 19:14:37   -19564.625000        7.283606
FIRE:  1901 19:14:37   -19565.119141        6.818739
FIRE:  1902 19:14:37   -19565.660156        6.248093
FIRE:  1903 19:14:38   -19566.164062        5.953309
FIRE:  1904 19:14:38   -19566.755859        6.054781
FIRE:  1905 19:14:38   -19567.255859        6.127065
FIRE:  1906 19:14:38   -19567.750000        6.173266
FIRE:  1907 19:14:39   -19568.234375        6.195541
FIRE:  1908 19:14:39   -19568.632812        6.194992
FIRE:  1909 19:14:39   -19568.988281        6.172036
FIRE:  1910 19:14:40   -19569.324219        6.126123
FIRE:  1911 19:14:40   -19569.578125        6.055853
FIRE:  1912 19:14:40   -19569.746094        5.966881
FIRE:  1913 19:14:40   -19569.898438        5.862406
FIRE:  1914 19:14:41   -19570.029297        5.724613
FIRE:  1915 19:14:41   -19576.062500        4.298766
FIRE:  1916 19:14:41   -19581.003906        2.671602
FIRE:  1917 19:14:42   -19585.218750        2.665966
FIRE:  1918 19:14:42   -19588.912109        2.902646
FIRE:  1919 19:14:42   -19592.302734        3.977952
FIRE:  1920 19:14:42   -19595.505859        3.605898
FIRE:  1921 19:14:43   -19598.550781        2.608141
FIRE:  1922 19:14:43   -19601.339844        2.591917
FIRE:  1923 19:14:43   -19603.912109        2.574229
FIRE:  1924 19:14:44   -19606.349609        2.550170
FIRE:  1925 19:14:44   -19608.714844        2.513368
FIRE:  1926 19:14:44   -19611.013672        2.459226
FIRE:  1927 19:14:45   -19613.207031        2.384256
FIRE:  1928 19:14:45   -19615.332031        2.282403
FIRE:  1929 19:14:45   -19617.312500        2.145800
FIRE:  1930 19:14:46   -19619.238281        1.965874
FIRE:  1931 19:14:46   -19621.044922        1.734269
FIRE:  1932 19:14:46   -19622.843750        1.444572
FIRE:  1933 19:14:46   -19624.513672        1.095234
FIRE:  1934 19:14:47   -19626.115234        1.120055
FIRE:  1935 19:14:47   -19627.642578        1.162502
FIRE:  1936 19:14:47   -19629.117188        1.202373
FIRE:  1937 19:14:48   -19630.519531        1.318200
FIRE:  1938 19:14:48   -19631.912109        1.451564
FIRE:  1939 19:14:48   -19633.275391        1.432361
FIRE:  1940 19:14:49   -19634.626953        1.275735
FIRE:  1941 19:14:49   -19635.855469        1.192282
FIRE:  1942 19:14:49   -19637.146484        1.094382
FIRE:  1943 19:14:50   -19638.373047        0.943073
FIRE:  1944 19:14:50   -19639.578125        0.754669
FIRE:  1945 19:14:50   -19640.714844        0.801266
FIRE:  1946 19:14:50   -19641.863281        0.818297
FIRE:  1947 19:14:51   -19642.951172        0.803084
FIRE:  1948 19:14:51   -19643.994141        1.039849
FIRE:  1949 19:14:51   -19645.025391        1.299410
FIRE:  1950 19:14:52   -19646.050781        1.430587
FIRE:  1951 19:14:52   -19647.064453        1.405516
FIRE:  1952 19:14:52   -19648.097656        1.238688
FIRE:  1953 19:14:53   -19649.140625        0.975156
FIRE:  1954 19:14:53   -19650.121094        0.671927
FIRE:  1955 19:14:53   -19651.105469        0.611651
FIRE:  1956 19:14:53   -19652.078125        0.611507
FIRE:  1957 19:14:54   -19653.044922        0.678381
FIRE:  1958 19:14:54   -19654.029297        0.784114
FIRE:  1959 19:14:54   -19654.943359        0.809272
FIRE:  1960 19:14:55   -19655.933594        0.769623
FIRE:  1961 19:14:55   -19656.865234        0.730189
FIRE:  1962 19:14:55   -19657.816406        0.756704
FIRE:  1963 19:14:56   -19658.777344        0.777399
FIRE:  1964 19:14:56   -19659.695312        0.789308
FIRE:  1965 19:14:56   -19660.632812        0.789325
FIRE:  1966 19:14:57   -19661.501953        0.774361
FIRE:  1967 19:14:57   -19662.408203        0.773487
FIRE:  1968 19:14:57   -19663.281250        0.778433
FIRE:  1969 19:14:57   -19664.187500        0.766059
FIRE:  1970 19:14:58   -19665.054688        0.742634
FIRE:  1971 19:14:58   -19665.925781        0.766674
FIRE:  1972 19:14:58   -19666.736328        0.793158
FIRE:  1973 19:14:59   -19667.574219        0.822512
FIRE:  1974 19:14:59   -19668.341797        0.854865
FIRE:  1975 19:14:59   -19669.138672        0.889166
FIRE:  1976 19:14:59   -19669.929688        0.922999
FIRE:  1977 19:15:00   -19670.710938        0.985879
FIRE:  1978 19:15:00   -19671.464844        1.074350
FIRE:  1979 19:15:00   -19672.253906        1.115884
FIRE:  1980 19:15:01   -19673.017578        1.105278
FIRE:  1981 19:15:01   -19673.783203        1.094302
FIRE:  1982 19:15:01   -19674.574219        1.010604
FIRE:  1983 19:15:02   -19675.357422        0.850844
FIRE:  1984 19:15:02   -19676.101562        0.777685
FIRE:  1985 19:15:02   -19676.837891        1.284759
FIRE:  1986 19:15:02   -19677.564453        2.050939
FIRE:  1987 19:15:03   -19678.251953        2.806927
FIRE:  1988 19:15:03   -19678.953125        3.336546
FIRE:  1989 19:15:03   -19679.669922        3.532425
FIRE:  1990 19:15:04   -19680.425781        3.860718
FIRE:  1991 19:15:04   -19681.195312        3.843061
FIRE:  1992 19:15:04   -19682.017578        3.548755
FIRE:  1993 19:15:04   -19682.884766        2.795245
FIRE:  1994 19:15:05   -19683.757812        1.921971
FIRE:  1995 19:15:05   -19684.464844        1.565755
FIRE:  1996 19:15:05   -19685.208984        2.650562
FIRE:  1997 19:15:06   -19685.929688        3.311165
FIRE:  1998 19:15:06   -19686.673828        3.541376
FIRE:  1999 19:15:06   -19687.361328        3.344995
FIRE:  2000 19:15:06   -19688.144531        2.715613
FIRE:  2001 19:15:07   -19688.861328        1.705661
FIRE:  2002 19:15:07   -19689.527344        1.345058
FIRE:  2003 19:15:07   -19690.134766        2.497659
FIRE:  2004 19:15:08   -19690.781250        3.172329
FIRE:  2005 19:15:08   -19691.392578        3.058653
FIRE:  2006 19:15:08   -19692.027344        2.205042
FIRE:  2007 19:15:09   -19692.650391        1.245570
FIRE:  2008 19:15:09   -19693.273438        1.396389
FIRE:  2009 19:15:09   -19693.867188        1.911280
FIRE:  2010 19:15:09   -19694.423828        2.220581
FIRE:  2011 19:15:10   -19694.972656        2.213836
FIRE:  2012 19:15:10   -19695.558594        1.987864
FIRE:  2013 19:15:10   -19696.193359        1.561203
FIRE:  2014 19:15:11   -19696.787109        1.568468
FIRE:  2015 19:15:11   -19697.341797        1.487457
FIRE:  2016 19:15:11   -19697.916016        1.771777
FIRE:  2017 19:15:11   -19698.537109        2.371901
FIRE:  2018 19:15:12   -19699.128906        2.392332
FIRE:  2019 19:15:12   -19699.716797        1.865196
FIRE:  2020 19:15:12   -19700.343750        1.065201
FIRE:  2021 19:15:13   -19700.867188        0.938334
FIRE:  2022 19:15:13   -19701.453125        1.334192
FIRE:  2023 19:15:13   -19702.033203        1.771598
FIRE:  2024 19:15:13   -19702.615234        1.888884
FIRE:  2025 19:15:14   -19703.179688        1.690619
FIRE:  2026 19:15:14   -19703.759766        1.207596
FIRE:  2027 19:15:14   -19704.322266        0.771492
FIRE:  2028 19:15:15   -19704.810547        0.902928
FIRE:  2029 19:15:15   -19705.386719        1.574075
FIRE:  2030 19:15:15   -19705.919922        1.935302
FIRE:  2031 19:15:15   -19706.458984        1.875789
FIRE:  2032 19:15:16   -19706.980469        1.446361
FIRE:  2033 19:15:16   -19707.507812        0.855731
FIRE:  2034 19:15:16   -19708.050781        0.941522
FIRE:  2035 19:15:17   -19708.572266        1.037299
FIRE:  2036 19:15:17   -19709.103516        1.361997
FIRE:  2037 19:15:17   -19709.662109        1.454058
FIRE:  2038 19:15:18   -19710.212891        1.312102
FIRE:  2039 19:15:18   -19710.746094        0.954723
FIRE:  2040 19:15:18   -19711.335938        0.818990
FIRE:  2041 19:15:18   -19711.851562        0.705102
FIRE:  2042 19:15:19   -19712.353516        1.181755
FIRE:  2043 19:15:19   -19712.837891        1.507787
FIRE:  2044 19:15:19   -19713.341797        1.550993
FIRE:  2045 19:15:20   -19713.804688        1.306649
FIRE:  2046 19:15:20   -19714.310547        1.577232
FIRE:  2047 19:15:20   -19714.767578        1.921519
FIRE:  2048 19:15:20   -19715.257812        2.137242
FIRE:  2049 19:15:21   -19715.703125        2.188848
FIRE:  2050 19:15:21   -19716.238281        2.075631
FIRE:  2051 19:15:21   -19716.753906        1.831626
FIRE:  2052 19:15:22   -19717.285156        1.576129
FIRE:  2053 19:15:22   -19717.826172        1.506543
FIRE:  2054 19:15:22   -19718.308594        1.381111
FIRE:  2055 19:15:22   -19718.810547        1.390424
FIRE:  2056 19:15:23   -19719.289062        1.355837
FIRE:  2057 19:15:23   -19719.767578        1.227419
FIRE:  2058 19:15:23   -19720.263672        1.296129
FIRE:  2059 19:15:24   -19720.746094        1.319015
FIRE:  2060 19:15:24   -19721.208984        1.496322
FIRE:  2061 19:15:24   -19721.617188        1.617892
FIRE:  2062 19:15:25   -19722.060547        1.687681
FIRE:  2063 19:15:25   -19722.490234        1.859403
FIRE:  2064 19:15:25   -19722.951172        1.962837
FIRE:  2065 19:15:26   -19723.435547        1.960640
FIRE:  2066 19:15:26   -19723.945312        1.835592
FIRE:  2067 19:15:26   -19724.531250        1.616706
FIRE:  2068 19:15:27   -19725.000000        1.344372
FIRE:  2069 19:15:27   -19725.541016        1.059006
FIRE:  2070 19:15:27   -19726.031250        0.950433
FIRE:  2071 19:15:27   -19726.525391        1.089581
FIRE:  2072 19:15:28   -19727.027344        1.323491
FIRE:  2073 19:15:28   -19727.517578        1.368869
FIRE:  2074 19:15:28   -19727.986328        1.222362
FIRE:  2075 19:15:29   -19728.511719        1.057632
FIRE:  2076 19:15:29   -19729.039062        1.124379
FIRE:  2077 19:15:29   -19729.521484        1.149497
FIRE:  2078 19:15:30   -19730.009766        1.304769
FIRE:  2079 19:15:30   -19730.507812        1.430695
FIRE:  2080 19:15:30   -19731.017578        1.468394
FIRE:  2081 19:15:30   -19731.507812        1.402654
FIRE:  2082 19:15:31   -19732.083984        1.256772
FIRE:  2083 19:15:31   -19732.593750        1.182776
FIRE:  2084 19:15:31   -19733.095703        1.369125
FIRE:  2085 19:15:32   -19733.648438        1.548147
FIRE:  2086 19:15:32   -19734.134766        1.705559
FIRE:  2087 19:15:32   -19734.658203        1.832244
FIRE:  2088 19:15:32   -19735.089844        1.928863
FIRE:  2089 19:15:33   -19735.580078        2.007593
FIRE:  2090 19:15:33   -19736.015625        2.238586
FIRE:  2091 19:15:33   -19736.507812        2.589102
FIRE:  2092 19:15:34   -19737.013672        2.870110
FIRE:  2093 19:15:34   -19737.482422        3.036702
FIRE:  2094 19:15:34   -19738.017578        3.052026
FIRE:  2095 19:15:34   -19738.525391        2.899835
FIRE:  2096 19:15:35   -19739.162109        2.665860
FIRE:  2097 19:15:35   -19739.730469        2.341782
FIRE:  2098 19:15:35   -19740.326172        1.960338
FIRE:  2099 19:15:36   -19740.949219        1.829434
FIRE:  2100 19:15:36   -19741.501953        2.088356
FIRE:  2101 19:15:36   -19742.070312        2.317433
FIRE:  2102 19:15:37   -19742.632812        2.478774
FIRE:  2103 19:15:37   -19743.183594        2.551292
FIRE:  2104 19:15:37   -19743.667969        2.527906
FIRE:  2105 19:15:37   -19744.216797        2.411358
FIRE:  2106 19:15:38   -19744.681641        2.242469
FIRE:  2107 19:15:38   -19745.148438        2.237058
FIRE:  2108 19:15:38   -19745.650391        2.129682
FIRE:  2109 19:15:39   -19746.117188        2.021161
FIRE:  2110 19:15:39   -19746.550781        1.929406
FIRE:  2111 19:15:39   -19746.935547        1.796705
FIRE:  2112 19:15:39   -19747.376953        1.619581
FIRE:  2113 19:15:40   -19747.773438        1.532079
FIRE:  2114 19:15:40   -19748.158203        1.888255
FIRE:  2115 19:15:40   -19748.509766        2.275815
FIRE:  2116 19:15:41   -19748.896484        2.665234
FIRE:  2117 19:15:41   -19749.263672        3.029260
FIRE:  2118 19:15:41   -19749.595703        3.339122
FIRE:  2119 19:15:41   -19749.978516        3.565117
FIRE:  2120 19:15:42   -19750.363281        3.680459
FIRE:  2121 19:15:42   -19750.699219        3.666611
FIRE:  2122 19:15:42   -19751.074219        3.518183
FIRE:  2123 19:15:43   -19751.455078        3.246495
FIRE:  2124 19:15:43   -19751.826172        2.880252
FIRE:  2125 19:15:43   -19752.173828        2.463761
FIRE:  2126 19:15:43   -19752.531250        2.877002
FIRE:  2127 19:15:44   -19752.847656        3.259369
FIRE:  2128 19:15:44   -19753.228516        3.509878
FIRE:  2129 19:15:44   -19753.550781        3.579940
FIRE:  2130 19:15:45   -19753.923828        3.528459
FIRE:  2131 19:15:45   -19754.304688        3.391392
FIRE:  2132 19:15:45   -19754.681641        3.117481
FIRE:  2133 19:15:45   -19755.029297        2.749525
FIRE:  2134 19:15:46   -19755.371094        2.334153
FIRE:  2135 19:15:46   -19755.773438        2.814445
FIRE:  2136 19:15:46   -19756.109375        3.296345
FIRE:  2137 19:15:47   -19756.474609        3.668372
FIRE:  2138 19:15:47   -19756.869141        3.872746
FIRE:  2139 19:15:47   -19757.304688        3.871303
FIRE:  2140 19:15:47   -19757.757812        3.657153
FIRE:  2141 19:15:48   -19758.220703        3.256997
FIRE:  2142 19:15:48   -19758.687500        2.722781
FIRE:  2143 19:15:48   -19759.177734        2.117734
FIRE:  2144 19:15:49   -19759.707031        1.530906
FIRE:  2145 19:15:49   -19760.205078        1.407407
FIRE:  2146 19:15:49   -19760.650391        1.378220
FIRE:  2147 19:15:50   -19761.054688        1.340968
FIRE:  2148 19:15:50   -19761.457031        1.560224
FIRE:  2149 19:15:50   -19761.822266        1.745140
FIRE:  2150 19:15:50   -19762.185547        1.868461
FIRE:  2151 19:15:51   -19762.582031        1.914552
FIRE:  2152 19:15:51   -19762.955078        1.877313
FIRE:  2153 19:15:51   -19763.298828        1.778582
FIRE:  2154 19:15:52   -19763.632812        1.888095
FIRE:  2155 19:15:52   -19764.003906        1.945323
FIRE:  2156 19:15:52   -19764.347656        1.953255
FIRE:  2157 19:15:52   -19764.667969        2.052418
FIRE:  2158 19:15:53   -19764.980469        2.722990
FIRE:  2159 19:15:53   -19765.324219        3.384328
FIRE:  2160 19:15:53   -19765.619141        3.960488
FIRE:  2161 19:15:54   -19765.945312        4.366661
FIRE:  2162 19:15:54   -19766.333984        4.528197
FIRE:  2163 19:15:54   -19766.744141        4.442633
FIRE:  2164 19:15:54   -19767.195312        4.247791
FIRE:  2165 19:15:55   -19767.675781        3.840376
FIRE:  2166 19:15:55   -19768.152344        3.288136
FIRE:  2167 19:15:55   -19768.578125        2.666468
FIRE:  2168 19:15:56   -19769.080078        2.041402
FIRE:  2169 19:15:56   -19769.515625        1.471668
FIRE:  2170 19:15:56   -19769.947266        1.487621
FIRE:  2171 19:15:56   -19770.308594        1.715766
FIRE:  2172 19:15:57   -19770.716797        2.050375
FIRE:  2173 19:15:57   -19771.070312        2.408147
FIRE:  2174 19:15:57   -19771.453125        2.662318
FIRE:  2175 19:15:58   -19771.785156        2.818673
FIRE:  2176 19:15:58   -19772.064453        2.885413
FIRE:  2177 19:15:58   -19772.386719        2.872615
FIRE:  2178 19:15:59   -19772.607422        2.791611
FIRE:  2179 19:15:59   -19772.892578        2.661901
FIRE:  2180 19:15:59   -19773.173828        3.176625
FIRE:  2181 19:15:59   -19773.396484        3.677251
FIRE:  2182 19:16:00   -19773.697266        4.044270
FIRE:  2183 19:16:00   -19773.968750        4.231560
FIRE:  2184 19:16:00   -19774.285156        4.217010
FIRE:  2185 19:16:01   -19774.654297        4.008403
FIRE:  2186 19:16:01   -19775.017578        3.640701
FIRE:  2187 19:16:01   -19775.402344        3.166004
FIRE:  2188 19:16:01   -19775.820312        2.640244
FIRE:  2189 19:16:02   -19776.185547        2.508829
FIRE:  2190 19:16:02   -19776.574219        2.736552
FIRE:  2191 19:16:02   -19776.921875        2.910159
FIRE:  2192 19:16:03   -19777.242188        3.015472
FIRE:  2193 19:16:03   -19777.623047        3.044240
FIRE:  2194 19:16:03   -19777.949219        2.995219
FIRE:  2195 19:16:03   -19778.306641        2.953363
FIRE:  2196 19:16:04   -19778.660156        2.934655
FIRE:  2197 19:16:04   -19779.054688        2.785276
FIRE:  2198 19:16:04   -19779.419922        2.538588
FIRE:  2199 19:16:05   -19779.753906        2.400266
FIRE:  2200 19:16:05   -19780.134766        2.303624
FIRE:  2201 19:16:05   -19780.537109        2.130282
FIRE:  2202 19:16:05   -19780.867188        2.228187
FIRE:  2203 19:16:06   -19781.169922        2.275272
FIRE:  2204 19:16:06   -19781.453125        2.266262
FIRE:  2205 19:16:06   -19781.744141        2.199519
FIRE:  2206 19:16:07   -19782.019531        2.076870
FIRE:  2207 19:16:07   -19782.300781        2.022384
FIRE:  2208 19:16:07   -19782.609375        2.143355
FIRE:  2209 19:16:07   -19782.914062        2.203833
FIRE:  2210 19:16:08   -19783.121094        2.236348
FIRE:  2211 19:16:08   -19783.476562        2.218977
FIRE:  2212 19:16:08   -19783.773438        2.139363
FIRE:  2213 19:16:09   -19784.105469        2.004964
FIRE:  2214 19:16:09   -19784.441406        1.826813
FIRE:  2215 19:16:09   -19784.775391        1.764140
FIRE:  2216 19:16:09   -19785.093750        1.843101
FIRE:  2217 19:16:10   -19785.433594        1.948945
FIRE:  2218 19:16:10   -19785.742188        2.021775
FIRE:  2219 19:16:10   -19786.078125        2.079227
FIRE:  2220 19:16:11   -19786.373047        2.098060
FIRE:  2221 19:16:11   -19786.718750        2.073220
FIRE:  2222 19:16:11   -19787.042969        2.007712
FIRE:  2223 19:16:11   -19787.429688        1.907137
FIRE:  2224 19:16:12   -19787.732422        1.782341
FIRE:  2225 19:16:12   -19788.042969        1.921702
FIRE:  2226 19:16:12   -19788.447266        1.999976
FIRE:  2227 19:16:13   -19788.857422        2.011993
FIRE:  2228 19:16:13   -19789.251953        1.958217
FIRE:  2229 19:16:13   -19789.675781        1.960153
FIRE:  2230 19:16:13   -19790.121094        1.910364
FIRE:  2231 19:16:14   -19790.550781        1.817791
FIRE:  2232 19:16:14   -19791.015625        1.692417
FIRE:  2233 19:16:14   -19791.449219        1.624671
FIRE:  2234 19:16:15   -19791.880859        1.526526
FIRE:  2235 19:16:15   -19792.281250        1.407912
FIRE:  2236 19:16:15   -19792.693359        1.688481
FIRE:  2237 19:16:16   -19793.101562        2.074232
FIRE:  2238 19:16:16   -19793.507812        2.485522
FIRE:  2239 19:16:16   -19793.935547        2.875283
FIRE:  2240 19:16:16   -19794.294922        3.194133
FIRE:  2241 19:16:17   -19794.708984        3.431300
FIRE:  2242 19:16:17   -19795.111328        3.670113
FIRE:  2243 19:16:17   -19795.535156        3.822649
FIRE:  2244 19:16:18   -19795.972656        3.880784
FIRE:  2245 19:16:18   -19796.355469        3.860824
FIRE:  2246 19:16:18   -19796.828125        3.800635
FIRE:  2247 19:16:18   -19797.240234        3.730829
FIRE:  2248 19:16:19   -19797.626953        3.657968
FIRE:  2249 19:16:19   -19798.056641        3.572526
FIRE:  2250 19:16:19   -19798.466797        3.455173
FIRE:  2251 19:16:20   -19798.888672        3.278879
FIRE:  2252 19:16:20   -19799.335938        3.098683
FIRE:  2253 19:16:20   -19799.798828        3.006801
FIRE:  2254 19:16:20   -19800.248047        2.833476
FIRE:  2255 19:16:21   -19800.691406        2.953052
FIRE:  2256 19:16:21   -19801.144531        3.345209
FIRE:  2257 19:16:21   -19801.638672        3.808578
FIRE:  2258 19:16:22   -19802.134766        4.341223
FIRE:  2259 19:16:22   -19802.693359        4.888436
FIRE:  2260 19:16:22   -19803.296875        5.324276
FIRE:  2261 19:16:22   -19803.876953        5.525387
FIRE:  2262 19:16:23   -19804.595703        5.439775
FIRE:  2263 19:16:23   -19805.316406        4.973717
FIRE:  2264 19:16:23   -19805.929688        3.898690
FIRE:  2265 19:16:24   -19806.460938        3.323663
FIRE:  2266 19:16:24   -19806.783203        3.078352
FIRE:  2267 19:16:24   -19806.625000        8.276284
FIRE:  2268 19:16:24   -19808.402344        2.995991
FIRE:  2269 19:16:25   -19809.548828        3.719317
FIRE:  2270 19:16:25   -19810.740234        3.600172
FIRE:  2271 19:16:25   -19811.910156        2.730429
FIRE:  2272 19:16:26   -19812.980469        1.323468
FIRE:  2273 19:16:26   -19813.728516        2.339700
FIRE:  2274 19:16:26   -19814.291016        3.741976
FIRE:  2275 19:16:26   -19814.914062        3.072311
FIRE:  2276 19:16:27   -19815.667969        3.047996
FIRE:  2277 19:16:27   -19816.417969        1.880112
FIRE:  2278 19:16:27   -19817.093750        1.836256
FIRE:  2279 19:16:28   -19817.826172        1.630726
FIRE:  2280 19:16:28   -19818.490234        1.673734
FIRE:  2281 19:16:28   -19819.236328        1.587771
FIRE:  2282 19:16:28   -19819.927734        1.303080
FIRE:  2283 19:16:29   -19820.621094        1.111978
FIRE:  2284 19:16:29   -19821.222656        1.289862
FIRE:  2285 19:16:29   -19821.748047        1.642996
FIRE:  2286 19:16:30   -19822.232422        2.454799
FIRE:  2287 19:16:30   -19822.730469        2.672273
FIRE:  2288 19:16:30   -19823.300781        2.082422
FIRE:  2289 19:16:30   -19823.833984        1.767740
FIRE:  2290 19:16:31   -19824.365234        2.019711
FIRE:  2291 19:16:31   -19824.949219        1.697456
FIRE:  2292 19:16:31   -19825.541016        1.274541
FIRE:  2293 19:16:32   -19826.119141        1.433136
FIRE:  2294 19:16:32   -19826.763672        1.736400
FIRE:  2295 19:16:32   -19827.382812        2.178792
FIRE:  2296 19:16:33   -19828.041016        2.422405
FIRE:  2297 19:16:33   -19828.691406        2.137933
FIRE:  2298 19:16:33   -19829.226562        2.217720
FIRE:  2299 19:16:33   -19829.595703        3.782187
FIRE:  2300 19:16:34   -19830.017578        3.817293
FIRE:  2301 19:16:34   -19830.482422        2.103073
FIRE:  2302 19:16:34   -19830.914062        1.399053
FIRE:  2303 19:16:35   -19831.285156        2.445971
FIRE:  2304 19:16:35   -19831.722656        2.707982
FIRE:  2305 19:16:35   -19832.222656        2.261477
FIRE:  2306 19:16:35   -19832.777344        1.589433
FIRE:  2307 19:16:36   -19833.335938        1.101560
FIRE:  2308 19:16:36   -19833.810547        1.926718
FIRE:  2309 19:16:36   -19834.283203        2.363365
FIRE:  2310 19:16:37   -19834.835938        1.619052
FIRE:  2311 19:16:37   -19835.240234        1.133741
FIRE:  2312 19:16:37   -19835.634766        1.653840
FIRE:  2313 19:16:37   -19836.064453        2.079661
FIRE:  2314 19:16:38   -19836.527344        2.174584
FIRE:  2315 19:16:38   -19837.041016        1.729708
FIRE:  2316 19:16:38   -19837.492188        1.280425
FIRE:  2317 19:16:39   -19837.953125        2.091342
FIRE:  2318 19:16:39   -19838.431641        2.605653
FIRE:  2319 19:16:39   -19838.968750        2.152989
FIRE:  2320 19:16:39   -19839.470703        1.285001
FIRE:  2321 19:16:40   -19839.941406        1.202133
FIRE:  2322 19:16:40   -19840.310547        1.644499
FIRE:  2323 19:16:40   -19840.714844        1.753453
FIRE:  2324 19:16:41   -19841.115234        1.721553
FIRE:  2325 19:16:41   -19841.644531        1.883114
FIRE:  2326 19:16:41   -19842.050781        1.735268
FIRE:  2327 19:16:41   -19842.564453        1.708935
FIRE:  2328 19:16:42   -19843.015625        1.565061
FIRE:  2329 19:16:42   -19843.472656        1.109117
FIRE:  2330 19:16:42   -19843.781250        0.870752
FIRE:  2331 19:16:43   -19844.156250        1.155945
FIRE:  2332 19:16:43   -19844.478516        1.348133
FIRE:  2333 19:16:43   -19844.820312        1.241758
FIRE:  2334 19:16:44   -19845.164062        1.125023
FIRE:  2335 19:16:44   -19845.505859        0.989103
FIRE:  2336 19:16:44   -19845.855469        1.211863
FIRE:  2337 19:16:44   -19846.195312        1.809744
FIRE:  2338 19:16:45   -19846.611328        2.337380
FIRE:  2339 19:16:45   -19847.025391        2.558847
FIRE:  2340 19:16:45   -19847.503906        2.426195
FIRE:  2341 19:16:46   -19847.992188        2.209953
FIRE:  2342 19:16:46   -19848.458984        2.069507
FIRE:  2343 19:16:46   -19848.962891        1.934433
FIRE:  2344 19:16:46   -19849.492188        1.730417
FIRE:  2345 19:16:47   -19849.984375        1.468695
FIRE:  2346 19:16:47   -19850.458984        1.188346
FIRE:  2347 19:16:47   -19850.880859        1.035385
FIRE:  2348 19:16:48   -19851.308594        0.988504
FIRE:  2349 19:16:48   -19851.673828        1.061142
FIRE:  2350 19:16:48   -19852.076172        1.133984
FIRE:  2351 19:16:48   -19852.396484        1.175771
FIRE:  2352 19:16:49   -19852.730469        1.174461
FIRE:  2353 19:16:49   -19853.085938        1.310949
FIRE:  2354 19:16:49   -19853.408203        1.629276
FIRE:  2355 19:16:50   -19853.755859        1.795061
FIRE:  2356 19:16:50   -19854.144531        1.752117
FIRE:  2357 19:16:50   -19854.503906        1.517637
FIRE:  2358 19:16:50   -19854.861328        1.170349
FIRE:  2359 19:16:51   -19855.238281        1.494907
FIRE:  2360 19:16:51   -19855.580078        1.779337
FIRE:  2361 19:16:51   -19855.951172        1.812164
FIRE:  2362 19:16:52   -19856.277344        1.590297
FIRE:  2363 19:16:52   -19856.648438        1.199294
FIRE:  2364 19:16:52   -19857.087891        0.970803
FIRE:  2365 19:16:52   -19857.527344        1.036637
FIRE:  2366 19:16:53   -19857.921875        1.121413
FIRE:  2367 19:16:53   -19858.378906        1.228175
FIRE:  2368 19:16:53   -19858.824219        1.354281
FIRE:  2369 19:16:54   -19859.277344        1.488485
FIRE:  2370 19:16:54   -19859.685547        1.608426
FIRE:  2371 19:16:54   -19860.142578        1.681624
FIRE:  2372 19:16:55   -19860.630859        1.671154
FIRE:  2373 19:16:55   -19861.103516        1.537724
FIRE:  2374 19:16:55   -19861.597656        1.241228
FIRE:  2375 19:16:55   -19861.990234        0.823809
FIRE:  2376 19:16:56   -19862.398438        1.100889
FIRE:  2377 19:16:56   -19862.708984        1.826334
FIRE:  2378 19:16:56   -19862.945312        2.495668
FIRE:  2379 19:16:57   -19863.228516        3.441508
FIRE:  2380 19:16:57   -19863.458984        3.988383
FIRE:  2381 19:16:57   -19863.724609        3.945299
FIRE:  2382 19:16:57   -19864.052734        3.416604
FIRE:  2383 19:16:58   -19864.373047        2.659884
FIRE:  2384 19:16:58   -19864.736328        2.642811
FIRE:  2385 19:16:58   -19865.119141        2.581913
FIRE:  2386 19:16:59   -19865.511719        1.922325
FIRE:  2387 19:16:59   -19865.861328        1.301465
FIRE:  2388 19:16:59   -19866.226562        1.259804
FIRE:  2389 19:16:59   -19866.544922        1.567730
FIRE:  2390 19:17:00   -19866.839844        1.663968
FIRE:  2391 19:17:00   -19867.113281        1.551389
FIRE:  2392 19:17:00   -19867.433594        1.381527
FIRE:  2393 19:17:01   -19867.773438        1.460927
FIRE:  2394 19:17:01   -19868.154297        1.516121
FIRE:  2395 19:17:01   -19868.500000        1.881836
FIRE:  2396 19:17:01   -19868.916016        1.945953
FIRE:  2397 19:17:02   -19869.328125        1.642730
FIRE:  2398 19:17:02   -19869.734375        1.114392
FIRE:  2399 19:17:02   -19870.105469        1.059668
FIRE:  2400 19:17:03   -19870.492188        1.011129
FIRE:  2401 19:17:03   -19870.806641        0.901966
FIRE:  2402 19:17:03   -19871.132812        1.019904
FIRE:  2403 19:17:03   -19871.507812        1.171252
FIRE:  2404 19:17:04   -19871.820312        1.206691
FIRE:  2405 19:17:04   -19872.162109        1.139662
FIRE:  2406 19:17:04   -19872.529297        1.199141
FIRE:  2407 19:17:05   -19872.898438        1.381545
FIRE:  2408 19:17:05   -19873.277344        1.464036
FIRE:  2409 19:17:05   -19873.693359        1.439865
FIRE:  2410 19:17:06   -19874.048828        1.461317
FIRE:  2411 19:17:06   -19874.449219        1.521950
FIRE:  2412 19:17:06   -19874.798828        1.540544
FIRE:  2413 19:17:06   -19875.207031        1.480841
FIRE:  2414 19:17:07   -19875.609375        1.289694
FIRE:  2415 19:17:07   -19875.976562        1.434085
FIRE:  2416 19:17:07   -19876.269531        1.570550
FIRE:  2417 19:17:08   -19876.466797        1.760013
FIRE:  2418 19:17:08   -19876.505859        3.528646
FIRE:  2419 19:17:08   -19877.179688        0.834630
FIRE:  2420 19:17:08   -19877.398438        1.815676
FIRE:  2421 19:17:09   -19877.691406        1.668249
FIRE:  2422 19:17:09   -19878.015625        1.103805
FIRE:  2423 19:17:09   -19878.332031        0.641421
FIRE:  2424 19:17:10   -19878.626953        0.889191
FIRE:  2425 19:17:10   -19878.908203        1.433979
FIRE:  2426 19:17:10   -19879.300781        1.001545
FIRE:  2427 19:17:10   -19879.675781        0.595244
FIRE:  2428 19:17:11   -19880.003906        0.688110
FIRE:  2429 19:17:11   -19880.320312        0.773817
FIRE:  2430 19:17:11   -19880.640625        0.533978
FIRE:  2431 19:17:12   -19880.974609        0.471878
FIRE:  2432 19:17:12   -19881.273438        0.442204
FIRE:  2433 19:17:12   -19881.621094        0.439667
FIRE:  2434 19:17:12   -19881.921875        0.403999
FIRE:  2435 19:17:13   -19882.218750        0.434533
FIRE:  2436 19:17:13   -19882.535156        0.452712
FIRE:  2437 19:17:13   -19882.875000        0.448497
FIRE:  2438 19:17:14   -19883.183594        0.410809
FIRE:  2439 19:17:14   -19883.476562        0.403373
FIRE:  2440 19:17:14   -19883.800781        0.408961
FIRE:  2441 19:17:14   -19884.136719        0.395113
FIRE:  2442 19:17:15   -19884.421875        0.366220
FIRE:  2443 19:17:15   -19884.699219        0.608875
FIRE:  2444 19:17:15   -19884.990234        0.788416
FIRE:  2445 19:17:16   -19885.304688        0.817267
FIRE:  2446 19:17:16   -19885.617188        0.705983
FIRE:  2447 19:17:16   -19885.931641        0.545495
FIRE:  2448 19:17:16   -19886.251953        0.424410
FIRE:  2449 19:17:17   -19886.542969        0.252810
FIRE:  2450 19:17:17   -19886.826172        0.256678
FIRE:  2451 19:17:17   -19887.111328        0.300631
FIRE:  2452 19:17:18   -19887.367188        0.388887
FIRE:  2453 19:17:18   -19887.644531        0.427080
FIRE:  2454 19:17:18   -19887.923828        0.398896
FIRE:  2455 19:17:18   -19888.210938        0.318724
FIRE:  2456 19:17:19   -19888.509766        0.283020
FIRE:  2457 19:17:19   -19888.761719        0.278963
FIRE:  2458 19:17:19   -19889.070312        0.280638
FIRE:  2459 19:17:20   -19889.367188        0.307791
FIRE:  2460 19:17:20   -19889.650391        0.309079
FIRE:  2461 19:17:20   -19889.935547        0.285003
FIRE:  2462 19:17:21   -19890.220703        0.274421
FIRE:  2463 19:17:21   -19890.531250        0.302635
FIRE:  2464 19:17:21   -19890.841797        0.334166
FIRE:  2465 19:17:21   -19891.126953        0.368570
FIRE:  2466 19:17:22   -19891.412109        0.404783
FIRE:  2467 19:17:22   -19891.718750        0.441808
FIRE:  2468 19:17:22   -19892.023438        0.479204
FIRE:  2469 19:17:23   -19892.355469        0.515596
FIRE:  2470 19:17:23   -19892.666016        0.554131
FIRE:  2471 19:17:23   -19893.007812        0.638198
FIRE:  2472 19:17:23   -19893.378906        0.731723
FIRE:  2473 19:17:24   -19893.728516        0.812985
FIRE:  2474 19:17:24   -19894.130859        0.819031
FIRE:  2475 19:17:24   -19894.505859        0.629851
FIRE:  2476 19:17:25   -19894.832031        0.567977
FIRE:  2477 19:17:25   -19895.046875        1.188963
FIRE:  2478 19:17:25   -19895.285156        2.263062
FIRE:  2479 19:17:25   -19895.484375        3.094825
FIRE:  2480 19:17:26   -19895.773438        2.928859
FIRE:  2481 19:17:26   -19896.103516        2.203962
FIRE:  2482 19:17:26   -19896.447266        1.914028
FIRE:  2483 19:17:27   -19896.736328        0.954049
FIRE:  2484 19:17:27   -19896.945312        1.704448
FIRE:  2485 19:17:27   -19897.191406        2.041123
FIRE:  2486 19:17:27   -19897.408203        1.953634
FIRE:  2487 19:17:28   -19897.666016        1.576428
FIRE:  2488 19:17:28   -19897.921875        1.151332
FIRE:  2489 19:17:28   -19898.234375        1.049726
FIRE:  2490 19:17:29   -19898.396484        1.221596
FIRE:  2491 19:17:29   -19898.626953        1.193415
FIRE:  2492 19:17:29   -19898.882812        1.838096
FIRE:  2493 19:17:29   -19899.113281        2.135700
FIRE:  2494 19:17:30   -19899.390625        1.774278
FIRE:  2495 19:17:30   -19899.630859        1.228137
FIRE:  2496 19:17:30   -19899.851562        1.220289
FIRE:  2497 19:17:31   -19900.113281        1.183956
FIRE:  2498 19:17:31   -19900.390625        0.910766
FIRE:  2499 19:17:31   -19900.646484        1.000308
FIRE:  2500 19:17:31   -19900.847656        0.965765
FIRE:  2501 19:17:32   -19901.109375        0.956863
FIRE:  2502 19:17:32   -19901.367188        1.010378
FIRE:  2503 19:17:32   -19901.533203        0.915726
FIRE:  2504 19:17:33   -19901.792969        1.273284
FIRE:  2505 19:17:33   -19902.060547        1.012780
FIRE:  2506 19:17:33   -19902.269531        0.795584
FIRE:  2507 19:17:34   -19902.523438        0.717894
FIRE:  2508 19:17:34   -19902.773438        0.760221
FIRE:  2509 19:17:34   -19903.027344        0.739260
FIRE:  2510 19:17:34   -19903.240234        0.849178
FIRE:  2511 19:17:35   -19903.453125        0.852719
FIRE:  2512 19:17:35   -19903.667969        0.739681
FIRE:  2513 19:17:35   -19903.921875        0.692444
FIRE:  2514 19:17:36   -19904.167969        0.820248
FIRE:  2515 19:17:36   -19904.408203        0.866053
FIRE:  2516 19:17:36   -19904.671875        0.702499
FIRE:  2517 19:17:36   -19904.908203        0.620389
FIRE:  2518 19:17:37   -19905.162109        0.776552
FIRE:  2519 19:17:37   -19905.400391        0.832945
FIRE:  2520 19:17:37   -19905.648438        0.675048
FIRE:  2521 19:17:38   -19905.898438        0.450349
FIRE:  2522 19:17:38   -19906.134766        0.527783
FIRE:  2523 19:17:38   -19906.375000        0.490943
FIRE:  2524 19:17:38   -19906.640625        0.614314
FIRE:  2525 19:17:39   -19906.880859        0.567380
FIRE:  2526 19:17:39   -19907.117188        0.514652
FIRE:  2527 19:17:39   -19907.414062        0.606322
FIRE:  2528 19:17:40   -19907.697266        0.648312
FIRE:  2529 19:17:40   -19908.023438        0.706832
FIRE:  2530 19:17:40   -19908.335938        0.739497
FIRE:  2531 19:17:40   -19908.642578        0.801428
FIRE:  2532 19:17:41   -19909.000000        0.875583
FIRE:  2533 19:17:41   -19909.310547        0.932273
FIRE:  2534 19:17:41   -19909.601562        0.961673
FIRE:  2535 19:17:42   -19909.941406        0.979268
FIRE:  2536 19:17:42   -19910.232422        1.154787
FIRE:  2537 19:17:42   -19910.550781        1.673505
FIRE:  2538 19:17:42   -19910.876953        2.431733
FIRE:  2539 19:17:43   -19911.302734        2.972953
FIRE:  2540 19:17:43   -19911.820312        3.104015
FIRE:  2541 19:17:43   -19912.404297        3.654713
FIRE:  2542 19:17:44   -19912.917969        4.563549
FIRE:  2543 19:17:44   -19913.328125        5.764748
FIRE:  2544 19:17:44   -19913.705078        5.602190
FIRE:  2545 19:17:45   -19914.132812        3.568202
FIRE:  2546 19:17:45   -19914.433594        1.542747
FIRE:  2547 19:17:45   -19914.544922        2.892007
FIRE:  2548 19:17:45   -19914.597656        3.669986
FIRE:  2549 19:17:46   -19914.810547        6.701419
FIRE:  2550 19:17:46   -19914.972656        4.826748
FIRE:  2551 19:17:46   -19915.458984        1.558971
FIRE:  2552 19:17:47   -19915.292969        7.416173
FIRE:  2553 19:17:47   -19915.617188        3.681203
FIRE:  2554 19:17:47   -19915.792969        1.117802
FIRE:  2555 19:17:47   -19915.724609        3.112622
FIRE:  2556 19:17:48   -19915.767578        2.970885
FIRE:  2557 19:17:48   -19915.765625        2.683526
FIRE:  2558 19:17:48   -19915.833984        2.245372
FIRE:  2559 19:17:49   -19915.875000        1.655835
FIRE:  2560 19:17:49   -19915.904297        0.933006
FIRE:  2561 19:17:49   -19915.929688        0.813217
FIRE:  2562 19:17:49   -19915.941406        1.359496
FIRE:  2563 19:17:50   -19915.958984        1.893849
FIRE:  2564 19:17:50   -19916.007812        2.145736
FIRE:  2565 19:17:50   -19916.066406        1.967962
FIRE:  2566 19:17:51   -19916.128906        1.349497
FIRE:  2567 19:17:51   -19916.208984        0.525159
FIRE:  2568 19:17:51   -19916.283203        1.166367
FIRE:  2569 19:17:51   -19916.349609        1.582603
FIRE:  2570 19:17:52   -19916.482422        1.362418
FIRE:  2571 19:17:52   -19916.623047        0.535636
FIRE:  2572 19:17:52   -19916.724609        1.058504
FIRE:  2573 19:17:53   -19916.873047        1.139129
FIRE:  2574 19:17:53   -19917.074219        0.395517
FIRE:  2575 19:17:53   -19917.279297        1.149985
FIRE:  2576 19:17:54   -19917.605469        0.381323
FIRE:  2577 19:17:54   -19917.845703        1.277074
FIRE:  2578 19:17:54   -19918.121094        0.445247
FIRE:  2579 19:17:54   -19918.402344        0.884732
FIRE:  2580 19:17:55   -19918.666016        0.381003
FIRE:  2581 19:17:55   -19918.908203        0.842603
FIRE:  2582 19:17:55   -19919.212891        0.399457
FIRE:  2583 19:17:56   -19919.480469        0.567497
FIRE:  2584 19:17:56   -19919.769531        0.386403
FIRE:  2585 19:17:56   -19920.017578        0.406749
FIRE:  2586 19:17:56   -19920.269531        0.429525
FIRE:  2587 19:17:57   -19920.554688        0.448047
FIRE:  2588 19:17:57   -19920.814453        0.446504
FIRE:  2589 19:17:57   -19921.046875        0.418451
FIRE:  2590 19:17:58   -19921.324219        0.372487
FIRE:  2591 19:17:58   -19921.541016        0.308476
FIRE:  2592 19:17:58   -19921.814453        0.282221
FIRE:  2593 19:17:58   -19922.089844        0.378270
FIRE:  2594 19:17:59   -19922.298828        0.516013
FIRE:  2595 19:17:59   -19922.556641        0.681860
FIRE:  2596 19:17:59   -19922.835938        0.761832
FIRE:  2597 19:18:00   -19923.087891        0.436539
FIRE:  2598 19:18:00   -19923.287109        1.078324
FIRE:  2599 19:18:00   -19923.478516        1.944743
FIRE:  2600 19:18:00   -19923.775391        1.075309
FIRE:  2601 19:18:01   -19924.042969        0.321316
FIRE:  2602 19:18:01   -19924.283203        0.683892
FIRE:  2603 19:18:01   -19924.478516        0.819217
FIRE:  2604 19:18:02   -19924.753906        0.774970
FIRE:  2605 19:18:02   -19925.021484        0.533679
FIRE:  2606 19:18:02   -19925.277344        0.414768
FIRE:  2607 19:18:02   -19925.496094        0.790013
FIRE:  2608 19:18:03   -19925.767578        1.017075
FIRE:  2609 19:18:03   -19926.001953        0.638883
FIRE:  2610 19:18:03   -19926.291016        0.423566
FIRE:  2611 19:18:04   -19926.539062        0.535282
FIRE:  2612 19:18:04   -19926.763672        0.659867
FIRE:  2613 19:18:04   -19927.048828        0.598746
FIRE:  2614 19:18:05   -19927.310547        0.397329
FIRE:  2615 19:18:05   -19927.544922        0.313932
FIRE:  2616 19:18:05   -19927.761719        0.402915
FIRE:  2617 19:18:05   -19927.953125        0.766305
FIRE:  2618 19:18:06   -19928.142578        1.086171
FIRE:  2619 19:18:06   -19928.351562        1.248387
FIRE:  2620 19:18:06   -19928.595703        1.199430
FIRE:  2621 19:18:07   -19928.822266        0.984051
FIRE:  2622 19:18:07   -19929.117188        0.696808
FIRE:  2623 19:18:07   -19929.363281        0.602799
FIRE:  2624 19:18:07   -19929.640625        0.659245
FIRE:  2625 19:18:08   -19929.890625        0.708383
FIRE:  2626 19:18:08   -19930.167969        0.739574
FIRE:  2627 19:18:08   -19930.423828        0.733384
FIRE:  2628 19:18:09   -19930.673828        0.633577
FIRE:  2629 19:18:09   -19930.986328        0.610556
FIRE:  2630 19:18:09   -19931.171875        0.631570
FIRE:  2631 19:18:09   -19931.296875        1.587964
FIRE:  2632 19:18:10   -19931.386719        2.636487
FIRE:  2633 19:18:10   -19931.541016        2.931089
FIRE:  2634 19:18:10   -19931.806641        2.252381
FIRE:  2635 19:18:11   -19932.130859        1.123511
FIRE:  2636 19:18:11   -19932.367188        0.798053
FIRE:  2637 19:18:11   -19932.578125        1.514279
FIRE:  2638 19:18:11   -19932.771484        1.784520
FIRE:  2639 19:18:12   -19932.994141        1.690688
FIRE:  2640 19:18:12   -19933.244141        1.369351
FIRE:  2641 19:18:12   -19933.519531        0.943379
FIRE:  2642 19:18:13   -19933.740234        0.650074
FIRE:  2643 19:18:13   -19933.953125        0.718017
FIRE:  2644 19:18:13   -19934.199219        1.204931
FIRE:  2645 19:18:14   -19934.373047        1.547177
FIRE:  2646 19:18:14   -19934.576172        1.540321
FIRE:  2647 19:18:14   -19934.812500        1.201531
FIRE:  2648 19:18:14   -19935.039062        0.735856
FIRE:  2649 19:18:15   -19935.279297        0.494418
FIRE:  2650 19:18:15   -19935.419922        0.673602
FIRE:  2651 19:18:15   -19935.593750        0.929160
FIRE:  2652 19:18:16   -19935.757812        1.151513
FIRE:  2653 19:18:16   -19935.962891        1.099621
FIRE:  2654 19:18:16   -19936.160156        0.863972
FIRE:  2655 19:18:16   -19936.380859        0.772057
FIRE:  2656 19:18:17   -19936.595703        0.850789
FIRE:  2657 19:18:17   -19936.816406        0.801751
FIRE:  2658 19:18:17   -19937.007812        0.919539
FIRE:  2659 19:18:18   -19937.228516        1.108161
FIRE:  2660 19:18:18   -19937.443359        1.010344
FIRE:  2661 19:18:18   -19937.634766        0.710796
FIRE:  2662 19:18:18   -19937.888672        0.526695
FIRE:  2663 19:18:19   -19938.080078        0.636144
FIRE:  2664 19:18:19   -19938.312500        0.667456
FIRE:  2665 19:18:19   -19938.541016        0.837649
FIRE:  2666 19:18:20   -19938.728516        0.867670
FIRE:  2667 19:18:20   -19938.916016        0.954584
FIRE:  2668 19:18:20   -19939.119141        1.201282
FIRE:  2669 19:18:20   -19939.310547        1.280603
FIRE:  2670 19:18:21   -19939.509766        1.123878
FIRE:  2671 19:18:21   -19939.726562        0.776633
FIRE:  2672 19:18:21   -19939.968750        0.560111
FIRE:  2673 19:18:22   -19940.125000        0.668518
FIRE:  2674 19:18:22   -19940.275391        0.647386
FIRE:  2675 19:18:22   -19940.507812        0.676442
FIRE:  2676 19:18:23   -19940.656250        0.748770
FIRE:  2677 19:18:23   -19940.822266        0.763353
FIRE:  2678 19:18:23   -19941.003906        0.716821
FIRE:  2679 19:18:23   -19941.181641        0.659669
FIRE:  2680 19:18:24   -19941.392578        0.622242
FIRE:  2681 19:18:24   -19941.607422        0.559014
FIRE:  2682 19:18:24   -19941.820312        0.524307
FIRE:  2683 19:18:25   -19942.031250        0.741496
FIRE:  2684 19:18:25   -19942.224609        0.983719
FIRE:  2685 19:18:25   -19942.472656        0.985629
FIRE:  2686 19:18:25   -19942.693359        0.748076
FIRE:  2687 19:18:26   -19942.908203        0.485165
FIRE:  2688 19:18:26   -19943.091797        0.503189
FIRE:  2689 19:18:26   -19943.253906        0.515398
FIRE:  2690 19:18:27   -19943.500000        0.611390
FIRE:  2691 19:18:27   -19943.683594        0.734601
FIRE:  2692 19:18:27   -19943.865234        0.831354
FIRE:  2693 19:18:27   -19944.056641        0.878108
FIRE:  2694 19:18:28   -19944.267578        0.883787
FIRE:  2695 19:18:28   -19944.462891        0.830181
FIRE:  2696 19:18:28   -19944.640625        0.714051
FIRE:  2697 19:18:29   -19944.773438        0.646043
FIRE:  2698 19:18:29   -19944.884766        1.049408
FIRE:  2699 19:18:29   -19944.935547        1.427608
FIRE:  2700 19:18:29   -19945.056641        1.687238
FIRE:  2701 19:18:30   -19945.150391        1.753234
FIRE:  2702 19:18:30   -19945.322266        1.613861
FIRE:  2703 19:18:30   -19945.509766        1.329561
FIRE:  2704 19:18:31   -19945.716797        0.997042
FIRE:  2705 19:18:31   -19945.892578        0.880185
FIRE:  2706 19:18:31   -19946.099609        0.770899
FIRE:  2707 19:18:31   -19946.287109        0.920666
FIRE:  2708 19:18:32   -19946.455078        1.069123
FIRE:  2709 19:18:32   -19946.611328        1.086492
FIRE:  2710 19:18:32   -19946.769531        0.991141
FIRE:  2711 19:18:33   -19946.917969        0.812204
FIRE:  2712 19:18:33   -19947.064453        0.746781
FIRE:  2713 19:18:33   -19947.197266        0.860423
FIRE:  2714 19:18:34   -19947.341797        0.935550
FIRE:  2715 19:18:34   -19947.441406        0.959284
FIRE:  2716 19:18:34   -19947.619141        0.926014
FIRE:  2717 19:18:34   -19947.755859        0.856066
FIRE:  2718 19:18:35   -19947.875000        0.723640
FIRE:  2719 19:18:35   -19948.000000        0.670954
FIRE:  2720 19:18:35   -19948.142578        0.610374
FIRE:  2721 19:18:36   -19948.259766        0.780107
FIRE:  2722 19:18:36   -19948.390625        0.924152
FIRE:  2723 19:18:36   -19948.582031        0.999152
FIRE:  2724 19:18:36   -19948.691406        0.987948
FIRE:  2725 19:18:37   -19948.851562        0.889390
FIRE:  2726 19:18:37   -19949.005859        0.719301
FIRE:  2727 19:18:37   -19949.156250        0.548498
FIRE:  2728 19:18:38   -19949.318359        0.554162
FIRE:  2729 19:18:38   -19949.423828        0.592792
FIRE:  2730 19:18:38   -19949.593750        0.718380
FIRE:  2731 19:18:38   -19949.753906        0.882283
FIRE:  2732 19:18:39   -19949.910156        0.934822
FIRE:  2733 19:18:39   -19950.005859        0.862334
FIRE:  2734 19:18:39   -19950.171875        0.676074
FIRE:  2735 19:18:40   -19950.326172        0.660619
FIRE:  2736 19:18:40   -19950.453125        0.647406
FIRE:  2737 19:18:40   -19950.554688        0.602611
FIRE:  2738 19:18:40   -19950.681641        0.568756
FIRE:  2739 19:18:41   -19950.820312        0.710907
FIRE:  2740 19:18:41   -19950.984375        0.831625
FIRE:  2741 19:18:41   -19951.105469        0.853828
FIRE:  2742 19:18:42   -19951.324219        0.785178
FIRE:  2743 19:18:42   -19951.488281        0.648280
FIRE:  2744 19:18:42   -19951.628906        0.486915
FIRE:  2745 19:18:43   -19951.769531        0.486083
FIRE:  2746 19:18:43   -19951.896484        0.390847
FIRE:  2747 19:18:43   -19952.052734        0.509250
FIRE:  2748 19:18:43   -19952.195312        0.662007
FIRE:  2749 19:18:44   -19952.300781        0.748517
FIRE:  2750 19:18:44   -19952.398438        0.749748
FIRE:  2751 19:18:44   -19952.552734        0.793259
FIRE:  2752 19:18:45   -19952.669922        0.833392
FIRE:  2753 19:18:45   -19952.847656        0.829200
FIRE:  2754 19:18:45   -19953.046875        0.783932
FIRE:  2755 19:18:45   -19953.195312        0.706719
FIRE:  2756 19:18:46   -19953.332031        0.609611
FIRE:  2757 19:18:46   -19953.492188        0.547590
FIRE:  2758 19:18:46   -19953.646484        0.562303
FIRE:  2759 19:18:47   -19953.800781        0.614815
FIRE:  2760 19:18:47   -19953.978516        0.628570
FIRE:  2761 19:18:47   -19954.119141        0.604749
FIRE:  2762 19:18:47   -19954.283203        0.545415
FIRE:  2763 19:18:48   -19954.410156        0.454023
FIRE:  2764 19:18:48   -19954.552734        0.456624
FIRE:  2765 19:18:48   -19954.708984        0.475136
FIRE:  2766 19:18:49   -19954.853516        0.500848
FIRE:  2767 19:18:49   -19954.976562        0.508862
FIRE:  2768 19:18:49   -19955.109375        0.510652
FIRE:  2769 19:18:49   -19955.236328        0.492038
FIRE:  2770 19:18:50   -19955.386719        0.576024
FIRE:  2771 19:18:50   -19955.542969        0.639854
FIRE:  2772 19:18:50   -19955.675781        0.675586
FIRE:  2773 19:18:51   -19955.849609        0.678589
FIRE:  2774 19:18:51   -19955.957031        0.648586
FIRE:  2775 19:18:51   -19956.126953        0.589484
FIRE:  2776 19:18:52   -19956.279297        0.545912
FIRE:  2777 19:18:52   -19956.416016        0.570598
FIRE:  2778 19:18:52   -19956.576172        0.571362
FIRE:  2779 19:18:52   -19956.738281        0.539810
FIRE:  2780 19:18:53   -19956.845703        0.500585
FIRE:  2781 19:18:53   -19957.000000        0.585908
FIRE:  2782 19:18:53   -19957.150391        0.695695
FIRE:  2783 19:18:54   -19957.259766        0.792666
FIRE:  2784 19:18:54   -19957.410156        0.851373
FIRE:  2785 19:18:54   -19957.513672        0.864324
FIRE:  2786 19:18:54   -19957.660156        0.830464
FIRE:  2787 19:18:55   -19957.744141        0.755428
FIRE:  2788 19:18:55   -19957.857422        0.749417
FIRE:  2789 19:18:55   -19957.968750        0.745975
FIRE:  2790 19:18:56   -19958.113281        0.694577
FIRE:  2791 19:18:56   -19958.222656        0.620358
FIRE:  2792 19:18:56   -19958.328125        0.681257
FIRE:  2793 19:18:56   -19958.478516        0.721424
FIRE:  2794 19:18:57   -19958.591797        0.736246
FIRE:  2795 19:18:57   -19958.689453        0.723135
FIRE:  2796 19:18:57   -19958.787109        0.682345
FIRE:  2797 19:18:58   -19958.925781        0.647213
FIRE:  2798 19:18:58   -19959.078125        0.749468
FIRE:  2799 19:18:58   -19959.162109        0.824643
FIRE:  2800 19:18:59   -19959.281250        0.863829
FIRE:  2801 19:18:59   -19959.474609        0.862357
FIRE:  2802 19:18:59   -19959.630859        0.820764
FIRE:  2803 19:18:59   -19959.826172        0.744652
FIRE:  2804 19:19:00   -19959.990234        0.643315
FIRE:  2805 19:19:00   -19960.171875        0.595952
FIRE:  2806 19:19:00   -19960.353516        0.607894
FIRE:  2807 19:19:01   -19960.531250        0.614691
FIRE:  2808 19:19:01   -19960.708984        0.616383
FIRE:  2809 19:19:01   -19960.876953        0.669169
FIRE:  2810 19:19:01   -19961.087891        0.727588
FIRE:  2811 19:19:02   -19961.277344        0.778822
FIRE:  2812 19:19:02   -19961.507812        0.815862
FIRE:  2813 19:19:02   -19961.701172        0.828109
FIRE:  2814 19:19:03   -19961.910156        0.801219
FIRE:  2815 19:19:03   -19962.072266        0.717531
FIRE:  2816 19:19:03   -19962.265625        0.590969
FIRE:  2817 19:19:03   -19962.472656        0.651776
FIRE:  2818 19:19:04   -19962.597656        0.722241
FIRE:  2819 19:19:04   -19962.716797        0.775499
FIRE:  2820 19:19:04   -19962.806641        1.535124
FIRE:  2821 19:19:05   -19962.847656        2.522636
FIRE:  2822 19:19:05   -19963.429688        0.927778
FIRE:  2823 19:19:05   -19963.773438        0.935715
FIRE:  2824 19:19:05   -19964.117188        1.060583
FIRE:  2825 19:19:06   -19964.501953        0.843704
FIRE:  2826 19:19:06   -19964.769531        0.566828
FIRE:  2827 19:19:06   -19965.068359        0.819567
FIRE:  2828 19:19:07   -19965.363281        0.642050
FIRE:  2829 19:19:07   -19965.640625        0.675012
FIRE:  2830 19:19:07   -19965.958984        0.702908
FIRE:  2831 19:19:08   -19966.242188        0.725579
FIRE:  2832 19:19:08   -19966.531250        0.743945
FIRE:  2833 19:19:08   -19966.839844        0.769451
FIRE:  2834 19:19:08   -19967.142578        0.816954
FIRE:  2835 19:19:09   -19967.429688        0.859023
FIRE:  2836 19:19:09   -19967.722656        0.869277
FIRE:  2837 19:19:09   -19968.023438        1.038501
FIRE:  2838 19:19:10   -19968.296875        2.018725
FIRE:  2839 19:19:10   -19968.535156        2.826367
FIRE:  2840 19:19:10   -19968.914062        3.210238
FIRE:  2841 19:19:10   -19969.390625        1.444099
FIRE:  2842 19:19:11   -19969.697266        2.062919
FIRE:  2843 19:19:11   -19969.941406        2.392517
FIRE:  2844 19:19:11   -19970.185547        1.216487
FIRE:  2845 19:19:12   -19970.343750        2.169928
FIRE:  2846 19:19:12   -19970.546875        2.237798
FIRE:  2847 19:19:12   -19970.726562        0.646518
FIRE:  2848 19:19:12   -19970.847656        1.608877
FIRE:  2849 19:19:13   -19971.013672        1.412779
FIRE:  2850 19:19:13   -19971.142578        0.836889
FIRE:  2851 19:19:13   -19971.281250        2.007618
FIRE:  2852 19:19:14   -19971.425781        0.859708
FIRE:  2853 19:19:14   -19971.539062        1.436469
FIRE:  2854 19:19:14   -19971.681641        1.432639
FIRE:  2855 19:19:14   -19971.871094        0.830095
FIRE:  2856 19:19:15   -19972.009766        1.470144
FIRE:  2857 19:19:15   -19972.205078        0.608548
FIRE:  2858 19:19:15   -19972.365234        0.914471
FIRE:  2859 19:19:16   -19972.548828        1.019738
FIRE:  2860 19:19:16   -19972.755859        0.280607
FIRE:  2861 19:19:16   -19972.888672        1.145141
FIRE:  2862 19:19:17   -19973.060547        0.413691
FIRE:  2863 19:19:17   -19973.210938        0.830886
FIRE:  2864 19:19:17   -19973.373047        0.823779
FIRE:  2865 19:19:17   -19973.533203        0.434472
FIRE:  2866 19:19:18   -19973.685547        0.966598
FIRE:  2867 19:19:18   -19973.927734        0.619555
FIRE:  2868 19:19:18   -19974.173828        0.760903
FIRE:  2869 19:19:19   -19974.369141        0.930492
FIRE:  2870 19:19:19   -19974.677734        1.100864
FIRE:  2871 19:19:19   -19974.988281        1.320187
FIRE:  2872 19:19:19   -19975.314453        1.410770
FIRE:  2873 19:19:20   -19975.658203        0.727811
FIRE:  2874 19:19:20   -19975.667969        3.502109
FIRE:  2875 19:19:20   -19975.748047        2.525113
FIRE:  2876 19:19:21   -19975.619141        3.379590
FIRE:  2877 19:19:21   -19975.910156        1.302601
FIRE:  2878 19:19:21   -19975.759766        4.802858
FIRE:  2879 19:19:21   -19975.912109        2.589961
FIRE:  2880 19:19:22   -19975.990234        0.425101
FIRE:  2881 19:19:22   -19975.951172        1.919969
FIRE:  2882 19:19:22   -19975.968750        1.808417
FIRE:  2883 19:19:23   -19975.980469        1.585904
FIRE:  2884 19:19:23   -19975.986328        1.256302
FIRE:  2885 19:19:23   -19976.017578        0.829465
FIRE:  2886 19:19:23   -19976.039062        0.337266
FIRE:  2887 19:19:24   -19976.037109        0.305755
FIRE:  2888 19:19:24   -19976.052734        0.743915
FIRE:  2889 19:19:24   -19976.050781        1.075996
FIRE:  2890 19:19:25   -19976.046875        1.213415
FIRE:  2891 19:19:25   -19976.091797        1.091023
FIRE:  2892 19:19:25   -19976.126953        0.697325
FIRE:  2893 19:19:26   -19976.134766        0.233706
FIRE:  2894 19:19:26   -19976.169922        0.549898
FIRE:  2895 19:19:26   -19976.187500        0.866854
FIRE:  2896 19:19:26   -19976.214844        0.777650
FIRE:  2897 19:19:27   -19976.267578        0.252897
FIRE:  2898 19:19:27   -19976.312500        0.583835
FIRE:  2899 19:19:27   -19976.355469        0.769271
FIRE:  2900 19:19:28   -19976.464844        0.280108
FIRE:  2901 19:19:28   -19976.558594        0.697028
FIRE:  2902 19:19:28   -19976.626953        0.319867
FIRE:  2903 19:19:28   -19976.730469        0.823509
FIRE:  2904 19:19:29   -19976.914062        0.461001
FIRE:  2905 19:19:29   -19977.117188        0.680049
FIRE:  2906 19:19:29   -19977.335938        0.794320
FIRE:  2907 19:19:30   -19977.609375        1.038899
FIRE:  2908 19:19:30   -19977.884766        1.322620
FIRE:  2909 19:19:30   -19978.212891        1.471282
FIRE:  2910 19:19:30   -19978.515625        0.972907
FIRE:  2911 19:19:31   -19978.666016        1.842743
FIRE:  2912 19:19:31   -19978.712891        1.346677
FIRE:  2913 19:19:31   -19978.748047        0.336388
FIRE:  2914 19:19:32   -19978.750000        0.762973
FIRE:  2915 19:19:32   -19978.753906        0.642365
FIRE:  2916 19:19:32   -19978.759766        0.415804
FIRE:  2917 19:19:33   -19978.759766        0.287742
FIRE:  2918 19:19:33   -19978.765625        0.288686
FIRE:  2919 19:19:33   -19978.769531        0.424665
FIRE:  2920 19:19:33   -19978.783203        0.525325
FIRE:  2921 19:19:34   -19978.785156        0.480914
FIRE:  2922 19:19:34   -19978.798828        0.293628
FIRE:  2923 19:19:34   -19978.800781        0.295067
FIRE:  2924 19:19:35   -19978.808594        0.302310
FIRE:  2925 19:19:35   -19978.824219        0.406378
FIRE:  2926 19:19:35   -19978.857422        0.299085
FIRE:  2927 19:19:35   -19978.876953        0.300233
FIRE:  2928 19:19:36   -19978.941406        0.369875
FIRE:  2929 19:19:36   -19978.976562        0.304009
FIRE:  2930 19:19:36   -19979.023438        0.311411
FIRE:  2931 19:19:37   -19979.089844        0.318921
FIRE:  2932 19:19:37   -19979.160156        0.381566
FIRE:  2933 19:19:37   -19979.236328        0.361947
FIRE:  2934 19:19:37   -19979.339844        0.398278
FIRE:  2935 19:19:38   -19979.486328        0.599841
FIRE:  2936 19:19:38   -19979.675781        0.997996
FIRE:  2937 19:19:38   -19979.849609        1.745277
FIRE:  2938 19:19:39   -19980.072266        2.337379
FIRE:  2939 19:19:39   -19980.203125        0.772488
FIRE:  2940 19:19:39   -19980.142578        2.707381
FIRE:  2941 19:19:39   -19980.187500        1.783740
FIRE:  2942 19:19:40   -19980.238281        0.787110
FIRE:  2943 19:19:40   -19980.246094        0.846813
FIRE:  2944 19:19:40   -19980.253906        0.794061
FIRE:  2945 19:19:41   -19980.240234        0.791747
FIRE:  2946 19:19:41   -19980.263672        0.792565
FIRE:  2947 19:19:41   -19980.263672        0.793656
FIRE:  2948 19:19:42   -19980.275391        0.795019
FIRE:  2949 19:19:42   -19980.275391        0.796653
FIRE:  2950 19:19:42   -19980.289062        0.798513
FIRE:  2951 19:19:42   -19980.306641        0.800792
FIRE:  2952 19:19:43   -19980.300781        0.803490
FIRE:  2953 19:19:43   -19980.304688        0.806595
FIRE:  2954 19:19:43   -19980.343750        0.810079
FIRE:  2955 19:19:44   -19980.361328        0.813850
FIRE:  2956 19:19:44   -19980.406250        0.817666
FIRE:  2957 19:19:44   -19980.451172        0.821012
FIRE:  2958 19:19:44   -19980.496094        0.822918
FIRE:  2959 19:19:45   -19980.537109        0.821411
FIRE:  2960 19:19:45   -19980.615234        0.812707
FIRE:  2961 19:19:45   -19980.675781        0.789786
FIRE:  2962 19:19:46   -19980.765625        0.740345
FIRE:  2963 19:19:46   -19980.853516        0.642452
FIRE:  2964 19:19:46   -19980.957031        0.467861
FIRE:  2965 19:19:46   -19981.029297        0.539169
FIRE:  2966 19:19:47   -19981.066406        0.635731
FIRE:  2967 19:19:47   -19981.177734        0.852826
FIRE:  2968 19:19:47   -19981.240234        0.959359
FIRE:  2969 19:19:48   -19981.392578        0.651165
FIRE:  2970 19:19:48   -19981.484375        0.902140
FIRE:  2971 19:19:48   -19981.648438        0.795884
FIRE:  2972 19:19:48   -19981.710938        1.937450
FIRE:  2973 19:19:49   -19981.781250        0.440201
FIRE:  2974 19:19:49   -19981.802734        0.378692
FIRE:  2975 19:19:49   -19981.818359        0.372319
FIRE:  2976 19:19:50   -19981.804688        0.362646
FIRE:  2977 19:19:50   -19981.822266        0.349709
FIRE:  2978 19:19:50   -19981.832031        0.333761
FIRE:  2979 19:19:51   -19981.839844        0.314975
FIRE:  2980 19:19:51   -19981.871094        0.293411
FIRE:  2981 19:19:51   -19981.896484        0.266309
FIRE:  2982 19:19:51   -19981.880859        0.251630
FIRE:  2983 19:19:52   -19981.902344        0.196705
FIRE:  2984 19:19:52   -19981.933594        0.187729
FIRE:  2985 19:19:52   -19981.988281        0.217524
FIRE:  2986 19:19:53   -19982.009766        0.161658
FIRE:  2987 19:19:53   -19982.046875        0.216080
FIRE:  2988 19:19:53   -19982.072266        0.143708
FIRE:  2989 19:19:53   -19982.144531        0.149405
FIRE:  2990 19:19:54   -19982.199219        0.281360
FIRE:  2991 19:19:54   -19982.259766        0.356718
FIRE:  2992 19:19:54   -19982.367188        0.562796
FIRE:  2993 19:19:55   -19982.470703        1.275478
FIRE:  2994 19:19:55   -19982.509766        2.863069
FIRE:  2995 19:19:55   -19982.632812        0.433978
FIRE:  2996 19:19:55   -19982.531250        3.354553
FIRE:  2997 19:19:56   -19982.591797        2.249742
FIRE:  2998 19:19:56   -19982.636719        0.603952
FIRE:  2999 19:19:56   -19982.642578        0.956574
FIRE:  3000 19:19:57   -19982.652344        0.901206
FIRE:  3001 19:19:57   -19982.644531        0.792759
FIRE:  3002 19:19:57   -19982.636719        0.636074
FIRE:  3003 19:19:58   -19982.654297        0.439308
FIRE:  3004 19:19:58   -19982.648438        0.215283
FIRE:  3005 19:19:58   -19982.654297        0.177079
FIRE:  3006 19:19:58   -19982.658203        0.249859
FIRE:  3007 19:19:59   -19982.658203        0.424448
FIRE:  3008 19:19:59   -19982.679688        0.532659
FIRE:  3009 19:19:59   -19982.669922        0.545970
FIRE:  3010 19:20:00   -19982.660156        0.445325
FIRE:  3011 19:20:00   -19982.679688        0.231963
FIRE:  3012 19:20:00   -19982.699219        0.177472
FIRE:  3013 19:20:00   -19982.701172        0.323309
FIRE:  3014 19:20:01   -19982.710938        0.419666
FIRE:  3015 19:20:01   -19982.736328        0.297768
FIRE:  3016 19:20:01   -19982.767578        0.180425
FIRE:  3017 19:20:02   -19982.773438        0.347748
FIRE:  3018 19:20:02   -19982.777344        0.298156
FIRE:  3019 19:20:02   -19982.828125        0.189253
FIRE:  3020 19:20:02   -19982.863281        0.339086
FIRE:  3021 19:20:03   -19982.921875        0.202637
FIRE:  3022 19:20:03   -19982.947266        0.338353
FIRE:  3023 19:20:03   -19983.021484        0.247355
FIRE:  3024 19:20:04   -19983.097656        0.230192
FIRE:  3025 19:20:04   -19983.203125        0.330458
FIRE:  3026 19:20:04   -19983.285156        0.748106
FIRE:  3027 19:20:05   -19983.402344        1.750425
FIRE:  3028 19:20:05   -19983.357422        3.278551
FIRE:  3029 19:20:05   -19983.554688        0.497217
FIRE:  3030 19:20:05   -19983.375000        4.138741
FIRE:  3031 19:20:06   -19983.478516        2.664028
FIRE:  3032 19:20:06   -19983.564453        0.563646
FIRE:  3033 19:20:06   -19983.548828        1.307767
FIRE:  3034 19:20:07   -19983.546875        1.232238
FIRE:  3035 19:20:07   -19983.554688        1.083646
FIRE:  3036 19:20:07   -19983.535156        0.867324
FIRE:  3037 19:20:07   -19983.537109        0.592842
FIRE:  3038 19:20:08   -19983.562500        0.275055
FIRE:  3039 19:20:08   -19983.582031        0.136410
FIRE:  3040 19:20:08   -19983.566406        0.381344
FIRE:  3041 19:20:09   -19983.574219        0.374979
FIRE:  3042 19:20:09   -19983.570312        0.362317
FIRE:  3043 19:20:09   -19983.564453        0.343655
FIRE:  3044 19:20:09   -19983.574219        0.319279
FIRE:  3045 19:20:10   -19983.562500        0.289922
FIRE:  3046 19:20:10   -19983.572266        0.256347
FIRE:  3047 19:20:10   -19983.574219        0.219041
FIRE:  3048 19:20:11   -19983.576172        0.174929
FIRE:  3049 19:20:11   -19983.570312        0.133316
FIRE:  3050 19:20:11   -19983.580078        0.132793
FIRE:  3051 19:20:11   -19983.578125        0.132129
FIRE:  3052 19:20:12   -19983.585938        0.131320
FIRE:  3053 19:20:12   -19983.578125        0.130311
FIRE:  3054 19:20:12   -19983.599609        0.164778
FIRE:  3055 19:20:13   -19983.582031        0.182881
FIRE:  3056 19:20:13   -19983.605469        0.174015
FIRE:  3057 19:20:13   -19983.601562        0.134025
FIRE:  3058 19:20:14   -19983.613281        0.127320
FIRE:  3059 19:20:14   -19983.597656        0.127348
FIRE:  3060 19:20:14   -19983.599609        0.127372
FIRE:  3061 19:20:14   -19983.621094        0.147870
FIRE:  3062 19:20:15   -19983.626953        0.127384
FIRE:  3063 19:20:15   -19983.654297        0.127341
FIRE:  3064 19:20:15   -19983.656250        0.127236
FIRE:  3065 19:20:16   -19983.667969        0.127024
FIRE:  3066 19:20:16   -19983.693359        0.126631
FIRE:  3067 19:20:16   -19983.728516        0.125941
FIRE:  3068 19:20:16   -19983.744141        0.124782
FIRE:  3069 19:20:17   -19983.804688        0.123149
FIRE:  3070 19:20:17   -19983.847656        0.120080
FIRE:  3071 19:20:17   -19983.894531        0.125992
FIRE:  3072 19:20:18   -19983.984375        0.170649
FIRE:  3073 19:20:18   -19984.025391        0.219515
FIRE:  3074 19:20:18   -19984.109375        0.421606
FIRE:  3075 19:20:18   -19984.199219        1.170865
FIRE:  3076 19:20:19   -19984.220703        2.834018
FIRE:  3077 19:20:19   -19984.330078        0.375760
FIRE:  3078 19:20:19   -19984.253906        3.384122
FIRE:  3079 19:20:20   -19984.289062        2.249973
FIRE:  3080 19:20:20   -19984.330078        0.570603
FIRE:  3081 19:20:20   -19984.328125        1.008279
FIRE:  3082 19:20:20   -19984.339844        0.949126
FIRE:  3083 19:20:21   -19984.339844        0.833515
FIRE:  3084 19:20:21   -19984.335938        0.666293
FIRE:  3085 19:20:21   -19984.337891        0.456008
FIRE:  3086 19:20:22   -19984.353516        0.216043
FIRE:  3087 19:20:22   -19984.351562        0.105888
FIRE:  3088 19:20:22   -19984.345703        0.279230
FIRE:  3089 19:20:23   -19984.353516        0.461566
FIRE:  3090 19:20:23   -19984.347656        0.571779
FIRE:  3091 19:20:23   -19984.355469        0.580464
FIRE:  3092 19:20:23   -19984.345703        0.468604
FIRE:  3093 19:20:24   -19984.365234        0.238918
FIRE:  3094 19:20:24   -19984.380859        0.105977
FIRE:  3095 19:20:24   -19984.380859        0.347581
FIRE:  3096 19:20:25   -19984.388672        0.445474
FIRE:  3097 19:20:25   -19984.373047        0.314338
FIRE:  3098 19:20:25   -19984.412109        0.106042
FIRE:  3099 19:20:25   -19984.404297        0.369209
FIRE:  3100 19:20:26   -19984.439453        0.316872
FIRE:  3101 19:20:26   -19984.455078        0.139357
FIRE:  3102 19:20:26   -19984.501953        0.357540
FIRE:  3103 19:20:27   -19984.550781        0.105303
FIRE:  3104 19:20:27   -19984.568359        0.356433
FIRE:  3105 19:20:27   -19984.603516        0.260948
FIRE:  3106 19:20:27   -19984.660156        0.102289
FIRE:  3107 19:20:28   -19984.728516        0.336868
FIRE:  3108 19:20:28   -19984.757812        0.788120
FIRE:  3109 19:20:28   -19984.882812        1.848034
FIRE:  3110 19:20:29   -19984.908203        0.100419
FIRE:  3111 19:20:29   -19984.900391        1.403653
FIRE:  3112 19:20:29   -19984.878906        1.130954
FIRE:  3113 19:20:30   -19984.898438        0.616491
FIRE:  3114 19:20:30   -19984.904297        0.100467
FIRE:  3115 19:20:30   -19984.919922        0.701571
FIRE:  3116 19:20:30   -19984.921875        0.660128
FIRE:  3117 19:20:31   -19984.912109        0.580386
FIRE:  3118 19:20:31   -19984.916016        0.467949
FIRE:  3119 19:20:31   -19984.923828        0.331293
FIRE:  3120 19:20:32   -19984.921875        0.181238
FIRE:  3121 19:20:32   -19984.917969        0.100503
FIRE:  3122 19:20:32   -19984.916016        0.130382
FIRE:  3123 19:20:32   -19984.923828        0.247842
FIRE:  3124 19:20:33   -19984.910156        0.330423
FIRE:  3125 19:20:33   -19984.927734        0.363002
FIRE:  3126 19:20:33   -19984.925781        0.331880
FIRE:  3127 19:20:34   -19984.933594        0.229965
FIRE:  3128 19:20:34   -19984.935547        0.100640
FIRE:  3129 19:20:34   -19984.914062        0.148897
FIRE:  3130 19:20:34   -19984.917969        0.276306
FIRE:  3131 19:20:35   -19984.937500        0.266296
FIRE:  3132 19:20:35   -19984.949219        0.100873
FIRE:  3133 19:20:35   -19984.945312        0.160657
FIRE:  3134 19:20:36   -19984.970703        0.252500
FIRE:  3135 19:20:36   -19984.958984        0.101201
FIRE:  3136 19:20:36   -19984.990234        0.214046
FIRE:  3137 19:20:36   -19985.021484        0.157365
FIRE:  3138 19:20:37   -19985.064453        0.214496
FIRE:  3139 19:20:37   -19985.113281        0.101275
FIRE:  3140 19:20:37   -19985.195312        0.292801
FIRE:  3141 19:20:38   -19985.224609        0.316198
FIRE:  3142 19:20:38   -19985.291016        0.330975
FIRE:  3143 19:20:38   -19985.343750        0.581935
FIRE:  3144 19:20:39   -19985.441406        1.614716
FIRE:  3145 19:20:39   -19985.392578        3.824665
FIRE:  3146 19:20:39   -19985.554688        0.574614
FIRE:  3147 19:20:39   -19985.384766        5.358212
FIRE:  3148 19:20:40   -19985.503906        3.222436
FIRE:  3149 19:20:40   -19985.580078        0.394674
FIRE:  3150 19:20:40   -19985.542969        1.860603
FIRE:  3151 19:20:41   -19985.542969        1.754634
FIRE:  3152 19:20:41   -19985.548828        1.544570
FIRE:  3153 19:20:41   -19985.572266        1.235207
FIRE:  3154 19:20:41   -19985.572266        0.836177
FIRE:  3155 19:20:42   -19985.585938        0.365527
FIRE:  3156 19:20:42   -19985.580078        0.164205
FIRE:  3157 19:20:42   -19985.582031        0.609395
FIRE:  3158 19:20:43   -19985.595703        0.598232
FIRE:  3159 19:20:43   -19985.587891        0.576192
FIRE:  3160 19:20:43   -19985.585938        0.543725
FIRE:  3161 19:20:43   -19985.599609        0.501734
FIRE:  3162 19:20:44   -19985.587891        0.451121
FIRE:  3163 19:20:44   -19985.603516        0.393174
FIRE:  3164 19:20:44   -19985.593750        0.329325
FIRE:  3165 19:20:45   -19985.595703        0.254108
FIRE:  3166 19:20:45   -19985.603516        0.168365
FIRE:  3167 19:20:45   -19985.591797        0.128294
FIRE:  3168 19:20:45   -19985.591797        0.128571
FIRE:  3169 19:20:46   -19985.609375        0.140758
FIRE:  3170 19:20:46   -19985.615234        0.218943
FIRE:  3171 19:20:46   -19985.605469        0.272320
FIRE:  3172 19:20:47   -19985.609375        0.290266
FIRE:  3173 19:20:47   -19985.603516        0.263760
FIRE:  3174 19:20:47   -19985.617188        0.187854
FIRE:  3175 19:20:48   -19985.632812        0.133472
FIRE:  3176 19:20:48   -19985.628906        0.134905
FIRE:  3177 19:20:48   -19985.630859        0.205622
FIRE:  3178 19:20:48   -19985.644531        0.229295
FIRE:  3179 19:20:49   -19985.652344        0.141402
FIRE:  3180 19:20:49   -19985.669922        0.144529
FIRE:  3181 19:20:49   -19985.662109        0.193935
FIRE:  3182 19:20:50   -19985.664062        0.162046
FIRE:  3183 19:20:50   -19985.701172        0.157833
FIRE:  3184 19:20:50   -19985.722656        0.197494
FIRE:  3185 19:20:50   -19985.773438        0.168930
FIRE:  3186 19:20:51   -19985.822266        0.196537
FIRE:  3187 19:20:51   -19985.867188        0.191807
FIRE:  3188 19:20:51   -19985.919922        0.207944
FIRE:  3189 19:20:52   -19985.968750        0.268305
FIRE:  3190 19:20:52   -19986.070312        0.367017
FIRE:  3191 19:20:52   -19986.203125        0.671605
FIRE:  3192 19:20:52   -19986.312500        1.775820
FIRE:  3193 19:20:53   -19986.376953        3.573752
FIRE:  3194 19:20:53   -19986.505859        0.517159
FIRE:  3195 19:20:53   -19986.384766        4.719666
FIRE:  3196 19:20:54   -19986.464844        2.929200
FIRE:  3197 19:20:54   -19986.533203        0.473245
FIRE:  3198 19:20:54   -19986.507812        1.579434
FIRE:  3199 19:20:55   -19986.511719        1.488058
FIRE:  3200 19:20:55   -19986.527344        1.307703
FIRE:  3201 19:20:55   -19986.519531        1.043926
FIRE:  3202 19:20:55   -19986.519531        0.707297
FIRE:  3203 19:20:56   -19986.548828        0.316409
FIRE:  3204 19:20:56   -19986.525391        0.204771
FIRE:  3205 19:20:56   -19986.544922        0.484747
FIRE:  3206 19:20:57   -19986.558594        0.780454
FIRE:  3207 19:20:57   -19986.544922        0.947932
FIRE:  3208 19:20:57   -19986.533203        0.936978
FIRE:  3209 19:20:57   -19986.562500        0.719352
FIRE:  3210 19:20:58   -19986.568359        0.312352
FIRE:  3211 19:20:58   -19986.572266        0.212919
FIRE:  3212 19:20:58   -19986.589844        0.599203
FIRE:  3213 19:20:59   -19986.583984        0.705327
FIRE:  3214 19:20:59   -19986.597656        0.442872
FIRE:  3215 19:20:59   -19986.619141        0.215201
FIRE:  3216 19:20:59   -19986.648438        0.630185
FIRE:  3217 19:21:00   -19986.697266        0.432446
FIRE:  3218 19:21:00   -19986.705078        0.331975
FIRE:  3219 19:21:00   -19986.761719        0.541297
FIRE:  3220 19:21:01   -19986.802734        0.243840
FIRE:  3221 19:21:01   -19986.894531        0.476043
FIRE:  3222 19:21:01   -19986.972656        0.563798
FIRE:  3223 19:21:01   -19987.041016        0.266754
FIRE:  3224 19:21:02   -19987.166016        0.267217
FIRE:  3225 19:21:02   -19987.302734        0.699534
FIRE:  3226 19:21:02   -19987.433594        2.228296
FIRE:  3227 19:21:03   -19987.460938        3.883351
FIRE:  3228 19:21:03   -19987.628906        0.539231
FIRE:  3229 19:21:03   -19987.480469        5.462640
FIRE:  3230 19:21:04   -19987.587891        3.240414
FIRE:  3231 19:21:04   -19987.666016        0.331578
FIRE:  3232 19:21:04   -19987.617188        1.926478
FIRE:  3233 19:21:04   -19987.625000        1.815927
FIRE:  3234 19:21:05   -19987.634766        1.596503
FIRE:  3235 19:21:05   -19987.646484        1.273089
FIRE:  3236 19:21:05   -19987.658203        0.855939
FIRE:  3237 19:21:06   -19987.654297        0.365300
FIRE:  3238 19:21:06   -19987.656250        0.280737
FIRE:  3239 19:21:06   -19987.675781        0.641711
FIRE:  3240 19:21:06   -19987.669922        0.629871
FIRE:  3241 19:21:07   -19987.673828        0.606064
FIRE:  3242 19:21:07   -19987.675781        0.571330
FIRE:  3243 19:21:07   -19987.662109        0.526173
FIRE:  3244 19:21:08   -19987.673828        0.472058
FIRE:  3245 19:21:08   -19987.675781        0.410252
FIRE:  3246 19:21:08   -19987.671875        0.342513
FIRE:  3247 19:21:08   -19987.669922        0.286466
FIRE:  3248 19:21:09   -19987.673828        0.287424
FIRE:  3249 19:21:09   -19987.669922        0.288643
FIRE:  3250 19:21:09   -19987.681641        0.290202
FIRE:  3251 19:21:10   -19987.662109        0.292140
FIRE:  3252 19:21:10   -19987.667969        0.294580
FIRE:  3253 19:21:10   -19987.662109        0.297594
FIRE:  3254 19:21:10   -19987.679688        0.301615
FIRE:  3255 19:21:11   -19987.695312        0.305908
FIRE:  3256 19:21:11   -19987.716797        0.311596
FIRE:  3257 19:21:11   -19987.707031        0.318730
FIRE:  3258 19:21:12   -19987.722656        0.327702
FIRE:  3259 19:21:12   -19987.710938        0.339010
FIRE:  3260 19:21:12   -19987.730469        0.353313
FIRE:  3261 19:21:13   -19987.751953        0.371450
FIRE:  3262 19:21:13   -19987.775391        0.394657
FIRE:  3263 19:21:13   -19987.798828        0.424549
FIRE:  3264 19:21:13   -19987.818359        0.463083
FIRE:  3265 19:21:14   -19987.892578        0.512856
FIRE:  3266 19:21:14   -19987.937500        0.576954
FIRE:  3267 19:21:14   -19987.992188        0.657752
FIRE:  3268 19:21:15   -19988.091797        0.755464
FIRE:  3269 19:21:15   -19988.228516        0.862697
FIRE:  3270 19:21:15   -19988.421875        0.960967
FIRE:  3271 19:21:15   -19988.642578        1.129875
FIRE:  3272 19:21:16   -19989.031250        1.888426
FIRE:  3273 19:21:16   -19989.404297        1.620318
FIRE:  3274 19:21:16   -19989.720703        1.893589
FIRE:  3275 19:21:17   -19990.113281        1.154788
FIRE:  3276 19:21:17   -19990.421875        1.040915
FIRE:  3277 19:21:17   -19990.634766        1.124948
FIRE:  3278 19:21:17   -19990.828125        1.106403
FIRE:  3279 19:21:18   -19991.048828        1.162072
FIRE:  3280 19:21:18   -19991.263672        1.243470
FIRE:  3281 19:21:18   -19991.517578        1.140511
FIRE:  3282 19:21:19   -19991.718750        0.885369
FIRE:  3283 19:21:19   -19991.884766        0.876509
FIRE:  3284 19:21:19   -19992.044922        0.743781
FIRE:  3285 19:21:19   -19992.199219        0.570822
FIRE:  3286 19:21:20   -19992.333984        0.501450
FIRE:  3287 19:21:20   -19992.419922        1.063182
FIRE:  3288 19:21:20   -19992.503906        2.004897
FIRE:  3289 19:21:21   -19990.050781       30.392569
FIRE:  3290 19:21:21   -19992.488281        4.040377
FIRE:  3291 19:21:21   -19992.644531        1.717627
FIRE:  3292 19:21:22   -19992.638672        3.374431
FIRE:  3293 19:21:22   -19992.666016        2.467184
FIRE:  3294 19:21:22   -19992.679688        1.040242
FIRE:  3295 19:21:22   -19992.679688        0.449077
FIRE:  3296 19:21:23   -19992.707031        0.449793
FIRE:  3297 19:21:23   -19992.701172        0.451174
FIRE:  3298 19:21:23   -19992.707031        0.453273
FIRE:  3299 19:21:24   -19992.697266        0.456057
FIRE:  3300 19:21:24   -19992.697266        0.459512
FIRE:  3301 19:21:24   -19992.708984        0.463647
FIRE:  3302 19:21:24   -19992.705078        0.468417
FIRE:  3303 19:21:25   -19992.697266        0.474429
FIRE:  3304 19:21:25   -19992.708984        0.481814
FIRE:  3305 19:21:25   -19992.716797        0.490810
FIRE:  3306 19:21:26   -19992.724609        0.501543
FIRE:  3307 19:21:26   -19992.736328        0.514012
FIRE:  3308 19:21:26   -19992.763672        0.528012
FIRE:  3309 19:21:26   -19992.773438        0.542903
FIRE:  3310 19:21:27   -19992.796875        0.557268
FIRE:  3311 19:21:27   -19992.833984        0.568419
FIRE:  3312 19:21:27   -19992.867188        0.572365
FIRE:  3313 19:21:28   -19992.912109        0.563659
FIRE:  3314 19:21:28   -19992.953125        0.536567
FIRE:  3315 19:21:28   -19993.000000        0.487625
FIRE:  3316 19:21:28   -19993.050781        0.419204
FIRE:  3317 19:21:29   -19993.097656        0.366934
FIRE:  3318 19:21:29   -19993.173828        0.342095
FIRE:  3319 19:21:29   -19993.277344        0.300713
FIRE:  3320 19:21:30   -19993.375000        0.262855
FIRE:  3321 19:21:30   -19993.527344        0.277607
FIRE:  3322 19:21:30   -19993.669922        0.293630
FIRE:  3323 19:21:31   -19993.820312        0.528021
FIRE:  3324 19:21:31   -19994.023438        1.128100
FIRE:  3325 19:21:31   -19994.195312        2.094131
FIRE:  3326 19:21:31   -19994.306641        2.715190
FIRE:  3327 19:21:32   -19994.371094        0.350451
FIRE:  3328 19:21:32   -19994.384766        0.349022
FIRE:  3329 19:21:32   -19994.363281        0.346193
FIRE:  3330 19:21:33   -19994.398438        0.341995
FIRE:  3331 19:21:33   -19994.408203        0.336522
FIRE:  3332 19:21:33   -19994.421875        0.329914
FIRE:  3333 19:21:33   -19994.447266        0.322273
FIRE:  3334 19:21:34   -19994.449219        0.313770
FIRE:  3335 19:21:34   -19994.458984        0.303496
FIRE:  3336 19:21:34   -19994.478516        0.291361
FIRE:  3337 19:21:35   -19994.511719        0.277290
FIRE:  3338 19:21:35   -19994.548828        0.261187
FIRE:  3339 19:21:35   -19994.605469        0.242983
FIRE:  3340 19:21:35   -19994.650391        0.222458
FIRE:  3341 19:21:36   -19994.708984        0.199169
FIRE:  3342 19:21:36   -19994.794922        0.197239
FIRE:  3343 19:21:36   -19994.878906        0.211271
FIRE:  3344 19:21:37   -19995.021484        0.219413
FIRE:  3345 19:21:37   -19995.146484        0.216678
FIRE:  3346 19:21:37   -19995.306641        0.199654
FIRE:  3347 19:21:37   -19995.484375        0.285973
FIRE:  3348 19:21:38   -19995.654297        0.915290
FIRE:  3349 19:21:38   -19995.789062        2.557132
FIRE:  3350 19:21:38   -19995.871094        3.808887
FIRE:  3351 19:21:39   -19995.990234        1.631817
FIRE:  3352 19:21:39   -19996.013672        0.870277
FIRE:  3353 19:21:39   -19996.023438        0.381828
FIRE:  3354 19:21:40   -19996.023438        0.974355
FIRE:  3355 19:21:40   -19996.033203        0.883232
FIRE:  3356 19:21:40   -19996.027344        0.707393
FIRE:  3357 19:21:40   -19996.042969        0.461369
FIRE:  3358 19:21:41   -19996.056641        0.385839
FIRE:  3359 19:21:41   -19996.056641        0.387321
FIRE:  3360 19:21:41   -19996.048828        0.399406
FIRE:  3361 19:21:42   -19996.074219        0.558584
FIRE:  3362 19:21:42   -19996.076172        0.604168
FIRE:  3363 19:21:42   -19996.089844        0.502483
FIRE:  3364 19:21:42   -19996.085938        0.403202
FIRE:  3365 19:21:43   -19996.125000        0.410017
FIRE:  3366 19:21:43   -19996.146484        0.419174
FIRE:  3367 19:21:43   -19996.177734        0.461959
FIRE:  3368 19:21:44   -19996.222656        0.446863
FIRE:  3369 19:21:44   -19996.250000        0.466989
FIRE:  3370 19:21:44   -19996.289062        0.492470
FIRE:  3371 19:21:44   -19996.359375        0.523609
FIRE:  3372 19:21:45   -19996.427734        0.560346
FIRE:  3373 19:21:45   -19996.533203        0.600164
FIRE:  3374 19:21:45   -19996.671875        0.636208
FIRE:  3375 19:21:46   -19996.855469        0.651113
FIRE:  3376 19:21:46   -19997.121094        0.630667
FIRE:  3377 19:21:46   -19997.412109        0.669616
FIRE:  3378 19:21:46   -19997.691406        0.680186
FIRE:  3379 19:21:47   -19997.912109        0.665816
FIRE:  3380 19:21:47   -19998.083984        0.698479
FIRE:  3381 19:21:47   -19998.222656        1.078768
FIRE:  3382 19:21:48   -19998.353516        1.453959
FIRE:  3383 19:21:48   -19998.599609        1.147892
FIRE:  3384 19:21:48   -19998.791016        0.800149
FIRE:  3385 19:21:49   -19998.898438        0.692241
FIRE:  3386 19:21:49   -19999.023438        1.273304
FIRE:  3387 19:21:49   -19999.095703        2.707288
FIRE:  3388 19:21:49   -19998.863281        5.210139
FIRE:  3389 19:21:50   -19999.144531        2.451185
FIRE:  3390 19:21:50   -19999.058594        5.278934
FIRE:  3391 19:21:50   -19999.152344        3.532319
FIRE:  3392 19:21:51   -19999.216797        1.043281
FIRE:  3393 19:21:51   -19999.238281        1.191432
FIRE:  3394 19:21:51   -19999.222656        1.131192
FIRE:  3395 19:21:51   -19999.232422        1.012730
FIRE:  3396 19:21:52   -19999.238281        0.840308
FIRE:  3397 19:21:52   -19999.244141        0.621557
FIRE:  3398 19:21:52   -19999.234375        0.592256
FIRE:  3399 19:21:53   -19999.244141        0.581637
FIRE:  3400 19:21:53   -19999.250000        0.569045
FIRE:  3401 19:21:53   -19999.271484        0.553010
FIRE:  3402 19:21:53   -19999.267578        0.600200
FIRE:  3403 19:21:54   -19999.292969        0.672751
FIRE:  3404 19:21:54   -19999.304688        0.606186
FIRE:  3405 19:21:54   -19999.310547        0.445869
FIRE:  3406 19:21:55   -19999.316406        0.404752
FIRE:  3407 19:21:55   -19999.328125        0.355718
FIRE:  3408 19:21:55   -19999.343750        0.497888
FIRE:  3409 19:21:55   -19999.371094        0.432935
FIRE:  3410 19:21:56   -19999.380859        0.242885
FIRE:  3411 19:21:56   -19999.398438        0.365105
FIRE:  3412 19:21:56   -19999.433594        0.430720
FIRE:  3413 19:21:57   -19999.447266        0.262572
FIRE:  3414 19:21:57   -19999.484375        0.425196
FIRE:  3415 19:21:57   -19999.546875        0.284240
FIRE:  3416 19:21:57   -19999.564453        0.459746
FIRE:  3417 19:21:58   -19999.615234        0.303499
FIRE:  3418 19:21:58   -19999.691406        0.404163
FIRE:  3419 19:21:58   -19999.781250        0.623778
FIRE:  3420 19:21:59   -19999.837891        0.779683
FIRE:  3421 19:21:59   -19999.980469        1.338694
FIRE:  3422 19:21:59   -20000.066406        2.684469
FIRE:  3423 19:22:00   -20000.125000        0.564926
FIRE:  3424 19:22:00   -20000.099609        2.787012
FIRE:  3425 19:22:00   -20000.119141        1.964661
FIRE:  3426 19:22:00   -20000.138672        0.684133
FIRE:  3427 19:22:01   -20000.140625        0.616299
FIRE:  3428 19:22:01   -20000.130859        0.582416
FIRE:  3429 19:22:01   -20000.142578        0.516069
FIRE:  3430 19:22:02   -20000.138672        0.420919
FIRE:  3431 19:22:02   -20000.148438        0.302624
FIRE:  3432 19:22:02   -20000.146484        0.280950
FIRE:  3433 19:22:02   -20000.144531        0.280133
FIRE:  3434 19:22:03   -20000.138672        0.279122
FIRE:  3435 19:22:03   -20000.134766        0.277784
FIRE:  3436 19:22:03   -20000.128906        0.312888
FIRE:  3437 19:22:04   -20000.158203        0.337835
FIRE:  3438 19:22:04   -20000.138672        0.292477
FIRE:  3439 19:22:04   -20000.152344        0.266720
FIRE:  3440 19:22:04   -20000.162109        0.261735
FIRE:  3441 19:22:05   -20000.171875        0.255585
FIRE:  3442 19:22:05   -20000.189453        0.263620
FIRE:  3443 19:22:05   -20000.189453        0.241074
FIRE:  3444 19:22:06   -20000.201172        0.234995
FIRE:  3445 19:22:06   -20000.222656        0.232790
FIRE:  3446 19:22:06   -20000.248047        0.237840
FIRE:  3447 19:22:07   -20000.263672        0.253091
FIRE:  3448 19:22:07   -20000.304688        0.278871
FIRE:  3449 19:22:07   -20000.333984        0.307538
FIRE:  3450 19:22:07   -20000.355469        0.314326
FIRE:  3451 19:22:08   -20000.429688        0.258462
FIRE:  3452 19:22:08   -20000.490234        0.161859
FIRE:  3453 19:22:08   -20000.572266        0.244134
FIRE:  3454 19:22:09   -20000.691406        0.576849
FIRE:  3455 19:22:09   -20000.810547        1.515933
FIRE:  3456 19:22:09   -20000.865234        3.261351
FIRE:  3457 19:22:09   -20000.960938        0.734362
FIRE:  3458 19:22:10   -20000.894531        3.695074
FIRE:  3459 19:22:10   -20000.941406        2.501751
FIRE:  3460 19:22:10   -20000.972656        0.728121
FIRE:  3461 19:22:11   -20000.970703        0.959849
FIRE:  3462 19:22:11   -20000.972656        0.906587
FIRE:  3463 19:22:11   -20000.974609        0.802519
FIRE:  3464 19:22:11   -20000.966797        0.651878
FIRE:  3465 19:22:12   -20000.966797        0.462159
FIRE:  3466 19:22:12   -20000.974609        0.245300
FIRE:  3467 19:22:12   -20000.966797        0.149179
FIRE:  3468 19:22:13   -20000.974609        0.215661
FIRE:  3469 19:22:13   -20000.978516        0.396452
FIRE:  3470 19:22:13   -20000.992188        0.516990
FIRE:  3471 19:22:13   -20000.986328        0.547576
FIRE:  3472 19:22:14   -20000.980469        0.465937
FIRE:  3473 19:22:14   -20000.972656        0.269385
FIRE:  3474 19:22:14   -20000.992188        0.151073
FIRE:  3475 19:22:15   -20001.003906        0.292648
FIRE:  3476 19:22:15   -20000.992188        0.417598
FIRE:  3477 19:22:15   -20001.015625        0.329927
FIRE:  3478 19:22:15   -20001.019531        0.153885
FIRE:  3479 19:22:16   -20001.039062        0.321885
FIRE:  3480 19:22:16   -20001.068359        0.333138
FIRE:  3481 19:22:16   -20001.091797        0.157147
FIRE:  3482 19:22:17   -20001.099609        0.349562
FIRE:  3483 19:22:17   -20001.136719        0.159062
FIRE:  3484 19:22:17   -20001.167969        0.374435
FIRE:  3485 19:22:18   -20001.203125        0.172242
FIRE:  3486 19:22:18   -20001.294922        0.171975
FIRE:  3487 19:22:18   -20001.324219        0.491827
FIRE:  3488 19:22:18   -20001.369141        0.907643
FIRE:  3489 19:22:19   -20001.470703        1.852331
FIRE:  3490 19:22:19   -20001.464844        3.598681
FIRE:  3491 19:22:19   -20001.585938        0.804219
FIRE:  3492 19:22:20   -20001.484375        4.374202
FIRE:  3493 19:22:20   -20001.539062        2.856313
FIRE:  3494 19:22:20   -20001.591797        0.687132
FIRE:  3495 19:22:20   -20001.593750        1.268392
FIRE:  3496 19:22:21   -20001.597656        1.198055
FIRE:  3497 19:22:21   -20001.583984        1.059734
FIRE:  3498 19:22:21   -20001.595703        0.858211
FIRE:  3499 19:22:22   -20001.603516        0.602142
FIRE:  3500 19:22:22   -20001.603516        0.305614
FIRE:  3501 19:22:22   -20001.611328        0.100628
FIRE:  3502 19:22:22   -20001.607422        0.321716
FIRE:  3503 19:22:23   -20001.613281        0.563983
FIRE:  3504 19:22:23   -20001.615234        0.552608
FIRE:  3505 19:22:23   -20001.607422        0.530337
FIRE:  3506 19:22:24   -20001.619141        0.497590
FIRE:  3507 19:22:24   -20001.625000        0.455375
FIRE:  3508 19:22:24   -20001.617188        0.404540
FIRE:  3509 19:22:24   -20001.605469        0.346719
FIRE:  3510 19:22:25   -20001.623047        0.283579
FIRE:  3511 19:22:25   -20001.607422        0.209728
FIRE:  3512 19:22:25   -20001.607422        0.126880
FIRE:  3513 19:22:26   -20001.613281        0.102340
FIRE:  3514 19:22:26   -20001.607422        0.102589
FIRE:  3515 19:22:26   -20001.605469        0.161882
FIRE:  3516 19:22:27   -20001.609375        0.227015
FIRE:  3517 19:22:27   -20001.609375        0.264795
FIRE:  3518 19:22:27   -20001.621094        0.265088
FIRE:  3519 19:22:27   -20001.626953        0.220639
FIRE:  3520 19:22:28   -20001.623047        0.130243
FIRE:  3521 19:22:28   -20001.642578        0.106733
FIRE:  3522 19:22:28   -20001.660156        0.144355
FIRE:  3523 19:22:29   -20001.654297        0.214413
FIRE:  3524 19:22:29   -20001.669922        0.186507
FIRE:  3525 19:22:29   -20001.677734        0.113086
FIRE:  3526 19:22:29   -20001.666016        0.131444
FIRE:  3527 19:22:30   -20001.699219        0.189722
FIRE:  3528 19:22:30   -20001.705078        0.122170
FIRE:  3529 19:22:30   -20001.728516        0.152658
FIRE:  3530 19:22:31   -20001.738281        0.136919
FIRE:  3531 19:22:31   -20001.765625        0.138145
FIRE:  3532 19:22:31   -20001.785156        0.145413
FIRE:  3533 19:22:31   -20001.853516        0.202605
FIRE:  3534 19:22:32   -20001.892578        0.157735
FIRE:  3535 19:22:32   -20001.960938        0.151719
FIRE:  3536 19:22:32   -20002.039062        0.113270
FIRE:  3537 19:22:33   -20002.169922        0.244639
FIRE:  3538 19:22:33   -20002.236328        1.081854
FIRE:  3539 19:22:33   -20002.240234        3.248667
FIRE:  3540 19:22:33   -20002.363281        0.329524
FIRE:  3541 19:22:34   -20002.269531        4.286316
FIRE:  3542 19:22:34   -20002.330078        2.544483
FIRE:  3543 19:22:34   -20002.363281        0.250004
FIRE:  3544 19:22:35   -20002.359375        1.670148
FIRE:  3545 19:22:35   -20002.339844        1.565124
FIRE:  3546 19:22:35   -20002.349609        1.357369
FIRE:  3547 19:22:36   -20002.367188        1.053799
FIRE:  3548 19:22:36   -20002.369141        0.666732
FIRE:  3549 19:22:36   -20002.388672        0.219197
FIRE:  3550 19:22:36   -20002.365234        0.266860
FIRE:  3551 19:22:37   -20002.371094        0.650404
FIRE:  3552 19:22:37   -20002.373047        0.637514
FIRE:  3553 19:22:37   -20002.380859        0.611943
FIRE:  3554 19:22:38   -20002.369141        0.574560
FIRE:  3555 19:22:38   -20002.375000        0.526030
FIRE:  3556 19:22:38   -20002.355469        0.467870
FIRE:  3557 19:22:38   -20002.375000        0.401564
FIRE:  3558 19:22:39   -20002.365234        0.329233
FIRE:  3559 19:22:39   -20002.376953        0.244465
FIRE:  3560 19:22:39   -20002.375000        0.188564
FIRE:  3561 19:22:40   -20002.384766        0.185351
FIRE:  3562 19:22:40   -20002.375000        0.181325
FIRE:  3563 19:22:40   -20002.378906        0.181119
FIRE:  3564 19:22:40   -20002.378906        0.257083
FIRE:  3565 19:22:41   -20002.380859        0.302173
FIRE:  3566 19:22:41   -20002.384766        0.305118
FIRE:  3567 19:22:41   -20002.392578        0.257460
FIRE:  3568 19:22:42   -20002.390625        0.156725
FIRE:  3569 19:22:42   -20002.400391        0.120636
FIRE:  3570 19:22:42   -20002.412109        0.156716
FIRE:  3571 19:22:42   -20002.412109        0.243387
FIRE:  3572 19:22:43   -20002.402344        0.218897
FIRE:  3573 19:22:43   -20002.410156        0.097207
FIRE:  3574 19:22:43   -20002.404297        0.140463
FIRE:  3575 19:22:44   -20002.433594        0.218376
FIRE:  3576 19:22:44   -20002.455078        0.123467
FIRE:  3577 19:22:44   -20002.462891        0.163477
FIRE:  3578 19:22:44   -20002.507812        0.171510
FIRE:  3579 19:22:45   -20002.531250        0.192102
FIRE:  3580 19:22:45   -20002.558594        0.234929
FIRE:  3581 19:22:45   -20002.605469        0.290660
FIRE:  3582 19:22:46   -20002.664062        0.349998
FIRE:  3583 19:22:46   -20002.769531        0.379595
FIRE:  3584 19:22:46   -20002.835938        0.359877
FIRE:  3585 19:22:47   -20002.943359        0.848760
FIRE:  3586 19:22:47   -20002.982422        2.621713
FIRE:  3587 19:22:47   -20003.044922        0.278862
FIRE:  3588 19:22:47   -20003.041016        0.214958
FIRE:  3589 19:22:48   -20003.025391        0.117538
FIRE:  3590 19:22:48   -20003.031250        0.116473
FIRE:  3591 19:22:48   -20003.031250        0.158808
FIRE:  3592 19:22:49   -20003.039062        0.202033
FIRE:  3593 19:22:49   -20003.050781        0.171564
FIRE:  3594 19:22:49   -20003.042969        0.108391
FIRE:  3595 19:22:49   -20003.068359        0.105070
FIRE:  3596 19:22:50   -20003.054688        0.154157
FIRE:  3597 19:22:50   -20003.070312        0.139375
FIRE:  3598 19:22:50   -20003.068359        0.089391
FIRE:  3599 19:22:51   -20003.109375        0.141225
FIRE:  3600 19:22:51   -20003.103516        0.095440
FIRE:  3601 19:22:51   -20003.144531        0.111264
FIRE:  3602 19:22:51   -20003.166016        0.096440
FIRE:  3603 19:22:52   -20003.189453        0.146400
FIRE:  3604 19:22:52   -20003.238281        0.090978
FIRE:  3605 19:22:52   -20003.281250        0.091539
FIRE:  3606 19:22:53   -20003.355469        0.217773
FIRE:  3607 19:22:53   -20003.388672        0.549137
FIRE:  3608 19:22:53   -20003.453125        1.638940
FIRE:  3609 19:22:53   -20003.402344        3.735745
FIRE:  3610 19:22:54   -20003.542969        0.709006
FIRE:  3611 19:22:54   -20003.423828        4.922537
FIRE:  3612 19:22:54   -20003.496094        3.076570
FIRE:  3613 19:22:55   -20003.566406        0.546479
FIRE:  3614 19:22:55   -20003.537109        1.602630
FIRE:  3615 19:22:55   -20003.556641        1.512836
FIRE:  3616 19:22:55   -20003.544922        1.335225
FIRE:  3617 19:22:56   -20003.542969        1.075180
FIRE:  3618 19:22:56   -20003.566406        0.741592
FIRE:  3619 19:22:56   -20003.574219        0.350711
FIRE:  3620 19:22:57   -20003.582031        0.096559
FIRE:  3621 19:22:57   -20003.566406        0.472563
FIRE:  3622 19:22:57   -20003.566406        0.464528
FIRE:  3623 19:22:58   -20003.554688        0.448518
FIRE:  3624 19:22:58   -20003.566406        0.425012
FIRE:  3625 19:22:58   -20003.566406        0.394395
FIRE:  3626 19:22:58   -20003.582031        0.357381
FIRE:  3627 19:22:59   -20003.578125        0.315053
FIRE:  3628 19:22:59   -20003.568359        0.268020
FIRE:  3629 19:22:59   -20003.562500        0.212738
FIRE:  3630 19:23:00   -20003.576172        0.149058
FIRE:  3631 19:23:00   -20003.570312        0.094044
FIRE:  3632 19:23:00   -20003.566406        0.094049
FIRE:  3633 19:23:00   -20003.574219        0.096573
FIRE:  3634 19:23:01   -20003.570312        0.159811
FIRE:  3635 19:23:01   -20003.578125        0.206154
FIRE:  3636 19:23:01   -20003.568359        0.226921
FIRE:  3637 19:23:02   -20003.566406        0.214184
FIRE:  3638 19:23:02   -20003.572266        0.163529
FIRE:  3639 19:23:02   -20003.578125        0.094177
FIRE:  3640 19:23:02   -20003.578125        0.094222
FIRE:  3641 19:23:03   -20003.566406        0.149893
FIRE:  3642 19:23:03   -20003.583984        0.183314
FIRE:  3643 19:23:03   -20003.591797        0.129934
FIRE:  3644 19:23:04   -20003.621094        0.094507
FIRE:  3645 19:23:04   -20003.597656        0.142256
FIRE:  3646 19:23:04   -20003.597656        0.144919
FIRE:  3647 19:23:05   -20003.605469        0.094958
FIRE:  3648 19:23:05   -20003.634766        0.153813
FIRE:  3649 19:23:05   -20003.667969        0.095435
FIRE:  3650 19:23:05   -20003.699219        0.151490
FIRE:  3651 19:23:06   -20003.720703        0.096090
FIRE:  3652 19:23:06   -20003.775391        0.161230
FIRE:  3653 19:23:06   -20003.841797        0.206020
FIRE:  3654 19:23:07   -20003.857422        0.243651
FIRE:  3655 19:23:07   -20003.902344        0.435704
FIRE:  3656 19:23:07   -20003.994141        1.179868
FIRE:  3657 19:23:07   -20004.017578        2.866442
FIRE:  3658 19:23:08   -20004.089844        0.375947
FIRE:  3659 19:23:08   -20004.041016        3.440013
FIRE:  3660 19:23:08   -20004.070312        2.273821
FIRE:  3661 19:23:09   -20004.097656        0.557034
FIRE:  3662 19:23:09   -20004.113281        1.050804
FIRE:  3663 19:23:09   -20004.101562        0.989350
FIRE:  3664 19:23:09   -20004.103516        0.868805
FIRE:  3665 19:23:10   -20004.105469        0.694465
FIRE:  3666 19:23:10   -20004.111328        0.475056
FIRE:  3667 19:23:10   -20004.121094        0.224121
FIRE:  3668 19:23:11   -20004.119141        0.101901
FIRE:  3669 19:23:11   -20004.099609        0.297682
FIRE:  3670 19:23:11   -20004.128906        0.487555
FIRE:  3671 19:23:11   -20004.123047        0.601209
FIRE:  3672 19:23:12   -20004.125000        0.608266
FIRE:  3673 19:23:12   -20004.138672        0.489003
FIRE:  3674 19:23:12   -20004.146484        0.247211
FIRE:  3675 19:23:13   -20004.146484        0.102134
FIRE:  3676 19:23:13   -20004.142578        0.367533
FIRE:  3677 19:23:13   -20004.158203        0.466818
FIRE:  3678 19:23:14   -20004.158203        0.327303
FIRE:  3679 19:23:14   -20004.160156        0.102676
FIRE:  3680 19:23:14   -20004.167969        0.390100
FIRE:  3681 19:23:14   -20004.193359        0.330720
FIRE:  3682 19:23:15   -20004.230469        0.152504
FIRE:  3683 19:23:15   -20004.234375        0.375475
FIRE:  3684 19:23:15   -20004.250000        0.104965
FIRE:  3685 19:23:16   -20004.261719        0.372845
FIRE:  3686 19:23:16   -20004.318359        0.280947
FIRE:  3687 19:23:16   -20004.357422        0.112127
FIRE:  3688 19:23:16   -20004.437500        0.355640
FIRE:  3689 19:23:17   -20004.462891        0.844846
FIRE:  3690 19:23:17   -20004.533203        2.043826
FIRE:  3691 19:23:17   -20004.570312        0.143721
FIRE:  3692 19:23:18   -20004.564453        1.538315
FIRE:  3693 19:23:18   -20004.576172        1.242559
FIRE:  3694 19:23:18   -20004.580078        0.681205
FIRE:  3695 19:23:18   -20004.572266        0.146775
FIRE:  3696 19:23:19   -20004.585938        0.778431
FIRE:  3697 19:23:19   -20004.570312        0.731952
FIRE:  3698 19:23:19   -20004.572266        0.642378
FIRE:  3699 19:23:20   -20004.580078        0.516403
FIRE:  3700 19:23:20   -20004.572266        0.363972
FIRE:  3701 19:23:20   -20004.578125        0.197057
FIRE:  3702 19:23:20   -20004.583984        0.148817
FIRE:  3703 19:23:21   -20004.585938        0.149599
FIRE:  3704 19:23:21   -20004.576172        0.278158
FIRE:  3705 19:23:21   -20004.578125        0.367876
FIRE:  3706 19:23:22   -20004.583984        0.401492
FIRE:  3707 19:23:22   -20004.574219        0.364809
FIRE:  3708 19:23:22   -20004.591797        0.249306
FIRE:  3709 19:23:23   -20004.587891        0.154810
FIRE:  3710 19:23:23   -20004.599609        0.173765
FIRE:  3711 19:23:23   -20004.597656        0.310620
FIRE:  3712 19:23:23   -20004.617188        0.291889
FIRE:  3713 19:23:24   -20004.617188        0.165800
FIRE:  3714 19:23:24   -20004.621094        0.188497
FIRE:  3715 19:23:24   -20004.648438        0.279353
FIRE:  3716 19:23:25   -20004.662109        0.184484
FIRE:  3717 19:23:25   -20004.667969        0.245398
FIRE:  3718 19:23:25   -20004.718750        0.207335
FIRE:  3719 19:23:25   -20004.748047        0.244147
FIRE:  3720 19:23:26   -20004.802734        0.242743
FIRE:  3721 19:23:26   -20004.849609        0.321443
FIRE:  3722 19:23:26   -20004.900391        0.345146
FIRE:  3723 19:23:27   -20004.982422        0.346531
FIRE:  3724 19:23:27   -20005.087891        0.580369
FIRE:  3725 19:23:27   -20005.171875        1.674321
FIRE:  3726 19:23:27   -20005.189453        3.866675
FIRE:  3727 19:23:28   -20005.312500        0.585509
FIRE:  3728 19:23:28   -20005.171875        5.456513
FIRE:  3729 19:23:28   -20005.275391        3.249446
FIRE:  3730 19:23:29   -20005.333984        0.355832
FIRE:  3731 19:23:29   -20005.294922        1.926532
FIRE:  3732 19:23:29   -20005.318359        1.817333
FIRE:  3733 19:23:29   -20005.328125        1.600774
FIRE:  3734 19:23:30   -20005.322266        1.281062
FIRE:  3735 19:23:30   -20005.333984        0.867636
FIRE:  3736 19:23:30   -20005.330078        0.378944
FIRE:  3737 19:23:31   -20005.337891        0.177107
FIRE:  3738 19:23:31   -20005.349609        0.640767
FIRE:  3739 19:23:31   -20005.341797        0.629085
FIRE:  3740 19:23:32   -20005.351562        0.605689
FIRE:  3741 19:23:32   -20005.343750        0.571218
FIRE:  3742 19:23:32   -20005.343750        0.526754
FIRE:  3743 19:23:32   -20005.349609        0.473277
FIRE:  3744 19:23:33   -20005.335938        0.411970
FIRE:  3745 19:23:33   -20005.353516        0.344628
FIRE:  3746 19:23:33   -20005.347656        0.265262
FIRE:  3747 19:23:34   -20005.363281        0.174862
FIRE:  3748 19:23:34   -20005.341797        0.131958
FIRE:  3749 19:23:34   -20005.351562        0.131919
FIRE:  3750 19:23:34   -20005.351562        0.153506
FIRE:  3751 19:23:35   -20005.361328        0.234421
FIRE:  3752 19:23:35   -20005.341797        0.288819
FIRE:  3753 19:23:35   -20005.353516        0.305878
FIRE:  3754 19:23:36   -20005.343750        0.276175
FIRE:  3755 19:23:36   -20005.351562        0.194700
FIRE:  3756 19:23:36   -20005.337891        0.131234
FIRE:  3757 19:23:36   -20005.343750        0.131032
FIRE:  3758 19:23:37   -20005.351562        0.221102
FIRE:  3759 19:23:37   -20005.351562        0.240665
FIRE:  3760 19:23:37   -20005.373047        0.138941
FIRE:  3761 19:23:38   -20005.386719        0.129690
FIRE:  3762 19:23:38   -20005.398438        0.208389
FIRE:  3763 19:23:38   -20005.408203        0.162800
FIRE:  3764 19:23:38   -20005.449219        0.131759
FIRE:  3765 19:23:39   -20005.468750        0.206498
FIRE:  3766 19:23:39   -20005.478516        0.135048
FIRE:  3767 19:23:39   -20005.525391        0.204626
FIRE:  3768 19:23:40   -20005.558594        0.138235
FIRE:  3769 19:23:40   -20005.609375        0.138874
FIRE:  3770 19:23:40   -20005.667969        0.272577
FIRE:  3771 19:23:41   -20005.701172        0.453965
FIRE:  3772 19:23:41   -20005.796875        0.860129
FIRE:  3773 19:23:41   -20005.853516        2.073692
FIRE:  3774 19:23:41   -20005.888672        0.114451
FIRE:  3775 19:23:42   -20005.878906        1.571334
FIRE:  3776 19:23:42   -20005.888672        1.265268
FIRE:  3777 19:23:42   -20005.900391        0.683610
FIRE:  3778 19:23:43   -20005.890625        0.118299
FIRE:  3779 19:23:43   -20005.902344        0.818242
FIRE:  3780 19:23:43   -20005.904297        0.768275
FIRE:  3781 19:23:43   -20005.898438        0.672203
FIRE:  3782 19:23:44   -20005.910156        0.537354
FIRE:  3783 19:23:44   -20005.886719        0.374281
FIRE:  3784 19:23:44   -20005.910156        0.196015
FIRE:  3785 19:23:45   -20005.916016        0.114491
FIRE:  3786 19:23:45   -20005.914062        0.169638
FIRE:  3787 19:23:45   -20005.902344        0.302685
FIRE:  3788 19:23:45   -20005.906250        0.393102
FIRE:  3789 19:23:46   -20005.914062        0.423708
FIRE:  3790 19:23:46   -20005.910156        0.379959
FIRE:  3791 19:23:46   -20005.902344        0.254090
FIRE:  3792 19:23:47   -20005.900391        0.114305
FIRE:  3793 19:23:47   -20005.923828        0.193026
FIRE:  3794 19:23:47   -20005.906250        0.330701
FIRE:  3795 19:23:47   -20005.917969        0.302005
FIRE:  3796 19:23:48   -20005.927734        0.113816
FIRE:  3797 19:23:48   -20005.916016        0.208466
FIRE:  3798 19:23:48   -20005.960938        0.290885
FIRE:  3799 19:23:49   -20005.966797        0.112841
FIRE:  3800 19:23:49   -20005.982422        0.267593
FIRE:  3801 19:23:49   -20005.990234        0.156239
FIRE:  3802 19:23:49   -20006.009766        0.275196
FIRE:  3803 19:23:50   -20006.035156        0.110418
FIRE:  3804 19:23:50   -20006.093750        0.335124
FIRE:  3805 19:23:50   -20006.125000        0.415626
FIRE:  3806 19:23:51   -20006.181641        0.464322
FIRE:  3807 19:23:51   -20006.220703        0.772170
FIRE:  3808 19:23:51   -20006.304688        1.974333
FIRE:  3809 19:23:52   -20006.216797        4.365510
FIRE:  3810 19:23:52   -20006.416016        0.823447
FIRE:  3811 19:23:52   -20006.238281        6.611764
FIRE:  3812 19:23:52   -20006.367188        3.742136
FIRE:  3813 19:23:53   -20006.435547        0.197330
FIRE:  3814 19:23:53   -20006.404297        2.356674
FIRE:  3815 19:23:53   -20006.404297        2.228485
FIRE:  3816 19:23:54   -20006.408203        1.972160
FIRE:  3817 19:23:54   -20006.423828        1.589540
FIRE:  3818 19:23:54   -20006.437500        1.087357
FIRE:  3819 19:23:54   -20006.441406        0.482149
FIRE:  3820 19:23:55   -20006.455078        0.218696
FIRE:  3821 19:23:55   -20006.445312        0.214995
FIRE:  3822 19:23:55   -20006.445312        0.207570
FIRE:  3823 19:23:56   -20006.443359        0.196733
FIRE:  3824 19:23:56   -20006.425781        0.182545
FIRE:  3825 19:23:56   -20006.443359        0.165563
FIRE:  3826 19:23:56   -20006.441406        0.145991
FIRE:  3827 19:23:57   -20006.435547        0.124678
FIRE:  3828 19:23:57   -20006.441406        0.122917
FIRE:  3829 19:23:57   -20006.441406        0.122954
FIRE:  3830 19:23:58   -20006.429688        0.123002
FIRE:  3831 19:23:58   -20006.437500        0.123065
FIRE:  3832 19:23:58   -20006.421875        0.123138
FIRE:  3833 19:23:59   -20006.443359        0.123232
FIRE:  3834 19:23:59   -20006.427734        0.123345
FIRE:  3835 19:23:59   -20006.439453        0.123486
FIRE:  3836 19:23:59   -20006.451172        0.123661
FIRE:  3837 19:24:00   -20006.455078        0.123877
FIRE:  3838 19:24:00   -20006.457031        0.124137
FIRE:  3839 19:24:00   -20006.462891        0.124467
FIRE:  3840 19:24:01   -20006.457031        0.124863
FIRE:  3841 19:24:01   -20006.466797        0.125351
FIRE:  3842 19:24:01   -20006.468750        0.125943
FIRE:  3843 19:24:01   -20006.462891        0.126667
FIRE:  3844 19:24:02   -20006.468750        0.127550
FIRE:  3845 19:24:02   -20006.480469        0.128612
FIRE:  3846 19:24:02   -20006.478516        0.129892
FIRE:  3847 19:24:03   -20006.476562        0.131401
FIRE:  3848 19:24:03   -20006.515625        0.133132
FIRE:  3849 19:24:03   -20006.564453        0.134993
FIRE:  3850 19:24:03   -20006.607422        0.136734
FIRE:  3851 19:24:04   -20006.626953        0.137844
FIRE:  3852 19:24:04   -20006.712891        0.136957
FIRE:  3853 19:24:04   -20006.714844        0.155763
FIRE:  3854 19:24:05   -20006.810547        0.406625
FIRE:  3855 19:24:05   -20006.863281        1.368484
FIRE:  3856 19:24:05   -20006.847656        3.505955
FIRE:  3857 19:24:05   -20006.955078        0.406999
FIRE:  3858 19:24:06   -20006.849609        4.784287
FIRE:  3859 19:24:06   -20006.927734        2.913997
FIRE:  3860 19:24:06   -20006.976562        0.385716
FIRE:  3861 19:24:07   -20006.955078        1.702003
FIRE:  3862 19:24:07   -20006.960938        1.602947
FIRE:  3863 19:24:07   -20006.968750        1.406808
FIRE:  3864 19:24:08   -20006.974609        1.119266
FIRE:  3865 19:24:08   -20006.980469        0.750141
FIRE:  3866 19:24:08   -20006.974609        0.317869
FIRE:  3867 19:24:08   -20006.974609        0.174231
FIRE:  3868 19:24:09   -20006.972656        0.573859
FIRE:  3869 19:24:09   -20006.976562        0.563397
FIRE:  3870 19:24:09   -20006.968750        0.542822
FIRE:  3871 19:24:10   -20006.962891        0.512506
FIRE:  3872 19:24:10   -20006.974609        0.472858
FIRE:  3873 19:24:10   -20006.980469        0.425471
FIRE:  3874 19:24:10   -20006.964844        0.370954
FIRE:  3875 19:24:11   -20006.962891        0.311019
FIRE:  3876 19:24:11   -20006.968750        0.240386
FIRE:  3877 19:24:11   -20006.974609        0.172697
FIRE:  3878 19:24:12   -20006.978516        0.172963
FIRE:  3879 19:24:12   -20006.980469        0.173298
FIRE:  3880 19:24:12   -20006.970703        0.173717
FIRE:  3881 19:24:12   -20006.976562        0.212136
FIRE:  3882 19:24:13   -20006.978516        0.261139
FIRE:  3883 19:24:13   -20006.972656        0.276719
FIRE:  3884 19:24:13   -20006.978516        0.250451
FIRE:  3885 19:24:14   -20006.984375        0.177793
FIRE:  3886 19:24:14   -20006.986328        0.179039
FIRE:  3887 19:24:14   -20006.994141        0.180718
FIRE:  3888 19:24:14   -20006.986328        0.199873
FIRE:  3889 19:24:15   -20006.984375        0.218486
FIRE:  3890 19:24:15   -20006.996094        0.188389
FIRE:  3891 19:24:15   -20007.009766        0.192174
FIRE:  3892 19:24:16   -20007.007812        0.196830
FIRE:  3893 19:24:16   -20007.031250        0.202520
FIRE:  3894 19:24:16   -20007.052734        0.209507
FIRE:  3895 19:24:17   -20007.070312        0.218127
FIRE:  3896 19:24:17   -20007.099609        0.228708
FIRE:  3897 19:24:17   -20007.121094        0.241730
FIRE:  3898 19:24:17   -20007.134766        0.257516
FIRE:  3899 19:24:18   -20007.203125        0.276537
FIRE:  3900 19:24:18   -20007.242188        0.298725
FIRE:  3901 19:24:18   -20007.328125        0.330576
FIRE:  3902 19:24:19   -20007.423828        0.584043
FIRE:  3903 19:24:19   -20007.533203        1.553884
FIRE:  3904 19:24:19   -20007.568359        3.585386
FIRE:  3905 19:24:19   -20007.695312        0.506824
FIRE:  3906 19:24:20   -20007.595703        4.801740
FIRE:  3907 19:24:20   -20007.673828        2.950205
FIRE:  3908 19:24:20   -20007.718750        0.435078
FIRE:  3909 19:24:21   -20007.712891        1.646272
FIRE:  3910 19:24:21   -20007.699219        1.551357
FIRE:  3911 19:24:21   -20007.703125        1.363764
FIRE:  3912 19:24:21   -20007.722656        1.088898
FIRE:  3913 19:24:22   -20007.716797        0.737040
FIRE:  3914 19:24:22   -20007.734375        0.335370
FIRE:  3915 19:24:22   -20007.734375        0.334584
FIRE:  3916 19:24:23   -20007.728516        0.523374
FIRE:  3917 19:24:23   -20007.744141        0.514193
FIRE:  3918 19:24:23   -20007.724609        0.495837
FIRE:  3919 19:24:23   -20007.724609        0.468707
FIRE:  3920 19:24:24   -20007.728516        0.433596
FIRE:  3921 19:24:24   -20007.732422        0.391316
FIRE:  3922 19:24:24   -20007.734375        0.342943
FIRE:  3923 19:24:25   -20007.726562        0.333289
FIRE:  3924 19:24:25   -20007.730469        0.333150
FIRE:  3925 19:24:25   -20007.732422        0.332965
FIRE:  3926 19:24:26   -20007.732422        0.332731
FIRE:  3927 19:24:26   -20007.718750        0.332409
FIRE:  3928 19:24:26   -20007.730469        0.331998
FIRE:  3929 19:24:26   -20007.734375        0.331460
FIRE:  3930 19:24:27   -20007.738281        0.330763
FIRE:  3931 19:24:27   -20007.748047        0.329871
FIRE:  3932 19:24:27   -20007.744141        0.328722
FIRE:  3933 19:24:28   -20007.746094        0.327261
FIRE:  3934 19:24:28   -20007.763672        0.325383
FIRE:  3935 19:24:28   -20007.771484        0.322989
FIRE:  3936 19:24:28   -20007.779297        0.319949
FIRE:  3937 19:24:29   -20007.792969        0.316083
FIRE:  3938 19:24:29   -20007.796875        0.311132
FIRE:  3939 19:24:29   -20007.808594        0.304653
FIRE:  3940 19:24:30   -20007.826172        0.296009
FIRE:  3941 19:24:30   -20007.853516        0.284323
FIRE:  3942 19:24:30   -20007.875000        0.268505
FIRE:  3943 19:24:30   -20007.916016        0.267625
FIRE:  3944 19:24:31   -20007.955078        0.276633
FIRE:  3945 19:24:31   -20008.003906        0.286185
FIRE:  3946 19:24:31   -20008.031250        0.295349
FIRE:  3947 19:24:32   -20008.099609        0.301835
FIRE:  3948 19:24:32   -20008.156250        0.301022
FIRE:  3949 19:24:32   -20008.238281        0.392226
FIRE:  3950 19:24:32   -20008.289062        0.819899
FIRE:  3951 19:24:33   -20008.369141        2.090178
FIRE:  3952 19:24:33   -20008.380859        0.236906
FIRE:  3953 19:24:33   -20008.371094        1.568870
FIRE:  3954 19:24:34   -20008.384766        1.269240
FIRE:  3955 19:24:34   -20008.396484        0.699349
FIRE:  3956 19:24:34   -20008.412109        0.201252
FIRE:  3957 19:24:34   -20008.417969        0.794102
FIRE:  3958 19:24:35   -20008.400391        0.746688
FIRE:  3959 19:24:35   -20008.412109        0.655291
FIRE:  3960 19:24:35   -20008.400391        0.527011
FIRE:  3961 19:24:36   -20008.402344        0.371839
FIRE:  3962 19:24:36   -20008.400391        0.202206
FIRE:  3963 19:24:36   -20008.408203        0.182085
FIRE:  3964 19:24:37   -20008.410156        0.178689
FIRE:  3965 19:24:37   -20008.417969        0.284806
FIRE:  3966 19:24:37   -20008.423828        0.375715
FIRE:  3967 19:24:37   -20008.425781        0.409287
FIRE:  3968 19:24:38   -20008.447266        0.371013
FIRE:  3969 19:24:38   -20008.437500        0.252482
FIRE:  3970 19:24:38   -20008.441406        0.178365
FIRE:  3971 19:24:39   -20008.439453        0.183688
FIRE:  3972 19:24:39   -20008.439453        0.318785
FIRE:  3973 19:24:39   -20008.443359        0.292893
FIRE:  3974 19:24:39   -20008.449219        0.174709
FIRE:  3975 19:24:40   -20008.472656        0.205425
FIRE:  3976 19:24:40   -20008.488281        0.281402
FIRE:  3977 19:24:40   -20008.486328        0.162343
FIRE:  3978 19:24:41   -20008.498047        0.264075
FIRE:  3979 19:24:41   -20008.503906        0.144989
FIRE:  3980 19:24:41   -20008.529297        0.275724
FIRE:  3981 19:24:41   -20008.558594        0.122179
FIRE:  3982 19:24:42   -20008.583984        0.310051
FIRE:  3983 19:24:42   -20008.638672        0.417722
FIRE:  3984 19:24:42   -20008.703125        0.485618
FIRE:  3985 19:24:43   -20008.765625        0.789824
FIRE:  3986 19:24:43   -20008.816406        1.898904
FIRE:  3987 19:24:43   -20008.835938        0.085628
FIRE:  3988 19:24:44   -20008.820312        1.464551
FIRE:  3989 19:24:44   -20008.822266        1.171807
FIRE:  3990 19:24:44   -20008.841797        0.618342
FIRE:  3991 19:24:44   -20008.818359        0.142189
FIRE:  3992 19:24:45   -20008.835938        0.134879
FIRE:  3993 19:24:45   -20008.830078        0.120470
FIRE:  3994 19:24:45   -20008.839844        0.100258
FIRE:  3995 19:24:46   -20008.828125        0.085687
FIRE:  3996 19:24:46   -20008.839844        0.085686
FIRE:  3997 19:24:46   -20008.839844        0.085676
FIRE:  3998 19:24:46   -20008.820312        0.085681
FIRE:  3999 19:24:47   -20008.835938        0.085675
FIRE:  4000 19:24:47   -20008.830078        0.085689
FIRE:  4001 19:24:47   -20008.828125        0.085691
FIRE:  4002 19:24:48   -20008.833984        0.085682
FIRE:  4003 19:24:48   -20008.824219        0.085704
FIRE:  4004 19:24:48   -20008.853516        0.085678
FIRE:  4005 19:24:48   -20008.845703        0.085677
FIRE:  4006 19:24:49   -20008.855469        0.085670
FIRE:  4007 19:24:49   -20008.873047        0.085657
FIRE:  4008 19:24:49   -20008.857422        0.085623
FIRE:  4009 19:24:50   -20008.875000        0.085578
FIRE:  4010 19:24:50   -20008.871094        0.085510
FIRE:  4011 19:24:50   -20008.884766        0.085408
FIRE:  4012 19:24:50   -20008.921875        0.085267
FIRE:  4013 19:24:51   -20008.935547        0.085081
FIRE:  4014 19:24:51   -20008.972656        0.084851
FIRE:  4015 19:24:51   -20008.984375        0.084594
FIRE:  4016 19:24:52   -20008.988281        0.084367
FIRE:  4017 19:24:52   -20009.011719        0.084338
FIRE:  4018 19:24:52   -20009.083984        0.116855
FIRE:  4019 19:24:53   -20009.101562        0.340724
FIRE:  4020 19:24:53   -20009.171875        1.281320
FIRE:  4021 19:24:53   -20009.117188        3.489992
FIRE:  4022 19:24:53   -20009.226562        0.282386
FIRE:  4023 19:24:54   -20009.105469        4.911054
FIRE:  4024 19:24:54   -20009.177734        2.912412
FIRE:  4025 19:24:54   -20009.246094        0.265631
FIRE:  4026 19:24:55   -20009.222656        1.842626
FIRE:  4027 19:24:55   -20009.232422        1.733817
FIRE:  4028 19:24:55   -20009.242188        1.517948
FIRE:  4029 19:24:55   -20009.251953        1.200005
FIRE:  4030 19:24:56   -20009.246094        0.790235
FIRE:  4031 19:24:56   -20009.251953        0.307856
FIRE:  4032 19:24:56   -20009.251953        0.238555
FIRE:  4033 19:24:57   -20009.261719        0.234335
FIRE:  4034 19:24:57   -20009.261719        0.226038
FIRE:  4035 19:24:57   -20009.259766        0.213832
FIRE:  4036 19:24:57   -20009.259766        0.198017
FIRE:  4037 19:24:58   -20009.263672        0.178792
FIRE:  4038 19:24:58   -20009.257812        0.157112
FIRE:  4039 19:24:58   -20009.255859        0.133090
FIRE:  4040 19:24:59   -20009.253906        0.105081
FIRE:  4041 19:24:59   -20009.257812        0.085705
FIRE:  4042 19:24:59   -20009.246094        0.085670
FIRE:  4043 19:24:59   -20009.253906        0.085631
FIRE:  4044 19:25:00   -20009.251953        0.085586
FIRE:  4045 19:25:00   -20009.250000        0.094838
FIRE:  4046 19:25:00   -20009.261719        0.114479
FIRE:  4047 19:25:01   -20009.257812        0.120118
FIRE:  4048 19:25:01   -20009.242188        0.107486
FIRE:  4049 19:25:01   -20009.253906        0.085134
FIRE:  4050 19:25:02   -20009.257812        0.084973
FIRE:  4051 19:25:02   -20009.271484        0.084881
FIRE:  4052 19:25:02   -20009.265625        0.091906
FIRE:  4053 19:25:02   -20009.277344        0.091697
FIRE:  4054 19:25:03   -20009.263672        0.086566
FIRE:  4055 19:25:03   -20009.277344        0.087372
FIRE:  4056 19:25:03   -20009.298828        0.089181
FIRE:  4057 19:25:04   -20009.296875        0.089465
FIRE:  4058 19:25:04   -20009.314453        0.090791
FIRE:  4059 19:25:04   -20009.326172        0.092258
FIRE:  4060 19:25:04   -20009.330078        0.093852
FIRE:  4061 19:25:05   -20009.351562        0.095427
FIRE:  4062 19:25:05   -20009.386719        0.096701
FIRE:  4063 19:25:05   -20009.414062        0.097344
FIRE:  4064 19:25:06   -20009.445312        0.096639
FIRE:  4065 19:25:06   -20009.503906        0.144094
FIRE:  4066 19:25:06   -20009.521484        0.394720
FIRE:  4067 19:25:06   -20009.548828        1.324039
FIRE:  4068 19:25:07   -20009.490234        3.400558
FIRE:  4069 19:25:07   -20009.617188        0.311399
FIRE:  4070 19:25:07   -20009.501953        4.696109
FIRE:  4071 19:25:08   -20009.578125        2.835660
FIRE:  4072 19:25:08   -20009.630859        0.329767
FIRE:  4073 19:25:08   -20009.597656        1.725399
FIRE:  4074 19:25:08   -20009.603516        1.623685
FIRE:  4075 19:25:09   -20009.611328        1.422341
FIRE:  4076 19:25:09   -20009.625000        1.126549
FIRE:  4077 19:25:09   -20009.621094        0.746421
FIRE:  4078 19:25:10   -20009.628906        0.300264
FIRE:  4079 19:25:10   -20009.623047        0.203080
FIRE:  4080 19:25:10   -20009.617188        0.199568
FIRE:  4081 19:25:11   -20009.630859        0.192735
FIRE:  4082 19:25:11   -20009.625000        0.182446
FIRE:  4083 19:25:11   -20009.628906        0.169231
FIRE:  4084 19:25:11   -20009.628906        0.153304
FIRE:  4085 19:25:12   -20009.640625        0.135342
FIRE:  4086 19:25:12   -20009.634766        0.115303
FIRE:  4087 19:25:12   -20009.650391        0.091814
FIRE:  4088 19:25:13   -20009.634766        0.070599
FIRE:  4089 19:25:13   -20009.630859        0.070607
FIRE:  4090 19:25:13   -20009.628906        0.070605
FIRE:  4091 19:25:13   -20009.638672        0.070603
FIRE:  4092 19:25:14   -20009.636719        0.079324
FIRE:  4093 19:25:14   -20009.650391        0.096769
FIRE:  4094 19:25:14   -20009.648438        0.102561
FIRE:  4095 19:25:15   -20009.654297        0.093457
FIRE:  4096 19:25:15   -20009.652344        0.070611
FIRE:  4097 19:25:15   -20009.669922        0.070604
FIRE:  4098 19:25:15   -20009.660156        0.070612
FIRE:  4099 19:25:16   -20009.677734        0.076819
FIRE:  4100 19:25:16   -20009.669922        0.079614
FIRE:  4101 19:25:16   -20009.667969        0.070587
FIRE:  4102 19:25:17   -20009.660156        0.070563
FIRE:  4103 19:25:17   -20009.683594        0.075701
FIRE:  4104 19:25:17   -20009.685547        0.070456
FIRE:  4105 19:25:17   -20009.679688        0.070341
FIRE:  4106 19:25:18   -20009.697266        0.070141
FIRE:  4107 19:25:18   -20009.720703        0.069862
FIRE:  4108 19:25:18   -20009.736328        0.069445
FIRE:  4109 19:25:19   -20009.761719        0.068843
FIRE:  4110 19:25:19   -20009.773438        0.067999
FIRE:  4111 19:25:19   -20009.820312        0.071292
FIRE:  4112 19:25:20   -20009.841797        0.145141
FIRE:  4113 19:25:20   -20009.884766        0.377181
FIRE:  4114 19:25:20   -20009.947266        1.212731
FIRE:  4115 19:25:20   -20009.958984        3.107494
FIRE:  4116 19:25:21   -20010.054688        0.257681
FIRE:  4117 19:25:21   -20009.957031        4.093399
FIRE:  4118 19:25:21   -20010.001953        2.548292
FIRE:  4119 19:25:22   -20010.042969        0.394407
FIRE:  4120 19:25:22   -20010.031250        1.462361
FIRE:  4121 19:25:22   -20010.048828        1.374878
FIRE:  4122 19:25:22   -20010.029297        1.202159
FIRE:  4123 19:25:23   -20010.023438        0.950234
FIRE:  4124 19:25:23   -20010.037109        0.628849
FIRE:  4125 19:25:23   -20010.056641        0.255658
FIRE:  4126 19:25:24   -20010.060547        0.161675
FIRE:  4127 19:25:24   -20010.048828        0.158914
FIRE:  4128 19:25:24   -20010.048828        0.153538
FIRE:  4129 19:25:24   -20010.052734        0.145786
FIRE:  4130 19:25:25   -20010.042969        0.135469
FIRE:  4131 19:25:25   -20010.052734        0.123280
FIRE:  4132 19:25:25   -20010.044922        0.109174
FIRE:  4133 19:25:26   -20010.056641        0.093551
FIRE:  4134 19:25:26   -20010.060547        0.075425
FIRE:  4135 19:25:26   -20010.023438        0.068986
FIRE:  4136 19:25:27   -20010.062500        0.069017
FIRE:  4137 19:25:27   -20010.050781        0.069059
FIRE:  4138 19:25:27   -20010.070312        0.069113
FIRE:  4139 19:25:27   -20010.072266        0.069183
FIRE:  4140 19:25:28   -20010.054688        0.076914
FIRE:  4141 19:25:28   -20010.060547        0.082470
FIRE:  4142 19:25:28   -20010.068359        0.076384
FIRE:  4143 19:25:29   -20010.052734        0.069644
FIRE:  4144 19:25:29   -20010.054688        0.069831
FIRE:  4145 19:25:29   -20010.072266        0.070063
FIRE:  4146 19:25:29   -20010.066406        0.070351
FIRE:  4147 19:25:30   -20010.076172        0.070696
FIRE:  4148 19:25:30   -20010.054688        0.071122
FIRE:  4149 19:25:30   -20010.064453        0.071641
FIRE:  4150 19:25:31   -20010.056641        0.072278
FIRE:  4151 19:25:31   -20010.066406        0.073053
FIRE:  4152 19:25:31   -20010.070312        0.074007
FIRE:  4153 19:25:31   -20010.087891        0.075176
FIRE:  4154 19:25:32   -20010.101562        0.076583
FIRE:  4155 19:25:32   -20010.117188        0.078304
FIRE:  4156 19:25:32   -20010.138672        0.080383
FIRE:  4157 19:25:33   -20010.167969        0.082885
FIRE:  4158 19:25:33   -20010.185547        0.085866
FIRE:  4159 19:25:33   -20010.232422        0.127593
FIRE:  4160 19:25:33   -20010.279297        0.316014
FIRE:  4161 19:25:34   -20010.316406        1.022821
FIRE:  4162 19:25:34   -20010.312500        2.724370
FIRE:  4163 19:25:34   -20010.392578        0.185514
FIRE:  4164 19:25:35   -20010.320312        3.376505
FIRE:  4165 19:25:35   -20010.357422        2.173513
FIRE:  4166 19:25:35   -20010.390625        0.428656
FIRE:  4167 19:25:36   -20010.367188        1.157826
FIRE:  4168 19:25:36   -20010.367188        1.087081
FIRE:  4169 19:25:36   -20010.384766        0.948491
FIRE:  4170 19:25:36   -20010.398438        0.747592
FIRE:  4171 19:25:37   -20010.367188        0.494128
FIRE:  4172 19:25:37   -20010.392578        0.203324
FIRE:  4173 19:25:37   -20010.386719        0.119059
FIRE:  4174 19:25:38   -20010.390625        0.377978
FIRE:  4175 19:25:38   -20010.373047        0.371403
FIRE:  4176 19:25:38   -20010.382812        0.358148
FIRE:  4177 19:25:38   -20010.382812        0.338783
FIRE:  4178 19:25:39   -20010.384766        0.313564
FIRE:  4179 19:25:39   -20010.400391        0.283174
FIRE:  4180 19:25:39   -20010.384766        0.248181
FIRE:  4181 19:25:40   -20010.367188        0.209782
FIRE:  4182 19:25:40   -20010.382812        0.164338
FIRE:  4183 19:25:40   -20010.390625        0.112267
FIRE:  4184 19:25:40   -20010.386719        0.101931
FIRE:  4185 19:25:41   -20010.390625        0.101959
FIRE:  4186 19:25:41   -20010.386719        0.101997
FIRE:  4187 19:25:41   -20010.392578        0.134725
FIRE:  4188 19:25:42   -20010.394531        0.169600
FIRE:  4189 19:25:42   -20010.378906        0.182825
FIRE:  4190 19:25:42   -20010.396484        0.168201
FIRE:  4191 19:25:42   -20010.390625        0.122396
FIRE:  4192 19:25:43   -20010.400391        0.102496
FIRE:  4193 19:25:43   -20010.384766        0.102648
FIRE:  4194 19:25:43   -20010.410156        0.127678
FIRE:  4195 19:25:44   -20010.388672        0.144517
FIRE:  4196 19:25:44   -20010.386719        0.103311
FIRE:  4197 19:25:44   -20010.406250        0.103618
FIRE:  4198 19:25:45   -20010.406250        0.122327
FIRE:  4199 19:25:45   -20010.433594        0.104893
FIRE:  4200 19:25:45   -20010.460938        0.104875
FIRE:  4201 19:25:45   -20010.451172        0.124434
FIRE:  4202 19:25:46   -20010.472656        0.105989
FIRE:  4203 19:25:46   -20010.478516        0.125149
FIRE:  4204 19:25:46   -20010.527344        0.107229
FIRE:  4205 19:25:47   -20010.550781        0.107814
FIRE:  4206 19:25:47   -20010.560547        0.171694
FIRE:  4207 19:25:47   -20010.583984        0.256712
FIRE:  4208 19:25:47   -20010.630859        0.502626
FIRE:  4209 19:25:48   -20010.689453        1.293092
FIRE:  4210 19:25:48   -20010.646484        3.019298
FIRE:  4211 19:25:48   -20010.720703        0.336533
FIRE:  4212 19:25:49   -20010.648438        3.834013
FIRE:  4213 19:25:49   -20010.691406        2.451875
FIRE:  4214 19:25:49   -20010.730469        0.479199
FIRE:  4215 19:25:49   -20010.718750        1.277169
FIRE:  4216 19:25:50   -20010.728516        1.201462
FIRE:  4217 19:25:50   -20010.724609        1.052582
FIRE:  4218 19:25:50   -20010.720703        0.836296
FIRE:  4219 19:25:51   -20010.722656        0.561799
FIRE:  4220 19:25:51   -20010.722656        0.244877
FIRE:  4221 19:25:51   -20010.726562        0.137016
FIRE:  4222 19:25:51   -20010.734375        0.396845
FIRE:  4223 19:25:52   -20010.734375        0.389783
FIRE:  4224 19:25:52   -20010.736328        0.376229
FIRE:  4225 19:25:52   -20010.726562        0.356135
FIRE:  4226 19:25:53   -20010.728516        0.329804
FIRE:  4227 19:25:53   -20010.726562        0.298315
FIRE:  4228 19:25:53   -20010.730469        0.261999
FIRE:  4229 19:25:54   -20010.742188        0.221963
FIRE:  4230 19:25:54   -20010.740234        0.174697
FIRE:  4231 19:25:54   -20010.742188        0.137349
FIRE:  4232 19:25:54   -20010.738281        0.137408
FIRE:  4233 19:25:55   -20010.736328        0.137479
FIRE:  4234 19:25:55   -20010.750000        0.137573
FIRE:  4235 19:25:55   -20010.742188        0.137686
FIRE:  4236 19:25:56   -20010.744141        0.174387
FIRE:  4237 19:25:56   -20010.738281        0.190364
FIRE:  4238 19:25:56   -20010.744141        0.177432
FIRE:  4239 19:25:56   -20010.746094        0.138435
FIRE:  4240 19:25:57   -20010.755859        0.138727
FIRE:  4241 19:25:57   -20010.748047        0.139079
FIRE:  4242 19:25:57   -20010.748047        0.139501
FIRE:  4243 19:25:58   -20010.761719        0.151840
FIRE:  4244 19:25:58   -20010.767578        0.140595
FIRE:  4245 19:25:58   -20010.769531        0.141287
FIRE:  4246 19:25:58   -20010.753906        0.142086
FIRE:  4247 19:25:59   -20010.796875        0.142945
FIRE:  4248 19:25:59   -20010.792969        0.148986
FIRE:  4249 19:25:59   -20010.812500        0.165235
FIRE:  4250 19:26:00   -20010.824219        0.186109
FIRE:  4251 19:26:00   -20010.853516        0.212525
FIRE:  4252 19:26:00   -20010.880859        0.244347
FIRE:  4253 19:26:00   -20010.943359        0.279030
FIRE:  4254 19:26:01   -20010.978516        0.308677
FIRE:  4255 19:26:01   -20011.062500        0.318999
FIRE:  4256 19:26:01   -20011.154297        0.294958
FIRE:  4257 19:26:02   -20011.253906        0.404652
FIRE:  4258 19:26:02   -20011.365234        1.433706
FIRE:  4259 19:26:02   -20011.367188        5.670935
FIRE:  4260 19:26:03   -20011.482422        2.520413
FIRE:  4261 19:26:03   -20011.503906        1.894963
FIRE:  4262 19:26:03   -20011.539062        0.655844
FIRE:  4263 19:26:03   -20011.533203        1.002445
FIRE:  4264 19:26:04   -20011.546875        0.913230
FIRE:  4265 19:26:04   -20011.542969        0.745141
FIRE:  4266 19:26:04   -20011.542969        0.517327
FIRE:  4267 19:26:05   -20011.542969        0.293986
FIRE:  4268 19:26:05   -20011.544922        0.294062
FIRE:  4269 19:26:05   -20011.533203        0.294160
FIRE:  4270 19:26:05   -20011.548828        0.419816
FIRE:  4271 19:26:06   -20011.556641        0.519807
FIRE:  4272 19:26:06   -20011.562500        0.529651
FIRE:  4273 19:26:06   -20011.574219        0.430766
FIRE:  4274 19:26:07   -20011.566406        0.295082
FIRE:  4275 19:26:07   -20011.566406        0.295415
FIRE:  4276 19:26:07   -20011.593750        0.351714
FIRE:  4277 19:26:07   -20011.605469        0.433659
FIRE:  4278 19:26:08   -20011.621094        0.296833
FIRE:  4279 19:26:08   -20011.626953        0.297346
FIRE:  4280 19:26:08   -20011.644531        0.368963
FIRE:  4281 19:26:09   -20011.667969        0.297597
FIRE:  4282 19:26:09   -20011.699219        0.296633
FIRE:  4283 19:26:09   -20011.734375        0.310533
FIRE:  4284 19:26:09   -20011.751953        0.303898
FIRE:  4285 19:26:10   -20011.824219        0.313137
FIRE:  4286 19:26:10   -20011.876953        0.420459
FIRE:  4287 19:26:10   -20011.943359        0.336084
FIRE:  4288 19:26:11   -20012.033203        0.319554
FIRE:  4289 19:26:11   -20012.156250        0.476097
FIRE:  4290 19:26:11   -20012.232422        1.545873
FIRE:  4291 19:26:12   -20012.279297        3.556039
FIRE:  4292 19:26:12   -20012.417969        0.509168
FIRE:  4293 19:26:12   -20012.304688        4.785984
FIRE:  4294 19:26:12   -20012.369141        2.934510
FIRE:  4295 19:26:13   -20012.421875        0.421880
FIRE:  4296 19:26:13   -20012.412109        1.638349
FIRE:  4297 19:26:13   -20012.402344        1.543664
FIRE:  4298 19:26:14   -20012.414062        1.356496
FIRE:  4299 19:26:14   -20012.423828        1.081857
FIRE:  4300 19:26:14   -20012.431641        0.730030
FIRE:  4301 19:26:14   -20012.439453        0.319224
FIRE:  4302 19:26:15   -20012.439453        0.253381
FIRE:  4303 19:26:15   -20012.447266        0.516044
FIRE:  4304 19:26:15   -20012.449219        0.506774
FIRE:  4305 19:26:16   -20012.455078        0.488263
FIRE:  4306 19:26:16   -20012.453125        0.461030
FIRE:  4307 19:26:16   -20012.449219        0.425753
FIRE:  4308 19:26:16   -20012.435547        0.383242
FIRE:  4309 19:26:17   -20012.451172        0.334656
FIRE:  4310 19:26:17   -20012.437500        0.281184
FIRE:  4311 19:26:17   -20012.439453        0.252628
FIRE:  4312 19:26:18   -20012.447266        0.252505
FIRE:  4313 19:26:18   -20012.449219        0.252361
FIRE:  4314 19:26:18   -20012.441406        0.252180
FIRE:  4315 19:26:18   -20012.441406        0.251941
FIRE:  4316 19:26:19   -20012.443359        0.251671
FIRE:  4317 19:26:19   -20012.451172        0.251346
FIRE:  4318 19:26:19   -20012.453125        0.250948
FIRE:  4319 19:26:20   -20012.453125        0.250468
FIRE:  4320 19:26:20   -20012.455078        0.249914
FIRE:  4321 19:26:20   -20012.455078        0.249271
FIRE:  4322 19:26:21   -20012.462891        0.248526
FIRE:  4323 19:26:21   -20012.476562        0.247656
FIRE:  4324 19:26:21   -20012.484375        0.246674
FIRE:  4325 19:26:21   -20012.496094        0.245557
FIRE:  4326 19:26:22   -20012.505859        0.244288
FIRE:  4327 19:26:22   -20012.511719        0.242802
FIRE:  4328 19:26:22   -20012.542969        0.240924
FIRE:  4329 19:26:23   -20012.578125        0.238355
FIRE:  4330 19:26:23   -20012.593750        0.234455
FIRE:  4331 19:26:23   -20012.617188        0.228010
FIRE:  4332 19:26:23   -20012.662109        0.217139
FIRE:  4333 19:26:24   -20012.687500        0.200191
FIRE:  4334 19:26:24   -20012.732422        0.177640
FIRE:  4335 19:26:24   -20012.779297        0.217143
FIRE:  4336 19:26:25   -20012.839844        0.406394
FIRE:  4337 19:26:25   -20012.947266        0.863368
FIRE:  4338 19:26:25   -20012.996094        2.176733
FIRE:  4339 19:26:25   -20013.042969        0.193500
FIRE:  4340 19:26:26   -20013.003906        1.621895
FIRE:  4341 19:26:26   -20013.019531        1.312201
FIRE:  4342 19:26:26   -20013.042969        0.720749
FIRE:  4343 19:26:27   -20013.033203        0.189768
FIRE:  4344 19:26:27   -20013.037109        0.818671
FIRE:  4345 19:26:27   -20013.035156        0.768830
FIRE:  4346 19:26:27   -20013.033203        0.672897
FIRE:  4347 19:26:28   -20013.031250        0.538294
FIRE:  4348 19:26:28   -20013.048828        0.375034
FIRE:  4349 19:26:28   -20013.052734        0.196533
FIRE:  4350 19:26:29   -20013.039062        0.187615
FIRE:  4351 19:26:29   -20013.039062        0.187217
FIRE:  4352 19:26:29   -20013.046875        0.291009
FIRE:  4353 19:26:30   -20013.050781        0.384658
FIRE:  4354 19:26:30   -20013.039062        0.419286
FIRE:  4355 19:26:30   -20013.046875        0.380135
FIRE:  4356 19:26:30   -20013.044922        0.258447
FIRE:  4357 19:26:31   -20013.037109        0.182229
FIRE:  4358 19:26:31   -20013.054688        0.180757
FIRE:  4359 19:26:31   -20013.060547        0.320192
FIRE:  4360 19:26:32   -20013.072266        0.304133
FIRE:  4361 19:26:32   -20013.093750        0.174665
FIRE:  4362 19:26:32   -20013.089844        0.186697
FIRE:  4363 19:26:32   -20013.085938        0.288663
FIRE:  4364 19:26:33   -20013.105469        0.165516
FIRE:  4365 19:26:33   -20013.113281        0.249356
FIRE:  4366 19:26:33   -20013.136719        0.173797
FIRE:  4367 19:26:34   -20013.164062        0.253174
FIRE:  4368 19:26:34   -20013.183594        0.147890
FIRE:  4369 19:26:34   -20013.218750        0.346927
FIRE:  4370 19:26:34   -20013.253906        0.373951
FIRE:  4371 19:26:35   -20013.277344        0.365904
FIRE:  4372 19:26:35   -20013.355469        0.603461
FIRE:  4373 19:26:35   -20013.396484        1.618285
FIRE:  4374 19:26:36   -20013.392578        3.779954
FIRE:  4375 19:26:36   -20013.537109        0.558903
FIRE:  4376 19:26:36   -20013.388672        5.367578
FIRE:  4377 19:26:36   -20013.474609        3.190712
FIRE:  4378 19:26:37   -20013.541016        0.334359
FIRE:  4379 19:26:37   -20013.523438        1.910133
FIRE:  4380 19:26:37   -20013.542969        1.801618
FIRE:  4381 19:26:38   -20013.537109        1.586023
FIRE:  4382 19:26:38   -20013.550781        1.267658
FIRE:  4383 19:26:38   -20013.541016        0.855218
FIRE:  4384 19:26:39   -20013.554688        0.366480
FIRE:  4385 19:26:39   -20013.554688        0.175453
FIRE:  4386 19:26:39   -20013.550781        0.172494
FIRE:  4387 19:26:39   -20013.554688        0.166386
FIRE:  4388 19:26:40   -20013.548828        0.157454
FIRE:  4389 19:26:40   -20013.554688        0.146061
FIRE:  4390 19:26:40   -20013.554688        0.132079
FIRE:  4391 19:26:41   -20013.550781        0.126427
FIRE:  4392 19:26:41   -20013.554688        0.126448
FIRE:  4393 19:26:41   -20013.541016        0.126495
FIRE:  4394 19:26:41   -20013.546875        0.126512
FIRE:  4395 19:26:42   -20013.546875        0.126542
FIRE:  4396 19:26:42   -20013.548828        0.126568
FIRE:  4397 19:26:42   -20013.542969        0.126642
FIRE:  4398 19:26:43   -20013.537109        0.126705
FIRE:  4399 19:26:43   -20013.539062        0.126808
FIRE:  4400 19:26:43   -20013.560547        0.126915
FIRE:  4401 19:26:43   -20013.558594        0.127038
FIRE:  4402 19:26:44   -20013.554688        0.127188
FIRE:  4403 19:26:44   -20013.554688        0.127368
FIRE:  4404 19:26:44   -20013.539062        0.127591
FIRE:  4405 19:26:45   -20013.560547        0.127831
FIRE:  4406 19:26:45   -20013.568359        0.128140
FIRE:  4407 19:26:45   -20013.578125        0.128424
FIRE:  4408 19:26:45   -20013.589844        0.128809
FIRE:  4409 19:26:46   -20013.578125        0.129195
FIRE:  4410 19:26:46   -20013.578125        0.129617
FIRE:  4411 19:26:46   -20013.603516        0.129984
FIRE:  4412 19:26:47   -20013.621094        0.130355
FIRE:  4413 19:26:47   -20013.673828        0.130625
FIRE:  4414 19:26:47   -20013.679688        0.130828
FIRE:  4415 19:26:47   -20013.705078        0.130940
FIRE:  4416 19:26:48   -20013.726562        0.131000
FIRE:  4417 19:26:48   -20013.767578        0.130817
FIRE:  4418 19:26:48   -20013.783203        0.133370
FIRE:  4419 19:26:49   -20013.830078        0.342649
FIRE:  4420 19:26:49   -20013.925781        1.156280
FIRE:  4421 19:26:49   -20013.951172        3.077040
FIRE:  4422 19:26:50   -20014.042969        0.297087
FIRE:  4423 19:26:50   -20013.972656        3.972411
FIRE:  4424 19:26:50   -20014.019531        2.499589
FIRE:  4425 19:26:50   -20014.056641        0.425891
FIRE:  4426 19:26:51   -20014.039062        1.367820
FIRE:  4427 19:26:51   -20014.044922        1.285985
FIRE:  4428 19:26:51   -20014.041016        1.124941
FIRE:  4429 19:26:52   -20014.042969        0.889894
FIRE:  4430 19:26:52   -20014.054688        0.591566
FIRE:  4431 19:26:52   -20014.044922        0.246544
FIRE:  4432 19:26:52   -20014.046875        0.126101
FIRE:  4433 19:26:53   -20014.048828        0.439747
FIRE:  4434 19:26:53   -20014.039062        0.431810
FIRE:  4435 19:26:53   -20014.044922        0.416215
FIRE:  4436 19:26:54   -20014.048828        0.393024
FIRE:  4437 19:26:54   -20014.048828        0.363123
FIRE:  4438 19:26:54   -20014.056641        0.326946
FIRE:  4439 19:26:54   -20014.052734        0.285533
FIRE:  4440 19:26:55   -20014.044922        0.240077
FIRE:  4441 19:26:55   -20014.064453        0.186267
FIRE:  4442 19:26:55   -20014.048828        0.124881
FIRE:  4443 19:26:56   -20014.054688        0.117434
FIRE:  4444 19:26:56   -20014.046875        0.117457
FIRE:  4445 19:26:56   -20014.042969        0.117487
FIRE:  4446 19:26:56   -20014.041016        0.152004
FIRE:  4447 19:26:57   -20014.056641        0.192811
FIRE:  4448 19:26:57   -20014.052734        0.208172
FIRE:  4449 19:26:57   -20014.039062        0.190321
FIRE:  4450 19:26:58   -20014.054688        0.136191
FIRE:  4451 19:26:58   -20014.052734        0.118001
FIRE:  4452 19:26:58   -20014.060547        0.118217
FIRE:  4453 19:26:59   -20014.083984        0.144928
FIRE:  4454 19:26:59   -20014.083984        0.163566
FIRE:  4455 19:26:59   -20014.089844        0.119395
FIRE:  4456 19:26:59   -20014.101562        0.120108
FIRE:  4457 19:27:00   -20014.113281        0.138480
FIRE:  4458 19:27:00   -20014.117188        0.122095
FIRE:  4459 19:27:00   -20014.121094        0.123472
FIRE:  4460 19:27:01   -20014.156250        0.140614
FIRE:  4461 19:27:01   -20014.214844        0.127120
FIRE:  4462 19:27:01   -20014.203125        0.140890
FIRE:  4463 19:27:01   -20014.242188        0.131980
FIRE:  4464 19:27:02   -20014.308594        0.134754
FIRE:  4465 19:27:02   -20014.328125        0.194772
FIRE:  4466 19:27:02   -20014.388672        0.294642
FIRE:  4467 19:27:03   -20014.453125        0.586241
FIRE:  4468 19:27:03   -20014.550781        1.576108
FIRE:  4469 19:27:03   -20014.566406        3.605680
FIRE:  4470 19:27:03   -20014.685547        0.598141
FIRE:  4471 19:27:04   -20014.570312        4.828038
FIRE:  4472 19:27:04   -20014.636719        2.981337
FIRE:  4473 19:27:04   -20014.689453        0.466015
FIRE:  4474 19:27:05   -20014.695312        1.617600
FIRE:  4475 19:27:05   -20014.693359        1.525467
FIRE:  4476 19:27:05   -20014.689453        1.342853
FIRE:  4477 19:27:06   -20014.691406        1.075130
FIRE:  4478 19:27:06   -20014.712891        0.731723
FIRE:  4479 19:27:06   -20014.708984        0.329588
FIRE:  4480 19:27:06   -20014.691406        0.169823
FIRE:  4481 19:27:07   -20014.703125        0.491997
FIRE:  4482 19:27:07   -20014.712891        0.483266
FIRE:  4483 19:27:07   -20014.703125        0.465931
FIRE:  4484 19:27:08   -20014.710938        0.440298
FIRE:  4485 19:27:08   -20014.716797        0.407065
FIRE:  4486 19:27:08   -20014.703125        0.367065
FIRE:  4487 19:27:08   -20014.714844        0.321062
FIRE:  4488 19:27:09   -20014.718750        0.270511
FIRE:  4489 19:27:09   -20014.720703        0.210927
FIRE:  4490 19:27:09   -20014.708984        0.171010
FIRE:  4491 19:27:10   -20014.705078        0.171229
FIRE:  4492 19:27:10   -20014.705078        0.171498
FIRE:  4493 19:27:10   -20014.718750        0.171831
FIRE:  4494 19:27:10   -20014.707031        0.172239
FIRE:  4495 19:27:11   -20014.708984        0.211789
FIRE:  4496 19:27:11   -20014.718750        0.231013
FIRE:  4497 19:27:11   -20014.716797        0.214316
FIRE:  4498 19:27:12   -20014.728516        0.175020
FIRE:  4499 19:27:12   -20014.726562        0.176154
FIRE:  4500 19:27:12   -20014.720703        0.177488
FIRE:  4501 19:27:12   -20014.724609        0.179142
FIRE:  4502 19:27:13   -20014.738281        0.183460
FIRE:  4503 19:27:13   -20014.740234        0.183506
FIRE:  4504 19:27:13   -20014.748047        0.186377
FIRE:  4505 19:27:14   -20014.765625        0.189762
FIRE:  4506 19:27:14   -20014.755859        0.193752
FIRE:  4507 19:27:14   -20014.773438        0.198405
FIRE:  4508 19:27:14   -20014.791016        0.203716
FIRE:  4509 19:27:15   -20014.833984        0.209678
FIRE:  4510 19:27:15   -20014.861328        0.216171
FIRE:  4511 19:27:15   -20014.888672        0.222949
FIRE:  4512 19:27:16   -20014.927734        0.229601
FIRE:  4513 19:27:16   -20014.998047        0.235084
FIRE:  4514 19:27:16   -20015.062500        0.265762
FIRE:  4515 19:27:17   -20015.167969        0.490757
FIRE:  4516 19:27:17   -20015.294922        1.383970
FIRE:  4517 19:27:17   -20015.318359        3.275114
FIRE:  4518 19:27:17   -20015.435547        0.494835
FIRE:  4519 19:27:18   -20015.322266        4.155024
FIRE:  4520 19:27:18   -20015.394531        2.646508
FIRE:  4521 19:27:18   -20015.441406        0.516876
FIRE:  4522 19:27:19   -20015.441406        1.332217
FIRE:  4523 19:27:19   -20015.439453        1.254838
FIRE:  4524 19:27:19   -20015.443359        1.102380
FIRE:  4525 19:27:19   -20015.431641        0.880316
FIRE:  4526 19:27:20   -20015.447266        0.598423
FIRE:  4527 19:27:20   -20015.453125        0.272937
FIRE:  4528 19:27:20   -20015.455078        0.177199
FIRE:  4529 19:27:21   -20015.470703        0.383212
FIRE:  4530 19:27:21   -20015.443359        0.632000
FIRE:  4531 19:27:21   -20015.466797        0.777894
FIRE:  4532 19:27:21   -20015.455078        0.779408
FIRE:  4533 19:27:22   -20015.472656        0.611702
FIRE:  4534 19:27:22   -20015.484375        0.283982
FIRE:  4535 19:27:22   -20015.486328        0.169351
FIRE:  4536 19:27:23   -20015.482422        0.479748
FIRE:  4537 19:27:23   -20015.478516        0.589069
FIRE:  4538 19:27:23   -20015.501953        0.389887
FIRE:  4539 19:27:23   -20015.519531        0.165766
FIRE:  4540 19:27:24   -20015.535156        0.508356
FIRE:  4541 19:27:24   -20015.554688        0.387188
FIRE:  4542 19:27:24   -20015.580078        0.231463
FIRE:  4543 19:27:25   -20015.626953        0.458765
FIRE:  4544 19:27:25   -20015.630859        0.161431
FIRE:  4545 19:27:25   -20015.695312        0.425010
FIRE:  4546 19:27:26   -20015.712891        0.419962
FIRE:  4547 19:27:26   -20015.777344        0.151541
FIRE:  4548 19:27:26   -20015.865234        0.242666
FIRE:  4549 19:27:26   -20015.927734        0.792453
FIRE:  4550 19:27:27   -20015.962891        2.342565
FIRE:  4551 19:27:27   -20016.015625        0.135196
FIRE:  4552 19:27:27   -20016.021484        0.135038
FIRE:  4553 19:27:28   -20016.021484        0.134719
FIRE:  4554 19:27:28   -20016.025391        0.134246
FIRE:  4555 19:27:28   -20016.039062        0.133624
FIRE:  4556 19:27:28   -20016.025391        0.132884
FIRE:  4557 19:27:29   -20016.019531        0.132014
FIRE:  4558 19:27:29   -20016.035156        0.131075
FIRE:  4559 19:27:29   -20016.041016        0.129934
FIRE:  4560 19:27:30   -20016.046875        0.128555
FIRE:  4561 19:27:30   -20016.054688        0.126964
FIRE:  4562 19:27:30   -20016.072266        0.125109
FIRE:  4563 19:27:30   -20016.074219        0.122978
FIRE:  4564 19:27:31   -20016.099609        0.120560
FIRE:  4565 19:27:31   -20016.117188        0.117796
FIRE:  4566 19:27:31   -20016.126953        0.114580
FIRE:  4567 19:27:32   -20016.152344        0.115214
FIRE:  4568 19:27:32   -20016.195312        0.118021
FIRE:  4569 19:27:32   -20016.234375        0.121328
FIRE:  4570 19:27:33   -20016.298828        0.125123
FIRE:  4571 19:27:33   -20016.353516        0.184719
FIRE:  4572 19:27:33   -20016.460938        0.624779
FIRE:  4573 19:27:33   -20016.453125        1.957069
FIRE:  4574 19:27:34   -20016.267578        8.210954
FIRE:  4575 19:27:34   -20016.484375        3.282750
FIRE:  4576 19:27:34   -20016.525391        2.606179
FIRE:  4577 19:27:35   -20016.562500        1.181577
FIRE:  4578 19:27:35   -20016.591797        0.940560
FIRE:  4579 19:27:35   -20016.587891        0.862284
FIRE:  4580 19:27:35   -20016.601562        0.714144
FIRE:  4581 19:27:36   -20016.597656        0.511433
FIRE:  4582 19:27:36   -20016.587891        0.275387
FIRE:  4583 19:27:36   -20016.605469        0.141496
FIRE:  4584 19:27:37   -20016.576172        0.197874
FIRE:  4585 19:27:37   -20016.593750        0.362738
FIRE:  4586 19:27:37   -20016.599609        0.471224
FIRE:  4587 19:27:37   -20016.580078        0.503019
FIRE:  4588 19:27:38   -20016.603516        0.441630
FIRE:  4589 19:27:38   -20016.603516        0.277493
FIRE:  4590 19:27:38   -20016.582031        0.141723
FIRE:  4591 19:27:39   -20016.583984        0.253237
FIRE:  4592 19:27:39   -20016.597656        0.401157
FIRE:  4593 19:27:39   -20016.617188        0.329250
FIRE:  4594 19:27:39   -20016.630859        0.141928
FIRE:  4595 19:27:40   -20016.656250        0.283136
FIRE:  4596 19:27:40   -20016.664062        0.319370
FIRE:  4597 19:27:40   -20016.687500        0.141798
FIRE:  4598 19:27:41   -20016.687500        0.336702
FIRE:  4599 19:27:41   -20016.724609        0.141005
FIRE:  4600 19:27:41   -20016.757812        0.346312
FIRE:  4601 19:27:41   -20016.796875        0.148135
FIRE:  4602 19:27:42   -20016.847656        0.242537
FIRE:  4603 19:27:42   -20016.857422        0.509717
FIRE:  4604 19:27:42   -20016.917969        0.829786
FIRE:  4605 19:27:43   -20016.978516        1.477827
FIRE:  4606 19:27:43   -20017.037109        3.842664
FIRE:  4607 19:27:43   -20017.115234        0.758895
FIRE:  4608 19:27:44   -20017.130859        0.575547
FIRE:  4609 19:27:44   -20017.132812        0.286267
FIRE:  4610 19:27:44   -20017.130859        0.287751
FIRE:  4611 19:27:44   -20017.121094        0.462272
FIRE:  4612 19:27:45   -20017.128906        0.573694
FIRE:  4613 19:27:45   -20017.130859        0.466028
FIRE:  4614 19:27:45   -20017.134766        0.298445
FIRE:  4615 19:27:46   -20017.150391        0.302696
FIRE:  4616 19:27:46   -20017.162109        0.414631
FIRE:  4617 19:27:46   -20017.173828        0.376974
FIRE:  4618 19:27:46   -20017.171875        0.322839
FIRE:  4619 19:27:47   -20017.205078        0.368227
FIRE:  4620 19:27:47   -20017.248047        0.344256
FIRE:  4621 19:27:47   -20017.267578        0.357135
FIRE:  4622 19:27:48   -20017.296875        0.370462
FIRE:  4623 19:27:48   -20017.337891        0.381840
FIRE:  4624 19:27:48   -20017.376953        0.386556
FIRE:  4625 19:27:48   -20017.457031        0.376068
FIRE:  4626 19:27:49   -20017.550781        0.724158
FIRE:  4627 19:27:49   -20017.634766        1.298295
FIRE:  4628 19:27:49   -20017.679688        3.045151
FIRE:  4629 19:27:50   -20017.740234        0.230465
FIRE:  4630 19:27:50   -20017.742188        0.183282
FIRE:  4631 19:27:50   -20017.746094        0.182430
FIRE:  4632 19:27:50   -20017.753906        0.181170
FIRE:  4633 19:27:51   -20017.757812        0.179533
FIRE:  4634 19:27:51   -20017.763672        0.177565
FIRE:  4635 19:27:51   -20017.761719        0.175308
FIRE:  4636 19:27:52   -20017.750000        0.172818
FIRE:  4637 19:27:52   -20017.753906        0.169841
FIRE:  4638 19:27:52   -20017.759766        0.166337
FIRE:  4639 19:27:53   -20017.755859        0.163576
FIRE:  4640 19:27:53   -20017.769531        0.164422
FIRE:  4641 19:27:53   -20017.791016        0.165390
FIRE:  4642 19:27:53   -20017.796875        0.166057
FIRE:  4643 19:27:54   -20017.837891        0.165759
FIRE:  4644 19:27:54   -20017.884766        0.163465
FIRE:  4645 19:27:54   -20017.890625        0.157883
FIRE:  4646 19:27:55   -20017.947266        0.147223
FIRE:  4647 19:27:55   -20017.994141        0.129420
FIRE:  4648 19:27:55   -20018.009766        0.231771
FIRE:  4649 19:27:55   -20018.111328        0.525750
FIRE:  4650 19:27:56   -20018.169922        1.463611
FIRE:  4651 19:27:56   -20018.173828        3.260930
FIRE:  4652 19:27:56   -20018.281250        0.653066
FIRE:  4653 19:27:57   -20018.195312        3.922370
FIRE:  4654 19:27:57   -20018.259766        2.581541
FIRE:  4655 19:27:57   -20018.300781        0.637150
FIRE:  4656 19:27:57   -20018.279297        1.129732
FIRE:  4657 19:27:58   -20018.289062        1.065815
FIRE:  4658 19:27:58   -20018.296875        0.940179
FIRE:  4659 19:27:58   -20018.292969        0.757680
FIRE:  4660 19:27:59   -20018.294922        0.526765
FIRE:  4661 19:27:59   -20018.298828        0.260736
FIRE:  4662 19:27:59   -20018.281250        0.188160
FIRE:  4663 19:27:59   -20018.285156        0.283704
FIRE:  4664 19:28:00   -20018.302734        0.497799
FIRE:  4665 19:28:00   -20018.312500        0.633586
FIRE:  4666 19:28:00   -20018.312500        0.656917
FIRE:  4667 19:28:01   -20018.300781        0.544346
FIRE:  4668 19:28:01   -20018.281250        0.295922
FIRE:  4669 19:28:01   -20018.304688        0.209446
FIRE:  4670 19:28:02   -20018.304688        0.359038
FIRE:  4671 19:28:02   -20018.310547        0.495592
FIRE:  4672 19:28:02   -20018.320312        0.381365
FIRE:  4673 19:28:02   -20018.335938        0.250808
FIRE:  4674 19:28:03   -20018.322266        0.383782
FIRE:  4675 19:28:03   -20018.335938        0.394232
FIRE:  4676 19:28:03   -20018.359375        0.331301
FIRE:  4677 19:28:04   -20018.392578        0.410289
FIRE:  4678 19:28:04   -20018.443359        0.451673
FIRE:  4679 19:28:04   -20018.480469        0.555823
FIRE:  4680 19:28:04   -20018.544922        0.704825
FIRE:  4681 19:28:05   -20018.644531        0.896574
FIRE:  4682 19:28:05   -20018.810547        1.017642
FIRE:  4683 19:28:05   -20018.994141        0.703447
FIRE:  4684 19:28:06   -20019.125000        1.483057
FIRE:  4685 19:28:06   -20019.160156        0.664611
FIRE:  4686 19:28:06   -20019.158203        1.114090
FIRE:  4687 19:28:06   -20019.175781        0.895852
FIRE:  4688 19:28:07   -20019.162109        0.488876
FIRE:  4689 19:28:07   -20019.195312        0.357254
FIRE:  4690 19:28:07   -20019.189453        0.523739
FIRE:  4691 19:28:08   -20019.185547        0.796835
FIRE:  4692 19:28:08   -20019.189453        0.787706
FIRE:  4693 19:28:08   -20019.224609        0.521727
FIRE:  4694 19:28:08   -20019.226562        0.228480
FIRE:  4695 19:28:09   -20019.222656        0.430794
FIRE:  4696 19:28:09   -20019.234375        0.627388
FIRE:  4697 19:28:09   -20019.255859        0.411932
FIRE:  4698 19:28:10   -20019.263672        0.208417
FIRE:  4699 19:28:10   -20019.298828        0.578586
FIRE:  4700 19:28:10   -20019.330078        0.232888
FIRE:  4701 19:28:11   -20019.361328        0.479706
FIRE:  4702 19:28:11   -20019.394531        0.310499
FIRE:  4703 19:28:11   -20019.419922        0.616660
FIRE:  4704 19:28:11   -20019.476562        0.258222
FIRE:  4705 19:28:12   -20019.529297        0.430727
FIRE:  4706 19:28:12   -20019.591797        0.984846
FIRE:  4707 19:28:12   -20019.679688        1.622804
FIRE:  4708 19:28:13   -20019.736328        3.438669
FIRE:  4709 19:28:13   -20019.806641        0.363335
FIRE:  4710 19:28:13   -20019.822266        0.362887
FIRE:  4711 19:28:13   -20019.830078        0.363340
FIRE:  4712 19:28:14   -20019.837891        0.364014
FIRE:  4713 19:28:14   -20019.820312        0.364897
FIRE:  4714 19:28:14   -20019.837891        0.365960
FIRE:  4715 19:28:15   -20019.835938        0.367164
FIRE:  4716 19:28:15   -20019.843750        0.368484
FIRE:  4717 19:28:15   -20019.859375        0.370018
FIRE:  4718 19:28:15   -20019.867188        0.371698
FIRE:  4719 19:28:16   -20019.861328        0.373343
FIRE:  4720 19:28:16   -20019.890625        0.374595
FIRE:  4721 19:28:16   -20019.912109        0.374784
FIRE:  4722 19:28:17   -20019.912109        0.372798
FIRE:  4723 19:28:17   -20019.964844        0.366909
FIRE:  4724 19:28:17   -20019.984375        0.354587
FIRE:  4725 19:28:17   -20020.044922        0.332258
FIRE:  4726 19:28:18   -20020.087891        0.294325
FIRE:  4727 19:28:18   -20020.138672        0.232952
FIRE:  4728 19:28:18   -20020.203125        0.384213
FIRE:  4729 19:28:19   -20020.271484        0.856155
FIRE:  4730 19:28:19   -20020.300781        2.091184
FIRE:  4731 19:28:19   -20020.324219        0.347162
FIRE:  4732 19:28:20   -20020.318359        1.515687
FIRE:  4733 19:28:20   -20020.328125        1.236634
FIRE:  4734 19:28:20   -20020.337891        0.704288
FIRE:  4735 19:28:20   -20020.326172        0.276253
FIRE:  4736 19:28:21   -20020.335938        0.699782
FIRE:  4737 19:28:21   -20020.337891        0.659408
FIRE:  4738 19:28:21   -20020.341797        0.581623
FIRE:  4739 19:28:22   -20020.341797        0.472002
FIRE:  4740 19:28:22   -20020.343750        0.338606
FIRE:  4741 19:28:22   -20020.343750        0.250237
FIRE:  4742 19:28:22   -20020.345703        0.246115
FIRE:  4743 19:28:23   -20020.339844        0.241288
FIRE:  4744 19:28:23   -20020.359375        0.235237
FIRE:  4745 19:28:23   -20020.351562        0.310335
FIRE:  4746 19:28:24   -20020.343750        0.350806
FIRE:  4747 19:28:24   -20020.355469        0.328125
FIRE:  4748 19:28:24   -20020.347656        0.233315
FIRE:  4749 19:28:24   -20020.333984        0.182408
FIRE:  4750 19:28:25   -20020.365234        0.166190
FIRE:  4751 19:28:25   -20020.361328        0.261941
FIRE:  4752 19:28:25   -20020.371094        0.261048
FIRE:  4753 19:28:26   -20020.375000        0.126181
FIRE:  4754 19:28:26   -20020.388672        0.147979
FIRE:  4755 19:28:26   -20020.402344        0.244434
FIRE:  4756 19:28:26   -20020.400391        0.124978
FIRE:  4757 19:28:27   -20020.433594        0.205102
FIRE:  4758 19:28:27   -20020.453125        0.152437
FIRE:  4759 19:28:27   -20020.453125        0.202682
FIRE:  4760 19:28:28   -20020.484375        0.128720
FIRE:  4761 19:28:28   -20020.539062        0.285500
FIRE:  4762 19:28:28   -20020.587891        0.280920
FIRE:  4763 19:28:28   -20020.648438        0.256295
FIRE:  4764 19:28:29   -20020.724609        0.423919
FIRE:  4765 19:28:29   -20020.804688        1.214591
FIRE:  4766 19:28:29   -20020.824219        3.044364
FIRE:  4767 19:28:30   -20020.910156        0.388185
FIRE:  4768 19:28:30   -20020.828125        3.833017
FIRE:  4769 19:28:30   -20020.871094        2.460089
FIRE:  4770 19:28:31   -20020.908203        0.496413
FIRE:  4771 19:28:31   -20020.906250        1.241729
FIRE:  4772 19:28:31   -20020.896484        1.168439
FIRE:  4773 19:28:31   -20020.914062        1.024517
FIRE:  4774 19:28:32   -20020.902344        0.815250
FIRE:  4775 19:28:32   -20020.917969        0.549820
FIRE:  4776 19:28:32   -20020.925781        0.243891
FIRE:  4777 19:28:33   -20020.912109        0.147653
FIRE:  4778 19:28:33   -20020.912109        0.368031
FIRE:  4779 19:28:33   -20020.910156        0.361531
FIRE:  4780 19:28:33   -20020.908203        0.348809
FIRE:  4781 19:28:34   -20020.912109        0.330163
FIRE:  4782 19:28:34   -20020.906250        0.305953
FIRE:  4783 19:28:34   -20020.921875        0.276591
FIRE:  4784 19:28:35   -20020.916016        0.243034
FIRE:  4785 19:28:35   -20020.921875        0.205969
FIRE:  4786 19:28:35   -20020.908203        0.162344
FIRE:  4787 19:28:35   -20020.917969        0.147872
FIRE:  4788 19:28:36   -20020.927734        0.147917
FIRE:  4789 19:28:36   -20020.921875        0.147978
FIRE:  4790 19:28:36   -20020.933594        0.148031
FIRE:  4791 19:28:37   -20020.927734        0.148104
FIRE:  4792 19:28:37   -20020.933594        0.156005
FIRE:  4793 19:28:37   -20020.943359        0.172630
FIRE:  4794 19:28:37   -20020.933594        0.162214
FIRE:  4795 19:28:38   -20020.929688        0.148641
FIRE:  4796 19:28:38   -20020.933594        0.148845
FIRE:  4797 19:28:38   -20020.923828        0.149073
FIRE:  4798 19:28:39   -20020.925781        0.149357
FIRE:  4799 19:28:39   -20020.941406        0.149649
FIRE:  4800 19:28:39   -20020.949219        0.149996
FIRE:  4801 19:28:40   -20020.951172        0.150312
FIRE:  4802 19:28:40   -20020.958984        0.150592
FIRE:  4803 19:28:40   -20020.958984        0.150744
FIRE:  4804 19:28:40   -20020.992188        0.150639
FIRE:  4805 19:28:41   -20020.988281        0.149963
FIRE:  4806 19:28:41   -20021.021484        0.148373
FIRE:  4807 19:28:41   -20021.070312        0.145200
FIRE:  4808 19:28:42   -20021.109375        0.139410
FIRE:  4809 19:28:42   -20021.154297        0.129536
FIRE:  4810 19:28:42   -20021.195312        0.168636
FIRE:  4811 19:28:42   -20021.191406        0.250686
FIRE:  4812 19:28:43   -20021.234375        0.516913
FIRE:  4813 19:28:43   -20021.281250        1.397430
FIRE:  4814 19:28:43   -20021.275391        3.179541
FIRE:  4815 19:28:44   -20021.373047        0.500918
FIRE:  4816 19:28:44   -20021.292969        3.999276
FIRE:  4817 19:28:44   -20021.341797        2.575603
FIRE:  4818 19:28:44   -20021.390625        0.543407
FIRE:  4819 19:28:45   -20021.388672        1.258867
FIRE:  4820 19:28:45   -20021.390625        1.186024
FIRE:  4821 19:28:45   -20021.392578        1.042745
FIRE:  4822 19:28:46   -20021.402344        0.834075
FIRE:  4823 19:28:46   -20021.398438        0.569077
FIRE:  4824 19:28:46   -20021.400391        0.262243
FIRE:  4825 19:28:46   -20021.406250        0.117224
FIRE:  4826 19:28:47   -20021.406250        0.358628
FIRE:  4827 19:28:47   -20021.398438        0.352539
FIRE:  4828 19:28:47   -20021.404297        0.340471
FIRE:  4829 19:28:48   -20021.406250        0.322510
FIRE:  4830 19:28:48   -20021.394531        0.299305
FIRE:  4831 19:28:48   -20021.406250        0.271239
FIRE:  4832 19:28:49   -20021.412109        0.238786
FIRE:  4833 19:28:49   -20021.400391        0.203317
FIRE:  4834 19:28:49   -20021.406250        0.161120
FIRE:  4835 19:28:49   -20021.412109        0.117316
FIRE:  4836 19:28:50   -20021.394531        0.117333
FIRE:  4837 19:28:50   -20021.404297        0.117354
FIRE:  4838 19:28:50   -20021.402344        0.117381
FIRE:  4839 19:28:51   -20021.408203        0.117410
FIRE:  4840 19:28:51   -20021.416016        0.150423
FIRE:  4841 19:28:51   -20021.396484        0.168199
FIRE:  4842 19:28:51   -20021.408203        0.160052
FIRE:  4843 19:28:52   -20021.410156        0.122189
FIRE:  4844 19:28:52   -20021.400391        0.117722
FIRE:  4845 19:28:52   -20021.414062        0.117830
FIRE:  4846 19:28:53   -20021.429688        0.117965
FIRE:  4847 19:28:53   -20021.443359        0.134667
FIRE:  4848 19:28:53   -20021.443359        0.118322
FIRE:  4849 19:28:53   -20021.447266        0.118557
FIRE:  4850 19:28:54   -20021.443359        0.118838
FIRE:  4851 19:28:54   -20021.449219        0.119167
FIRE:  4852 19:28:54   -20021.478516        0.119542
FIRE:  4853 19:28:55   -20021.460938        0.119956
FIRE:  4854 19:28:55   -20021.476562        0.120388
FIRE:  4855 19:28:55   -20021.500000        0.120790
FIRE:  4856 19:28:55   -20021.527344        0.121086
FIRE:  4857 19:28:56   -20021.562500        0.121152
FIRE:  4858 19:28:56   -20021.576172        0.153187
FIRE:  4859 19:28:56   -20021.666016        0.187141
FIRE:  4860 19:28:57   -20021.675781        0.351346
FIRE:  4861 19:28:57   -20021.779297        0.986879
FIRE:  4862 19:28:57   -20021.794922        2.479449
FIRE:  4863 19:28:58   -20021.843750        0.281953
FIRE:  4864 19:28:58   -20021.791016        2.876655
FIRE:  4865 19:28:58   -20021.812500        1.935248
FIRE:  4866 19:28:58   -20021.828125        0.514421
FIRE:  4867 19:28:59   -20021.849609        0.844182
FIRE:  4868 19:28:59   -20021.837891        0.793822
FIRE:  4869 19:28:59   -20021.824219        0.695318
FIRE:  4870 19:29:00   -20021.849609        0.553296
FIRE:  4871 19:29:00   -20021.859375        0.375396
FIRE:  4872 19:29:00   -20021.835938        0.173608
FIRE:  4873 19:29:00   -20021.859375        0.111182
FIRE:  4874 19:29:01   -20021.839844        0.228390
FIRE:  4875 19:29:01   -20021.851562        0.380123
FIRE:  4876 19:29:01   -20021.859375        0.471341
FIRE:  4877 19:29:02   -20021.859375        0.477902
FIRE:  4878 19:29:02   -20021.863281        0.383447
FIRE:  4879 19:29:02   -20021.873047        0.190273
FIRE:  4880 19:29:02   -20021.875000        0.110587
FIRE:  4881 19:29:03   -20021.871094        0.289126
FIRE:  4882 19:29:03   -20021.875000        0.368004
FIRE:  4883 19:29:03   -20021.886719        0.251569
FIRE:  4884 19:29:04   -20021.875000        0.109700
FIRE:  4885 19:29:04   -20021.886719        0.308238
FIRE:  4886 19:29:04   -20021.873047        0.251506
FIRE:  4887 19:29:05   -20021.898438        0.125984
FIRE:  4888 19:29:05   -20021.896484        0.294008
FIRE:  4889 19:29:05   -20021.937500        0.107302
FIRE:  4890 19:29:05   -20021.968750        0.282746
FIRE:  4891 19:29:06   -20022.011719        0.240006
FIRE:  4892 19:29:06   -20022.029297        0.104933
FIRE:  4893 19:29:06   -20022.093750        0.224871
FIRE:  4894 19:29:07   -20022.152344        0.607538
FIRE:  4895 19:29:07   -20022.164062        1.597638
FIRE:  4896 19:29:07   -20022.146484        3.485047
FIRE:  4897 19:29:07   -20022.267578        0.589982
FIRE:  4898 19:29:08   -20022.156250        4.602960
FIRE:  4899 19:29:08   -20022.216797        2.878448
FIRE:  4900 19:29:08   -20022.273438        0.497744
FIRE:  4901 19:29:09   -20022.253906        1.517470
FIRE:  4902 19:29:09   -20022.255859        1.430950
FIRE:  4903 19:29:09   -20022.265625        1.260005
FIRE:  4904 19:29:09   -20022.271484        1.009480
FIRE:  4905 19:29:10   -20022.287109        0.688493
FIRE:  4906 19:29:10   -20022.273438        0.312904
FIRE:  4907 19:29:10   -20022.279297        0.139638
FIRE:  4908 19:29:11   -20022.271484        0.454614
FIRE:  4909 19:29:11   -20022.279297        0.446721
FIRE:  4910 19:29:11   -20022.279297        0.430669
FIRE:  4911 19:29:11   -20022.263672        0.407313
FIRE:  4912 19:29:12   -20022.271484        0.376975
FIRE:  4913 19:29:12   -20022.273438        0.340243
FIRE:  4914 19:29:12   -20022.269531        0.298204
FIRE:  4915 19:29:13   -20022.263672        0.251799
FIRE:  4916 19:29:13   -20022.273438        0.196729
FIRE:  4917 19:29:13   -20022.261719        0.139529
FIRE:  4918 19:29:13   -20022.265625        0.139514
FIRE:  4919 19:29:14   -20022.261719        0.139497
FIRE:  4920 19:29:14   -20022.261719        0.139447
FIRE:  4921 19:29:14   -20022.257812        0.150908
FIRE:  4922 19:29:15   -20022.259766        0.195399
FIRE:  4923 19:29:15   -20022.263672        0.214222
FIRE:  4924 19:29:15   -20022.273438        0.200129
FIRE:  4925 19:29:16   -20022.289062        0.148478
FIRE:  4926 19:29:16   -20022.289062        0.139003
FIRE:  4927 19:29:16   -20022.273438        0.138831
FIRE:  4928 19:29:16   -20022.281250        0.140465
FIRE:  4929 19:29:17   -20022.287109        0.170564
FIRE:  4930 19:29:17   -20022.306641        0.138083
FIRE:  4931 19:29:17   -20022.306641        0.137700
FIRE:  4932 19:29:18   -20022.296875        0.137298
FIRE:  4933 19:29:18   -20022.312500        0.136821
FIRE:  4934 19:29:18   -20022.322266        0.136257
FIRE:  4935 19:29:18   -20022.355469        0.142289
FIRE:  4936 19:29:19   -20022.375000        0.135122
FIRE:  4937 19:29:19   -20022.394531        0.140842
FIRE:  4938 19:29:19   -20022.402344        0.134166
FIRE:  4939 19:29:20   -20022.437500        0.144723
FIRE:  4940 19:29:20   -20022.488281        0.194185
FIRE:  4941 19:29:20   -20022.472656        0.232626
FIRE:  4942 19:29:20   -20022.568359        0.416718
FIRE:  4943 19:29:21   -20022.603516        1.122462
FIRE:  4944 19:29:21   -20022.671875        2.740967
FIRE:  4945 19:29:21   -20022.736328        0.321007
FIRE:  4946 19:29:22   -20022.685547        3.312191
FIRE:  4947 19:29:22   -20022.732422        2.178100
FIRE:  4948 19:29:22   -20022.746094        0.509096
FIRE:  4949 19:29:23   -20022.753906        1.027690
FIRE:  4950 19:29:23   -20022.746094        0.966414
FIRE:  4951 19:29:23   -20022.751953        0.846555
FIRE:  4952 19:29:23   -20022.757812        0.672888
FIRE:  4953 19:29:24   -20022.763672        0.454392
FIRE:  4954 19:29:24   -20022.751953        0.204352
FIRE:  4955 19:29:24   -20022.763672        0.132004
FIRE:  4956 19:29:25   -20022.775391        0.292593
FIRE:  4957 19:29:25   -20022.773438        0.478757
FIRE:  4958 19:29:25   -20022.763672        0.588231
FIRE:  4959 19:29:25   -20022.767578        0.591366
FIRE:  4960 19:29:26   -20022.767578        0.469294
FIRE:  4961 19:29:26   -20022.769531        0.226310
FIRE:  4962 19:29:26   -20022.757812        0.134048
FIRE:  4963 19:29:27   -20022.767578        0.359237
FIRE:  4964 19:29:27   -20022.771484        0.451580
FIRE:  4965 19:29:27   -20022.769531        0.307376
FIRE:  4966 19:29:27   -20022.769531        0.137384
FIRE:  4967 19:29:28   -20022.777344        0.379408
FIRE:  4968 19:29:28   -20022.794922        0.310238
FIRE:  4969 19:29:28   -20022.820312        0.150797
FIRE:  4970 19:29:29   -20022.833984        0.358259
FIRE:  4971 19:29:29   -20022.845703        0.148225
FIRE:  4972 19:29:29   -20022.882812        0.350262
FIRE:  4973 19:29:29   -20022.921875        0.279182
FIRE:  4974 19:29:30   -20022.951172        0.162536
FIRE:  4975 19:29:30   -20023.005859        0.310444
FIRE:  4976 19:29:30   -20023.060547        0.786300
FIRE:  4977 19:29:31   -20023.132812        1.986974
FIRE:  4978 19:29:31   -20023.144531        0.170214
FIRE:  4979 19:29:31   -20023.132812        1.499520
FIRE:  4980 19:29:32   -20023.152344        1.206991
FIRE:  4981 19:29:32   -20023.142578        0.651062
FIRE:  4982 19:29:32   -20023.156250        0.170020
FIRE:  4983 19:29:32   -20023.146484        0.767365
FIRE:  4984 19:29:33   -20023.154297        0.720305
FIRE:  4985 19:29:33   -20023.152344        0.629589
FIRE:  4986 19:29:33   -20023.154297        0.502222
FIRE:  4987 19:29:34   -20023.169922        0.348130
FIRE:  4988 19:29:34   -20023.152344        0.179762
FIRE:  4989 19:29:34   -20023.164062        0.169858
FIRE:  4990 19:29:34   -20023.164062        0.169820
FIRE:  4991 19:29:35   -20023.152344        0.272820
FIRE:  4992 19:29:35   -20023.164062        0.360339
FIRE:  4993 19:29:35   -20023.167969        0.391243
FIRE:  4994 19:29:36   -20023.166016        0.351197
FIRE:  4995 19:29:36   -20023.152344        0.232683
FIRE:  4996 19:29:36   -20023.156250        0.169270
FIRE:  4997 19:29:36   -20023.167969        0.170209
FIRE:  4998 19:29:37   -20023.187500        0.302663
FIRE:  4999 19:29:37   -20023.173828        0.276991
FIRE:  5000 19:29:37   -20023.175781        0.167979
FIRE:  5001 19:29:38   -20023.169922        0.185705
FIRE:  5002 19:29:38   -20023.195312        0.266098
FIRE:  5003 19:29:38   -20023.216797        0.165541
FIRE:  5004 19:29:38   -20023.242188        0.242110
FIRE:  5005 19:29:39   -20023.279297        0.162639
FIRE:  5006 19:29:39   -20023.306641        0.246515
FIRE:  5007 19:29:39   -20023.341797        0.161811
FIRE:  5008 19:29:40   -20023.355469        0.304752
FIRE:  5009 19:29:40   -20023.431641        0.372650
FIRE:  5010 19:29:40   -20023.498047        0.416223
FIRE:  5011 19:29:41   -20023.564453        0.704563
FIRE:  5012 19:29:41   -20023.652344        1.877105
FIRE:  5013 19:29:41   -20023.626953        4.234354
FIRE:  5014 19:29:41   -20023.806641        0.843917
FIRE:  5015 19:29:42   -20023.615234        6.274762
FIRE:  5016 19:29:42   -20023.746094        3.590451
FIRE:  5017 19:29:42   -20023.833984        0.424945
FIRE:  5018 19:29:43   -20023.796875        2.182926
FIRE:  5019 19:29:43   -20023.808594        2.062907
FIRE:  5020 19:29:43   -20023.816406        1.823342
FIRE:  5021 19:29:43   -20023.820312        1.466755
FIRE:  5022 19:29:44   -20023.837891        1.000681
FIRE:  5023 19:29:44   -20023.851562        0.443689
FIRE:  5024 19:29:44   -20023.855469        0.438266
FIRE:  5025 19:29:45   -20023.851562        0.713012
FIRE:  5026 19:29:45   -20023.857422        0.699429
FIRE:  5027 19:29:45   -20023.843750        0.672258
FIRE:  5028 19:29:45   -20023.855469        0.632688
FIRE:  5029 19:29:46   -20023.867188        0.581286
FIRE:  5030 19:29:46   -20023.859375        0.519671
FIRE:  5031 19:29:46   -20023.853516        0.449422
FIRE:  5032 19:29:47   -20023.853516        0.443530
FIRE:  5033 19:29:47   -20023.869141        0.444302
FIRE:  5034 19:29:47   -20023.855469        0.445276
FIRE:  5035 19:29:48   -20023.843750        0.446566
FIRE:  5036 19:29:48   -20023.867188        0.448138
FIRE:  5037 19:29:48   -20023.863281        0.450121
FIRE:  5038 19:29:48   -20023.865234        0.452554
FIRE:  5039 19:29:49   -20023.861328        0.455560
FIRE:  5040 19:29:49   -20023.871094        0.459292
FIRE:  5041 19:29:49   -20023.890625        0.463847
FIRE:  5042 19:29:50   -20023.894531        0.469346
FIRE:  5043 19:29:50   -20023.908203        0.476178
FIRE:  5044 19:29:50   -20023.923828        0.484651
FIRE:  5045 19:29:50   -20023.943359        0.495164
FIRE:  5046 19:29:51   -20023.953125        0.508144
FIRE:  5047 19:29:51   -20023.968750        0.524249
FIRE:  5048 19:29:51   -20023.990234        0.544249
FIRE:  5049 19:29:52   -20024.009766        0.568717
FIRE:  5050 19:29:52   -20024.085938        0.597601
FIRE:  5051 19:29:52   -20024.109375        0.639864
FIRE:  5052 19:29:52   -20024.189453        0.704464
FIRE:  5053 19:29:53   -20024.304688        0.763512
FIRE:  5054 19:29:53   -20024.443359        0.766814
FIRE:  5055 19:29:53   -20024.554688        0.577311
FIRE:  5056 19:29:54   -20024.669922        0.748524
FIRE:  5057 19:29:54   -20024.654297        2.412537
FIRE:  5058 19:29:54   -20024.701172        2.220071
FIRE:  5059 19:29:54   -20024.783203        1.911708
FIRE:  5060 19:29:55   -20024.855469        1.608284
FIRE:  5061 19:29:55   -20024.933594        1.428877
FIRE:  5062 19:29:55   -20025.003906        1.751426
FIRE:  5063 19:29:56   -20025.101562        2.207798
FIRE:  5064 19:29:56   -20025.275391        2.202831
FIRE:  5065 19:29:56   -20025.472656        1.378595
FIRE:  5066 19:29:57   -20025.613281        1.740827
FIRE:  5067 19:29:57   -20025.744141        3.544686
FIRE:  5068 19:29:57   -20025.984375        2.080717
FIRE:  5069 19:29:57   -20026.183594        2.271936
FIRE:  5070 19:29:58   -20026.318359        2.687793
FIRE:  5071 19:29:58   -20026.548828        1.452477
FIRE:  5072 19:29:58   -20026.681641        2.296799
FIRE:  5073 19:29:59   -20026.869141        2.026517
FIRE:  5074 19:29:59   -20027.101562        1.320099
FIRE:  5075 19:29:59   -20027.216797        2.964941
FIRE:  5076 19:29:59   -20027.292969        0.650057
FIRE:  5077 19:30:00   -20027.291016        1.973935
FIRE:  5078 19:30:00   -20027.337891        1.713417
FIRE:  5079 19:30:00   -20027.359375        1.214822
FIRE:  5080 19:30:01   -20027.373047        0.568456
FIRE:  5081 19:30:01   -20027.386719        0.792147
FIRE:  5082 19:30:01   -20027.404297        1.316232
FIRE:  5083 19:30:01   -20027.412109        1.503683
FIRE:  5084 19:30:02   -20027.427734        1.314241
FIRE:  5085 19:30:02   -20027.470703        0.769909
FIRE:  5086 19:30:02   -20027.498047        0.546398
FIRE:  5087 19:30:03   -20027.542969        1.081848
FIRE:  5088 19:30:03   -20027.568359        1.157195
FIRE:  5089 19:30:03   -20027.621094        0.625365
FIRE:  5090 19:30:03   -20027.724609        0.764333
FIRE:  5091 19:30:04   -20027.769531        1.016404
FIRE:  5092 19:30:04   -20027.855469        0.288824
FIRE:  5093 19:30:04   -20027.933594        0.910911
FIRE:  5094 19:30:05   -20028.058594        0.284895
FIRE:  5095 19:30:05   -20028.191406        0.951022
FIRE:  5096 19:30:05   -20028.341797        0.565212
FIRE:  5097 19:30:06   -20028.507812        0.289329
FIRE:  5098 19:30:06   -20028.644531        0.875532
FIRE:  5099 19:30:06   -20028.755859        2.024186
FIRE:  5100 19:30:06   -20028.785156        0.303286
FIRE:  5101 19:30:07   -20028.798828        2.328737
FIRE:  5102 19:30:07   -20028.787109        1.513319
FIRE:  5103 19:30:07   -20028.810547        0.334721
FIRE:  5104 19:30:08   -20028.792969        0.821909
FIRE:  5105 19:30:08   -20028.802734        0.767087
FIRE:  5106 19:30:08   -20028.806641        0.660411
FIRE:  5107 19:30:08   -20028.812500        0.507833
FIRE:  5108 19:30:09   -20028.820312        0.319561
FIRE:  5109 19:30:09   -20028.816406        0.265965
FIRE:  5110 19:30:09   -20028.824219        0.263402
FIRE:  5111 19:30:10   -20028.816406        0.275874
FIRE:  5112 19:30:10   -20028.828125        0.409242
FIRE:  5113 19:30:10   -20028.826172        0.469057
FIRE:  5114 19:30:10   -20028.820312        0.428833
FIRE:  5115 19:30:11   -20028.847656        0.278663
FIRE:  5116 19:30:11   -20028.847656        0.233483
FIRE:  5117 19:30:11   -20028.853516        0.224793
FIRE:  5118 19:30:12   -20028.871094        0.351018
FIRE:  5119 19:30:12   -20028.900391        0.301741
FIRE:  5120 19:30:12   -20028.908203        0.190194
FIRE:  5121 19:30:13   -20028.900391        0.260177
FIRE:  5122 19:30:13   -20028.947266        0.292228
FIRE:  5123 19:30:13   -20028.951172        0.144820
FIRE:  5124 19:30:13   -20028.994141        0.301488
FIRE:  5125 19:30:14   -20029.039062        0.120539
FIRE:  5126 19:30:14   -20029.062500        0.320985
FIRE:  5127 19:30:14   -20029.117188        0.177208
FIRE:  5128 19:30:15   -20029.177734        0.123900
FIRE:  5129 19:30:15   -20029.242188        0.376959
FIRE:  5130 19:30:15   -20029.318359        0.798735
FIRE:  5131 19:30:15   -20029.392578        1.777190
FIRE:  5132 19:30:16   -20029.384766        3.441797
FIRE:  5133 19:30:16   -20029.509766        0.851205
FIRE:  5134 19:30:16   -20029.406250        4.027416
FIRE:  5135 19:30:17   -20029.466797        2.676700
FIRE:  5136 19:30:17   -20029.513672        0.710911
FIRE:  5137 19:30:17   -20029.513672        1.082191
FIRE:  5138 19:30:17   -20029.505859        1.022377
FIRE:  5139 19:30:18   -20029.521484        0.904749
FIRE:  5140 19:30:18   -20029.527344        0.733955
FIRE:  5141 19:30:18   -20029.515625        0.517716
FIRE:  5142 19:30:19   -20029.541016        0.268187
FIRE:  5143 19:30:19   -20029.535156        0.132965
FIRE:  5144 19:30:19   -20029.541016        0.244756
FIRE:  5145 19:30:19   -20029.533203        0.453985
FIRE:  5146 19:30:20   -20029.537109        0.592576
FIRE:  5147 19:30:20   -20029.552734        0.626932
FIRE:  5148 19:30:20   -20029.542969        0.532663
FIRE:  5149 19:30:21   -20029.560547        0.306976
FIRE:  5150 19:30:21   -20029.556641        0.133522
FIRE:  5151 19:30:21   -20029.566406        0.318679
FIRE:  5152 19:30:22   -20029.568359        0.467642
FIRE:  5153 19:30:22   -20029.556641        0.380281
FIRE:  5154 19:30:22   -20029.589844        0.134437
FIRE:  5155 19:30:22   -20029.597656        0.345580
FIRE:  5156 19:30:23   -20029.625000        0.390005
FIRE:  5157 19:30:23   -20029.646484        0.135788
FIRE:  5158 19:30:23   -20029.646484        0.387300
FIRE:  5159 19:30:24   -20029.654297        0.137227
FIRE:  5160 19:30:24   -20029.705078        0.432447
FIRE:  5161 19:30:24   -20029.759766        0.139202
FIRE:  5162 19:30:24   -20029.794922        0.299169
FIRE:  5163 19:30:25   -20029.859375        0.617965
FIRE:  5164 19:30:25   -20029.900391        0.913612
FIRE:  5165 19:30:25   -20030.011719        1.666862
FIRE:  5166 19:30:26   -20030.033203        3.260414
FIRE:  5167 19:30:26   -20030.128906        0.643734
FIRE:  5168 19:30:26   -20030.039062        3.956324
FIRE:  5169 19:30:26   -20030.115234        2.590365
FIRE:  5170 19:30:27   -20030.134766        0.618440
FIRE:  5171 19:30:27   -20030.126953        1.150817
FIRE:  5172 19:30:27   -20030.126953        1.085407
FIRE:  5173 19:30:28   -20030.148438        0.956939
FIRE:  5174 19:30:28   -20030.160156        0.770364
FIRE:  5175 19:30:28   -20030.138672        0.533917
FIRE:  5176 19:30:28   -20030.144531        0.261827
FIRE:  5177 19:30:29   -20030.140625        0.162029
FIRE:  5178 19:30:29   -20030.138672        0.290601
FIRE:  5179 19:30:29   -20030.144531        0.509665
FIRE:  5180 19:30:30   -20030.152344        0.647427
FIRE:  5181 19:30:30   -20030.156250        0.667961
FIRE:  5182 19:30:30   -20030.150391        0.546563
FIRE:  5183 19:30:31   -20030.185547        0.285386
FIRE:  5184 19:30:31   -20030.158203        0.165977
FIRE:  5185 19:30:31   -20030.171875        0.377715
FIRE:  5186 19:30:31   -20030.189453        0.504209
FIRE:  5187 19:30:32   -20030.177734        0.369228
FIRE:  5188 19:30:32   -20030.189453        0.172533
FIRE:  5189 19:30:32   -20030.195312        0.409056
FIRE:  5190 19:30:33   -20030.234375        0.376227
FIRE:  5191 19:30:33   -20030.259766        0.179969
FIRE:  5192 19:30:33   -20030.291016        0.411536
FIRE:  5193 19:30:33   -20030.310547        0.181408
FIRE:  5194 19:30:34   -20030.376953        0.431340
FIRE:  5195 19:30:34   -20030.421875        0.257677
FIRE:  5196 19:30:34   -20030.492188        0.211178
FIRE:  5197 19:30:35   -20030.585938        0.498480
FIRE:  5198 19:30:35   -20030.664062        1.043918
FIRE:  5199 19:30:35   -20030.730469        2.349712
FIRE:  5200 19:30:35   -20030.755859        0.246521
FIRE:  5201 19:30:36   -20030.740234        1.702623
FIRE:  5202 19:30:36   -20030.742188        1.389375
FIRE:  5203 19:30:36   -20030.781250        0.786573
FIRE:  5204 19:30:37   -20030.777344        0.242861
FIRE:  5205 19:30:37   -20030.769531        0.821737
FIRE:  5206 19:30:37   -20030.755859        0.772697
FIRE:  5207 19:30:37   -20030.767578        0.678092
FIRE:  5208 19:30:38   -20030.763672        0.545047
FIRE:  5209 19:30:38   -20030.771484        0.384219
FIRE:  5210 19:30:38   -20030.775391        0.241440
FIRE:  5211 19:30:39   -20030.769531        0.241205
FIRE:  5212 19:30:39   -20030.775391        0.240933
FIRE:  5213 19:30:39   -20030.769531        0.272595
FIRE:  5214 19:30:40   -20030.785156        0.371579
FIRE:  5215 19:30:40   -20030.783203        0.412418
FIRE:  5216 19:30:40   -20030.789062        0.379455
FIRE:  5217 19:30:40   -20030.800781        0.263022
FIRE:  5218 19:30:41   -20030.792969        0.237944
FIRE:  5219 19:30:41   -20030.792969        0.237252
FIRE:  5220 19:30:41   -20030.804688        0.312660
FIRE:  5221 19:30:42   -20030.808594        0.304724
FIRE:  5222 19:30:42   -20030.828125        0.235556
FIRE:  5223 19:30:42   -20030.847656        0.235482
FIRE:  5224 19:30:42   -20030.857422        0.285972
FIRE:  5225 19:30:43   -20030.890625        0.237151
FIRE:  5226 19:30:43   -20030.921875        0.239613
FIRE:  5227 19:30:43   -20030.935547        0.242680
FIRE:  5228 19:30:44   -20030.986328        0.247086
FIRE:  5229 19:30:44   -20031.046875        0.252201
FIRE:  5230 19:30:44   -20031.103516        0.334635
FIRE:  5231 19:30:44   -20031.173828        0.364058
FIRE:  5232 19:30:45   -20031.259766        0.387078
FIRE:  5233 19:30:45   -20031.326172        0.672754
FIRE:  5234 19:30:45   -20031.476562        1.862374
FIRE:  5235 19:30:46   -20031.505859        3.806058
FIRE:  5236 19:30:46   -20031.642578        0.705069
FIRE:  5237 19:30:46   -20031.529297        5.210223
FIRE:  5238 19:30:46   -20031.597656        3.155088
FIRE:  5239 19:30:47   -20031.675781        0.506142
FIRE:  5240 19:30:47   -20031.648438        1.741512
FIRE:  5241 19:30:47   -20031.660156        1.643153
FIRE:  5242 19:30:48   -20031.652344        1.448174
FIRE:  5243 19:30:48   -20031.660156        1.161392
FIRE:  5244 19:30:48   -20031.677734        0.792133
FIRE:  5245 19:30:49   -20031.671875        0.503757
FIRE:  5246 19:30:49   -20031.691406        0.503239
FIRE:  5247 19:30:49   -20031.691406        0.524572
FIRE:  5248 19:30:49   -20031.699219        0.864634
FIRE:  5249 19:30:50   -20031.708984        1.059693
FIRE:  5250 19:30:50   -20031.716797        1.050113
FIRE:  5251 19:30:50   -20031.736328        0.802781
FIRE:  5252 19:30:51   -20031.730469        0.500260
FIRE:  5253 19:30:51   -20031.748047        0.500667
FIRE:  5254 19:30:51   -20031.751953        0.660341
FIRE:  5255 19:30:51   -20031.773438        0.777372
FIRE:  5256 19:30:52   -20031.814453        0.512019
FIRE:  5257 19:30:52   -20031.835938        0.522984
FIRE:  5258 19:30:52   -20031.847656        0.702598
FIRE:  5259 19:30:53   -20031.882812        0.567950
FIRE:  5260 19:30:53   -20031.937500        0.606885
FIRE:  5261 19:30:53   -20031.990234        0.661268
FIRE:  5262 19:30:53   -20032.060547        0.735826
FIRE:  5263 19:30:54   -20032.199219        0.842191
FIRE:  5264 19:30:54   -20032.324219        0.993369
FIRE:  5265 19:30:54   -20032.533203        1.183078
FIRE:  5266 19:30:55   -20032.820312        1.316391
FIRE:  5267 19:30:55   -20033.160156        1.201372
FIRE:  5268 19:30:55   -20033.414062        1.152437
FIRE:  5269 19:30:56   -20033.468750        1.833656
FIRE:  5270 19:30:56   -20033.521484        1.308592
FIRE:  5271 19:30:56   -20033.560547        1.275052
FIRE:  5272 19:30:56   -20033.623047        0.506345
FIRE:  5273 19:30:57   -20033.597656        0.957048
FIRE:  5274 19:30:57   -20033.628906        0.725875
FIRE:  5275 19:30:57   -20033.650391        0.636683
FIRE:  5276 19:30:58   -20033.654297        0.512262
FIRE:  5277 19:30:58   -20033.652344        0.647208
FIRE:  5278 19:30:58   -20033.669922        0.719172
FIRE:  5279 19:30:58   -20033.683594        0.471493
FIRE:  5280 19:30:59   -20033.699219        0.336755
FIRE:  5281 19:30:59   -20033.695312        0.401588
FIRE:  5282 19:30:59   -20033.701172        0.559749
FIRE:  5283 19:31:00   -20033.699219        0.370121
FIRE:  5284 19:31:00   -20033.736328        0.326402
FIRE:  5285 19:31:00   -20033.777344        0.516998
FIRE:  5286 19:31:00   -20033.828125        0.319146
FIRE:  5287 19:31:01   -20033.855469        0.483968
FIRE:  5288 19:31:01   -20033.904297        0.370462
FIRE:  5289 19:31:01   -20033.970703        0.533961
FIRE:  5290 19:31:02   -20034.044922        0.496237
FIRE:  5291 19:31:02   -20034.162109        0.650594
FIRE:  5292 19:31:02   -20034.332031        0.921108
FIRE:  5293 19:31:02   -20034.572266        1.095473
FIRE:  5294 19:31:03   -20034.810547        1.138155
FIRE:  5295 19:31:03   -20035.095703        1.203669
FIRE:  5296 19:31:03   -20035.375000        2.043990
FIRE:  5297 19:31:04   -20035.611328        2.559830
FIRE:  5298 19:31:04   -20035.861328        1.970635
FIRE:  5299 19:31:04   -20035.996094        1.392328
FIRE:  5300 19:31:05   -20036.000000        2.517171
FIRE:  5301 19:31:05   -20036.048828        0.561234
FIRE:  5302 19:31:05   -20036.037109        1.347306
FIRE:  5303 19:31:05   -20036.039062        1.152310
FIRE:  5304 19:31:06   -20036.052734        0.778152
FIRE:  5305 19:31:06   -20036.064453        0.489165
FIRE:  5306 19:31:06   -20036.072266        0.476795
FIRE:  5307 19:31:07   -20036.074219        0.739205
FIRE:  5308 19:31:07   -20036.058594        0.955078
FIRE:  5309 19:31:07   -20036.078125        0.902503
FIRE:  5310 19:31:07   -20036.083984        0.571200
FIRE:  5311 19:31:08   -20036.103516        0.415986
FIRE:  5312 19:31:08   -20036.134766        0.494973
FIRE:  5313 19:31:08   -20036.134766        0.719635
FIRE:  5314 19:31:09   -20036.173828        0.500097
FIRE:  5315 19:31:09   -20036.187500        0.401556
FIRE:  5316 19:31:09   -20036.193359        0.658231
FIRE:  5317 19:31:09   -20036.238281        0.388624
FIRE:  5318 19:31:10   -20036.289062        0.488139
FIRE:  5319 19:31:10   -20036.343750        0.438014
FIRE:  5320 19:31:10   -20036.402344        0.604247
FIRE:  5321 19:31:11   -20036.472656        0.280108
FIRE:  5322 19:31:11   -20036.527344        0.671459
FIRE:  5323 19:31:11   -20036.634766        1.040662
FIRE:  5324 19:31:11   -20036.691406        1.318928
FIRE:  5325 19:31:12   -20036.757812        2.292576
FIRE:  5326 19:31:12   -20036.798828        0.322429
FIRE:  5327 19:31:12   -20036.796875        1.663546
FIRE:  5328 19:31:13   -20036.796875        1.356236
FIRE:  5329 19:31:13   -20036.826172        0.765928
FIRE:  5330 19:31:13   -20036.847656        0.250225
FIRE:  5331 19:31:14   -20036.841797        0.801161
FIRE:  5332 19:31:14   -20036.841797        0.753302
FIRE:  5333 19:31:14   -20036.822266        0.661220
FIRE:  5334 19:31:14   -20036.820312        0.531911
FIRE:  5335 19:31:15   -20036.816406        0.375224
FIRE:  5336 19:31:15   -20036.828125        0.221111
FIRE:  5337 19:31:15   -20036.830078        0.216210
FIRE:  5338 19:31:16   -20036.822266        0.210511
FIRE:  5339 19:31:16   -20036.833984        0.263335
FIRE:  5340 19:31:16   -20036.841797        0.360231
FIRE:  5341 19:31:16   -20036.847656        0.400120
FIRE:  5342 19:31:17   -20036.824219        0.367263
FIRE:  5343 19:31:17   -20036.845703        0.252264
FIRE:  5344 19:31:17   -20036.867188        0.169907
FIRE:  5345 19:31:18   -20036.873047        0.168349
FIRE:  5346 19:31:18   -20036.873047        0.306044
FIRE:  5347 19:31:18   -20036.896484        0.291167
FIRE:  5348 19:31:18   -20036.888672        0.162798
FIRE:  5349 19:31:19   -20036.910156        0.181274
FIRE:  5350 19:31:19   -20036.927734        0.275358
FIRE:  5351 19:31:19   -20036.955078        0.180797
FIRE:  5352 19:31:20   -20036.960938        0.243441
FIRE:  5353 19:31:20   -20036.992188        0.207294
FIRE:  5354 19:31:20   -20037.027344        0.242186
FIRE:  5355 19:31:21   -20037.097656        0.245684
FIRE:  5356 19:31:21   -20037.136719        0.319137
FIRE:  5357 19:31:21   -20037.191406        0.348954
FIRE:  5358 19:31:21   -20037.281250        0.357696
FIRE:  5359 19:31:22   -20037.431641        0.613776
FIRE:  5360 19:31:22   -20037.478516        1.767320
FIRE:  5361 19:31:22   -20037.423828        3.928475
FIRE:  5362 19:31:23   -20037.607422        0.784840
FIRE:  5363 19:31:23   -20037.435547        5.478698
FIRE:  5364 19:31:23   -20037.531250        3.287604
FIRE:  5365 19:31:23   -20037.607422        0.404007
FIRE:  5366 19:31:24   -20037.572266        1.848352
FIRE:  5367 19:31:24   -20037.574219        1.745460
FIRE:  5368 19:31:24   -20037.593750        1.541320
FIRE:  5369 19:31:25   -20037.589844        1.239645
FIRE:  5370 19:31:25   -20037.609375        0.849157
FIRE:  5371 19:31:25   -20037.593750        0.386935
FIRE:  5372 19:31:25   -20037.615234        0.234230
FIRE:  5373 19:31:26   -20037.607422        0.567886
FIRE:  5374 19:31:26   -20037.609375        0.557605
FIRE:  5375 19:31:26   -20037.623047        0.537011
FIRE:  5376 19:31:27   -20037.621094        0.506808
FIRE:  5377 19:31:27   -20037.617188        0.467524
FIRE:  5378 19:31:27   -20037.626953        0.420392
FIRE:  5379 19:31:28   -20037.619141        0.366350
FIRE:  5380 19:31:28   -20037.623047        0.306956
FIRE:  5381 19:31:28   -20037.615234        0.236960
FIRE:  5382 19:31:28   -20037.630859        0.235885
FIRE:  5383 19:31:29   -20037.630859        0.236146
FIRE:  5384 19:31:29   -20037.621094        0.236468
FIRE:  5385 19:31:29   -20037.621094        0.236852
FIRE:  5386 19:31:30   -20037.628906        0.237347
FIRE:  5387 19:31:30   -20037.615234        0.243337
FIRE:  5388 19:31:30   -20037.628906        0.263073
FIRE:  5389 19:31:30   -20037.626953        0.240761
FIRE:  5390 19:31:31   -20037.636719        0.239935
FIRE:  5391 19:31:31   -20037.632812        0.240711
FIRE:  5392 19:31:31   -20037.646484        0.241432
FIRE:  5393 19:31:32   -20037.648438        0.242033
FIRE:  5394 19:31:32   -20037.642578        0.242358
FIRE:  5395 19:31:32   -20037.667969        0.242306
FIRE:  5396 19:31:32   -20037.693359        0.241603
FIRE:  5397 19:31:33   -20037.695312        0.240114
FIRE:  5398 19:31:33   -20037.705078        0.237867
FIRE:  5399 19:31:33   -20037.736328        0.235119
FIRE:  5400 19:31:34   -20037.738281        0.232652
FIRE:  5401 19:31:34   -20037.750000        0.231674
FIRE:  5402 19:31:34   -20037.802734        0.233855
FIRE:  5403 19:31:34   -20037.847656        0.241041
FIRE:  5404 19:31:35   -20037.871094        0.254812
FIRE:  5405 19:31:35   -20037.931641        0.275702
FIRE:  5406 19:31:35   -20038.000000        0.370557
FIRE:  5407 19:31:36   -20038.076172        0.695270
FIRE:  5408 19:31:36   -20038.152344        1.748507
FIRE:  5409 19:31:36   -20038.187500        3.780287
FIRE:  5410 19:31:37   -20038.322266        0.757846
FIRE:  5411 19:31:37   -20038.214844        5.042267
FIRE:  5412 19:31:37   -20038.300781        3.100723
FIRE:  5413 19:31:37   -20038.365234        0.740880
FIRE:  5414 19:31:38   -20038.349609        1.623031
FIRE:  5415 19:31:38   -20038.353516        1.531502
FIRE:  5416 19:31:38   -20038.353516        1.350434
FIRE:  5417 19:31:39   -20038.361328        1.084975
FIRE:  5418 19:31:39   -20038.365234        0.780674
FIRE:  5419 19:31:39   -20038.382812        0.789510
FIRE:  5420 19:31:39   -20038.384766        0.800735
FIRE:  5421 19:31:40   -20038.390625        0.814489
FIRE:  5422 19:31:40   -20038.388672        0.832317
FIRE:  5423 19:31:40   -20038.402344        0.962822
FIRE:  5424 19:31:41   -20038.408203        0.962945
FIRE:  5425 19:31:41   -20038.416016        0.917130
FIRE:  5426 19:31:41   -20038.433594        0.960975
FIRE:  5427 19:31:41   -20038.457031        1.017675
FIRE:  5428 19:31:42   -20038.494141        1.091107
FIRE:  5429 19:31:42   -20038.521484        1.184814
FIRE:  5430 19:31:42   -20038.580078        1.303444
FIRE:  5431 19:31:43   -20038.656250        1.453267
FIRE:  5432 19:31:43   -20038.736328        1.638567
FIRE:  5433 19:31:43   -20038.880859        1.851180
FIRE:  5434 19:31:43   -20039.101562        2.045870
FIRE:  5435 19:31:44   -20039.443359        2.033019
FIRE:  5436 19:31:44   -20039.775391        1.099603
FIRE:  5437 19:31:44   -20039.789062        2.999250
FIRE:  5438 19:31:45   -20039.828125        2.573664
FIRE:  5439 19:31:45   -20039.904297        1.848592
FIRE:  5440 19:31:45   -20039.968750        1.005772
FIRE:  5441 19:31:46   -20040.017578        0.871611
FIRE:  5442 19:31:46   -20040.039062        0.903605
FIRE:  5443 19:31:46   -20040.056641        0.967186
FIRE:  5444 19:31:46   -20040.066406        1.240154
FIRE:  5445 19:31:47   -20040.123047        1.336911
FIRE:  5446 19:31:47   -20040.218750        1.216851
FIRE:  5447 19:31:47   -20040.345703        1.032433
FIRE:  5448 19:31:48   -20040.460938        1.049299
FIRE:  5449 19:31:48   -20040.576172        0.704395
FIRE:  5450 19:31:48   -20040.587891        1.128690
FIRE:  5451 19:31:48   -20040.597656        1.039288
FIRE:  5452 19:31:49   -20040.611328        0.870908
FIRE:  5453 19:31:49   -20040.626953        0.642556
FIRE:  5454 19:31:49   -20040.652344        0.530462
FIRE:  5455 19:31:50   -20040.662109        0.408468
FIRE:  5456 19:31:50   -20040.685547        0.315161
FIRE:  5457 19:31:50   -20040.677734        0.391780
FIRE:  5458 19:31:50   -20040.669922        0.498126
FIRE:  5459 19:31:51   -20040.673828        0.551131
FIRE:  5460 19:31:51   -20040.697266        0.504219
FIRE:  5461 19:31:51   -20040.716797        0.346318
FIRE:  5462 19:31:52   -20040.734375        0.347729
FIRE:  5463 19:31:52   -20040.755859        0.318269
FIRE:  5464 19:31:52   -20040.792969        0.450832
FIRE:  5465 19:31:52   -20040.822266        0.455091
FIRE:  5466 19:31:53   -20040.875000        0.202232
FIRE:  5467 19:31:53   -20040.908203        0.281444
FIRE:  5468 19:31:53   -20040.925781        0.425286
FIRE:  5469 19:31:54   -20040.988281        0.300636
FIRE:  5470 19:31:54   -20041.068359        0.694233
FIRE:  5471 19:31:54   -20041.107422        2.307285
FIRE:  5472 19:31:55   -20041.123047        0.310580
FIRE:  5473 19:31:55   -20041.132812        0.291898
FIRE:  5474 19:31:55   -20041.150391        0.255900
FIRE:  5475 19:31:55   -20041.150391        0.205579
FIRE:  5476 19:31:56   -20041.152344        0.163345
FIRE:  5477 19:31:56   -20041.158203        0.202762
FIRE:  5478 19:31:56   -20041.162109        0.158908
FIRE:  5479 19:31:57   -20041.166016        0.109079
FIRE:  5480 19:31:57   -20041.181641        0.118952
FIRE:  5481 19:31:57   -20041.181641        0.159696
FIRE:  5482 19:31:57   -20041.193359        0.159161
FIRE:  5483 19:31:58   -20041.191406        0.138038
FIRE:  5484 19:31:58   -20041.218750        0.146124
FIRE:  5485 19:31:58   -20041.212891        0.119247
FIRE:  5486 19:31:59   -20041.228516        0.123586
FIRE:  5487 19:31:59   -20041.242188        0.119340
FIRE:  5488 19:31:59   -20041.250000        0.153672
FIRE:  5489 19:31:59   -20041.259766        0.101018
FIRE:  5490 19:32:00   -20041.304688        0.101120
FIRE:  5491 19:32:00   -20041.355469        0.145656
FIRE:  5492 19:32:00   -20041.359375        0.417036
FIRE:  5493 19:32:01   -20041.417969        1.382287
FIRE:  5494 19:32:01   -20041.394531        3.386285
FIRE:  5495 19:32:01   -20041.521484        0.477349
FIRE:  5496 19:32:02   -20041.412109        4.560658
FIRE:  5497 19:32:02   -20041.486328        2.819325
FIRE:  5498 19:32:02   -20041.533203        0.431971
FIRE:  5499 19:32:02   -20041.509766        1.557446
FIRE:  5500 19:32:03   -20041.525391        1.467290
FIRE:  5501 19:32:03   -20041.527344        1.289138
FIRE:  5502 19:32:03   -20041.527344        1.027866
FIRE:  5503 19:32:04   -20041.521484        0.692828
FIRE:  5504 19:32:04   -20041.533203        0.300217
FIRE:  5505 19:32:04   -20041.542969        0.124410
FIRE:  5506 19:32:04   -20041.525391        0.492884
FIRE:  5507 19:32:05   -20041.539062        0.483949
FIRE:  5508 19:32:05   -20041.537109        0.466243
FIRE:  5509 19:32:05   -20041.533203        0.440167
FIRE:  5510 19:32:06   -20041.539062        0.406368
FIRE:  5511 19:32:06   -20041.539062        0.365519
FIRE:  5512 19:32:06   -20041.533203        0.318535
FIRE:  5513 19:32:06   -20041.525391        0.266901
FIRE:  5514 19:32:07   -20041.523438        0.205862
FIRE:  5515 19:32:07   -20041.519531        0.135804
FIRE:  5516 19:32:07   -20041.525391        0.079806
FIRE:  5517 19:32:08   -20041.523438        0.079809
FIRE:  5518 19:32:08   -20041.523438        0.103699
FIRE:  5519 19:32:08   -20041.531250        0.169210
FIRE:  5520 19:32:09   -20041.533203        0.214815
FIRE:  5521 19:32:09   -20041.537109        0.231673
FIRE:  5522 19:32:09   -20041.531250        0.212410
FIRE:  5523 19:32:09   -20041.525391        0.152453
FIRE:  5524 19:32:10   -20041.527344        0.079824
FIRE:  5525 19:32:10   -20041.519531        0.079823
FIRE:  5526 19:32:10   -20041.533203        0.157600
FIRE:  5527 19:32:11   -20041.531250        0.182904
FIRE:  5528 19:32:11   -20041.548828        0.114103
FIRE:  5529 19:32:11   -20041.552734        0.079742
FIRE:  5530 19:32:11   -20041.560547        0.147839
FIRE:  5531 19:32:12   -20041.570312        0.132308
FIRE:  5532 19:32:12   -20041.582031        0.079390
FIRE:  5533 19:32:12   -20041.580078        0.154583
FIRE:  5534 19:32:13   -20041.623047        0.078712
FIRE:  5535 19:32:13   -20041.646484        0.153979
FIRE:  5536 19:32:13   -20041.664062        0.077190
FIRE:  5537 19:32:13   -20041.683594        0.138485
FIRE:  5538 19:32:14   -20041.726562        0.217649
FIRE:  5539 19:32:14   -20041.787109        0.291370
FIRE:  5540 19:32:14   -20041.810547        0.526713
FIRE:  5541 19:32:15   -20041.886719        1.330057
FIRE:  5542 19:32:15   -20041.830078        3.053412
FIRE:  5543 19:32:15   -20041.919922        0.386431
FIRE:  5544 19:32:15   -20041.851562        3.912109
FIRE:  5545 19:32:16   -20041.910156        2.494205
FIRE:  5546 19:32:16   -20041.931641        0.479876
FIRE:  5547 19:32:16   -20041.929688        1.283337
FIRE:  5548 19:32:17   -20041.923828        1.207777
FIRE:  5549 19:32:17   -20041.929688        1.059027
FIRE:  5550 19:32:17   -20041.927734        0.842162
FIRE:  5551 19:32:18   -20041.953125        0.566703
FIRE:  5552 19:32:18   -20041.945312        0.247630
FIRE:  5553 19:32:18   -20041.943359        0.098972
FIRE:  5554 19:32:18   -20041.921875        0.388677
FIRE:  5555 19:32:19   -20041.931641        0.381832
FIRE:  5556 19:32:19   -20041.927734        0.368189
FIRE:  5557 19:32:19   -20041.939453        0.348197
FIRE:  5558 19:32:20   -20041.939453        0.322197
FIRE:  5559 19:32:20   -20041.943359        0.290786
FIRE:  5560 19:32:20   -20041.935547        0.254751
FIRE:  5561 19:32:20   -20041.935547        0.214978
FIRE:  5562 19:32:21   -20041.927734        0.167952
FIRE:  5563 19:32:21   -20041.935547        0.114050
FIRE:  5564 19:32:21   -20041.951172        0.099365
FIRE:  5565 19:32:22   -20041.935547        0.099435
FIRE:  5566 19:32:22   -20041.955078        0.099533
FIRE:  5567 19:32:22   -20041.947266        0.126661
FIRE:  5568 19:32:22   -20041.955078        0.165101
FIRE:  5569 19:32:23   -20041.941406        0.181481
FIRE:  5570 19:32:23   -20041.955078        0.169395
FIRE:  5571 19:32:23   -20041.941406        0.124673
FIRE:  5572 19:32:24   -20041.953125        0.100714
FIRE:  5573 19:32:24   -20041.937500        0.101118
FIRE:  5574 19:32:24   -20041.943359        0.119860
FIRE:  5575 19:32:24   -20041.943359        0.144276
FIRE:  5576 19:32:25   -20041.966797        0.102796
FIRE:  5577 19:32:25   -20041.972656        0.103613
FIRE:  5578 19:32:25   -20041.980469        0.113413
FIRE:  5579 19:32:26   -20041.978516        0.108286
FIRE:  5580 19:32:26   -20041.996094        0.107274
FIRE:  5581 19:32:26   -20041.998047        0.121256
FIRE:  5582 19:32:27   -20042.025391        0.111151
FIRE:  5583 19:32:27   -20042.048828        0.119970
FIRE:  5584 19:32:27   -20042.074219        0.116907
FIRE:  5585 19:32:27   -20042.111328        0.120793
FIRE:  5586 19:32:28   -20042.125000        0.166349
FIRE:  5587 19:32:28   -20042.175781        0.211217
FIRE:  5588 19:32:28   -20042.246094        0.395972
FIRE:  5589 19:32:29   -20042.298828        1.100948
FIRE:  5590 19:32:29   -20042.310547        2.716610
FIRE:  5591 19:32:29   -20042.384766        0.309728
FIRE:  5592 19:32:29   -20042.314453        3.293864
FIRE:  5593 19:32:30   -20042.355469        2.161902
FIRE:  5594 19:32:30   -20042.367188        0.498129
FIRE:  5595 19:32:30   -20042.390625        1.023795
FIRE:  5596 19:32:31   -20042.384766        0.962621
FIRE:  5597 19:32:31   -20042.392578        0.842648
FIRE:  5598 19:32:31   -20042.365234        0.668979
FIRE:  5599 19:32:31   -20042.382812        0.450304
FIRE:  5600 19:32:32   -20042.410156        0.200366
FIRE:  5601 19:32:32   -20042.382812        0.169472
FIRE:  5602 19:32:32   -20042.384766        0.291804
FIRE:  5603 19:32:33   -20042.412109        0.477962
FIRE:  5604 19:32:33   -20042.396484        0.586795
FIRE:  5605 19:32:33   -20042.421875        0.588648
FIRE:  5606 19:32:34   -20042.404297        0.464655
FIRE:  5607 19:32:34   -20042.412109        0.219898
FIRE:  5608 19:32:34   -20042.408203        0.173415
FIRE:  5609 19:32:34   -20042.437500        0.359467
FIRE:  5610 19:32:35   -20042.443359        0.448268
FIRE:  5611 19:32:35   -20042.457031        0.299940
FIRE:  5612 19:32:35   -20042.460938        0.179975
FIRE:  5613 19:32:36   -20042.468750        0.380421
FIRE:  5614 19:32:36   -20042.498047        0.302257
FIRE:  5615 19:32:36   -20042.519531        0.190019
FIRE:  5616 19:32:36   -20042.531250        0.354128
FIRE:  5617 19:32:37   -20042.562500        0.200753
FIRE:  5618 19:32:37   -20042.570312        0.342378
FIRE:  5619 19:32:37   -20042.609375        0.287210
FIRE:  5620 19:32:38   -20042.638672        0.219732
FIRE:  5621 19:32:38   -20042.673828        0.290117
FIRE:  5622 19:32:38   -20042.748047        0.757484
FIRE:  5623 19:32:38   -20042.806641        1.989478
FIRE:  5624 19:32:39   -20042.736328        4.151665
FIRE:  5625 19:32:39   -20042.904297        0.941375
FIRE:  5626 19:32:39   -20042.740234        5.933634
FIRE:  5627 19:32:40   -20042.841797        3.504350
FIRE:  5628 19:32:40   -20042.908203        0.373442
FIRE:  5629 19:32:40   -20042.894531        2.014113
FIRE:  5630 19:32:41   -20042.882812        1.904514
FIRE:  5631 19:32:41   -20042.902344        1.686472
FIRE:  5632 19:32:41   -20042.908203        1.362688
FIRE:  5633 19:32:41   -20042.921875        0.940823
FIRE:  5634 19:32:42   -20042.925781        0.436398
FIRE:  5635 19:32:42   -20042.916016        0.120443
FIRE:  5636 19:32:42   -20042.925781        0.620910
FIRE:  5637 19:32:43   -20042.929688        0.609478
FIRE:  5638 19:32:43   -20042.933594        0.586857
FIRE:  5639 19:32:43   -20042.917969        0.553490
FIRE:  5640 19:32:43   -20042.914062        0.510244
FIRE:  5641 19:32:44   -20042.923828        0.458171
FIRE:  5642 19:32:44   -20042.923828        0.398531
FIRE:  5643 19:32:44   -20042.933594        0.332721
FIRE:  5644 19:32:45   -20042.921875        0.255031
FIRE:  5645 19:32:45   -20042.933594        0.166373
FIRE:  5646 19:32:45   -20042.914062        0.118777
FIRE:  5647 19:32:45   -20042.931641        0.118934
FIRE:  5648 19:32:46   -20042.933594        0.131451
FIRE:  5649 19:32:46   -20042.929688        0.212890
FIRE:  5650 19:32:46   -20042.914062        0.269028
FIRE:  5651 19:32:47   -20042.937500        0.289517
FIRE:  5652 19:32:47   -20042.941406        0.264990
FIRE:  5653 19:32:47   -20042.933594        0.189831
FIRE:  5654 19:32:47   -20042.929688        0.121495
FIRE:  5655 19:32:48   -20042.943359        0.122263
FIRE:  5656 19:32:48   -20042.966797        0.196752
FIRE:  5657 19:32:48   -20042.974609        0.229049
FIRE:  5658 19:32:49   -20042.978516        0.142761
FIRE:  5659 19:32:49   -20042.988281        0.127494
FIRE:  5660 19:32:49   -20042.994141        0.183567
FIRE:  5661 19:32:50   -20043.015625        0.166234
FIRE:  5662 19:32:50   -20043.027344        0.135859
FIRE:  5663 19:32:50   -20043.039062        0.193148
FIRE:  5664 19:32:50   -20043.072266        0.145841
FIRE:  5665 19:32:51   -20043.087891        0.190789
FIRE:  5666 19:32:51   -20043.126953        0.162438
FIRE:  5667 19:32:51   -20043.154297        0.182984
FIRE:  5668 19:32:52   -20043.228516        0.262692
FIRE:  5669 19:32:52   -20043.273438        0.315557
FIRE:  5670 19:32:52   -20043.376953        0.537323
FIRE:  5671 19:32:52   -20043.447266        1.406955
FIRE:  5672 19:32:53   -20043.474609        3.309399
FIRE:  5673 19:32:53   -20043.578125        0.502692
FIRE:  5674 19:32:53   -20043.490234        4.294134
FIRE:  5675 19:32:54   -20043.556641        2.703202
FIRE:  5676 19:32:54   -20043.601562        0.482754
FIRE:  5677 19:32:54   -20043.574219        1.397859
FIRE:  5678 19:32:54   -20043.583984        1.316686
FIRE:  5679 19:32:55   -20043.589844        1.156512
FIRE:  5680 19:32:55   -20043.593750        0.922930
FIRE:  5681 19:32:55   -20043.605469        0.625035
FIRE:  5682 19:32:56   -20043.613281        0.279802
FIRE:  5683 19:32:56   -20043.599609        0.211178
FIRE:  5684 19:32:56   -20043.607422        0.410340
FIRE:  5685 19:32:56   -20043.605469        0.674384
FIRE:  5686 19:32:57   -20043.609375        0.827577
FIRE:  5687 19:32:57   -20043.607422        0.826429
FIRE:  5688 19:32:57   -20043.617188        0.644865
FIRE:  5689 19:32:58   -20043.623047        0.293961
FIRE:  5690 19:32:58   -20043.642578        0.225900
FIRE:  5691 19:32:58   -20043.636719        0.505053
FIRE:  5692 19:32:59   -20043.658203        0.619214
FIRE:  5693 19:32:59   -20043.650391        0.410119
FIRE:  5694 19:32:59   -20043.675781        0.249128
FIRE:  5695 19:32:59   -20043.689453        0.534932
FIRE:  5696 19:33:00   -20043.722656        0.413294
FIRE:  5697 19:33:00   -20043.746094        0.281732
FIRE:  5698 19:33:00   -20043.761719        0.485243
FIRE:  5699 19:33:01   -20043.783203        0.309431
FIRE:  5700 19:33:01   -20043.828125        0.469892
FIRE:  5701 19:33:01   -20043.890625        0.407526
FIRE:  5702 19:33:01   -20043.994141        0.275491
FIRE:  5703 19:33:02   -20044.070312        0.400135
FIRE:  5704 19:33:02   -20044.136719        1.049760
FIRE:  5705 19:33:02   -20044.185547        2.782719
FIRE:  5706 19:33:03   -20044.246094        0.448367
FIRE:  5707 19:33:03   -20044.250000        0.438544
FIRE:  5708 19:33:03   -20044.253906        0.419515
FIRE:  5709 19:33:03   -20044.251953        0.392572
FIRE:  5710 19:33:04   -20044.248047        0.359334
FIRE:  5711 19:33:04   -20044.255859        0.321558
FIRE:  5712 19:33:04   -20044.269531        0.280761
FIRE:  5713 19:33:05   -20044.259766        0.258447
FIRE:  5714 19:33:05   -20044.271484        0.257222
FIRE:  5715 19:33:05   -20044.314453        0.255502
FIRE:  5716 19:33:06   -20044.310547        0.253277
FIRE:  5717 19:33:06   -20044.335938        0.250693
FIRE:  5718 19:33:06   -20044.353516        0.248032
FIRE:  5719 19:33:06   -20044.361328        0.245869
FIRE:  5720 19:33:07   -20044.390625        0.245521
FIRE:  5721 19:33:07   -20044.423828        0.248383
FIRE:  5722 19:33:07   -20044.462891        0.255439
FIRE:  5723 19:33:08   -20044.511719        0.266076
FIRE:  5724 19:33:08   -20044.583984        0.277528
FIRE:  5725 19:33:08   -20044.652344        0.287377
FIRE:  5726 19:33:08   -20044.718750        0.326886
FIRE:  5727 19:33:09   -20044.841797        1.018812
FIRE:  5728 19:33:09   -20044.925781        2.704204
FIRE:  5729 19:33:09   -20044.998047        0.447866
FIRE:  5730 19:33:10   -20044.955078        3.067442
FIRE:  5731 19:33:10   -20044.982422        2.078128
FIRE:  5732 19:33:10   -20045.005859        0.587500
FIRE:  5733 19:33:10   -20045.015625        0.819548
FIRE:  5734 19:33:11   -20045.007812        0.771841
FIRE:  5735 19:33:11   -20045.009766        0.678661
FIRE:  5736 19:33:11   -20045.015625        0.544531
FIRE:  5737 19:33:12   -20045.025391        0.376668
FIRE:  5738 19:33:12   -20045.021484        0.368234
FIRE:  5739 19:33:12   -20045.029297        0.368515
FIRE:  5740 19:33:13   -20045.021484        0.368844
FIRE:  5741 19:33:13   -20045.013672        0.369248
FIRE:  5742 19:33:13   -20045.013672        0.439401
FIRE:  5743 19:33:13   -20045.027344        0.455046
FIRE:  5744 19:33:14   -20045.029297        0.370975
FIRE:  5745 19:33:14   -20045.027344        0.371744
FIRE:  5746 19:33:14   -20045.039062        0.372605
FIRE:  5747 19:33:15   -20045.033203        0.373517
FIRE:  5748 19:33:15   -20045.060547        0.374406
FIRE:  5749 19:33:15   -20045.093750        0.375093
FIRE:  5750 19:33:15   -20045.089844        0.375316
FIRE:  5751 19:33:16   -20045.107422        0.374633
FIRE:  5752 19:33:16   -20045.130859        0.372280
FIRE:  5753 19:33:16   -20045.148438        0.367240
FIRE:  5754 19:33:17   -20045.175781        0.357902
FIRE:  5755 19:33:17   -20045.226562        0.341802
FIRE:  5756 19:33:17   -20045.292969        0.314185
FIRE:  5757 19:33:17   -20045.347656        0.294619
FIRE:  5758 19:33:18   -20045.416016        0.213969
FIRE:  5759 19:33:18   -20045.470703        0.208336
FIRE:  5760 19:33:18   -20045.525391        0.305434
FIRE:  5761 19:33:19   -20045.601562        0.498419
FIRE:  5762 19:33:19   -20045.710938        1.174802
FIRE:  5763 19:33:19   -20045.695312        5.031168
FIRE:  5764 19:33:19   -20045.810547        2.085864
FIRE:  5765 19:33:20   -20045.824219        1.554630
FIRE:  5766 19:33:20   -20045.833984        0.528342
FIRE:  5767 19:33:20   -20045.832031        0.788869
FIRE:  5768 19:33:21   -20045.833984        0.721050
FIRE:  5769 19:33:21   -20045.843750        0.592475
FIRE:  5770 19:33:21   -20045.843750        0.417161
FIRE:  5771 19:33:22   -20045.839844        0.292289
FIRE:  5772 19:33:22   -20045.833984        0.286201
FIRE:  5773 19:33:22   -20045.826172        0.278838
FIRE:  5774 19:33:22   -20045.820312        0.313441
FIRE:  5775 19:33:23   -20045.833984        0.399379
FIRE:  5776 19:33:23   -20045.830078        0.413837
FIRE:  5777 19:33:23   -20045.832031        0.340586
FIRE:  5778 19:33:24   -20045.855469        0.216239
FIRE:  5779 19:33:24   -20045.835938        0.196262
FIRE:  5780 19:33:24   -20045.859375        0.265917
FIRE:  5781 19:33:24   -20045.875000        0.335279
FIRE:  5782 19:33:25   -20045.882812        0.195808
FIRE:  5783 19:33:25   -20045.894531        0.112613
FIRE:  5784 19:33:25   -20045.888672        0.285648
FIRE:  5785 19:33:26   -20045.916016        0.171973
FIRE:  5786 19:33:26   -20045.919922        0.182614
FIRE:  5787 19:33:26   -20045.939453        0.237748
FIRE:  5788 19:33:26   -20045.984375        0.167742
FIRE:  5789 19:33:27   -20046.031250        0.175071
FIRE:  5790 19:33:27   -20046.041016        0.317338
FIRE:  5791 19:33:27   -20046.080078        0.216919
FIRE:  5792 19:33:28   -20046.099609        0.143620
FIRE:  5793 19:33:28   -20046.187500        0.155742
FIRE:  5794 19:33:28   -20046.291016        0.427804
FIRE:  5795 19:33:29   -20046.390625        1.609900
FIRE:  5796 19:33:29   -20046.265625        7.077374
FIRE:  5797 19:33:29   -20046.439453        3.239659
FIRE:  5798 19:33:29   -20046.472656        2.518872
FIRE:  5799 19:33:30   -20046.521484        0.993318
FIRE:  5800 19:33:30   -20046.535156        1.233033
FIRE:  5801 19:33:30   -20046.539062        1.118571
FIRE:  5802 19:33:31   -20046.533203        0.903825
FIRE:  5803 19:33:31   -20046.542969        0.614866
FIRE:  5804 19:33:31   -20046.548828        0.332069
FIRE:  5805 19:33:31   -20046.548828        0.333698
FIRE:  5806 19:33:32   -20046.552734        0.335714
FIRE:  5807 19:33:32   -20046.552734        0.518317
FIRE:  5808 19:33:32   -20046.552734        0.633516
FIRE:  5809 19:33:33   -20046.556641        0.639932
FIRE:  5810 19:33:33   -20046.562500        0.516974
FIRE:  5811 19:33:33   -20046.582031        0.357569
FIRE:  5812 19:33:33   -20046.578125        0.366581
FIRE:  5813 19:33:34   -20046.587891        0.425328
FIRE:  5814 19:33:34   -20046.617188        0.531016
FIRE:  5815 19:33:34   -20046.636719        0.414957
FIRE:  5816 19:33:35   -20046.642578        0.442274
FIRE:  5817 19:33:35   -20046.662109        0.478787
FIRE:  5818 19:33:35   -20046.705078        0.526923
FIRE:  5819 19:33:35   -20046.742188        0.590597
FIRE:  5820 19:33:36   -20046.822266        0.674240
FIRE:  5821 19:33:36   -20046.925781        0.780666
FIRE:  5822 19:33:36   -20047.068359        0.904804
FIRE:  5823 19:33:37   -20047.255859        1.005357
FIRE:  5824 19:33:37   -20047.527344        0.898827
FIRE:  5825 19:33:37   -20047.800781        0.599512
FIRE:  5826 19:33:38   -20047.886719        1.901423
FIRE:  5827 19:33:38   -20047.943359        1.415031
FIRE:  5828 19:33:38   -20047.976562        0.649482
FIRE:  5829 19:33:38   -20048.003906        0.574581
FIRE:  5830 19:33:39   -20048.042969        0.796252
FIRE:  5831 19:33:39   -20048.058594        1.167753
FIRE:  5832 19:33:39   -20048.082031        1.271882
FIRE:  5833 19:33:40   -20048.121094        1.135530
FIRE:  5834 19:33:40   -20048.175781        0.774870
FIRE:  5835 19:33:40   -20048.240234        0.406068
FIRE:  5836 19:33:40   -20048.275391        0.535538
FIRE:  5837 19:33:41   -20048.375000        0.689087
FIRE:  5838 19:33:41   -20048.433594        0.468125
FIRE:  5839 19:33:41   -20048.509766        0.761057
FIRE:  5840 19:33:42   -20048.546875        1.300044
FIRE:  5841 19:33:42   -20048.599609        2.558327
FIRE:  5842 19:33:42   -20048.646484        0.348056
FIRE:  5843 19:33:42   -20048.654297        1.828222
FIRE:  5844 19:33:43   -20048.654297        1.497406
FIRE:  5845 19:33:43   -20048.673828        0.855955
FIRE:  5846 19:33:43   -20048.677734        0.217056
FIRE:  5847 19:33:44   -20048.687500        0.876764
FIRE:  5848 19:33:44   -20048.685547        0.823689
FIRE:  5849 19:33:44   -20048.703125        0.721937
FIRE:  5850 19:33:44   -20048.675781        0.578912
FIRE:  5851 19:33:45   -20048.685547        0.405997
FIRE:  5852 19:33:45   -20048.679688        0.217355
FIRE:  5853 19:33:45   -20048.689453        0.192147
FIRE:  5854 19:33:46   -20048.693359        0.187810
FIRE:  5855 19:33:46   -20048.701172        0.287289
FIRE:  5856 19:33:46   -20048.703125        0.391973
FIRE:  5857 19:33:47   -20048.710938        0.434552
FIRE:  5858 19:33:47   -20048.718750        0.398195
FIRE:  5859 19:33:47   -20048.724609        0.272411
FIRE:  5860 19:33:47   -20048.726562        0.134820
FIRE:  5861 19:33:48   -20048.740234        0.171362
FIRE:  5862 19:33:48   -20048.732422        0.332125
FIRE:  5863 19:33:48   -20048.755859        0.316048
FIRE:  5864 19:33:49   -20048.791016        0.115302
FIRE:  5865 19:33:49   -20048.796875        0.194438
FIRE:  5866 19:33:49   -20048.804688        0.297443
FIRE:  5867 19:33:49   -20048.828125        0.106664
FIRE:  5868 19:33:50   -20048.851562        0.264579
FIRE:  5869 19:33:50   -20048.896484        0.164828
FIRE:  5870 19:33:50   -20048.925781        0.267803
FIRE:  5871 19:33:51   -20048.951172        0.089714
FIRE:  5872 19:33:51   -20048.994141        0.354001
FIRE:  5873 19:33:51   -20049.033203        0.396435
FIRE:  5874 19:33:51   -20049.113281        0.398158
FIRE:  5875 19:33:52   -20049.214844        0.653278
FIRE:  5876 19:33:52   -20049.236328        1.753156
FIRE:  5877 19:33:52   -20049.224609        3.918611
FIRE:  5878 19:33:53   -20049.375000        0.788925
FIRE:  5879 19:33:53   -20049.224609        5.503568
FIRE:  5880 19:33:53   -20049.324219        3.294626
FIRE:  5881 19:33:53   -20049.386719        0.395653
FIRE:  5882 19:33:54   -20049.361328        1.866355
FIRE:  5883 19:33:54   -20049.371094        1.762811
FIRE:  5884 19:33:54   -20049.380859        1.557171
FIRE:  5885 19:33:55   -20049.390625        1.252932
FIRE:  5886 19:33:55   -20049.390625        0.858438
FIRE:  5887 19:33:55   -20049.390625        0.390119
FIRE:  5888 19:33:56   -20049.402344        0.157634
FIRE:  5889 19:33:56   -20049.398438        0.574307
FIRE:  5890 19:33:56   -20049.390625        0.563768
FIRE:  5891 19:33:56   -20049.402344        0.542831
FIRE:  5892 19:33:57   -20049.392578        0.512018
FIRE:  5893 19:33:57   -20049.404297        0.472158
FIRE:  5894 19:33:57   -20049.412109        0.424079
FIRE:  5895 19:33:58   -20049.416016        0.368986
FIRE:  5896 19:33:58   -20049.421875        0.308226
FIRE:  5897 19:33:58   -20049.408203        0.236591
FIRE:  5898 19:33:58   -20049.412109        0.158765
FIRE:  5899 19:33:59   -20049.404297        0.158927
FIRE:  5900 19:33:59   -20049.408203        0.159157
FIRE:  5901 19:33:59   -20049.414062        0.159464
FIRE:  5902 19:34:00   -20049.404297        0.193218
FIRE:  5903 19:34:00   -20049.402344        0.246250
FIRE:  5904 19:34:00   -20049.412109        0.266098
FIRE:  5905 19:34:00   -20049.400391        0.243730
FIRE:  5906 19:34:01   -20049.404297        0.173855
FIRE:  5907 19:34:01   -20049.404297        0.163193
FIRE:  5908 19:34:01   -20049.404297        0.164277
FIRE:  5909 19:34:02   -20049.410156        0.180693
FIRE:  5910 19:34:02   -20049.390625        0.209908
FIRE:  5911 19:34:02   -20049.410156        0.168972
FIRE:  5912 19:34:02   -20049.429688        0.171254
FIRE:  5913 19:34:03   -20049.441406        0.174240
FIRE:  5914 19:34:03   -20049.453125        0.178212
FIRE:  5915 19:34:03   -20049.474609        0.183562
FIRE:  5916 19:34:04   -20049.515625        0.191308
FIRE:  5917 19:34:04   -20049.527344        0.202769
FIRE:  5918 19:34:04   -20049.570312        0.220308
FIRE:  5919 19:34:05   -20049.609375        0.247765
FIRE:  5920 19:34:05   -20049.654297        0.290908
FIRE:  5921 19:34:05   -20049.703125        0.353011
FIRE:  5922 19:34:05   -20049.800781        0.420712
FIRE:  5923 19:34:06   -20049.896484        0.462632
FIRE:  5924 19:34:06   -20050.074219        1.131644
FIRE:  5925 19:34:06   -20050.185547        2.756178
FIRE:  5926 19:34:07   -20050.189453        6.539447
FIRE:  5927 19:34:07   -20050.337891        2.987859
FIRE:  5928 19:34:07   -20050.384766        2.295548
FIRE:  5929 19:34:07   -20050.425781        0.861660
FIRE:  5930 19:34:08   -20050.423828        1.147135
FIRE:  5931 19:34:08   -20050.437500        1.041430
FIRE:  5932 19:34:08   -20050.445312        0.842987
FIRE:  5933 19:34:09   -20050.437500        0.753892
FIRE:  5934 19:34:09   -20050.447266        0.756151
FIRE:  5935 19:34:09   -20050.455078        0.759062
FIRE:  5936 19:34:09   -20050.462891        0.762583
FIRE:  5937 19:34:10   -20050.451172        0.766698
FIRE:  5938 19:34:10   -20050.460938        0.771821
FIRE:  5939 19:34:10   -20050.494141        0.778143
FIRE:  5940 19:34:11   -20050.498047        0.785881
FIRE:  5941 19:34:11   -20050.521484        0.795406
FIRE:  5942 19:34:11   -20050.546875        0.807202
FIRE:  5943 19:34:12   -20050.560547        0.821749
FIRE:  5944 19:34:12   -20050.589844        0.839502
FIRE:  5945 19:34:12   -20050.625000        0.861030
FIRE:  5946 19:34:12   -20050.656250        0.887255
FIRE:  5947 19:34:13   -20050.718750        0.919021
FIRE:  5948 19:34:13   -20050.783203        0.956617
FIRE:  5949 19:34:13   -20050.878906        0.999720
FIRE:  5950 19:34:14   -20050.994141        1.043947
FIRE:  5951 19:34:14   -20051.134766        1.069272
FIRE:  5952 19:34:14   -20051.326172        1.010470
FIRE:  5953 19:34:14   -20051.523438        0.717669
FIRE:  5954 19:34:15   -20051.667969        1.128276
FIRE:  5955 19:34:15   -20051.716797        2.249683
FIRE:  5956 19:34:15   -20051.753906        1.914203
FIRE:  5957 19:34:16   -20051.816406        1.346300
FIRE:  5958 19:34:16   -20051.865234        0.742650
FIRE:  5959 19:34:16   -20051.912109        0.434152
FIRE:  5960 19:34:16   -20051.927734        0.460547
FIRE:  5961 19:34:17   -20051.955078        0.753119
FIRE:  5962 19:34:17   -20051.964844        0.892904
FIRE:  5963 19:34:17   -20051.962891        0.895069
FIRE:  5964 19:34:18   -20052.017578        0.765476
FIRE:  5965 19:34:18   -20052.078125        0.683119
FIRE:  5966 19:34:18   -20052.166016        0.530970
FIRE:  5967 19:34:18   -20052.255859        0.379240
FIRE:  5968 19:34:19   -20052.318359        0.771254
FIRE:  5969 19:34:19   -20052.402344        0.842230
FIRE:  5970 19:34:19   -20052.576172        0.407752
FIRE:  5971 19:34:20   -20052.718750        0.969237
FIRE:  5972 19:34:20   -20052.791016        2.550304
FIRE:  5973 19:34:20   -20052.849609        0.604521
FIRE:  5974 19:34:21   -20052.833984        2.943822
FIRE:  5975 19:34:21   -20052.847656        1.953120
FIRE:  5976 19:34:21   -20052.880859        0.475970
FIRE:  5977 19:34:21   -20052.904297        0.876750
FIRE:  5978 19:34:22   -20052.898438        0.823476
FIRE:  5979 19:34:22   -20052.894531        0.719104
FIRE:  5980 19:34:22   -20052.892578        0.568943
FIRE:  5981 19:34:23   -20052.898438        0.382105
FIRE:  5982 19:34:23   -20052.894531        0.357644
FIRE:  5983 19:34:23   -20052.914062        0.357206
FIRE:  5984 19:34:23   -20052.919922        0.356459
FIRE:  5985 19:34:24   -20052.912109        0.389907
FIRE:  5986 19:34:24   -20052.912109        0.481835
FIRE:  5987 19:34:24   -20052.908203        0.476759
FIRE:  5988 19:34:25   -20052.933594        0.356980
FIRE:  5989 19:34:25   -20052.923828        0.352513
FIRE:  5990 19:34:25   -20052.960938        0.351800
FIRE:  5991 19:34:25   -20052.939453        0.351532
FIRE:  5992 19:34:26   -20052.970703        0.361787
FIRE:  5993 19:34:26   -20052.998047        0.354813
FIRE:  5994 19:34:26   -20053.011719        0.359902
FIRE:  5995 19:34:27   -20053.048828        0.368955
FIRE:  5996 19:34:27   -20053.050781        0.383026
FIRE:  5997 19:34:27   -20053.093750        0.402531
FIRE:  5998 19:34:28   -20053.121094        0.425416
FIRE:  5999 19:34:28   -20053.189453        0.446797
FIRE:  6000 19:34:28   -20053.269531        0.462652
FIRE:  6001 19:34:28   -20053.376953        0.480513
FIRE:  6002 19:34:29   -20053.457031        0.524813
FIRE:  6003 19:34:29   -20053.589844        0.614818
FIRE:  6004 19:34:29   -20053.757812        0.718106
FIRE:  6005 19:34:30   -20053.974609        1.362081
FIRE:  6006 19:34:30   -20054.128906        2.889200
FIRE:  6007 19:34:30   -20054.177734        0.661270
FIRE:  6008 19:34:30   -20054.167969        0.489039
FIRE:  6009 19:34:31   -20054.173828        0.453527
FIRE:  6010 19:34:31   -20054.191406        0.445007
FIRE:  6011 19:34:31   -20054.193359        0.433403
FIRE:  6012 19:34:32   -20054.207031        0.493840
FIRE:  6013 19:34:32   -20054.203125        0.401441
FIRE:  6014 19:34:32   -20054.218750        0.380944
FIRE:  6015 19:34:32   -20054.246094        0.354370
FIRE:  6016 19:34:33   -20054.238281        0.379602
FIRE:  6017 19:34:33   -20054.259766        0.278201
FIRE:  6018 19:34:33   -20054.269531        0.231457
FIRE:  6019 19:34:34   -20054.298828        0.348599
FIRE:  6020 19:34:34   -20054.332031        0.228258
FIRE:  6021 19:34:34   -20054.400391        0.333003
FIRE:  6022 19:34:34   -20054.437500        0.215185
FIRE:  6023 19:34:35   -20054.468750        0.332945
FIRE:  6024 19:34:35   -20054.523438        0.385969
FIRE:  6025 19:34:35   -20054.585938        0.306837
FIRE:  6026 19:34:36   -20054.640625        0.394339
FIRE:  6027 19:34:36   -20054.732422        1.042137
FIRE:  6028 19:34:36   -20054.771484        2.622582
FIRE:  6029 19:34:37   -20054.837891        0.462435
FIRE:  6030 19:34:37   -20054.814453        2.917758
FIRE:  6031 19:34:37   -20054.833984        2.001019
FIRE:  6032 19:34:37   -20054.865234        0.603684
FIRE:  6033 19:34:38   -20054.853516        0.743182
FIRE:  6034 19:34:38   -20054.847656        0.700327
FIRE:  6035 19:34:38   -20054.853516        0.616527
FIRE:  6036 19:34:39   -20054.855469        0.495932
FIRE:  6037 19:34:39   -20054.853516        0.345054
FIRE:  6038 19:34:39   -20054.865234        0.173981
FIRE:  6039 19:34:39   -20054.867188        0.160230
FIRE:  6040 19:34:40   -20054.849609        0.163226
FIRE:  6041 19:34:40   -20054.859375        0.302104
FIRE:  6042 19:34:40   -20054.867188        0.393151
FIRE:  6043 19:34:41   -20054.871094        0.412506
FIRE:  6044 19:34:41   -20054.853516        0.343257
FIRE:  6045 19:34:41   -20054.873047        0.184282
FIRE:  6046 19:34:41   -20054.867188        0.159086
FIRE:  6047 19:34:42   -20054.878906        0.231066
FIRE:  6048 19:34:42   -20054.869141        0.316353
FIRE:  6049 19:34:42   -20054.880859        0.228684
FIRE:  6050 19:34:43   -20054.886719        0.157474
FIRE:  6051 19:34:43   -20054.902344        0.257118
FIRE:  6052 19:34:43   -20054.951172        0.226820
FIRE:  6053 19:34:43   -20054.939453        0.155106
FIRE:  6054 19:34:44   -20054.972656        0.259080
FIRE:  6055 19:34:44   -20055.013672        0.152144
FIRE:  6056 19:34:44   -20055.039062        0.257923
FIRE:  6057 19:34:45   -20055.058594        0.196917
FIRE:  6058 19:34:45   -20055.087891        0.142598
FIRE:  6059 19:34:45   -20055.169922        0.233927
FIRE:  6060 19:34:46   -20055.205078        0.592614
FIRE:  6061 19:34:46   -20055.283203        1.523336
FIRE:  6062 19:34:46   -20055.279297        3.238110
FIRE:  6063 19:34:46   -20055.382812        0.643458
FIRE:  6064 19:34:47   -20055.298828        3.941369
FIRE:  6065 19:34:47   -20055.347656        2.578235
FIRE:  6066 19:34:47   -20055.384766        0.611906
FIRE:  6067 19:34:48   -20055.373047        1.145672
FIRE:  6068 19:34:48   -20055.382812        1.080514
FIRE:  6069 19:34:48   -20055.371094        0.952443
FIRE:  6070 19:34:48   -20055.376953        0.766259
FIRE:  6071 19:34:49   -20055.386719        0.530274
FIRE:  6072 19:34:49   -20055.384766        0.258074
FIRE:  6073 19:34:49   -20055.396484        0.219028
FIRE:  6074 19:34:50   -20055.402344        0.288004
FIRE:  6075 19:34:50   -20055.390625        0.507025
FIRE:  6076 19:34:50   -20055.384766        0.645024
FIRE:  6077 19:34:50   -20055.392578        0.667062
FIRE:  6078 19:34:51   -20055.402344        0.548868
FIRE:  6079 19:34:51   -20055.414062        0.291631
FIRE:  6080 19:34:51   -20055.406250        0.226057
FIRE:  6081 19:34:52   -20055.410156        0.365540
FIRE:  6082 19:34:52   -20055.433594        0.500544
FIRE:  6083 19:34:52   -20055.429688        0.378273
FIRE:  6084 19:34:53   -20055.445312        0.235401
FIRE:  6085 19:34:53   -20055.460938        0.392895
FIRE:  6086 19:34:53   -20055.466797        0.390230
FIRE:  6087 19:34:53   -20055.503906        0.243827
FIRE:  6088 19:34:54   -20055.539062        0.410347
FIRE:  6089 19:34:54   -20055.582031        0.245259
FIRE:  6090 19:34:54   -20055.621094        0.446448
FIRE:  6091 19:34:55   -20055.666016        0.234626
FIRE:  6092 19:34:55   -20055.699219        0.230475
FIRE:  6093 19:34:55   -20055.804688        0.599576
FIRE:  6094 19:34:55   -20055.857422        1.049264
FIRE:  6095 19:34:56   -20056.001953        2.153726
FIRE:  6096 19:34:56   -20055.939453        4.118488
FIRE:  6097 19:34:56   -20056.117188        1.070238
FIRE:  6098 19:34:57   -20055.957031        5.549090
FIRE:  6099 19:34:57   -20056.085938        3.387955
FIRE:  6100 19:34:57   -20056.171875        0.518037
FIRE:  6101 19:34:57   -20056.144531        1.762592
FIRE:  6102 19:34:58   -20056.144531        1.666905
FIRE:  6103 19:34:58   -20056.150391        1.476932
FIRE:  6104 19:34:58   -20056.148438        1.196838
FIRE:  6105 19:34:59   -20056.162109        0.834602
FIRE:  6106 19:34:59   -20056.158203        0.406493
FIRE:  6107 19:34:59   -20056.175781        0.286295
FIRE:  6108 19:34:59   -20056.181641        0.481864
FIRE:  6109 19:35:00   -20056.181641        0.473449
FIRE:  6110 19:35:00   -20056.181641        0.456665
FIRE:  6111 19:35:00   -20056.175781        0.431823
FIRE:  6112 19:35:01   -20056.175781        0.399834
FIRE:  6113 19:35:01   -20056.179688        0.361084
FIRE:  6114 19:35:01   -20056.187500        0.316671
FIRE:  6115 19:35:02   -20056.183594        0.285683
FIRE:  6116 19:35:02   -20056.185547        0.285600
FIRE:  6117 19:35:02   -20056.183594        0.285488
FIRE:  6118 19:35:02   -20056.183594        0.285343
FIRE:  6119 19:35:03   -20056.175781        0.285152
FIRE:  6120 19:35:03   -20056.191406        0.284915
FIRE:  6121 19:35:03   -20056.203125        0.284607
FIRE:  6122 19:35:04   -20056.201172        0.284215
FIRE:  6123 19:35:04   -20056.197266        0.283713
FIRE:  6124 19:35:04   -20056.207031        0.283076
FIRE:  6125 19:35:04   -20056.195312        0.282251
FIRE:  6126 19:35:05   -20056.208984        0.281169
FIRE:  6127 19:35:05   -20056.216797        0.279750
FIRE:  6128 19:35:05   -20056.220703        0.277819
FIRE:  6129 19:35:06   -20056.234375        0.275223
FIRE:  6130 19:35:06   -20056.228516        0.271659
FIRE:  6131 19:35:06   -20056.255859        0.266712
FIRE:  6132 19:35:06   -20056.273438        0.259685
FIRE:  6133 19:35:07   -20056.304688        0.249612
FIRE:  6134 19:35:07   -20056.326172        0.234948
FIRE:  6135 19:35:07   -20056.365234        0.220168
FIRE:  6136 19:35:08   -20056.394531        0.228040
FIRE:  6137 19:35:08   -20056.425781        0.238389
FIRE:  6138 19:35:08   -20056.484375        0.251724
FIRE:  6139 19:35:08   -20056.539062        0.268586
FIRE:  6140 19:35:09   -20056.609375        0.288905
FIRE:  6141 19:35:09   -20056.669922        0.311859
FIRE:  6142 19:35:09   -20056.759766        0.504157
FIRE:  6143 19:35:10   -20056.837891        1.322758
FIRE:  6144 19:35:10   -20056.884766        3.046962
FIRE:  6145 19:35:10   -20056.974609        0.498915
FIRE:  6146 19:35:11   -20056.912109        3.684177
FIRE:  6147 19:35:11   -20056.947266        2.408134
FIRE:  6148 19:35:11   -20056.994141        0.558009
FIRE:  6149 19:35:11   -20056.976562        1.090879
FIRE:  6150 19:35:12   -20056.980469        1.027304
FIRE:  6151 19:35:12   -20057.003906        0.902582
FIRE:  6152 19:35:12   -20056.988281        0.721809
FIRE:  6153 19:35:13   -20057.003906        0.494010
FIRE:  6154 19:35:13   -20057.007812        0.437259
FIRE:  6155 19:35:13   -20057.005859        0.438351
FIRE:  6156 19:35:13   -20057.011719        0.439664
FIRE:  6157 19:35:14   -20057.015625        0.484249
FIRE:  6158 19:35:14   -20057.009766        0.609906
FIRE:  6159 19:35:14   -20057.011719        0.619072
FIRE:  6160 19:35:15   -20057.013672        0.488228
FIRE:  6161 19:35:15   -20057.029297        0.452817
FIRE:  6162 19:35:15   -20057.033203        0.457574
FIRE:  6163 19:35:15   -20057.062500        0.463565
FIRE:  6164 19:35:16   -20057.070312        0.471195
FIRE:  6165 19:35:16   -20057.085938        0.480221
FIRE:  6166 19:35:16   -20057.132812        0.491834
FIRE:  6167 19:35:17   -20057.136719        0.506706
FIRE:  6168 19:35:17   -20057.171875        0.525676
FIRE:  6169 19:35:17   -20057.207031        0.550222
FIRE:  6170 19:35:18   -20057.298828        0.581459
FIRE:  6171 19:35:18   -20057.339844        0.616375
FIRE:  6172 19:35:18   -20057.417969        0.658391
FIRE:  6173 19:35:18   -20057.539062        0.769117
FIRE:  6174 19:35:19   -20057.667969        0.916094
FIRE:  6175 19:35:19   -20057.816406        0.852723
FIRE:  6176 19:35:19   -20057.986328        0.788898
FIRE:  6177 19:35:20   -20058.144531        1.799405
FIRE:  6178 19:35:20   -20058.255859        2.881767
FIRE:  6179 19:35:20   -20058.343750        0.614413
FIRE:  6180 19:35:20   -20058.300781        3.512228
FIRE:  6181 19:35:21   -20058.333984        2.267875
FIRE:  6182 19:35:21   -20058.357422        0.620716
FIRE:  6183 19:35:21   -20058.380859        1.104547
FIRE:  6184 19:35:22   -20058.382812        1.038019
FIRE:  6185 19:35:22   -20058.386719        0.907598
FIRE:  6186 19:35:22   -20058.369141        0.718867
FIRE:  6187 19:35:22   -20058.378906        0.623826
FIRE:  6188 19:35:23   -20058.396484        0.624486
FIRE:  6189 19:35:23   -20058.394531        0.625311
FIRE:  6190 19:35:23   -20058.400391        0.626292
FIRE:  6191 19:35:24   -20058.416016        0.627538
FIRE:  6192 19:35:24   -20058.417969        0.629081
FIRE:  6193 19:35:24   -20058.412109        0.630962
FIRE:  6194 19:35:24   -20058.429688        0.633237
FIRE:  6195 19:35:25   -20058.445312        0.636033
FIRE:  6196 19:35:25   -20058.464844        0.639475
FIRE:  6197 19:35:25   -20058.457031        0.643703
FIRE:  6198 19:35:26   -20058.466797        0.648766
FIRE:  6199 19:35:26   -20058.501953        0.654793
FIRE:  6200 19:35:26   -20058.539062        0.661904
FIRE:  6201 19:35:27   -20058.562500        0.669995
FIRE:  6202 19:35:27   -20058.593750        0.678324
FIRE:  6203 19:35:27   -20058.654297        0.684716
FIRE:  6204 19:35:27   -20058.736328        0.681967
FIRE:  6205 19:35:28   -20058.796875        0.649920
FIRE:  6206 19:35:28   -20058.880859        0.537236
FIRE:  6207 19:35:28   -20058.968750        0.489042
FIRE:  6208 19:35:29   -20059.027344        0.644436
FIRE:  6209 19:35:29   -20059.023438        1.229349
FIRE:  6210 19:35:29   -20059.042969        1.099747
FIRE:  6211 19:35:29   -20059.054688        0.879260
FIRE:  6212 19:35:30   -20059.091797        0.610427
FIRE:  6213 19:35:30   -20059.113281        0.343051
FIRE:  6214 19:35:30   -20059.117188        0.260730
FIRE:  6215 19:35:31   -20059.125000        0.427410
FIRE:  6216 19:35:31   -20059.150391        0.509983
FIRE:  6217 19:35:31   -20059.156250        0.562449
FIRE:  6218 19:35:31   -20059.173828        0.531833
FIRE:  6219 19:35:32   -20059.191406        0.419181
FIRE:  6220 19:35:32   -20059.208984        0.361798
FIRE:  6221 19:35:32   -20059.238281        0.391739
FIRE:  6222 19:35:33   -20059.287109        0.278683
FIRE:  6223 19:35:33   -20059.339844        0.444513
FIRE:  6224 19:35:33   -20059.373047        0.542064
FIRE:  6225 19:35:33   -20059.406250        1.284149
FIRE:  6226 19:35:34   -20059.414062        3.951823
FIRE:  6227 19:35:34   -20059.496094        0.883125
FIRE:  6228 19:35:34   -20059.505859        0.666396
FIRE:  6229 19:35:35   -20059.515625        0.273483
FIRE:  6230 19:35:35   -20059.507812        0.197166
FIRE:  6231 19:35:35   -20059.507812        0.557278
FIRE:  6232 19:35:36   -20059.519531        0.517892
FIRE:  6233 19:35:36   -20059.521484        0.442224
FIRE:  6234 19:35:36   -20059.501953        0.336925
FIRE:  6235 19:35:36   -20059.505859        0.211309
FIRE:  6236 19:35:37   -20059.511719        0.112034
FIRE:  6237 19:35:37   -20059.511719        0.109137
FIRE:  6238 19:35:37   -20059.505859        0.157949
FIRE:  6239 19:35:38   -20059.503906        0.241165
FIRE:  6240 19:35:38   -20059.513672        0.285321
FIRE:  6241 19:35:38   -20059.509766        0.276618
FIRE:  6242 19:35:38   -20059.521484        0.206052
FIRE:  6243 19:35:39   -20059.527344        0.109682
FIRE:  6244 19:35:39   -20059.546875        0.110619
FIRE:  6245 19:35:39   -20059.523438        0.206437
FIRE:  6246 19:35:40   -20059.529297        0.220780
FIRE:  6247 19:35:40   -20059.546875        0.115042
FIRE:  6248 19:35:40   -20059.554688        0.117281
FIRE:  6249 19:35:40   -20059.546875        0.201351
FIRE:  6250 19:35:41   -20059.554688        0.123499
FIRE:  6251 19:35:41   -20059.578125        0.154977
FIRE:  6252 19:35:41   -20059.587891        0.137092
FIRE:  6253 19:35:42   -20059.570312        0.153406
FIRE:  6254 19:35:42   -20059.623047        0.145401
FIRE:  6255 19:35:42   -20059.654297        0.233823
FIRE:  6256 19:35:42   -20059.679688        0.235538
FIRE:  6257 19:35:43   -20059.722656        0.241447
FIRE:  6258 19:35:43   -20059.828125        0.438968
FIRE:  6259 19:35:43   -20059.859375        1.271055
FIRE:  6260 19:35:44   -20059.875000        3.131645
FIRE:  6261 19:35:44   -20059.964844        0.371595
FIRE:  6262 19:35:44   -20059.875000        4.102993
FIRE:  6263 19:35:45   -20059.919922        2.573918
FIRE:  6264 19:35:45   -20059.964844        0.435050
FIRE:  6265 19:35:45   -20059.951172        1.388870
FIRE:  6266 19:35:45   -20059.945312        1.306826
FIRE:  6267 19:35:46   -20059.947266        1.145125
FIRE:  6268 19:35:46   -20059.960938        0.908873
FIRE:  6269 19:35:46   -20059.968750        0.607557
FIRE:  6270 19:35:47   -20059.980469        0.257543
FIRE:  6271 19:35:47   -20059.980469        0.135070
FIRE:  6272 19:35:47   -20059.978516        0.434838
FIRE:  6273 19:35:47   -20059.970703        0.426919
FIRE:  6274 19:35:48   -20059.978516        0.411321
FIRE:  6275 19:35:48   -20059.958984        0.388406
FIRE:  6276 19:35:48   -20059.962891        0.358485
FIRE:  6277 19:35:49   -20059.968750        0.322446
FIRE:  6278 19:35:49   -20059.972656        0.281211
FIRE:  6279 19:35:49   -20059.982422        0.235797
FIRE:  6280 19:35:49   -20059.972656        0.181974
FIRE:  6281 19:35:50   -20059.972656        0.134925
FIRE:  6282 19:35:50   -20059.978516        0.134900
FIRE:  6283 19:35:50   -20059.966797        0.134868
FIRE:  6284 19:35:51   -20059.990234        0.134826
FIRE:  6285 19:35:51   -20059.986328        0.144754
FIRE:  6286 19:35:51   -20059.980469        0.186028
FIRE:  6287 19:35:51   -20059.982422        0.202134
FIRE:  6288 19:35:52   -20059.984375        0.185654
FIRE:  6289 19:35:52   -20059.982422        0.134428
FIRE:  6290 19:35:52   -20059.994141        0.134296
FIRE:  6291 19:35:53   -20060.000000        0.134130
FIRE:  6292 19:35:53   -20060.001953        0.136896
FIRE:  6293 19:35:53   -20060.009766        0.158906
FIRE:  6294 19:35:54   -20059.998047        0.133380
FIRE:  6295 19:35:54   -20060.019531        0.133006
FIRE:  6296 19:35:54   -20060.017578        0.132544
FIRE:  6297 19:35:54   -20060.027344        0.131957
FIRE:  6298 19:35:55   -20060.039062        0.131214
FIRE:  6299 19:35:55   -20060.041016        0.134734
FIRE:  6300 19:35:55   -20060.058594        0.128866
FIRE:  6301 19:35:56   -20060.068359        0.134162
FIRE:  6302 19:35:56   -20060.087891        0.136225
FIRE:  6303 19:35:56   -20060.099609        0.144180
FIRE:  6304 19:35:56   -20060.158203        0.189783
FIRE:  6305 19:35:57   -20060.224609        0.270347
FIRE:  6306 19:35:57   -20060.269531        0.516478
FIRE:  6307 19:35:57   -20060.314453        1.358937
FIRE:  6308 19:35:58   -20060.341797        3.148076
FIRE:  6309 19:35:58   -20060.421875        0.436223
FIRE:  6310 19:35:58   -20060.339844        4.041564
FIRE:  6311 19:35:58   -20060.396484        2.565073
FIRE:  6312 19:35:59   -20060.431641        0.481690
FIRE:  6313 19:35:59   -20060.431641        1.314968
FIRE:  6314 19:35:59   -20060.421875        1.237845
FIRE:  6315 19:36:00   -20060.425781        1.086005
FIRE:  6316 19:36:00   -20060.425781        0.864737
FIRE:  6317 19:36:00   -20060.453125        0.583274
FIRE:  6318 19:36:00   -20060.441406        0.262691
FIRE:  6319 19:36:01   -20060.451172        0.263352
FIRE:  6320 19:36:01   -20060.451172        0.387808
FIRE:  6321 19:36:01   -20060.460938        0.380964
FIRE:  6322 19:36:02   -20060.457031        0.367428
FIRE:  6323 19:36:02   -20060.437500        0.347231
FIRE:  6324 19:36:02   -20060.443359        0.321326
FIRE:  6325 19:36:03   -20060.449219        0.289895
FIRE:  6326 19:36:03   -20060.447266        0.264720
FIRE:  6327 19:36:03   -20060.449219        0.264892
FIRE:  6328 19:36:03   -20060.447266        0.265123
FIRE:  6329 19:36:04   -20060.445312        0.265403
FIRE:  6330 19:36:04   -20060.443359        0.265770
FIRE:  6331 19:36:04   -20060.449219        0.266233
FIRE:  6332 19:36:05   -20060.447266        0.266826
FIRE:  6333 19:36:05   -20060.464844        0.267538
FIRE:  6334 19:36:05   -20060.455078        0.268414
FIRE:  6335 19:36:05   -20060.468750        0.269495
FIRE:  6336 19:36:06   -20060.470703        0.270810
FIRE:  6337 19:36:06   -20060.457031        0.272400
FIRE:  6338 19:36:06   -20060.466797        0.274351
FIRE:  6339 19:36:07   -20060.472656        0.276728
FIRE:  6340 19:36:07   -20060.466797        0.279617
FIRE:  6341 19:36:07   -20060.488281        0.283112
FIRE:  6342 19:36:07   -20060.466797        0.287287
FIRE:  6343 19:36:08   -20060.498047        0.292241
FIRE:  6344 19:36:08   -20060.503906        0.298065
FIRE:  6345 19:36:08   -20060.511719        0.304726
FIRE:  6346 19:36:09   -20060.498047        0.312096
FIRE:  6347 19:36:09   -20060.542969        0.319727
FIRE:  6348 19:36:09   -20060.572266        0.326755
FIRE:  6349 19:36:10   -20060.597656        0.331437
FIRE:  6350 19:36:10   -20060.619141        0.330534
FIRE:  6351 19:36:10   -20060.662109        0.318958
FIRE:  6352 19:36:10   -20060.728516        0.288452
FIRE:  6353 19:36:11   -20060.798828        0.226682
FIRE:  6354 19:36:11   -20060.888672        0.394213
FIRE:  6355 19:36:11   -20060.968750        1.205737
FIRE:  6356 19:36:12   -20061.033203        3.046091
FIRE:  6357 19:36:12   -20061.101562        0.446817
FIRE:  6358 19:36:12   -20061.037109        3.749301
FIRE:  6359 19:36:12   -20061.083984        2.424676
FIRE:  6360 19:36:13   -20061.128906        0.519732
FIRE:  6361 19:36:13   -20061.119141        1.157033
FIRE:  6362 19:36:13   -20061.125000        1.089027
FIRE:  6363 19:36:14   -20061.132812        0.955364
FIRE:  6364 19:36:14   -20061.134766        0.761508
FIRE:  6365 19:36:14   -20061.144531        0.516658
FIRE:  6366 19:36:14   -20061.144531        0.320776
FIRE:  6367 19:36:15   -20061.146484        0.321068
FIRE:  6368 19:36:15   -20061.142578        0.321408
FIRE:  6369 19:36:15   -20061.144531        0.531778
FIRE:  6370 19:36:16   -20061.148438        0.659352
FIRE:  6371 19:36:16   -20061.173828        0.661148
FIRE:  6372 19:36:16   -20061.156250        0.514262
FIRE:  6373 19:36:16   -20061.173828        0.323724
FIRE:  6374 19:36:17   -20061.166016        0.324133
FIRE:  6375 19:36:17   -20061.173828        0.419000
FIRE:  6376 19:36:17   -20061.193359        0.499882
FIRE:  6377 19:36:18   -20061.203125        0.322993
FIRE:  6378 19:36:18   -20061.212891        0.320527
FIRE:  6379 19:36:18   -20061.224609        0.447539
FIRE:  6380 19:36:19   -20061.248047        0.306860
FIRE:  6381 19:36:19   -20061.279297        0.291801
FIRE:  6382 19:36:19   -20061.300781        0.374703
FIRE:  6383 19:36:19   -20061.308594        0.227810
FIRE:  6384 19:36:20   -20061.365234        0.298935
FIRE:  6385 19:36:20   -20061.410156        0.444952
FIRE:  6386 19:36:20   -20061.460938        0.226494
FIRE:  6387 19:36:21   -20061.474609        0.245086
FIRE:  6388 19:36:21   -20061.533203        0.330976
FIRE:  6389 19:36:21   -20061.626953        0.383597
FIRE:  6390 19:36:21   -20061.685547        1.498028
FIRE:  6391 19:36:22   -20061.470703        7.794453
FIRE:  6392 19:36:22   -20061.632812        3.664061
FIRE:  6393 19:36:22   -20061.691406        2.896725
FIRE:  6394 19:36:23   -20061.755859        1.208859
FIRE:  6395 19:36:23   -20061.769531        1.399222
FIRE:  6396 19:36:23   -20061.765625        1.265263
FIRE:  6397 19:36:23   -20061.779297        1.014717
FIRE:  6398 19:36:24   -20061.775391        0.678854
FIRE:  6399 19:36:24   -20061.787109        0.297408
FIRE:  6400 19:36:24   -20061.781250        0.121096
FIRE:  6401 19:36:25   -20061.777344        0.396235
FIRE:  6402 19:36:25   -20061.775391        0.388311
FIRE:  6403 19:36:25   -20061.787109        0.372466
FIRE:  6404 19:36:25   -20061.779297        0.349125
FIRE:  6405 19:36:26   -20061.796875        0.318856
FIRE:  6406 19:36:26   -20061.775391        0.282215
FIRE:  6407 19:36:26   -20061.783203        0.240169
FIRE:  6408 19:36:27   -20061.781250        0.193819
FIRE:  6409 19:36:27   -20061.785156        0.139125
FIRE:  6410 19:36:27   -20061.771484        0.116387
FIRE:  6411 19:36:28   -20061.787109        0.115518
FIRE:  6412 19:36:28   -20061.769531        0.114441
FIRE:  6413 19:36:28   -20061.783203        0.122215
FIRE:  6414 19:36:28   -20061.779297        0.170032
FIRE:  6415 19:36:29   -20061.763672        0.193829
FIRE:  6416 19:36:29   -20061.783203        0.185195
FIRE:  6417 19:36:29   -20061.781250        0.138936
FIRE:  6418 19:36:30   -20061.804688        0.100971
FIRE:  6419 19:36:30   -20061.785156        0.096962
FIRE:  6420 19:36:30   -20061.804688        0.122097
FIRE:  6421 19:36:30   -20061.802734        0.150459
FIRE:  6422 19:36:31   -20061.818359        0.100619
FIRE:  6423 19:36:31   -20061.800781        0.080874
FIRE:  6424 19:36:31   -20061.812500        0.121449
FIRE:  6425 19:36:32   -20061.806641        0.111431
FIRE:  6426 19:36:32   -20061.812500        0.078817
FIRE:  6427 19:36:32   -20061.830078        0.126899
FIRE:  6428 19:36:32   -20061.861328        0.077324
FIRE:  6429 19:36:33   -20061.871094        0.131316
FIRE:  6430 19:36:33   -20061.931641        0.075658
FIRE:  6431 19:36:33   -20061.937500        0.095011
FIRE:  6432 19:36:34   -20061.955078        0.183568
FIRE:  6433 19:36:34   -20062.001953        0.280424
FIRE:  6434 19:36:34   -20062.041016        0.557704
FIRE:  6435 19:36:34   -20062.089844        1.252360
FIRE:  6436 19:36:35   -20062.066406        3.712131
FIRE:  6437 19:36:35   -20062.134766        0.867832
FIRE:  6438 19:36:35   -20062.152344        0.650743
FIRE:  6439 19:36:36   -20062.164062        0.258142
FIRE:  6440 19:36:36   -20062.162109        0.210964
FIRE:  6441 19:36:36   -20062.152344        0.196310
FIRE:  6442 19:36:37   -20062.160156        0.168184
FIRE:  6443 19:36:37   -20062.148438        0.128795
FIRE:  6444 19:36:37   -20062.160156        0.081873
FIRE:  6445 19:36:37   -20062.156250        0.068388
FIRE:  6446 19:36:38   -20062.164062        0.068353
FIRE:  6447 19:36:38   -20062.166016        0.068304
FIRE:  6448 19:36:38   -20062.158203        0.091065
FIRE:  6449 19:36:39   -20062.160156        0.108616
FIRE:  6450 19:36:39   -20062.156250        0.104431
FIRE:  6451 19:36:39   -20062.154297        0.075047
FIRE:  6452 19:36:39   -20062.169922        0.067893
FIRE:  6453 19:36:40   -20062.179688        0.067759
FIRE:  6454 19:36:40   -20062.175781        0.081401
FIRE:  6455 19:36:40   -20062.175781        0.080375
FIRE:  6456 19:36:41   -20062.171875        0.067235
FIRE:  6457 19:36:41   -20062.167969        0.067143
FIRE:  6458 19:36:41   -20062.179688        0.075928
FIRE:  6459 19:36:41   -20062.187500        0.067473
FIRE:  6460 19:36:42   -20062.222656        0.069062
FIRE:  6461 19:36:42   -20062.236328        0.070724
FIRE:  6462 19:36:42   -20062.257812        0.075161
FIRE:  6463 19:36:43   -20062.261719        0.080989
FIRE:  6464 19:36:43   -20062.285156        0.088776
FIRE:  6465 19:36:43   -20062.312500        0.116593
FIRE:  6466 19:36:43   -20062.347656        0.201464
FIRE:  6467 19:36:44   -20062.384766        0.472784
FIRE:  6468 19:36:44   -20062.460938        1.416068
FIRE:  6469 19:36:44   -20062.451172        3.414117
FIRE:  6470 19:36:45   -20062.562500        0.441473
FIRE:  6471 19:36:45   -20062.458984        4.658469
FIRE:  6472 19:36:45   -20062.527344        2.839727
FIRE:  6473 19:36:46   -20062.574219        0.376558
FIRE:  6474 19:36:46   -20062.562500        1.618949
FIRE:  6475 19:36:46   -20062.570312        1.524508
FIRE:  6476 19:36:46   -20062.554688        1.337795
FIRE:  6477 19:36:47   -20062.574219        1.063650
FIRE:  6478 19:36:47   -20062.572266        0.711595
FIRE:  6479 19:36:47   -20062.582031        0.299471
FIRE:  6480 19:36:48   -20062.570312        0.222803
FIRE:  6481 19:36:48   -20062.583984        0.522188
FIRE:  6482 19:36:48   -20062.582031        0.512466
FIRE:  6483 19:36:48   -20062.585938        0.493248
FIRE:  6484 19:36:49   -20062.582031        0.464878
FIRE:  6485 19:36:49   -20062.583984        0.428308
FIRE:  6486 19:36:49   -20062.574219        0.384101
FIRE:  6487 19:36:50   -20062.585938        0.333536
FIRE:  6488 19:36:50   -20062.591797        0.278014
FIRE:  6489 19:36:50   -20062.574219        0.225636
FIRE:  6490 19:36:50   -20062.595703        0.226100
FIRE:  6491 19:36:51   -20062.589844        0.226704
FIRE:  6492 19:36:51   -20062.578125        0.227456
FIRE:  6493 19:36:51   -20062.595703        0.228406
FIRE:  6494 19:36:52   -20062.580078        0.229580
FIRE:  6495 19:36:52   -20062.597656        0.231040
FIRE:  6496 19:36:52   -20062.589844        0.241610
FIRE:  6497 19:36:53   -20062.585938        0.235013
FIRE:  6498 19:36:53   -20062.593750        0.237682
FIRE:  6499 19:36:53   -20062.607422        0.240997
FIRE:  6500 19:36:53   -20062.589844        0.245128
FIRE:  6501 19:36:54   -20062.597656        0.250252
FIRE:  6502 19:36:54   -20062.607422        0.256618
FIRE:  6503 19:36:54   -20062.621094        0.264514
FIRE:  6504 19:36:55   -20062.623047        0.274381
FIRE:  6505 19:36:55   -20062.646484        0.286763
FIRE:  6506 19:36:55   -20062.681641        0.302233
FIRE:  6507 19:36:55   -20062.695312        0.321583
FIRE:  6508 19:36:56   -20062.730469        0.345727
FIRE:  6509 19:36:56   -20062.736328        0.375493
FIRE:  6510 19:36:56   -20062.798828        0.411602
FIRE:  6511 19:36:57   -20062.861328        0.453490
FIRE:  6512 19:36:57   -20062.935547        0.497346
FIRE:  6513 19:36:57   -20063.064453        0.530177
FIRE:  6514 19:36:57   -20063.236328        0.630091
FIRE:  6515 19:36:58   -20063.437500        0.673942
FIRE:  6516 19:36:58   -20063.613281        0.508957
FIRE:  6517 19:36:58   -20063.748047        1.016525
FIRE:  6518 19:36:59   -20063.775391        2.693288
FIRE:  6519 19:36:59   -20063.812500        1.163791
FIRE:  6520 19:36:59   -20063.824219        0.815681
FIRE:  6521 19:36:59   -20063.847656        0.675958
FIRE:  6522 19:37:00   -20063.853516        0.632073
FIRE:  6523 19:37:00   -20063.865234        0.904043
FIRE:  6524 19:37:00   -20063.886719        0.832929
FIRE:  6525 19:37:01   -20063.904297        0.460986
FIRE:  6526 19:37:01   -20063.912109        0.402726
FIRE:  6527 19:37:01   -20063.910156        0.656032
FIRE:  6528 19:37:02   -20063.937500        0.548441
FIRE:  6529 19:37:02   -20063.949219        0.280969
FIRE:  6530 19:37:02   -20063.970703        0.633851
FIRE:  6531 19:37:02   -20063.984375        0.292502
FIRE:  6532 19:37:03   -20064.000000        0.550172
FIRE:  6533 19:37:03   -20064.054688        0.337539
FIRE:  6534 19:37:03   -20064.064453        0.741785
FIRE:  6535 19:37:04   -20064.101562        0.251969
FIRE:  6536 19:37:04   -20064.121094        0.509091
FIRE:  6537 19:37:04   -20064.164062        1.068722
FIRE:  6538 19:37:04   -20064.169922        1.631366
FIRE:  6539 19:37:05   -20064.197266        0.438703
FIRE:  6540 19:37:05   -20064.203125        1.308059
FIRE:  6541 19:37:05   -20064.199219        1.004715
FIRE:  6542 19:37:06   -20064.195312        0.489920
FIRE:  6543 19:37:06   -20064.212891        0.210133
FIRE:  6544 19:37:06   -20064.210938        0.553861
FIRE:  6545 19:37:06   -20064.207031        0.526916
FIRE:  6546 19:37:07   -20064.212891        0.474133
FIRE:  6547 19:37:07   -20064.212891        0.397904
FIRE:  6548 19:37:07   -20064.212891        0.302086
FIRE:  6549 19:37:08   -20064.203125        0.192023
FIRE:  6550 19:37:08   -20064.214844        0.185904
FIRE:  6551 19:37:08   -20064.228516        0.181742
FIRE:  6552 19:37:09   -20064.220703        0.176486
FIRE:  6553 19:37:09   -20064.228516        0.236793
FIRE:  6554 19:37:09   -20064.224609        0.288454
FIRE:  6555 19:37:09   -20064.222656        0.286112
FIRE:  6556 19:37:10   -20064.232422        0.219748
FIRE:  6557 19:37:10   -20064.212891        0.129334
FIRE:  6558 19:37:10   -20064.242188        0.114592
FIRE:  6559 19:37:11   -20064.232422        0.190682
FIRE:  6560 19:37:11   -20064.216797        0.223013
FIRE:  6561 19:37:11   -20064.238281        0.125847
FIRE:  6562 19:37:11   -20064.255859        0.094084
FIRE:  6563 19:37:12   -20064.255859        0.200817
FIRE:  6564 19:37:12   -20064.265625        0.117931
FIRE:  6565 19:37:12   -20064.285156        0.120066
FIRE:  6566 19:37:13   -20064.277344        0.166512
FIRE:  6567 19:37:13   -20064.333984        0.098106
FIRE:  6568 19:37:13   -20064.333984        0.138587
FIRE:  6569 19:37:13   -20064.343750        0.199581
FIRE:  6570 19:37:14   -20064.363281        0.096279
FIRE:  6571 19:37:14   -20064.437500        0.093457
FIRE:  6572 19:37:14   -20064.474609        0.124253
FIRE:  6573 19:37:15   -20064.535156        0.473820
FIRE:  6574 19:37:15   -20064.583984        1.601247
FIRE:  6575 19:37:15   -20064.455078        6.912847
FIRE:  6576 19:37:15   -20064.607422        2.851793
FIRE:  6577 19:37:16   -20064.648438        2.214148
FIRE:  6578 19:37:16   -20064.681641        0.905845
FIRE:  6579 19:37:16   -20064.679688        0.952626
FIRE:  6580 19:37:17   -20064.679688        0.870874
FIRE:  6581 19:37:17   -20064.687500        0.716161
FIRE:  6582 19:37:17   -20064.677734        0.504929
FIRE:  6583 19:37:18   -20064.693359        0.259647
FIRE:  6584 19:37:18   -20064.693359        0.083841
FIRE:  6585 19:37:18   -20064.681641        0.214570
FIRE:  6586 19:37:18   -20064.685547        0.378805
FIRE:  6587 19:37:19   -20064.695312        0.483060
FIRE:  6588 19:37:19   -20064.695312        0.508627
FIRE:  6589 19:37:19   -20064.707031        0.439219
FIRE:  6590 19:37:20   -20064.699219        0.266308
FIRE:  6591 19:37:20   -20064.705078        0.084790
FIRE:  6592 19:37:20   -20064.707031        0.265927
FIRE:  6593 19:37:20   -20064.707031        0.407851
FIRE:  6594 19:37:21   -20064.703125        0.323899
FIRE:  6595 19:37:21   -20064.710938        0.086353
FIRE:  6596 19:37:21   -20064.720703        0.290257
FIRE:  6597 19:37:22   -20064.722656        0.315590
FIRE:  6598 19:37:22   -20064.750000        0.088670
FIRE:  6599 19:37:22   -20064.775391        0.337869
FIRE:  6600 19:37:22   -20064.791016        0.091162
FIRE:  6601 19:37:23   -20064.837891        0.347176
FIRE:  6602 19:37:23   -20064.841797        0.095184
FIRE:  6603 19:37:23   -20064.867188        0.226976
FIRE:  6604 19:37:24   -20064.906250        0.506331
FIRE:  6605 19:37:24   -20064.949219        0.827751
FIRE:  6606 19:37:24   -20064.978516        1.449019
FIRE:  6607 19:37:24   -20064.947266        3.777364
FIRE:  6608 19:37:25   -20065.013672        0.825091
FIRE:  6609 19:37:25   -20065.039062        0.621486
FIRE:  6610 19:37:25   -20065.037109        0.253579
FIRE:  6611 19:37:26   -20065.037109        0.186209
FIRE:  6612 19:37:26   -20065.035156        0.520092
FIRE:  6613 19:37:26   -20065.027344        0.483333
FIRE:  6614 19:37:27   -20065.033203        0.413043
FIRE:  6615 19:37:27   -20065.037109        0.314959
FIRE:  6616 19:37:27   -20065.041016        0.197815
FIRE:  6617 19:37:27   -20065.031250        0.108925
FIRE:  6618 19:37:28   -20065.041016        0.108991
FIRE:  6619 19:37:28   -20065.044922        0.147951
FIRE:  6620 19:37:28   -20065.039062        0.226203
FIRE:  6621 19:37:29   -20065.041016        0.268053
FIRE:  6622 19:37:29   -20065.037109        0.260816
FIRE:  6623 19:37:29   -20065.054688        0.196219
FIRE:  6624 19:37:29   -20065.048828        0.109743
FIRE:  6625 19:37:30   -20065.066406        0.109992
FIRE:  6626 19:37:30   -20065.058594        0.190429
FIRE:  6627 19:37:30   -20065.050781        0.208831
FIRE:  6628 19:37:31   -20065.064453        0.111082
FIRE:  6629 19:37:31   -20065.080078        0.111598
FIRE:  6630 19:37:31   -20065.085938        0.188948
FIRE:  6631 19:37:31   -20065.105469        0.112957
FIRE:  6632 19:37:32   -20065.113281        0.139069
FIRE:  6633 19:37:32   -20065.140625        0.134087
FIRE:  6634 19:37:32   -20065.152344        0.137992
FIRE:  6635 19:37:33   -20065.173828        0.117470
FIRE:  6636 19:37:33   -20065.218750        0.218313
FIRE:  6637 19:37:33   -20065.236328        0.219018
FIRE:  6638 19:37:33   -20065.279297        0.228434
FIRE:  6639 19:37:34   -20065.335938        0.424177
FIRE:  6640 19:37:34   -20065.376953        1.224920
FIRE:  6641 19:37:34   -20065.378906        3.030930
FIRE:  6642 19:37:35   -20065.464844        0.332906
FIRE:  6643 19:37:35   -20065.380859        3.929192
FIRE:  6644 19:37:35   -20065.423828        2.479447
FIRE:  6645 19:37:36   -20065.470703        0.435317
FIRE:  6646 19:37:36   -20065.451172        1.327857
FIRE:  6647 19:37:36   -20065.460938        1.248899
FIRE:  6648 19:37:36   -20065.468750        1.093362
FIRE:  6649 19:37:37   -20065.468750        0.866536
FIRE:  6650 19:37:37   -20065.464844        0.577917
FIRE:  6651 19:37:37   -20065.472656        0.243286
FIRE:  6652 19:37:38   -20065.476562        0.132951
FIRE:  6653 19:37:38   -20065.470703        0.415292
FIRE:  6654 19:37:38   -20065.478516        0.407662
FIRE:  6655 19:37:38   -20065.488281        0.392837
FIRE:  6656 19:37:39   -20065.468750        0.370983
FIRE:  6657 19:37:39   -20065.490234        0.342544
FIRE:  6658 19:37:39   -20065.478516        0.308275
FIRE:  6659 19:37:40   -20065.490234        0.268973
FIRE:  6660 19:37:40   -20065.480469        0.225490
FIRE:  6661 19:37:40   -20065.478516        0.174324
FIRE:  6662 19:37:40   -20065.468750        0.133138
FIRE:  6663 19:37:41   -20065.480469        0.133172
FIRE:  6664 19:37:41   -20065.486328        0.133213
FIRE:  6665 19:37:41   -20065.474609        0.133266
FIRE:  6666 19:37:42   -20065.476562        0.138384
FIRE:  6667 19:37:42   -20065.482422        0.178127
FIRE:  6668 19:37:42   -20065.484375        0.193717
FIRE:  6669 19:37:43   -20065.470703        0.178038
FIRE:  6670 19:37:43   -20065.494141        0.133758
FIRE:  6671 19:37:43   -20065.492188        0.133928
FIRE:  6672 19:37:43   -20065.480469        0.134138
FIRE:  6673 19:37:44   -20065.490234        0.134384
FIRE:  6674 19:37:44   -20065.496094        0.152007
FIRE:  6675 19:37:44   -20065.494141        0.135034
FIRE:  6676 19:37:45   -20065.521484        0.135462
FIRE:  6677 19:37:45   -20065.517578        0.135960
FIRE:  6678 19:37:45   -20065.533203        0.136547
FIRE:  6679 19:37:45   -20065.529297        0.137228
FIRE:  6680 19:37:46   -20065.544922        0.138010
FIRE:  6681 19:37:46   -20065.558594        0.138878
FIRE:  6682 19:37:46   -20065.597656        0.139805
FIRE:  6683 19:37:47   -20065.593750        0.140830
FIRE:  6684 19:37:47   -20065.648438        0.142577
FIRE:  6685 19:37:47   -20065.697266        0.183134
FIRE:  6686 19:37:47   -20065.726562        0.264513
FIRE:  6687 19:37:48   -20065.787109        0.515604
FIRE:  6688 19:37:48   -20065.804688        1.355178
FIRE:  6689 19:37:48   -20065.800781        3.121976
FIRE:  6690 19:37:49   -20065.910156        0.427757
FIRE:  6691 19:37:49   -20065.822266        4.026391
FIRE:  6692 19:37:49   -20065.869141        2.556812
FIRE:  6693 19:37:49   -20065.908203        0.481760
FIRE:  6694 19:37:50   -20065.908203        1.319207
FIRE:  6695 19:37:50   -20065.898438        1.242047
FIRE:  6696 19:37:50   -20065.908203        1.089991
FIRE:  6697 19:37:51   -20065.921875        0.868179
FIRE:  6698 19:37:51   -20065.925781        0.585754
FIRE:  6699 19:37:51   -20065.931641        0.257785
FIRE:  6700 19:37:52   -20065.933594        0.104170
FIRE:  6701 19:37:52   -20065.949219        0.394860
FIRE:  6702 19:37:52   -20065.939453        0.387958
FIRE:  6703 19:37:52   -20065.933594        0.374144
FIRE:  6704 19:37:53   -20065.943359        0.353709
FIRE:  6705 19:37:53   -20065.935547        0.327143
FIRE:  6706 19:37:53   -20065.925781        0.295118
FIRE:  6707 19:37:54   -20065.937500        0.258336
FIRE:  6708 19:37:54   -20065.939453        0.217706
FIRE:  6709 19:37:54   -20065.935547        0.169636
FIRE:  6710 19:37:54   -20065.945312        0.114525
FIRE:  6711 19:37:55   -20065.933594        0.103160
FIRE:  6712 19:37:55   -20065.931641        0.102969
FIRE:  6713 19:37:55   -20065.929688        0.102731
FIRE:  6714 19:37:56   -20065.939453        0.127841
FIRE:  6715 19:37:56   -20065.943359        0.167211
FIRE:  6716 19:37:56   -20065.941406        0.184144
FIRE:  6717 19:37:56   -20065.953125        0.171821
FIRE:  6718 19:37:57   -20065.931641        0.126365
FIRE:  6719 19:37:57   -20065.935547        0.099573
FIRE:  6720 19:37:57   -20065.931641        0.098560
FIRE:  6721 19:37:58   -20065.941406        0.119791
FIRE:  6722 19:37:58   -20065.939453        0.145638
FIRE:  6723 19:37:58   -20065.953125        0.096015
FIRE:  6724 19:37:59   -20065.955078        0.091510
FIRE:  6725 19:37:59   -20065.925781        0.113696
FIRE:  6726 19:37:59   -20065.953125        0.109467
FIRE:  6727 19:37:59   -20065.974609        0.080460
FIRE:  6728 19:38:00   -20065.966797        0.121681
FIRE:  6729 19:38:00   -20065.982422        0.078206
FIRE:  6730 19:38:00   -20065.996094        0.121471
FIRE:  6731 19:38:01   -20066.029297        0.079593
FIRE:  6732 19:38:01   -20066.042969        0.116524
FIRE:  6733 19:38:01   -20066.078125        0.174129
FIRE:  6734 19:38:01   -20066.083984        0.231445
FIRE:  6735 19:38:02   -20066.119141        0.435060
FIRE:  6736 19:38:02   -20066.199219        1.134008
FIRE:  6737 19:38:02   -20066.210938        2.680090
FIRE:  6738 19:38:03   -20066.285156        0.306256
FIRE:  6739 19:38:03   -20066.220703        3.247851
FIRE:  6740 19:38:03   -20066.257812        2.134592
FIRE:  6741 19:38:03   -20066.287109        0.496250
FIRE:  6742 19:38:04   -20066.292969        1.007990
FIRE:  6743 19:38:04   -20066.281250        0.947755
FIRE:  6744 19:38:04   -20066.279297        0.829633
FIRE:  6745 19:38:05   -20066.277344        0.658590
FIRE:  6746 19:38:05   -20066.292969        0.443254
FIRE:  6747 19:38:05   -20066.294922        0.196483
FIRE:  6748 19:38:05   -20066.289062        0.129789
FIRE:  6749 19:38:06   -20066.302734        0.286409
FIRE:  6750 19:38:06   -20066.298828        0.469322
FIRE:  6751 19:38:06   -20066.296875        0.459328
FIRE:  6752 19:38:07   -20066.292969        0.439606
FIRE:  6753 19:38:07   -20066.289062        0.410626
FIRE:  6754 19:38:07   -20066.296875        0.373370
FIRE:  6755 19:38:08   -20066.296875        0.328625
FIRE:  6756 19:38:08   -20066.294922        0.277712
FIRE:  6757 19:38:08   -20066.294922        0.222059
FIRE:  6758 19:38:08   -20066.292969        0.157334
FIRE:  6759 19:38:09   -20066.294922        0.131131
FIRE:  6760 19:38:09   -20066.287109        0.131312
FIRE:  6761 19:38:09   -20066.287109        0.131544
FIRE:  6762 19:38:10   -20066.281250        0.139831
FIRE:  6763 19:38:10   -20066.306641        0.192234
FIRE:  6764 19:38:10   -20066.289062        0.219272
FIRE:  6765 19:38:10   -20066.298828        0.212607
FIRE:  6766 19:38:11   -20066.291016        0.166884
FIRE:  6767 19:38:11   -20066.289062        0.134476
FIRE:  6768 19:38:11   -20066.298828        0.135379
FIRE:  6769 19:38:12   -20066.312500        0.136461
FIRE:  6770 19:38:12   -20066.310547        0.175554
FIRE:  6771 19:38:12   -20066.328125        0.139309
FIRE:  6772 19:38:12   -20066.318359        0.141127
FIRE:  6773 19:38:13   -20066.330078        0.143235
FIRE:  6774 19:38:13   -20066.330078        0.145631
FIRE:  6775 19:38:13   -20066.341797        0.148286
FIRE:  6776 19:38:14   -20066.363281        0.151065
FIRE:  6777 19:38:14   -20066.363281        0.153667
FIRE:  6778 19:38:14   -20066.371094        0.155530
FIRE:  6779 19:38:14   -20066.382812        0.155491
FIRE:  6780 19:38:15   -20066.435547        0.167976
FIRE:  6781 19:38:15   -20066.480469        0.169326
FIRE:  6782 19:38:15   -20066.515625        0.156179
FIRE:  6783 19:38:16   -20066.544922        0.263057
FIRE:  6784 19:38:16   -20066.601562        0.789866
FIRE:  6785 19:38:16   -20066.617188        2.159350
FIRE:  6786 19:38:17   -20066.656250        0.191836
FIRE:  6787 19:38:17   -20066.619141        2.430388
FIRE:  6788 19:38:17   -20066.636719        1.653250
FIRE:  6789 19:38:17   -20066.666016        0.460261
FIRE:  6790 19:38:18   -20066.660156        0.700100
FIRE:  6791 19:38:18   -20066.650391        0.657442
FIRE:  6792 19:38:18   -20066.658203        0.574301
FIRE:  6793 19:38:19   -20066.669922        0.454773
FIRE:  6794 19:38:19   -20066.660156        0.305879
FIRE:  6795 19:38:19   -20066.673828        0.138126
FIRE:  6796 19:38:19   -20066.656250        0.104388
FIRE:  6797 19:38:20   -20066.666016        0.186055
FIRE:  6798 19:38:20   -20066.664062        0.310395
FIRE:  6799 19:38:20   -20066.673828        0.384530
FIRE:  6800 19:38:21   -20066.667969        0.387539
FIRE:  6801 19:38:21   -20066.667969        0.306294
FIRE:  6802 19:38:21   -20066.673828        0.143057
FIRE:  6803 19:38:21   -20066.679688        0.096163
FIRE:  6804 19:38:22   -20066.695312        0.244356
FIRE:  6805 19:38:22   -20066.710938        0.299836
FIRE:  6806 19:38:22   -20066.707031        0.188396
FIRE:  6807 19:38:23   -20066.707031        0.097175
FIRE:  6808 19:38:23   -20066.691406        0.260133
FIRE:  6809 19:38:23   -20066.718750        0.181701
FIRE:  6810 19:38:24   -20066.726562        0.133882
FIRE:  6811 19:38:24   -20066.734375        0.230973
FIRE:  6812 19:38:24   -20066.757812        0.099053
FIRE:  6813 19:38:24   -20066.779297        0.200415
FIRE:  6814 19:38:25   -20066.818359        0.241759
FIRE:  6815 19:38:25   -20066.820312        0.096735
FIRE:  6816 19:38:25   -20066.867188        0.093174
FIRE:  6817 19:38:26   -20066.894531        0.249969
FIRE:  6818 19:38:26   -20066.953125        0.887857
FIRE:  6819 19:38:26   -20066.949219        2.427923
FIRE:  6820 19:38:26   -20067.017578        0.180793
FIRE:  6821 19:38:27   -20066.955078        2.902289
FIRE:  6822 19:38:27   -20066.988281        1.912430
FIRE:  6823 19:38:27   -20067.009766        0.440426
FIRE:  6824 19:38:28   -20067.023438        0.931114
FIRE:  6825 19:38:28   -20067.001953        0.874088
FIRE:  6826 19:38:28   -20067.011719        0.762180
FIRE:  6827 19:38:28   -20067.007812        0.600784
FIRE:  6828 19:38:29   -20067.011719        0.397963
FIRE:  6829 19:38:29   -20067.025391        0.166886
FIRE:  6830 19:38:29   -20067.017578        0.078198
FIRE:  6831 19:38:30   -20067.015625        0.279571
FIRE:  6832 19:38:30   -20067.009766        0.274691
FIRE:  6833 19:38:30   -20067.009766        0.265105
FIRE:  6834 19:38:30   -20066.996094        0.250843
FIRE:  6835 19:38:31   -20067.009766        0.232382
FIRE:  6836 19:38:31   -20067.007812        0.210022
FIRE:  6837 19:38:31   -20067.015625        0.184195
FIRE:  6838 19:38:32   -20067.009766        0.155900
FIRE:  6839 19:38:32   -20067.003906        0.122298
FIRE:  6840 19:38:32   -20067.015625        0.083704
FIRE:  6841 19:38:33   -20067.017578        0.078051
FIRE:  6842 19:38:33   -20067.031250        0.078018
FIRE:  6843 19:38:33   -20067.007812        0.077989
FIRE:  6844 19:38:33   -20067.007812        0.089167
FIRE:  6845 19:38:34   -20067.027344        0.117759
FIRE:  6846 19:38:34   -20067.027344        0.130383
FIRE:  6847 19:38:34   -20067.027344        0.122296
FIRE:  6848 19:38:35   -20067.035156        0.090391
FIRE:  6849 19:38:35   -20067.029297        0.077463
FIRE:  6850 19:38:35   -20067.029297        0.077287
FIRE:  6851 19:38:35   -20067.037109        0.085013
FIRE:  6852 19:38:36   -20067.037109        0.103190
FIRE:  6853 19:38:36   -20067.031250        0.076508
FIRE:  6854 19:38:36   -20067.058594        0.076121
FIRE:  6855 19:38:37   -20067.070312        0.081611
FIRE:  6856 19:38:37   -20067.062500        0.077287
FIRE:  6857 19:38:37   -20067.078125        0.074323
FIRE:  6858 19:38:37   -20067.056641        0.086878
FIRE:  6859 19:38:38   -20067.068359        0.072432
FIRE:  6860 19:38:38   -20067.091797        0.087104
FIRE:  6861 19:38:38   -20067.119141        0.069526
FIRE:  6862 19:38:39   -20067.154297        0.078804
FIRE:  6863 19:38:39   -20067.169922        0.124139
FIRE:  6864 19:38:39   -20067.195312        0.177341
FIRE:  6865 19:38:39   -20067.238281        0.359963
FIRE:  6866 19:38:40   -20067.251953        0.989665
FIRE:  6867 19:38:40   -20067.257812        2.427936
FIRE:  6868 19:38:40   -20067.300781        0.225577
FIRE:  6869 19:38:41   -20067.281250        2.874409
FIRE:  6870 19:38:41   -20067.294922        1.912006
FIRE:  6871 19:38:41   -20067.322266        0.471885
FIRE:  6872 19:38:42   -20067.306641        0.886089
FIRE:  6873 19:38:42   -20067.322266        0.832364
FIRE:  6874 19:38:42   -20067.310547        0.727299
FIRE:  6875 19:38:42   -20067.318359        0.575601
FIRE:  6876 19:38:43   -20067.322266        0.385398
FIRE:  6877 19:38:43   -20067.316406        0.168450
FIRE:  6878 19:38:43   -20067.318359        0.069990
FIRE:  6879 19:38:44   -20067.318359        0.254090
FIRE:  6880 19:38:44   -20067.337891        0.411972
FIRE:  6881 19:38:44   -20067.318359        0.403285
FIRE:  6882 19:38:44   -20067.314453        0.386117
FIRE:  6883 19:38:45   -20067.302734        0.361049
FIRE:  6884 19:38:45   -20067.318359        0.328440
FIRE:  6885 19:38:45   -20067.322266        0.289255
FIRE:  6886 19:38:46   -20067.324219        0.244890
FIRE:  6887 19:38:46   -20067.330078        0.196284
FIRE:  6888 19:38:46   -20067.320312        0.139599
FIRE:  6889 19:38:46   -20067.322266        0.075905
FIRE:  6890 19:38:47   -20067.333984        0.070514
FIRE:  6891 19:38:47   -20067.322266        0.070565
FIRE:  6892 19:38:47   -20067.324219        0.123400
FIRE:  6893 19:38:48   -20067.320312        0.169538
FIRE:  6894 19:38:48   -20067.330078        0.193519
FIRE:  6895 19:38:48   -20067.330078        0.187945
FIRE:  6896 19:38:49   -20067.337891        0.147797
FIRE:  6897 19:38:49   -20067.322266        0.073580
FIRE:  6898 19:38:49   -20067.332031        0.071503
FIRE:  6899 19:38:49   -20067.328125        0.113905
FIRE:  6900 19:38:50   -20067.345703        0.154925
FIRE:  6901 19:38:50   -20067.335938        0.118457
FIRE:  6902 19:38:50   -20067.367188        0.072377
FIRE:  6903 19:38:51   -20067.337891        0.107164
FIRE:  6904 19:38:51   -20067.349609        0.127617
FIRE:  6905 19:38:51   -20067.357422        0.072922
FIRE:  6906 19:38:51   -20067.380859        0.121428
FIRE:  6907 19:38:52   -20067.386719        0.072901
FIRE:  6908 19:38:52   -20067.408203        0.116654
FIRE:  6909 19:38:52   -20067.417969        0.072284
FIRE:  6910 19:38:53   -20067.462891        0.147929
FIRE:  6911 19:38:53   -20067.492188        0.152882
FIRE:  6912 19:38:53   -20067.498047        0.143507
FIRE:  6913 19:38:53   -20067.548828        0.237075
FIRE:  6914 19:38:54   -20067.593750        0.682931
FIRE:  6915 19:38:54   -20067.599609        1.888929
FIRE:  6916 19:38:54   -20067.613281        0.129274
FIRE:  6917 19:38:55   -20067.605469        2.073123
FIRE:  6918 19:38:55   -20067.623047        1.427321
FIRE:  6919 19:38:55   -20067.644531        0.417821
FIRE:  6920 19:38:55   -20067.625000        0.589779
FIRE:  6921 19:38:56   -20067.638672        0.553502
FIRE:  6922 19:38:56   -20067.632812        0.482812
FIRE:  6923 19:38:56   -20067.628906        0.381396
FIRE:  6924 19:38:57   -20067.640625        0.255546
FIRE:  6925 19:38:57   -20067.628906        0.114525
FIRE:  6926 19:38:57   -20067.634766        0.055098
FIRE:  6927 19:38:58   -20067.632812        0.157866
FIRE:  6928 19:38:58   -20067.636719        0.261063
FIRE:  6929 19:38:58   -20067.630859        0.322172
FIRE:  6930 19:38:58   -20067.638672        0.324174
FIRE:  6931 19:38:59   -20067.630859        0.255826
FIRE:  6932 19:38:59   -20067.642578        0.119444
FIRE:  6933 19:38:59   -20067.640625        0.059822
FIRE:  6934 19:39:00   -20067.638672        0.206475
FIRE:  6935 19:39:00   -20067.638672        0.252522
FIRE:  6936 19:39:00   -20067.650391        0.157259
FIRE:  6937 19:39:00   -20067.652344        0.056862
FIRE:  6938 19:39:01   -20067.664062        0.219093
FIRE:  6939 19:39:01   -20067.656250        0.151121
FIRE:  6940 19:39:01   -20067.673828        0.115237
FIRE:  6941 19:39:02   -20067.687500        0.193987
FIRE:  6942 19:39:02   -20067.699219        0.086317
FIRE:  6943 19:39:02   -20067.714844        0.164946
FIRE:  6944 19:39:02   -20067.738281        0.213119
FIRE:  6945 19:39:03   -20067.755859        0.098758
FIRE:  6946 19:39:03   -20067.789062        0.063941
FIRE:  6947 19:39:03   -20067.818359        0.107177
FIRE:  6948 19:39:04   -20067.875000        0.440407
FIRE:  6949 19:39:04   -20067.927734        1.561076
FIRE:  6950 19:39:04   -20067.941406        0.077669
FIRE:  6951 19:39:04   -20067.914062        1.669256
FIRE:  6952 19:39:05   -20067.933594        1.147266
FIRE:  6953 19:39:05   -20067.943359        0.322092
FIRE:  6954 19:39:05   -20067.951172        0.509166
FIRE:  6955 19:39:06   -20067.947266        0.476455
FIRE:  6956 19:39:06   -20067.957031        0.412834
FIRE:  6957 19:39:06   -20067.953125        0.322118
FIRE:  6958 19:39:07   -20067.933594        0.210241
FIRE:  6959 19:39:07   -20067.949219        0.086144
FIRE:  6960 19:39:07   -20067.951172        0.078595
FIRE:  6961 19:39:07   -20067.941406        0.149041
FIRE:  6962 19:39:08   -20067.949219        0.234376
FIRE:  6963 19:39:08   -20067.939453        0.281014
FIRE:  6964 19:39:08   -20067.955078        0.274370
FIRE:  6965 19:39:09   -20067.949219        0.205555
FIRE:  6966 19:39:09   -20067.955078        0.079532
FIRE:  6967 19:39:09   -20067.958984        0.079850
FIRE:  6968 19:39:09   -20067.955078        0.193685
FIRE:  6969 19:39:10   -20067.980469        0.213070
FIRE:  6970 19:39:10   -20067.957031        0.107019
FIRE:  6971 19:39:10   -20068.003906        0.086796
FIRE:  6972 19:39:11   -20067.980469        0.196774
FIRE:  6973 19:39:11   -20067.998047        0.092265
FIRE:  6974 19:39:11   -20068.001953        0.140517
FIRE:  6975 19:39:11   -20068.009766        0.142600
FIRE:  6976 19:39:12   -20068.029297        0.137726
FIRE:  6977 19:39:12   -20068.037109        0.092102
FIRE:  6978 19:39:12   -20068.074219        0.219275
FIRE:  6979 19:39:13   -20068.097656        0.200681
FIRE:  6980 19:39:13   -20068.085938        0.191364
FIRE:  6981 19:39:13   -20068.085938        0.355678
FIRE:  6982 19:39:13   -20068.134766        0.958749
FIRE:  6983 19:39:14   -20068.125000        3.226938
FIRE:  6984 19:39:14   -20068.177734        0.826158
FIRE:  6985 19:39:14   -20068.181641        0.612047
FIRE:  6986 19:39:15   -20068.179688        0.227023
FIRE:  6987 19:39:15   -20068.173828        0.230624
FIRE:  6988 19:39:15   -20068.187500        0.214087
FIRE:  6989 19:39:16   -20068.191406        0.182523
FIRE:  6990 19:39:16   -20068.185547        0.138506
FIRE:  6991 19:39:16   -20068.187500        0.124926
FIRE:  6992 19:39:16   -20068.185547        0.125004
FIRE:  6993 19:39:17   -20068.187500        0.125092
FIRE:  6994 19:39:17   -20068.183594        0.125194
FIRE:  6995 19:39:17   -20068.193359        0.125325
FIRE:  6996 19:39:18   -20068.187500        0.125489
FIRE:  6997 19:39:18   -20068.173828        0.125695
FIRE:  6998 19:39:18   -20068.189453        0.125943
FIRE:  6999 19:39:18   -20068.189453        0.126254
FIRE:  7000 19:39:19   -20068.189453        0.126629
FIRE:  7001 19:39:19   -20068.189453        0.127089
FIRE:  7002 19:39:19   -20068.195312        0.127639
FIRE:  7003 19:39:20   -20068.208984        0.128279
FIRE:  7004 19:39:20   -20068.220703        0.129021
FIRE:  7005 19:39:20   -20068.244141        0.129856
FIRE:  7006 19:39:20   -20068.230469        0.130734
FIRE:  7007 19:39:21   -20068.230469        0.131612
FIRE:  7008 19:39:21   -20068.236328        0.132331
FIRE:  7009 19:39:21   -20068.253906        0.132653
FIRE:  7010 19:39:22   -20068.265625        0.132113
FIRE:  7011 19:39:22   -20068.302734        0.129908
FIRE:  7012 19:39:22   -20068.332031        0.124690
FIRE:  7013 19:39:23   -20068.337891        0.249595
FIRE:  7014 19:39:23   -20068.404297        0.615255
FIRE:  7015 19:39:23   -20068.431641        1.753667
FIRE:  7016 19:39:23   -20068.472656        0.097805
FIRE:  7017 19:39:24   -20068.460938        0.097851
FIRE:  7018 19:39:24   -20068.451172        0.097948
FIRE:  7019 19:39:24   -20068.451172        0.098089
FIRE:  7020 19:39:25   -20068.449219        0.098280
FIRE:  7021 19:39:25   -20068.447266        0.098519
FIRE:  7022 19:39:25   -20068.458984        0.098804
FIRE:  7023 19:39:25   -20068.458984        0.099134
FIRE:  7024 19:39:26   -20068.451172        0.099550
FIRE:  7025 19:39:26   -20068.464844        0.100080
FIRE:  7026 19:39:26   -20068.453125        0.100740
FIRE:  7027 19:39:27   -20068.451172        0.101566
FIRE:  7028 19:39:27   -20068.476562        0.102587
FIRE:  7029 19:39:27   -20068.478516        0.103832
FIRE:  7030 19:39:27   -20068.498047        0.105351
FIRE:  7031 19:39:28   -20068.513672        0.107171
FIRE:  7032 19:39:28   -20068.546875        0.109313
FIRE:  7033 19:39:28   -20068.554688        0.111824
FIRE:  7034 19:39:29   -20068.568359        0.114552
FIRE:  7035 19:39:29   -20068.611328        0.117152
FIRE:  7036 19:39:29   -20068.628906        0.202387
FIRE:  7037 19:39:29   -20068.683594        0.678450
FIRE:  7038 19:39:30   -20068.724609        1.974943
FIRE:  7039 19:39:30   -20068.767578        0.149362
FIRE:  7040 19:39:30   -20068.738281        2.184217
FIRE:  7041 19:39:31   -20068.755859        1.498887
FIRE:  7042 19:39:31   -20068.769531        0.433570
FIRE:  7043 19:39:31   -20068.777344        0.624318
FIRE:  7044 19:39:32   -20068.787109        0.586050
FIRE:  7045 19:39:32   -20068.781250        0.511526
FIRE:  7046 19:39:32   -20068.771484        0.404807
FIRE:  7047 19:39:32   -20068.794922        0.272085
FIRE:  7048 19:39:33   -20068.777344        0.123108
FIRE:  7049 19:39:33   -20068.779297        0.103440
FIRE:  7050 19:39:33   -20068.769531        0.167279
FIRE:  7051 19:39:34   -20068.783203        0.276733
FIRE:  7052 19:39:34   -20068.775391        0.341912
FIRE:  7053 19:39:34   -20068.802734        0.344292
FIRE:  7054 19:39:34   -20068.787109        0.272146
FIRE:  7055 19:39:35   -20068.792969        0.127706
FIRE:  7056 19:39:35   -20068.779297        0.104956
FIRE:  7057 19:39:35   -20068.791016        0.219092
FIRE:  7058 19:39:36   -20068.808594        0.268209
FIRE:  7059 19:39:36   -20068.800781        0.168036
FIRE:  7060 19:39:36   -20068.824219        0.107630
FIRE:  7061 19:39:36   -20068.785156        0.232757
FIRE:  7062 19:39:37   -20068.794922        0.161924
FIRE:  7063 19:39:37   -20068.812500        0.121895
FIRE:  7064 19:39:37   -20068.814453        0.207323
FIRE:  7065 19:39:38   -20068.812500        0.117008
FIRE:  7066 19:39:38   -20068.824219        0.178365
FIRE:  7067 19:39:38   -20068.851562        0.223310
FIRE:  7068 19:39:39   -20068.886719        0.129773
FIRE:  7069 19:39:39   -20068.931641        0.134767
FIRE:  7070 19:39:39   -20068.972656        0.166800
FIRE:  7071 19:39:39   -20069.011719        0.626650
FIRE:  7072 19:39:40   -20069.029297        1.964765
FIRE:  7073 19:39:40   -20069.082031        0.155860
FIRE:  7074 19:39:40   -20069.058594        2.198531
FIRE:  7075 19:39:41   -20069.052734        1.484604
FIRE:  7076 19:39:41   -20069.082031        0.385379
FIRE:  7077 19:39:41   -20069.082031        0.684874
FIRE:  7078 19:39:41   -20069.082031        0.641709
FIRE:  7079 19:39:42   -20069.093750        0.557779
FIRE:  7080 19:39:42   -20069.085938        0.437318
FIRE:  7081 19:39:42   -20069.089844        0.287618
FIRE:  7082 19:39:43   -20069.099609        0.157403
FIRE:  7083 19:39:43   -20069.099609        0.157506
FIRE:  7084 19:39:43   -20069.095703        0.201397
FIRE:  7085 19:39:43   -20069.087891        0.318669
FIRE:  7086 19:39:44   -20069.093750        0.383605
FIRE:  7087 19:39:44   -20069.093750        0.376258
FIRE:  7088 19:39:44   -20069.093750        0.285094
FIRE:  7089 19:39:45   -20069.093750        0.158757
FIRE:  7090 19:39:45   -20069.115234        0.159151
FIRE:  7091 19:39:45   -20069.097656        0.257808
FIRE:  7092 19:39:45   -20069.107422        0.291391
FIRE:  7093 19:39:46   -20069.103516        0.160851
FIRE:  7094 19:39:46   -20069.113281        0.161646
FIRE:  7095 19:39:46   -20069.107422        0.265912
FIRE:  7096 19:39:47   -20069.125000        0.163690
FIRE:  7097 19:39:47   -20069.138672        0.174270
FIRE:  7098 19:39:47   -20069.158203        0.207210
FIRE:  7099 19:39:48   -20069.173828        0.167686
FIRE:  7100 19:39:48   -20069.199219        0.168910
FIRE:  7101 19:39:48   -20069.250000        0.286918
FIRE:  7102 19:39:48   -20069.275391        0.211121
FIRE:  7103 19:39:49   -20069.316406        0.166084
FIRE:  7104 19:39:49   -20069.330078        0.256762
FIRE:  7105 19:39:49   -20069.404297        0.798786
FIRE:  7106 19:39:50   -20069.416016        3.043619
FIRE:  7107 19:39:50   -20069.472656        0.762923
FIRE:  7108 19:39:50   -20069.472656        0.564176
FIRE:  7109 19:39:50   -20069.472656        0.208190
FIRE:  7110 19:39:51   -20069.468750        0.212208
FIRE:  7111 19:39:51   -20069.474609        0.508893
FIRE:  7112 19:39:51   -20069.470703        0.471351
FIRE:  7113 19:39:52   -20069.474609        0.399592
FIRE:  7114 19:39:52   -20069.466797        0.299816
FIRE:  7115 19:39:52   -20069.472656        0.181326
FIRE:  7116 19:39:52   -20069.482422        0.124117
FIRE:  7117 19:39:53   -20069.488281        0.124112
FIRE:  7118 19:39:53   -20069.484375        0.164939
FIRE:  7119 19:39:53   -20069.474609        0.236584
FIRE:  7120 19:39:54   -20069.468750        0.269534
FIRE:  7121 19:39:54   -20069.474609        0.251805
FIRE:  7122 19:39:54   -20069.488281        0.176390
FIRE:  7123 19:39:55   -20069.492188        0.123875
FIRE:  7124 19:39:55   -20069.494141        0.123771
FIRE:  7125 19:39:55   -20069.500000        0.203969
FIRE:  7126 19:39:55   -20069.513672        0.195126
FIRE:  7127 19:39:56   -20069.527344        0.122906
FIRE:  7128 19:39:56   -20069.521484        0.125445
FIRE:  7129 19:39:56   -20069.539062        0.184642
FIRE:  7130 19:39:57   -20069.515625        0.119932
FIRE:  7131 19:39:57   -20069.535156        0.170577
FIRE:  7132 19:39:57   -20069.541016        0.115237
FIRE:  7133 19:39:57   -20069.572266        0.181323
FIRE:  7134 19:39:58   -20069.566406        0.105772
FIRE:  7135 19:39:58   -20069.578125        0.182699
FIRE:  7136 19:39:58   -20069.621094        0.298401
FIRE:  7137 19:39:59   -20069.644531        0.435206
FIRE:  7138 19:39:59   -20069.671875        0.781354
FIRE:  7139 19:39:59   -20069.705078        1.872187
FIRE:  7140 19:39:59   -20069.716797        0.101683
FIRE:  7141 19:40:00   -20069.712891        0.087876
FIRE:  7142 19:40:00   -20069.710938        0.087892
FIRE:  7143 19:40:00   -20069.699219        0.087916
FIRE:  7144 19:40:01   -20069.714844        0.087952
FIRE:  7145 19:40:01   -20069.710938        0.087998
FIRE:  7146 19:40:01   -20069.708984        0.088048
FIRE:  7147 19:40:01   -20069.720703        0.088114
FIRE:  7148 19:40:02   -20069.712891        0.088189
FIRE:  7149 19:40:02   -20069.716797        0.088290
FIRE:  7150 19:40:02   -20069.726562        0.088415
FIRE:  7151 19:40:03   -20069.710938        0.088574
FIRE:  7152 19:40:03   -20069.720703        0.088770
FIRE:  7153 19:40:03   -20069.728516        0.089023
FIRE:  7154 19:40:04   -20069.728516        0.089331
FIRE:  7155 19:40:04   -20069.740234        0.089717
FIRE:  7156 19:40:04   -20069.761719        0.090194
FIRE:  7157 19:40:04   -20069.767578        0.090786
FIRE:  7158 19:40:05   -20069.792969        0.091516
FIRE:  7159 19:40:05   -20069.812500        0.094480
FIRE:  7160 19:40:05   -20069.847656        0.238927
FIRE:  7161 19:40:06   -20069.873047        0.764395
FIRE:  7162 19:40:06   -20069.904297        2.040539
FIRE:  7163 19:40:06   -20069.935547        0.164022
FIRE:  7164 19:40:06   -20069.917969        2.292733
FIRE:  7165 19:40:07   -20069.937500        1.568076
FIRE:  7166 19:40:07   -20069.939453        0.446810
FIRE:  7167 19:40:07   -20069.947266        0.663295
FIRE:  7168 19:40:08   -20069.945312        0.622795
FIRE:  7169 19:40:08   -20069.947266        0.543911
FIRE:  7170 19:40:08   -20069.953125        0.430607
FIRE:  7171 19:40:08   -20069.949219        0.289377
FIRE:  7172 19:40:09   -20069.951172        0.129890
FIRE:  7173 19:40:09   -20069.949219        0.096064
FIRE:  7174 19:40:09   -20069.947266        0.181869
FIRE:  7175 19:40:10   -20069.933594        0.298530
FIRE:  7176 19:40:10   -20069.943359        0.367715
FIRE:  7177 19:40:10   -20069.931641        0.371765
FIRE:  7178 19:40:11   -20069.941406        0.298670
FIRE:  7179 19:40:11   -20069.941406        0.149615
FIRE:  7180 19:40:11   -20069.937500        0.096305
FIRE:  7181 19:40:11   -20069.929688        0.223656
FIRE:  7182 19:40:12   -20069.933594        0.287891
FIRE:  7183 19:40:12   -20069.943359        0.199551
FIRE:  7184 19:40:12   -20069.949219        0.096666
FIRE:  7185 19:40:13   -20069.962891        0.236070
FIRE:  7186 19:40:13   -20069.974609        0.200829
FIRE:  7187 19:40:13   -20069.978516        0.097132
FIRE:  7188 19:40:13   -20069.978516        0.230182
FIRE:  7189 19:40:14   -20070.000000        0.097506
FIRE:  7190 19:40:14   -20070.003906        0.226000
FIRE:  7191 19:40:14   -20070.031250        0.166253
FIRE:  7192 19:40:15   -20070.058594        0.097357
FIRE:  7193 19:40:15   -20070.074219        0.213636
FIRE:  7194 19:40:15   -20070.082031        0.525379
FIRE:  7195 19:40:15   -20070.103516        1.250838
FIRE:  7196 19:40:16   -20070.109375        0.093356
FIRE:  7197 19:40:16   -20070.105469        0.977241
FIRE:  7198 19:40:16   -20070.099609        0.778738
FIRE:  7199 19:40:17   -20070.121094        0.410327
FIRE:  7200 19:40:17   -20070.123047        0.093218
FIRE:  7201 19:40:17   -20070.128906        0.483786
FIRE:  7202 19:40:17   -20070.126953        0.455203
FIRE:  7203 19:40:18   -20070.101562        0.400372
FIRE:  7204 19:40:18   -20070.107422        0.322714
FIRE:  7205 19:40:18   -20070.128906        0.227947
FIRE:  7206 19:40:19   -20070.113281        0.123155
FIRE:  7207 19:40:19   -20070.111328        0.093121
FIRE:  7208 19:40:19   -20070.107422        0.093099
FIRE:  7209 19:40:20   -20070.121094        0.166946
FIRE:  7210 19:40:20   -20070.121094        0.226238
FIRE:  7211 19:40:20   -20070.128906        0.250015
FIRE:  7212 19:40:20   -20070.119141        0.228713
FIRE:  7213 19:40:21   -20070.125000        0.156968
FIRE:  7214 19:40:21   -20070.132812        0.092831
FIRE:  7215 19:40:21   -20070.121094        0.097006
FIRE:  7216 19:40:22   -20070.113281        0.187154
FIRE:  7217 19:40:22   -20070.128906        0.181881
FIRE:  7218 19:40:22   -20070.119141        0.092307
FIRE:  7219 19:40:22   -20070.138672        0.104987
FIRE:  7220 19:40:23   -20070.144531        0.172598
FIRE:  7221 19:40:23   -20070.146484        0.091416
FIRE:  7222 19:40:23   -20070.140625        0.143120
FIRE:  7223 19:40:24   -20070.150391        0.107660
FIRE:  7224 19:40:24   -20070.162109        0.143925
FIRE:  7225 19:40:24   -20070.187500        0.088496
FIRE:  7226 19:40:24   -20070.216797        0.201818
FIRE:  7227 19:40:25   -20070.230469        0.213197
FIRE:  7228 19:40:25   -20070.246094        0.214934
FIRE:  7229 19:40:25   -20070.248047        0.373434
FIRE:  7230 19:40:26   -20070.267578        1.009215
FIRE:  7231 19:40:26   -20070.248047        2.553174
FIRE:  7232 19:40:26   -20070.330078        0.121119
FIRE:  7233 19:40:26   -20070.263672        3.160249
FIRE:  7234 19:40:27   -20070.312500        2.029305
FIRE:  7235 19:40:27   -20070.328125        0.384136
FIRE:  7236 19:40:27   -20070.326172        1.104659
FIRE:  7237 19:40:28   -20070.318359        1.036017
FIRE:  7238 19:40:28   -20070.332031        0.901331
FIRE:  7239 19:40:28   -20070.326172        0.706195
FIRE:  7240 19:40:29   -20070.328125        0.459888
FIRE:  7241 19:40:29   -20070.335938        0.177214
FIRE:  7242 19:40:29   -20070.332031        0.120101
FIRE:  7243 19:40:29   -20070.328125        0.117957
FIRE:  7244 19:40:30   -20070.337891        0.113807
FIRE:  7245 19:40:30   -20070.337891        0.107678
FIRE:  7246 19:40:30   -20070.335938        0.099772
FIRE:  7247 19:40:31   -20070.337891        0.090132
FIRE:  7248 19:40:31   -20070.332031        0.079154
FIRE:  7249 19:40:31   -20070.328125        0.074835
FIRE:  7250 19:40:31   -20070.328125        0.074832
FIRE:  7251 19:40:32   -20070.341797        0.074821
FIRE:  7252 19:40:32   -20070.333984        0.074814
FIRE:  7253 19:40:32   -20070.328125        0.074796
FIRE:  7254 19:40:33   -20070.332031        0.074775
FIRE:  7255 19:40:33   -20070.332031        0.074753
FIRE:  7256 19:40:33   -20070.320312        0.074719
FIRE:  7257 19:40:33   -20070.330078        0.074690
FIRE:  7258 19:40:34   -20070.337891        0.074643
FIRE:  7259 19:40:34   -20070.339844        0.074590
FIRE:  7260 19:40:34   -20070.337891        0.074515
FIRE:  7261 19:40:35   -20070.322266        0.074438
FIRE:  7262 19:40:35   -20070.349609        0.074332
FIRE:  7263 19:40:35   -20070.345703        0.074204
FIRE:  7264 19:40:35   -20070.345703        0.074045
FIRE:  7265 19:40:36   -20070.361328        0.073837
FIRE:  7266 19:40:36   -20070.355469        0.073577
FIRE:  7267 19:40:36   -20070.371094        0.073246
FIRE:  7268 19:40:37   -20070.382812        0.072814
FIRE:  7269 19:40:37   -20070.392578        0.072263
FIRE:  7270 19:40:37   -20070.414062        0.071528
FIRE:  7271 19:40:38   -20070.433594        0.070551
FIRE:  7272 19:40:38   -20070.419922        0.069240
FIRE:  7273 19:40:38   -20070.435547        0.067511
FIRE:  7274 19:40:38   -20070.470703        0.065283
FIRE:  7275 19:40:39   -20070.458984        0.095352
FIRE:  7276 19:40:39   -20070.484375        0.242289
FIRE:  7277 19:40:39   -20070.515625        0.786489
FIRE:  7278 19:40:40   -20070.513672        2.158774
FIRE:  7279 19:40:40   -20070.568359        0.098747
FIRE:  7280 19:40:40   -20070.535156        2.503415
FIRE:  7281 19:40:40   -20070.542969        1.659009
FIRE:  7282 19:40:41   -20070.560547        0.383565
FIRE:  7283 19:40:41   -20070.562500        0.828388
FIRE:  7284 19:40:41   -20070.562500        0.776187
FIRE:  7285 19:40:42   -20070.556641        0.673999
FIRE:  7286 19:40:42   -20070.560547        0.526924
FIRE:  7287 19:40:42   -20070.562500        0.343224
FIRE:  7288 19:40:42   -20070.572266        0.135222
FIRE:  7289 19:40:43   -20070.574219        0.103091
FIRE:  7290 19:40:43   -20070.582031        0.261595
FIRE:  7291 19:40:43   -20070.582031        0.256842
FIRE:  7292 19:40:44   -20070.580078        0.247729
FIRE:  7293 19:40:44   -20070.568359        0.234331
FIRE:  7294 19:40:44   -20070.578125        0.216643
FIRE:  7295 19:40:45   -20070.578125        0.195632
FIRE:  7296 19:40:45   -20070.574219        0.171220
FIRE:  7297 19:40:45   -20070.570312        0.144546
FIRE:  7298 19:40:45   -20070.583984        0.112868
FIRE:  7299 19:40:46   -20070.583984        0.104105
FIRE:  7300 19:40:46   -20070.583984        0.104281
FIRE:  7301 19:40:46   -20070.582031        0.104518
FIRE:  7302 19:40:47   -20070.582031        0.104806
FIRE:  7303 19:40:47   -20070.576172        0.105164
FIRE:  7304 19:40:47   -20070.587891        0.112732
FIRE:  7305 19:40:47   -20070.580078        0.123185
FIRE:  7306 19:40:48   -20070.589844        0.114014
FIRE:  7307 19:40:48   -20070.589844        0.107567
FIRE:  7308 19:40:48   -20070.587891        0.108530
FIRE:  7309 19:40:49   -20070.595703        0.109691
FIRE:  7310 19:40:49   -20070.599609        0.111135
FIRE:  7311 19:40:49   -20070.609375        0.112854
FIRE:  7312 19:40:49   -20070.597656        0.114933
FIRE:  7313 19:40:50   -20070.605469        0.117416
FIRE:  7314 19:40:50   -20070.603516        0.120340
FIRE:  7315 19:40:50   -20070.607422        0.123758
FIRE:  7316 19:40:51   -20070.630859        0.127679
FIRE:  7317 19:40:51   -20070.615234        0.132006
FIRE:  7318 19:40:51   -20070.638672        0.136589
FIRE:  7319 19:40:51   -20070.656250        0.141038
FIRE:  7320 19:40:52   -20070.673828        0.144910
FIRE:  7321 19:40:52   -20070.693359        0.147699
FIRE:  7322 19:40:52   -20070.705078        0.149361
FIRE:  7323 19:40:53   -20070.746094        0.158251
FIRE:  7324 19:40:53   -20070.773438        0.316262
FIRE:  7325 19:40:53   -20070.816406        0.895449
FIRE:  7326 19:40:54   -20070.845703        2.319645
FIRE:  7327 19:40:54   -20070.900391        0.209758
FIRE:  7328 19:40:54   -20070.843750        2.716254
FIRE:  7329 19:40:54   -20070.851562        1.802108
FIRE:  7330 19:40:55   -20070.884766        0.429353
FIRE:  7331 19:40:55   -20070.892578        0.863112
FIRE:  7332 19:40:55   -20070.882812        0.809779
FIRE:  7333 19:40:56   -20070.896484        0.705519
FIRE:  7334 19:40:56   -20070.884766        0.555224
FIRE:  7335 19:40:56   -20070.878906        0.367098
FIRE:  7336 19:40:56   -20070.890625        0.214542
FIRE:  7337 19:40:57   -20070.894531        0.215050
FIRE:  7338 19:40:57   -20070.875000        0.255925
FIRE:  7339 19:40:57   -20070.882812        0.407135
FIRE:  7340 19:40:58   -20070.890625        0.491853
FIRE:  7341 19:40:58   -20070.884766        0.485858
FIRE:  7342 19:40:58   -20070.884766        0.374364
FIRE:  7343 19:40:58   -20070.896484        0.221986
FIRE:  7344 19:40:59   -20070.894531        0.224340
FIRE:  7345 19:40:59   -20070.912109        0.315526
FIRE:  7346 19:40:59   -20070.921875        0.374635
FIRE:  7347 19:41:00   -20070.921875        0.235970
FIRE:  7348 19:41:00   -20070.919922        0.242028
FIRE:  7349 19:41:00   -20070.912109        0.328858
FIRE:  7350 19:41:00   -20070.935547        0.259414
FIRE:  7351 19:41:01   -20070.957031        0.271237
FIRE:  7352 19:41:01   -20070.990234        0.289909
FIRE:  7353 19:41:01   -20071.000000        0.301396
FIRE:  7354 19:41:02   -20071.023438        0.317834
FIRE:  7355 19:41:02   -20071.046875        0.331374
FIRE:  7356 19:41:02   -20071.087891        0.336711
FIRE:  7357 19:41:03   -20071.166016        0.326558
FIRE:  7358 19:41:03   -20071.224609        0.459848
FIRE:  7359 19:41:03   -20071.263672        1.476139
FIRE:  7360 19:41:03   -20071.197266        3.583955
FIRE:  7361 19:41:04   -20071.326172        0.524650
FIRE:  7362 19:41:04   -20071.205078        4.972130
FIRE:  7363 19:41:04   -20071.291016        2.998885
FIRE:  7364 19:41:05   -20071.339844        0.367401
FIRE:  7365 19:41:05   -20071.322266        1.734362
FIRE:  7366 19:41:05   -20071.328125        1.634907
FIRE:  7367 19:41:05   -20071.333984        1.437587
FIRE:  7368 19:41:06   -20071.339844        1.147092
FIRE:  7369 19:41:06   -20071.345703        0.772493
FIRE:  7370 19:41:06   -20071.349609        0.331192
FIRE:  7371 19:41:07   -20071.353516        0.242982
FIRE:  7372 19:41:07   -20071.351562        0.560833
FIRE:  7373 19:41:07   -20071.343750        0.550394
FIRE:  7374 19:41:07   -20071.361328        0.529713
FIRE:  7375 19:41:08   -20071.355469        0.499387
FIRE:  7376 19:41:08   -20071.357422        0.459941
FIRE:  7377 19:41:08   -20071.373047        0.412389
FIRE:  7378 19:41:09   -20071.351562        0.358070
FIRE:  7379 19:41:09   -20071.357422        0.298219
FIRE:  7380 19:41:09   -20071.355469        0.242471
FIRE:  7381 19:41:10   -20071.363281        0.242389
FIRE:  7382 19:41:10   -20071.357422        0.242280
FIRE:  7383 19:41:10   -20071.361328        0.242142
FIRE:  7384 19:41:10   -20071.361328        0.241966
FIRE:  7385 19:41:11   -20071.361328        0.241748
FIRE:  7386 19:41:11   -20071.363281        0.245478
FIRE:  7387 19:41:11   -20071.371094        0.262010
FIRE:  7388 19:41:12   -20071.373047        0.240765
FIRE:  7389 19:41:12   -20071.382812        0.240290
FIRE:  7390 19:41:12   -20071.373047        0.239700
FIRE:  7391 19:41:12   -20071.376953        0.238973
FIRE:  7392 19:41:13   -20071.390625        0.238085
FIRE:  7393 19:41:13   -20071.380859        0.237007
FIRE:  7394 19:41:13   -20071.406250        0.235720
FIRE:  7395 19:41:14   -20071.396484        0.234195
FIRE:  7396 19:41:14   -20071.443359        0.232413
FIRE:  7397 19:41:14   -20071.455078        0.230424
FIRE:  7398 19:41:14   -20071.478516        0.228312
FIRE:  7399 19:41:15   -20071.484375        0.226259
FIRE:  7400 19:41:15   -20071.500000        0.224558
FIRE:  7401 19:41:15   -20071.521484        0.223607
FIRE:  7402 19:41:16   -20071.544922        0.223700
FIRE:  7403 19:41:16   -20071.572266        0.224904
FIRE:  7404 19:41:16   -20071.628906        0.240054
FIRE:  7405 19:41:16   -20071.685547        0.366443
FIRE:  7406 19:41:17   -20071.736328        0.684543
FIRE:  7407 19:41:17   -20071.787109        1.694063
FIRE:  7408 19:41:17   -20071.750000        3.694082
FIRE:  7409 19:41:18   -20071.880859        0.650960
FIRE:  7410 19:41:18   -20071.748047        5.087393
FIRE:  7411 19:41:18   -20071.837891        3.089050
FIRE:  7412 19:41:19   -20071.888672        0.419231
FIRE:  7413 19:41:19   -20071.875000        1.729704
FIRE:  7414 19:41:19   -20071.861328        1.632006
FIRE:  7415 19:41:19   -20071.875000        1.438553
FIRE:  7416 19:41:20   -20071.880859        1.153546
FIRE:  7417 19:41:20   -20071.884766        0.785692
FIRE:  7418 19:41:20   -20071.888672        0.351377
FIRE:  7419 19:41:21   -20071.894531        0.200607
FIRE:  7420 19:41:21   -20071.894531        0.535393
FIRE:  7421 19:41:21   -20071.894531        0.525653
FIRE:  7422 19:41:21   -20071.882812        0.506282
FIRE:  7423 19:41:22   -20071.882812        0.477746
FIRE:  7424 19:41:22   -20071.878906        0.440866
FIRE:  7425 19:41:22   -20071.888672        0.396228
FIRE:  7426 19:41:23   -20071.888672        0.345146
FIRE:  7427 19:41:23   -20071.888672        0.288949
FIRE:  7428 19:41:23   -20071.886719        0.222354
FIRE:  7429 19:41:23   -20071.898438        0.199167
FIRE:  7430 19:41:24   -20071.896484        0.198908
FIRE:  7431 19:41:24   -20071.890625        0.198590
FIRE:  7432 19:41:24   -20071.898438        0.198179
FIRE:  7433 19:41:25   -20071.902344        0.197671
FIRE:  7434 19:41:25   -20071.919922        0.231615
FIRE:  7435 19:41:25   -20071.914062        0.250341
FIRE:  7436 19:41:25   -20071.900391        0.229634
FIRE:  7437 19:41:26   -20071.908203        0.194196
FIRE:  7438 19:41:26   -20071.912109        0.192774
FIRE:  7439 19:41:26   -20071.919922        0.191000
FIRE:  7440 19:41:27   -20071.935547        0.188770
FIRE:  7441 19:41:27   -20071.935547        0.196934
FIRE:  7442 19:41:27   -20071.945312        0.182504
FIRE:  7443 19:41:28   -20071.962891        0.178095
FIRE:  7444 19:41:28   -20071.974609        0.172467
FIRE:  7445 19:41:28   -20071.990234        0.165264
FIRE:  7446 19:41:28   -20072.001953        0.155994
FIRE:  7447 19:41:29   -20072.000000        0.166376
FIRE:  7448 19:41:29   -20072.017578        0.128462
FIRE:  7449 19:41:29   -20072.031250        0.166390
FIRE:  7450 19:41:30   -20072.058594        0.166998
FIRE:  7451 19:41:30   -20072.128906        0.197527
FIRE:  7452 19:41:30   -20072.146484        0.230315
FIRE:  7453 19:41:30   -20072.195312        0.296392
FIRE:  7454 19:41:31   -20072.267578        0.501307
FIRE:  7455 19:41:31   -20072.306641        1.225238
FIRE:  7456 19:41:31   -20072.330078        2.904702
FIRE:  7457 19:41:32   -20072.416016        0.334168
FIRE:  7458 19:41:32   -20072.349609        3.577745
FIRE:  7459 19:41:32   -20072.375000        2.305813
FIRE:  7460 19:41:32   -20072.417969        0.474309
FIRE:  7461 19:41:33   -20072.412109        1.141419
FIRE:  7462 19:41:33   -20072.412109        1.073097
FIRE:  7463 19:41:33   -20072.421875        0.939086
FIRE:  7464 19:41:34   -20072.416016        0.744537
FIRE:  7465 19:41:34   -20072.429688        0.499493
FIRE:  7466 19:41:34   -20072.431641        0.300957
FIRE:  7467 19:41:35   -20072.435547        0.301138
FIRE:  7468 19:41:35   -20072.431641        0.326712
FIRE:  7469 19:41:35   -20072.439453        0.535649
FIRE:  7470 19:41:35   -20072.445312        0.655018
FIRE:  7471 19:41:36   -20072.449219        0.647709
FIRE:  7472 19:41:36   -20072.447266        0.492672
FIRE:  7473 19:41:36   -20072.472656        0.301205
FIRE:  7474 19:41:37   -20072.447266        0.300418
FIRE:  7475 19:41:37   -20072.484375        0.428718
FIRE:  7476 19:41:37   -20072.488281        0.491584
FIRE:  7477 19:41:37   -20072.486328        0.292904
FIRE:  7478 19:41:38   -20072.507812        0.287576
FIRE:  7479 19:41:38   -20072.501953        0.450559
FIRE:  7480 19:41:38   -20072.529297        0.271333
FIRE:  7481 19:41:39   -20072.556641        0.286029
FIRE:  7482 19:41:39   -20072.625000        0.353310
FIRE:  7483 19:41:39   -20072.664062        0.255425
FIRE:  7484 19:41:39   -20072.679688        0.255970
FIRE:  7485 19:41:40   -20072.750000        0.473384
FIRE:  7486 19:41:40   -20072.849609        0.308611
FIRE:  7487 19:41:40   -20072.921875        0.368037
FIRE:  7488 19:41:41   -20073.011719        0.443537
FIRE:  7489 19:41:41   -20073.171875        0.544745
FIRE:  7490 19:41:41   -20073.347656        2.040387
FIRE:  7491 19:41:41   -20073.371094        3.963592
FIRE:  7492 19:41:42   -20073.539062        0.409480
FIRE:  7493 19:41:42   -20073.554688        0.407656
FIRE:  7494 19:41:42   -20073.560547        0.404048
FIRE:  7495 19:41:43   -20073.570312        0.398734
FIRE:  7496 19:41:43   -20073.564453        0.391817
FIRE:  7497 19:41:43   -20073.562500        0.383413
FIRE:  7498 19:41:44   -20073.593750        0.373578
FIRE:  7499 19:41:44   -20073.595703        0.372694
FIRE:  7500 19:41:44   -20073.609375        0.377289
FIRE:  7501 19:41:44   -20073.648438        0.383366
FIRE:  7502 19:41:45   -20073.658203        0.391504
FIRE:  7503 19:41:45   -20073.703125        0.402572
FIRE:  7504 19:41:45   -20073.750000        0.418062
FIRE:  7505 19:41:46   -20073.812500        0.440215
FIRE:  7506 19:41:46   -20073.876953        0.472365
FIRE:  7507 19:41:46   -20073.962891        0.518410
FIRE:  7508 19:41:46   -20074.066406        0.579193
FIRE:  7509 19:41:47   -20074.185547        0.644258
FIRE:  7510 19:41:47   -20074.335938        0.683577
FIRE:  7511 19:41:47   -20074.501953        0.967292
FIRE:  7512 19:41:48   -20074.597656        2.717886
FIRE:  7513 19:41:48   -20074.636719        0.368431
FIRE:  7514 19:41:48   -20074.646484        0.300444
FIRE:  7515 19:41:48   -20074.638672        0.298179
FIRE:  7516 19:41:49   -20074.646484        0.294689
FIRE:  7517 19:41:49   -20074.642578        0.289878
FIRE:  7518 19:41:49   -20074.666016        0.283648
FIRE:  7519 19:41:50   -20074.658203        0.275891
FIRE:  7520 19:41:50   -20074.656250        0.266373
FIRE:  7521 19:41:50   -20074.685547        0.253460
FIRE:  7522 19:41:51   -20074.685547        0.249125
FIRE:  7523 19:41:51   -20074.705078        0.252105
FIRE:  7524 19:41:51   -20074.744141        0.255847
FIRE:  7525 19:41:51   -20074.771484        0.260404
FIRE:  7526 19:41:52   -20074.779297        0.265610
FIRE:  7527 19:41:52   -20074.812500        0.271010
FIRE:  7528 19:41:52   -20074.855469        0.275452
FIRE:  7529 19:41:53   -20074.902344        0.276689
FIRE:  7530 19:41:53   -20074.960938        0.270968
FIRE:  7531 19:41:53   -20075.007812        0.252712
FIRE:  7532 19:41:53   -20075.058594        0.215135
FIRE:  7533 19:41:54   -20075.121094        0.450361
FIRE:  7534 19:41:54   -20075.175781        1.682786
FIRE:  7535 19:41:54   -20075.101562        4.034451
FIRE:  7536 19:41:55   -20075.277344        0.863142
FIRE:  7537 19:41:55   -20075.121094        5.699602
FIRE:  7538 19:41:55   -20075.220703        3.391477
FIRE:  7539 19:41:55   -20075.273438        0.390188
FIRE:  7540 19:41:56   -20075.244141        1.935523
FIRE:  7541 19:41:56   -20075.251953        1.829236
FIRE:  7542 19:41:56   -20075.255859        1.617961
FIRE:  7543 19:41:57   -20075.267578        1.304903
FIRE:  7544 19:41:57   -20075.285156        0.898049
FIRE:  7545 19:41:57   -20075.283203        0.413107
FIRE:  7546 19:41:58   -20075.283203        0.169625
FIRE:  7547 19:41:58   -20075.285156        0.594575
FIRE:  7548 19:41:58   -20075.283203        0.583733
FIRE:  7549 19:41:58   -20075.294922        0.562010
FIRE:  7550 19:41:59   -20075.269531        0.530305
FIRE:  7551 19:41:59   -20075.277344        0.488929
FIRE:  7552 19:41:59   -20075.289062        0.439117
FIRE:  7553 19:42:00   -20075.285156        0.382019
FIRE:  7554 19:42:00   -20075.291016        0.319148
FIRE:  7555 19:42:00   -20075.289062        0.244934
FIRE:  7556 19:42:00   -20075.291016        0.165253
FIRE:  7557 19:42:01   -20075.289062        0.165215
FIRE:  7558 19:42:01   -20075.294922        0.165172
FIRE:  7559 19:42:01   -20075.291016        0.165107
FIRE:  7560 19:42:02   -20075.291016        0.204060
FIRE:  7561 19:42:02   -20075.294922        0.258323
FIRE:  7562 19:42:02   -20075.283203        0.278143
FIRE:  7563 19:42:02   -20075.308594        0.254466
FIRE:  7564 19:42:03   -20075.306641        0.182220
FIRE:  7565 19:42:03   -20075.308594        0.164381
FIRE:  7566 19:42:03   -20075.314453        0.164163
FIRE:  7567 19:42:04   -20075.306641        0.188326
FIRE:  7568 19:42:04   -20075.322266        0.218515
FIRE:  7569 19:42:04   -20075.310547        0.163290
FIRE:  7570 19:42:04   -20075.326172        0.162895
FIRE:  7571 19:42:05   -20075.314453        0.177046
FIRE:  7572 19:42:05   -20075.349609        0.161963
FIRE:  7573 19:42:05   -20075.363281        0.161405
FIRE:  7574 19:42:06   -20075.396484        0.184221
FIRE:  7575 19:42:06   -20075.412109        0.160107
FIRE:  7576 19:42:06   -20075.427734        0.183677
FIRE:  7577 19:42:07   -20075.455078        0.158397
FIRE:  7578 19:42:07   -20075.466797        0.166883
FIRE:  7579 19:42:07   -20075.531250        0.254638
FIRE:  7580 19:42:07   -20075.529297        0.313509
FIRE:  7581 19:42:08   -20075.615234        0.530766
FIRE:  7582 19:42:08   -20075.646484        1.305400
FIRE:  7583 19:42:08   -20075.638672        3.006420
FIRE:  7584 19:42:09   -20075.736328        0.372362
FIRE:  7585 19:42:09   -20075.638672        3.822726
FIRE:  7586 19:42:09   -20075.691406        2.444022
FIRE:  7587 19:42:09   -20075.734375        0.479401
FIRE:  7588 19:42:10   -20075.722656        1.248803
FIRE:  7589 19:42:10   -20075.730469        1.175015
FIRE:  7590 19:42:10   -20075.738281        1.029792
FIRE:  7591 19:42:11   -20075.740234        0.818490
FIRE:  7592 19:42:11   -20075.724609        0.550209
FIRE:  7593 19:42:11   -20075.744141        0.239963
FIRE:  7594 19:42:11   -20075.740234        0.213116
FIRE:  7595 19:42:12   -20075.734375        0.373876
FIRE:  7596 19:42:12   -20075.748047        0.367306
FIRE:  7597 19:42:12   -20075.744141        0.354301
FIRE:  7598 19:42:13   -20075.740234        0.334987
FIRE:  7599 19:42:13   -20075.761719        0.309852
FIRE:  7600 19:42:13   -20075.740234        0.279602
FIRE:  7601 19:42:14   -20075.744141        0.245104
FIRE:  7602 19:42:14   -20075.742188        0.213670
FIRE:  7603 19:42:14   -20075.750000        0.213745
FIRE:  7604 19:42:14   -20075.742188        0.213854
FIRE:  7605 19:42:15   -20075.755859        0.213983
FIRE:  7606 19:42:15   -20075.751953        0.214145
FIRE:  7607 19:42:15   -20075.751953        0.214346
FIRE:  7608 19:42:16   -20075.759766        0.214594
FIRE:  7609 19:42:16   -20075.765625        0.214895
FIRE:  7610 19:42:16   -20075.724609        0.215258
FIRE:  7611 19:42:16   -20075.742188        0.215698
FIRE:  7612 19:42:17   -20075.738281        0.216218
FIRE:  7613 19:42:17   -20075.767578        0.216837
FIRE:  7614 19:42:17   -20075.746094        0.217582
FIRE:  7615 19:42:18   -20075.744141        0.218455
FIRE:  7616 19:42:18   -20075.748047        0.219458
FIRE:  7617 19:42:18   -20075.748047        0.220598
FIRE:  7618 19:42:18   -20075.763672        0.221847
FIRE:  7619 19:42:19   -20075.765625        0.223153
FIRE:  7620 19:42:19   -20075.791016        0.224402
FIRE:  7621 19:42:19   -20075.783203        0.225386
FIRE:  7622 19:42:20   -20075.812500        0.225786
FIRE:  7623 19:42:20   -20075.822266        0.225116
FIRE:  7624 19:42:20   -20075.845703        0.222824
FIRE:  7625 19:42:20   -20075.869141        0.218392
FIRE:  7626 19:42:21   -20075.880859        0.211452
FIRE:  7627 19:42:21   -20075.912109        0.201682
FIRE:  7628 19:42:21   -20075.957031        0.241366
FIRE:  7629 19:42:22   -20075.984375        0.481923
FIRE:  7630 19:42:22   -20076.017578        1.260774
FIRE:  7631 19:42:22   -20076.033203        2.884490
FIRE:  7632 19:42:23   -20076.109375        0.376301
FIRE:  7633 19:42:23   -20076.027344        3.592376
FIRE:  7634 19:42:23   -20076.058594        2.334988
FIRE:  7635 19:42:23   -20076.105469        0.513628
FIRE:  7636 19:42:24   -20076.101562        1.132889
FIRE:  7637 19:42:24   -20076.101562        1.066096
FIRE:  7638 19:42:24   -20076.105469        0.935062
FIRE:  7639 19:42:25   -20076.099609        0.744461
FIRE:  7640 19:42:25   -20076.119141        0.503218
FIRE:  7641 19:42:25   -20076.115234        0.224371
FIRE:  7642 19:42:25   -20076.115234        0.072035
FIRE:  7643 19:42:26   -20076.113281        0.328783
FIRE:  7644 19:42:26   -20076.103516        0.323115
FIRE:  7645 19:42:26   -20076.103516        0.311888
FIRE:  7646 19:42:27   -20076.111328        0.295296
FIRE:  7647 19:42:27   -20076.111328        0.273642
FIRE:  7648 19:42:27   -20076.099609        0.247592
FIRE:  7649 19:42:27   -20076.109375        0.217573
FIRE:  7650 19:42:28   -20076.113281        0.184330
FIRE:  7651 19:42:28   -20076.111328        0.144863
FIRE:  7652 19:42:28   -20076.111328        0.099604
FIRE:  7653 19:42:29   -20076.109375        0.071370
FIRE:  7654 19:42:29   -20076.109375        0.071249
FIRE:  7655 19:42:29   -20076.117188        0.071104
FIRE:  7656 19:42:30   -20076.111328        0.104018
FIRE:  7657 19:42:30   -20076.105469        0.138143
FIRE:  7658 19:42:30   -20076.121094        0.153924
FIRE:  7659 19:42:30   -20076.107422        0.145747
FIRE:  7660 19:42:31   -20076.117188        0.109993
FIRE:  7661 19:42:31   -20076.130859        0.071535
FIRE:  7662 19:42:31   -20076.126953        0.071756
FIRE:  7663 19:42:32   -20076.128906        0.096329
FIRE:  7664 19:42:32   -20076.125000        0.122333
FIRE:  7665 19:42:32   -20076.125000        0.086285
FIRE:  7666 19:42:32   -20076.128906        0.073321
FIRE:  7667 19:42:33   -20076.146484        0.091009
FIRE:  7668 19:42:33   -20076.130859        0.096654
FIRE:  7669 19:42:33   -20076.150391        0.075768
FIRE:  7670 19:42:34   -20076.150391        0.099880
FIRE:  7671 19:42:34   -20076.142578        0.078568
FIRE:  7672 19:42:34   -20076.164062        0.098508
FIRE:  7673 19:42:34   -20076.158203        0.082952
FIRE:  7674 19:42:35   -20076.171875        0.109482
FIRE:  7675 19:42:35   -20076.203125        0.135929
FIRE:  7676 19:42:35   -20076.238281        0.153957
FIRE:  7677 19:42:36   -20076.291016        0.275772
FIRE:  7678 19:42:36   -20076.316406        0.749501
FIRE:  7679 19:42:36   -20076.333984        1.926344
FIRE:  7680 19:42:37   -20076.373047        0.133534
FIRE:  7681 19:42:37   -20076.359375        2.133206
FIRE:  7682 19:42:37   -20076.390625        1.465224
FIRE:  7683 19:42:37   -20076.400391        0.424354
FIRE:  7684 19:42:38   -20076.375000        0.610772
FIRE:  7685 19:42:38   -20076.402344        0.573175
FIRE:  7686 19:42:38   -20076.386719        0.499705
FIRE:  7687 19:42:39   -20076.392578        0.394666
FIRE:  7688 19:42:39   -20076.394531        0.263997
FIRE:  7689 19:42:39   -20076.408203        0.117003
FIRE:  7690 19:42:39   -20076.408203        0.112166
FIRE:  7691 19:42:40   -20076.408203        0.165235
FIRE:  7692 19:42:40   -20076.408203        0.272251
FIRE:  7693 19:42:40   -20076.400391        0.335413
FIRE:  7694 19:42:41   -20076.386719        0.338155
FIRE:  7695 19:42:41   -20076.398438        0.268824
FIRE:  7696 19:42:41   -20076.400391        0.129250
FIRE:  7697 19:42:41   -20076.402344        0.113237
FIRE:  7698 19:42:42   -20076.416016        0.209166
FIRE:  7699 19:42:42   -20076.412109        0.262604
FIRE:  7700 19:42:42   -20076.425781        0.172415
FIRE:  7701 19:42:43   -20076.416016        0.114872
FIRE:  7702 19:42:43   -20076.414062        0.221625
FIRE:  7703 19:42:43   -20076.408203        0.170525
FIRE:  7704 19:42:43   -20076.412109        0.117072
FIRE:  7705 19:42:44   -20076.423828        0.206742
FIRE:  7706 19:42:44   -20076.416016        0.119219
FIRE:  7707 19:42:44   -20076.441406        0.190325
FIRE:  7708 19:42:45   -20076.443359        0.187137
FIRE:  7709 19:42:45   -20076.478516        0.124222
FIRE:  7710 19:42:45   -20076.490234        0.126831
FIRE:  7711 19:42:46   -20076.519531        0.349350
FIRE:  7712 19:42:46   -20076.521484        1.033820
FIRE:  7713 19:42:46   -20076.531250        2.531579
FIRE:  7714 19:42:46   -20076.574219        0.205043
FIRE:  7715 19:42:47   -20076.527344        3.081044
FIRE:  7716 19:42:47   -20076.554688        2.018835
FIRE:  7717 19:42:47   -20076.562500        0.450375
FIRE:  7718 19:42:48   -20076.568359        0.997339
FIRE:  7719 19:42:48   -20076.578125        0.936509
FIRE:  7720 19:42:48   -20076.564453        0.817374
FIRE:  7721 19:42:48   -20076.572266        0.644849
FIRE:  7722 19:42:49   -20076.566406        0.427855
FIRE:  7723 19:42:49   -20076.568359        0.178972
FIRE:  7724 19:42:49   -20076.580078        0.140276
FIRE:  7725 19:42:50   -20076.574219        0.303003
FIRE:  7726 19:42:50   -20076.578125        0.297710
FIRE:  7727 19:42:50   -20076.591797        0.287221
FIRE:  7728 19:42:50   -20076.591797        0.271629
FIRE:  7729 19:42:51   -20076.582031        0.251463
FIRE:  7730 19:42:51   -20076.576172        0.227093
FIRE:  7731 19:42:51   -20076.570312        0.199007
FIRE:  7732 19:42:52   -20076.578125        0.167891
FIRE:  7733 19:42:52   -20076.587891        0.140446
FIRE:  7734 19:42:52   -20076.578125        0.140474
FIRE:  7735 19:42:53   -20076.589844        0.140507
FIRE:  7736 19:42:53   -20076.568359        0.140552
FIRE:  7737 19:42:53   -20076.583984        0.140610
FIRE:  7738 19:42:53   -20076.589844        0.140675
FIRE:  7739 19:42:54   -20076.589844        0.140758
FIRE:  7740 19:42:54   -20076.595703        0.141986
FIRE:  7741 19:42:54   -20076.591797        0.140983
FIRE:  7742 19:42:55   -20076.595703        0.141131
FIRE:  7743 19:42:55   -20076.601562        0.141313
FIRE:  7744 19:42:55   -20076.615234        0.141532
FIRE:  7745 19:42:55   -20076.609375        0.141801
FIRE:  7746 19:42:56   -20076.621094        0.142125
FIRE:  7747 19:42:56   -20076.626953        0.142516
FIRE:  7748 19:42:56   -20076.619141        0.142982
FIRE:  7749 19:42:57   -20076.630859        0.143546
FIRE:  7750 19:42:57   -20076.625000        0.144214
FIRE:  7751 19:42:57   -20076.630859        0.145007
FIRE:  7752 19:42:57   -20076.646484        0.145939
FIRE:  7753 19:42:58   -20076.646484        0.147026
FIRE:  7754 19:42:58   -20076.654297        0.148284
FIRE:  7755 19:42:58   -20076.666016        0.149692
FIRE:  7756 19:42:59   -20076.701172        0.151236
FIRE:  7757 19:42:59   -20076.720703        0.152805
FIRE:  7758 19:42:59   -20076.761719        0.173392
FIRE:  7759 19:43:00   -20076.777344        0.331917
FIRE:  7760 19:43:00   -20076.800781        0.888576
FIRE:  7761 19:43:00   -20076.800781        2.203476
FIRE:  7762 19:43:00   -20076.855469        0.159192
FIRE:  7763 19:43:01   -20076.828125        2.550959
FIRE:  7764 19:43:01   -20076.839844        1.715224
FIRE:  7765 19:43:01   -20076.853516        0.443236
FIRE:  7766 19:43:02   -20076.851562        0.779399
FIRE:  7767 19:43:02   -20076.851562        0.731507
FIRE:  7768 19:43:02   -20076.857422        0.637849
FIRE:  7769 19:43:02   -20076.845703        0.503055
FIRE:  7770 19:43:03   -20076.851562        0.334385
FIRE:  7771 19:43:03   -20076.853516        0.144176
FIRE:  7772 19:43:03   -20076.863281        0.144085
FIRE:  7773 19:43:04   -20076.851562        0.224493
FIRE:  7774 19:43:04   -20076.867188        0.361476
FIRE:  7775 19:43:04   -20076.851562        0.440544
FIRE:  7776 19:43:04   -20076.857422        0.441559
FIRE:  7777 19:43:05   -20076.851562        0.350785
FIRE:  7778 19:43:05   -20076.859375        0.170574
FIRE:  7779 19:43:05   -20076.859375        0.142530
FIRE:  7780 19:43:06   -20076.871094        0.266063
FIRE:  7781 19:43:06   -20076.875000        0.339402
FIRE:  7782 19:43:06   -20076.875000        0.234588
FIRE:  7783 19:43:07   -20076.871094        0.139775
FIRE:  7784 19:43:07   -20076.871094        0.277008
FIRE:  7785 19:43:07   -20076.878906        0.238952
FIRE:  7786 19:43:07   -20076.884766        0.135157
FIRE:  7787 19:43:08   -20076.910156        0.268739
FIRE:  7788 19:43:08   -20076.929688        0.129605
FIRE:  7789 19:43:08   -20076.945312        0.269054
FIRE:  7790 19:43:09   -20076.947266        0.177256
FIRE:  7791 19:43:09   -20076.953125        0.114515
FIRE:  7792 19:43:09   -20076.978516        0.280465
FIRE:  7793 19:43:09   -20076.988281        0.638967
FIRE:  7794 19:43:10   -20077.001953        1.436517
FIRE:  7795 19:43:10   -20077.023438        0.087768
FIRE:  7796 19:43:10   -20077.023438        1.121308
FIRE:  7797 19:43:11   -20077.021484        0.892361
FIRE:  7798 19:43:11   -20077.041016        0.464919
FIRE:  7799 19:43:11   -20077.050781        0.087760
FIRE:  7800 19:43:11   -20077.033203        0.087311
FIRE:  7801 19:43:12   -20077.035156        0.087300
FIRE:  7802 19:43:12   -20077.037109        0.087278
FIRE:  7803 19:43:12   -20077.035156        0.087250
FIRE:  7804 19:43:13   -20077.044922        0.087214
FIRE:  7805 19:43:13   -20077.035156        0.087172
FIRE:  7806 19:43:13   -20077.033203        0.087122
FIRE:  7807 19:43:14   -20077.031250        0.087057
FIRE:  7808 19:43:14   -20077.037109        0.086977
FIRE:  7809 19:43:14   -20077.042969        0.086877
FIRE:  7810 19:43:14   -20077.044922        0.086751
FIRE:  7811 19:43:15   -20077.042969        0.086596
FIRE:  7812 19:43:15   -20077.046875        0.086401
FIRE:  7813 19:43:15   -20077.050781        0.086160
FIRE:  7814 19:43:16   -20077.054688        0.085860
FIRE:  7815 19:43:16   -20077.050781        0.085490
FIRE:  7816 19:43:16   -20077.058594        0.085034
FIRE:  7817 19:43:16   -20077.058594        0.084467
FIRE:  7818 19:43:17   -20077.076172        0.083767
FIRE:  7819 19:43:17   -20077.064453        0.082904
FIRE:  7820 19:43:17   -20077.068359        0.081836
FIRE:  7821 19:43:18   -20077.083984        0.080515
FIRE:  7822 19:43:18   -20077.107422        0.078872
FIRE:  7823 19:43:18   -20077.119141        0.076833
FIRE:  7824 19:43:18   -20077.150391        0.074319
FIRE:  7825 19:43:19   -20077.154297        0.071238
FIRE:  7826 19:43:19   -20077.160156        0.088935
FIRE:  7827 19:43:19   -20077.177734        0.263229
FIRE:  7828 19:43:20   -20077.210938        0.929932
FIRE:  7829 19:43:20   -20077.195312        2.553157
FIRE:  7830 19:43:20   -20077.251953        0.063832
FIRE:  7831 19:43:20   -20077.195312        3.159875
FIRE:  7832 19:43:21   -20077.220703        2.009368
FIRE:  7833 19:43:21   -20077.253906        0.343773
FIRE:  7834 19:43:21   -20077.246094        1.144696
FIRE:  7835 19:43:22   -20077.242188        1.072335
FIRE:  7836 19:43:22   -20077.234375        0.930422
FIRE:  7837 19:43:22   -20077.248047        0.724967
FIRE:  7838 19:43:23   -20077.236328        0.465271
FIRE:  7839 19:43:23   -20077.238281        0.167083
FIRE:  7840 19:43:23   -20077.248047        0.142040
FIRE:  7841 19:43:23   -20077.248047        0.139331
FIRE:  7842 19:43:24   -20077.251953        0.134287
FIRE:  7843 19:43:24   -20077.250000        0.126863
FIRE:  7844 19:43:24   -20077.253906        0.116985
FIRE:  7845 19:43:25   -20077.238281        0.105190
FIRE:  7846 19:43:25   -20077.248047        0.091737
FIRE:  7847 19:43:25   -20077.248047        0.076987
FIRE:  7848 19:43:25   -20077.250000        0.059474
FIRE:  7849 19:43:26   -20077.259766        0.055174
FIRE:  7850 19:43:26   -20077.244141        0.055174
FIRE:  7851 19:43:26   -20077.248047        0.055178
FIRE:  7852 19:43:27   -20077.255859        0.055180
FIRE:  7853 19:43:27   -20077.257812        0.055188
FIRE:  7854 19:43:27   -20077.255859        0.061265
FIRE:  7855 19:43:27   -20077.257812        0.066118
FIRE:  7856 19:43:28   -20077.250000        0.059487
FIRE:  7857 19:43:28   -20077.257812        0.055218
FIRE:  7858 19:43:28   -20077.251953        0.055232
FIRE:  7859 19:43:29   -20077.250000        0.055246
FIRE:  7860 19:43:29   -20077.255859        0.055263
FIRE:  7861 19:43:29   -20077.257812        0.055286
FIRE:  7862 19:43:30   -20077.259766        0.055308
FIRE:  7863 19:43:30   -20077.238281        0.055342
FIRE:  7864 19:43:30   -20077.250000        0.055374
FIRE:  7865 19:43:30   -20077.261719        0.055409
FIRE:  7866 19:43:31   -20077.269531        0.055457
FIRE:  7867 19:43:31   -20077.265625        0.055502
FIRE:  7868 19:43:31   -20077.265625        0.055547
FIRE:  7869 19:43:32   -20077.292969        0.055592
FIRE:  7870 19:43:32   -20077.302734        0.055633
FIRE:  7871 19:43:32   -20077.306641        0.055707
FIRE:  7872 19:43:32   -20077.343750        0.055837
FIRE:  7873 19:43:33   -20077.337891        0.104456
FIRE:  7874 19:43:33   -20077.376953        0.278240
FIRE:  7875 19:43:33   -20077.400391        0.880881
FIRE:  7876 19:43:34   -20077.384766        2.330394
FIRE:  7877 19:43:34   -20077.427734        0.059475
FIRE:  7878 19:43:34   -20077.382812        2.786965
FIRE:  7879 19:43:34   -20077.414062        1.812162
FIRE:  7880 19:43:35   -20077.431641        0.366788
FIRE:  7881 19:43:35   -20077.425781        0.969102
FIRE:  7882 19:43:35   -20077.425781        0.907559
FIRE:  7883 19:43:36   -20077.417969        0.787340
FIRE:  7884 19:43:36   -20077.425781        0.613605
FIRE:  7885 19:43:36   -20077.425781        0.395490
FIRE:  7886 19:43:37   -20077.419922        0.146883
FIRE:  7887 19:43:37   -20077.433594        0.109404
FIRE:  7888 19:43:37   -20077.423828        0.107460
FIRE:  7889 19:43:37   -20077.423828        0.103574
FIRE:  7890 19:43:38   -20077.425781        0.097900
FIRE:  7891 19:43:38   -20077.433594        0.090575
FIRE:  7892 19:43:38   -20077.441406        0.081649
FIRE:  7893 19:43:39   -20077.439453        0.071540
FIRE:  7894 19:43:39   -20077.427734        0.060461
FIRE:  7895 19:43:39   -20077.437500        0.058103
FIRE:  7896 19:43:39   -20077.427734        0.058110
FIRE:  7897 19:43:40   -20077.429688        0.058113
FIRE:  7898 19:43:40   -20077.427734        0.058122
FIRE:  7899 19:43:40   -20077.425781        0.058134
FIRE:  7900 19:43:41   -20077.429688        0.058150
FIRE:  7901 19:43:41   -20077.419922        0.058169
FIRE:  7902 19:43:41   -20077.427734        0.058190
FIRE:  7903 19:43:41   -20077.425781        0.058216
FIRE:  7904 19:43:42   -20077.451172        0.058253
FIRE:  7905 19:43:42   -20077.447266        0.058293
FIRE:  7906 19:43:42   -20077.439453        0.058343
FIRE:  7907 19:43:43   -20077.435547        0.058407
FIRE:  7908 19:43:43   -20077.443359        0.058484
FIRE:  7909 19:43:43   -20077.441406        0.058577
FIRE:  7910 19:43:44   -20077.437500        0.058692
FIRE:  7911 19:43:44   -20077.457031        0.058836
FIRE:  7912 19:43:44   -20077.464844        0.059008
FIRE:  7913 19:43:44   -20077.474609        0.059222
FIRE:  7914 19:43:45   -20077.466797        0.059484
FIRE:  7915 19:43:45   -20077.478516        0.059800
FIRE:  7916 19:43:45   -20077.490234        0.060193
FIRE:  7917 19:43:46   -20077.533203        0.060668
FIRE:  7918 19:43:46   -20077.517578        0.061248
FIRE:  7919 19:43:46   -20077.535156        0.065028
FIRE:  7920 19:43:46   -20077.544922        0.084431
FIRE:  7921 19:43:47   -20077.593750        0.211285
FIRE:  7922 19:43:47   -20077.607422        0.685854
FIRE:  7923 19:43:47   -20077.609375        1.933514
FIRE:  7924 19:43:48   -20077.644531        0.148438
FIRE:  7925 19:43:48   -20077.607422        2.171491
FIRE:  7926 19:43:48   -20077.636719        1.454729
FIRE:  7927 19:43:48   -20077.634766        0.353937
FIRE:  7928 19:43:49   -20077.623047        0.708336
FIRE:  7929 19:43:49   -20077.638672        0.662761
FIRE:  7930 19:43:49   -20077.630859        0.574039
FIRE:  7931 19:43:50   -20077.644531        0.446792
FIRE:  7932 19:43:50   -20077.640625        0.288835
FIRE:  7933 19:43:50   -20077.634766        0.158582
FIRE:  7934 19:43:51   -20077.638672        0.159493
FIRE:  7935 19:43:51   -20077.626953        0.221421
FIRE:  7936 19:43:51   -20077.642578        0.340792
FIRE:  7937 19:43:51   -20077.646484        0.404290
FIRE:  7938 19:43:52   -20077.646484        0.392829
FIRE:  7939 19:43:52   -20077.628906        0.294943
FIRE:  7940 19:43:52   -20077.652344        0.171798
FIRE:  7941 19:43:53   -20077.652344        0.175937
FIRE:  7942 19:43:53   -20077.642578        0.267364
FIRE:  7943 19:43:53   -20077.669922        0.303726
FIRE:  7944 19:43:53   -20077.656250        0.196171
FIRE:  7945 19:43:54   -20077.667969        0.206789
FIRE:  7946 19:43:54   -20077.693359        0.274456
FIRE:  7947 19:43:54   -20077.693359        0.237556
FIRE:  7948 19:43:55   -20077.689453        0.259059
FIRE:  7949 19:43:55   -20077.693359        0.285398
FIRE:  7950 19:43:55   -20077.710938        0.315711
FIRE:  7951 19:43:55   -20077.726562        0.347562
FIRE:  7952 19:43:56   -20077.769531        0.375163
FIRE:  7953 19:43:56   -20077.816406        0.391520
FIRE:  7954 19:43:56   -20077.871094        0.381654
FIRE:  7955 19:43:57   -20077.972656        0.426581
FIRE:  7956 19:43:57   -20078.011719        1.370854
FIRE:  7957 19:43:57   -20077.925781        3.498471
FIRE:  7958 19:43:57   -20078.085938        1.038406
FIRE:  7959 19:43:58   -20077.988281        4.719501
FIRE:  7960 19:43:58   -20078.066406        2.841223
FIRE:  7961 19:43:58   -20078.115234        0.646849
FIRE:  7962 19:43:59   -20078.095703        1.662893
FIRE:  7963 19:43:59   -20078.093750        1.564566
FIRE:  7964 19:43:59   -20078.099609        1.369863
FIRE:  7965 19:44:00   -20078.105469        1.084126
FIRE:  7966 19:44:00   -20078.111328        0.717690
FIRE:  7967 19:44:00   -20078.126953        0.520161
FIRE:  7968 19:44:00   -20078.125000        0.496704
FIRE:  7969 19:44:01   -20078.134766        0.554271
FIRE:  7970 19:44:01   -20078.128906        0.543864
FIRE:  7971 19:44:01   -20078.123047        0.523072
FIRE:  7972 19:44:02   -20078.123047        0.492514
FIRE:  7973 19:44:02   -20078.119141        0.462067
FIRE:  7974 19:44:02   -20078.123047        0.458717
FIRE:  7975 19:44:02   -20078.126953        0.454712
FIRE:  7976 19:44:03   -20078.126953        0.449985
FIRE:  7977 19:44:03   -20078.128906        0.443962
FIRE:  7978 19:44:03   -20078.126953        0.436367
FIRE:  7979 19:44:04   -20078.134766        0.426794
FIRE:  7980 19:44:04   -20078.132812        0.414918
FIRE:  7981 19:44:04   -20078.138672        0.400387
FIRE:  7982 19:44:05   -20078.138672        0.382903
FIRE:  7983 19:44:05   -20078.146484        0.362172
FIRE:  7984 19:44:05   -20078.134766        0.338005
FIRE:  7985 19:44:05   -20078.130859        0.310115
FIRE:  7986 19:44:06   -20078.138672        0.278301
FIRE:  7987 19:44:06   -20078.146484        0.242434
FIRE:  7988 19:44:06   -20078.132812        0.202546
FIRE:  7989 19:44:07   -20078.138672        0.190648
FIRE:  7990 19:44:07   -20078.158203        0.188350
FIRE:  7991 19:44:07   -20078.164062        0.185020
FIRE:  7992 19:44:07   -20078.164062        0.205203
FIRE:  7993 19:44:08   -20078.175781        0.219284
FIRE:  7994 19:44:08   -20078.201172        0.224887
FIRE:  7995 19:44:08   -20078.197266        0.218873
FIRE:  7996 19:44:09   -20078.210938        0.198356
FIRE:  7997 19:44:09   -20078.224609        0.205181
FIRE:  7998 19:44:09   -20078.240234        0.212907
FIRE:  7999 19:44:09   -20078.296875        0.219773
FIRE:  8000 19:44:10   -20078.294922        0.223255
FIRE:  8001 19:44:10   -20078.355469        0.217876
FIRE:  8002 19:44:10   -20078.408203        0.360114
FIRE:  8003 19:44:11   -20078.435547        0.736681
FIRE:  8004 19:44:11   -20078.455078        1.839073
FIRE:  8005 19:44:11   -20078.486328        0.130389
FIRE:  8006 19:44:11   -20078.460938        1.406584
FIRE:  8007 19:44:12   -20078.466797        1.123405
FIRE:  8008 19:44:12   -20078.486328        0.588496
FIRE:  8009 19:44:12   -20078.492188        0.116734
FIRE:  8010 19:44:13   -20078.482422        0.109933
FIRE:  8011 19:44:13   -20078.488281        0.100699
FIRE:  8012 19:44:13   -20078.488281        0.100778
FIRE:  8013 19:44:14   -20078.472656        0.100870
FIRE:  8014 19:44:14   -20078.484375        0.100991
FIRE:  8015 19:44:14   -20078.484375        0.101162
FIRE:  8016 19:44:14   -20078.486328        0.101303
FIRE:  8017 19:44:15   -20078.486328        0.101520
FIRE:  8018 19:44:15   -20078.484375        0.101802
FIRE:  8019 19:44:15   -20078.484375        0.102153
FIRE:  8020 19:44:16   -20078.490234        0.102591
FIRE:  8021 19:44:16   -20078.492188        0.103142
FIRE:  8022 19:44:16   -20078.496094        0.103847
FIRE:  8023 19:44:16   -20078.494141        0.104693
FIRE:  8024 19:44:17   -20078.496094        0.105787
FIRE:  8025 19:44:17   -20078.509766        0.107144
FIRE:  8026 19:44:17   -20078.498047        0.108860
FIRE:  8027 19:44:18   -20078.523438        0.111016
FIRE:  8028 19:44:18   -20078.507812        0.113672
FIRE:  8029 19:44:18   -20078.521484        0.117029
FIRE:  8030 19:44:18   -20078.544922        0.121252
FIRE:  8031 19:44:19   -20078.556641        0.126532
FIRE:  8032 19:44:19   -20078.550781        0.133145
FIRE:  8033 19:44:19   -20078.566406        0.141426
FIRE:  8034 19:44:20   -20078.597656        0.151739
FIRE:  8035 19:44:20   -20078.623047        0.164466
FIRE:  8036 19:44:20   -20078.654297        0.180226
FIRE:  8037 19:44:21   -20078.697266        0.295398
FIRE:  8038 19:44:21   -20078.750000        1.068083
FIRE:  8039 19:44:21   -20078.744141        2.976051
FIRE:  8040 19:44:21   -20078.820312        0.232246
FIRE:  8041 19:44:22   -20078.730469        3.908927
FIRE:  8042 19:44:22   -20078.789062        2.396261
FIRE:  8043 19:44:22   -20078.824219        0.299338
FIRE:  8044 19:44:23   -20078.812500        1.447847
FIRE:  8045 19:44:23   -20078.808594        1.358180
FIRE:  8046 19:44:23   -20078.804688        1.181393
FIRE:  8047 19:44:23   -20078.818359        0.923514
FIRE:  8048 19:44:24   -20078.826172        0.595372
FIRE:  8049 19:44:24   -20078.814453        0.231593
FIRE:  8050 19:44:24   -20078.824219        0.231573
FIRE:  8051 19:44:25   -20078.832031        0.231582
FIRE:  8052 19:44:25   -20078.826172        0.231576
FIRE:  8053 19:44:25   -20078.830078        0.231582
FIRE:  8054 19:44:25   -20078.820312        0.231578
FIRE:  8055 19:44:26   -20078.822266        0.231572
FIRE:  8056 19:44:26   -20078.833984        0.231571
FIRE:  8057 19:44:26   -20078.822266        0.231566
FIRE:  8058 19:44:27   -20078.822266        0.231556
FIRE:  8059 19:44:27   -20078.814453        0.231558
FIRE:  8060 19:44:27   -20078.828125        0.231551
FIRE:  8061 19:44:27   -20078.833984        0.231540
FIRE:  8062 19:44:28   -20078.820312        0.231533
FIRE:  8063 19:44:28   -20078.822266        0.231504
FIRE:  8064 19:44:28   -20078.843750        0.231471
FIRE:  8065 19:44:29   -20078.828125        0.231438
FIRE:  8066 19:44:29   -20078.830078        0.231380
FIRE:  8067 19:44:29   -20078.835938        0.231299
FIRE:  8068 19:44:30   -20078.832031        0.231180
FIRE:  8069 19:44:30   -20078.841797        0.231000
FIRE:  8070 19:44:30   -20078.861328        0.230727
FIRE:  8071 19:44:30   -20078.851562        0.230314
FIRE:  8072 19:44:31   -20078.843750        0.229688
FIRE:  8073 19:44:31   -20078.847656        0.228690
FIRE:  8074 19:44:31   -20078.869141        0.227164
FIRE:  8075 19:44:32   -20078.873047        0.224755
FIRE:  8076 19:44:32   -20078.875000        0.221015
FIRE:  8077 19:44:32   -20078.921875        0.215151
FIRE:  8078 19:44:32   -20078.945312        0.206076
FIRE:  8079 19:44:33   -20078.960938        0.192111
FIRE:  8080 19:44:33   -20078.968750        0.171023
FIRE:  8081 19:44:33   -20078.962891        0.140205
FIRE:  8082 19:44:34   -20078.992188        0.098911
FIRE:  8083 19:44:34   -20079.013672        0.088400
FIRE:  8084 19:44:34   -20079.031250        0.291850
FIRE:  8085 19:44:34   -20079.097656        1.099713
FIRE:  8086 19:44:35   -20079.056641        2.965273
FIRE:  8087 19:44:35   -20079.142578        0.237334
FIRE:  8088 19:44:35   -20079.066406        3.886804
FIRE:  8089 19:44:36   -20079.111328        2.409052
FIRE:  8090 19:44:36   -20079.148438        0.345184
FIRE:  8091 19:44:36   -20079.148438        1.404922
FIRE:  8092 19:44:36   -20079.140625        1.318887
FIRE:  8093 19:44:37   -20079.146484        1.149632
FIRE:  8094 19:44:37   -20079.156250        0.902729
FIRE:  8095 19:44:37   -20079.158203        0.588250
FIRE:  8096 19:44:38   -20079.158203        0.223389
FIRE:  8097 19:44:38   -20079.146484        0.184914
FIRE:  8098 19:44:38   -20079.156250        0.184807
FIRE:  8099 19:44:39   -20079.171875        0.184606
FIRE:  8100 19:44:39   -20079.160156        0.184276
FIRE:  8101 19:44:39   -20079.150391        0.183836
FIRE:  8102 19:44:39   -20079.148438        0.183312
FIRE:  8103 19:44:40   -20079.156250        0.182676
FIRE:  8104 19:44:40   -20079.160156        0.181926
FIRE:  8105 19:44:40   -20079.162109        0.180978
FIRE:  8106 19:44:41   -20079.164062        0.179774
FIRE:  8107 19:44:41   -20079.167969        0.178267
FIRE:  8108 19:44:41   -20079.169922        0.176395
FIRE:  8109 19:44:41   -20079.166016        0.174079
FIRE:  8110 19:44:42   -20079.185547        0.171225
FIRE:  8111 19:44:42   -20079.175781        0.167745
FIRE:  8112 19:44:42   -20079.134766        0.163545
FIRE:  8113 19:44:43   -20079.166016        0.158509
FIRE:  8114 19:44:43   -20079.173828        0.152463
FIRE:  8115 19:44:43   -20079.177734        0.145287
FIRE:  8116 19:44:43   -20079.193359        0.136809
FIRE:  8117 19:44:44   -20079.162109        0.126939
FIRE:  8118 19:44:44   -20079.166016        0.115485
FIRE:  8119 19:44:44   -20079.171875        0.102504
FIRE:  8120 19:44:45   -20079.171875        0.088901
FIRE:  8121 19:44:45   -20079.175781        0.089112
FIRE:  8122 19:44:45   -20079.171875        0.089362
FIRE:  8123 19:44:46   -20079.203125        0.089632
FIRE:  8124 19:44:46   -20079.197266        0.089921
FIRE:  8125 19:44:46   -20079.220703        0.090209
FIRE:  8126 19:44:46   -20079.236328        0.090410
FIRE:  8127 19:44:47   -20079.246094        0.090399
FIRE:  8128 19:44:47   -20079.271484        0.089974
FIRE:  8129 19:44:47   -20079.281250        0.088810
FIRE:  8130 19:44:48   -20079.291016        0.086514
FIRE:  8131 19:44:48   -20079.306641        0.244480
FIRE:  8132 19:44:48   -20079.345703        0.844093
FIRE:  8133 19:44:48   -20079.318359        2.330229
FIRE:  8134 19:44:49   -20079.357422        0.076162
FIRE:  8135 19:44:49   -20079.326172        2.781621
FIRE:  8136 19:44:49   -20079.345703        1.808912
FIRE:  8137 19:44:50   -20079.369141        0.366656
FIRE:  8138 19:44:50   -20079.361328        0.966383
FIRE:  8139 19:44:50   -20079.367188        0.905141
FIRE:  8140 19:44:50   -20079.375000        0.785175
FIRE:  8141 19:44:51   -20079.376953        0.612169
FIRE:  8142 19:44:51   -20079.369141        0.394760
FIRE:  8143 19:44:51   -20079.382812        0.146910
FIRE:  8144 19:44:52   -20079.380859        0.109482
FIRE:  8145 19:44:52   -20079.367188        0.323872
FIRE:  8146 19:44:52   -20079.363281        0.318006
FIRE:  8147 19:44:53   -20079.363281        0.306352
FIRE:  8148 19:44:53   -20079.359375        0.289090
FIRE:  8149 19:44:53   -20079.373047        0.266726
FIRE:  8150 19:44:53   -20079.375000        0.239895
FIRE:  8151 19:44:54   -20079.365234        0.208837
FIRE:  8152 19:44:54   -20079.376953        0.174630
FIRE:  8153 19:44:54   -20079.373047        0.134188
FIRE:  8154 19:44:55   -20079.373047        0.087900
FIRE:  8155 19:44:55   -20079.371094        0.076557
FIRE:  8156 19:44:55   -20079.375000        0.076563
FIRE:  8157 19:44:55   -20079.380859        0.076550
FIRE:  8158 19:44:56   -20079.380859        0.113033
FIRE:  8159 19:44:56   -20079.375000        0.142893
FIRE:  8160 19:44:56   -20079.378906        0.153026
FIRE:  8161 19:44:57   -20079.378906        0.138555
FIRE:  8162 19:44:57   -20079.376953        0.096712
FIRE:  8163 19:44:57   -20079.382812        0.076424
FIRE:  8164 19:44:57   -20079.378906        0.076369
FIRE:  8165 19:44:58   -20079.386719        0.106765
FIRE:  8166 19:44:58   -20079.388672        0.119106
FIRE:  8167 19:44:58   -20079.376953        0.076033
FIRE:  8168 19:44:59   -20079.390625        0.075828
FIRE:  8169 19:44:59   -20079.398438        0.100685
FIRE:  8170 19:44:59   -20079.402344        0.081076
FIRE:  8171 19:45:00   -20079.404297        0.074685
FIRE:  8172 19:45:00   -20079.412109        0.101555
FIRE:  8173 19:45:00   -20079.431641        0.073152
FIRE:  8174 19:45:00   -20079.451172        0.101611
FIRE:  8175 19:45:01   -20079.462891        0.070530
FIRE:  8176 19:45:01   -20079.480469        0.075230
FIRE:  8177 19:45:01   -20079.517578        0.141278
FIRE:  8178 19:45:02   -20079.529297        0.221239
FIRE:  8179 19:45:02   -20079.560547        0.424119
FIRE:  8180 19:45:02   -20079.572266        1.037468
FIRE:  8181 19:45:02   -20079.539062        2.460269
FIRE:  8182 19:45:03   -20079.593750        0.140294
FIRE:  8183 19:45:03   -20079.533203        2.994106
FIRE:  8184 19:45:03   -20079.568359        1.950350
FIRE:  8185 19:45:04   -20079.597656        0.410558
FIRE:  8186 19:45:04   -20079.589844        1.006591
FIRE:  8187 19:45:04   -20079.589844        0.944217
FIRE:  8188 19:45:04   -20079.582031        0.821918
FIRE:  8189 19:45:05   -20079.597656        0.645031
FIRE:  8190 19:45:05   -20079.591797        0.422538
FIRE:  8191 19:45:05   -20079.597656        0.167826
FIRE:  8192 19:45:06   -20079.601562        0.145633
FIRE:  8193 19:45:06   -20079.597656        0.322874
FIRE:  8194 19:45:06   -20079.589844        0.317240
FIRE:  8195 19:45:06   -20079.597656        0.305781
FIRE:  8196 19:45:07   -20079.591797        0.288864
FIRE:  8197 19:45:07   -20079.583984        0.266955
FIRE:  8198 19:45:07   -20079.599609        0.240523
FIRE:  8199 19:45:08   -20079.593750        0.210184
FIRE:  8200 19:45:08   -20079.589844        0.176619
FIRE:  8201 19:45:08   -20079.591797        0.146697
FIRE:  8202 19:45:09   -20079.597656        0.146841
FIRE:  8203 19:45:09   -20079.595703        0.147060
FIRE:  8204 19:45:09   -20079.587891        0.147327
FIRE:  8205 19:45:09   -20079.587891        0.147648
FIRE:  8206 19:45:10   -20079.599609        0.148060
FIRE:  8207 19:45:10   -20079.597656        0.148572
FIRE:  8208 19:45:10   -20079.597656        0.152053
FIRE:  8209 19:45:11   -20079.607422        0.149881
FIRE:  8210 19:45:11   -20079.593750        0.150789
FIRE:  8211 19:45:11   -20079.595703        0.151824
FIRE:  8212 19:45:11   -20079.583984        0.153106
FIRE:  8213 19:45:12   -20079.595703        0.154631
FIRE:  8214 19:45:12   -20079.605469        0.156463
FIRE:  8215 19:45:12   -20079.609375        0.158573
FIRE:  8216 19:45:13   -20079.599609        0.161049
FIRE:  8217 19:45:13   -20079.601562        0.163923
FIRE:  8218 19:45:13   -20079.619141        0.167057
FIRE:  8219 19:45:13   -20079.626953        0.170489
FIRE:  8220 19:45:14   -20079.625000        0.173986
FIRE:  8221 19:45:14   -20079.650391        0.177196
FIRE:  8222 19:45:14   -20079.669922        0.179616
FIRE:  8223 19:45:15   -20079.675781        0.180873
FIRE:  8224 19:45:15   -20079.685547        0.182335
FIRE:  8225 19:45:15   -20079.703125        0.183821
FIRE:  8226 19:45:16   -20079.728516        0.185403
FIRE:  8227 19:45:16   -20079.748047        0.346794
FIRE:  8228 19:45:16   -20079.785156        0.924619
FIRE:  8229 19:45:16   -20079.796875        2.317562
FIRE:  8230 19:45:17   -20079.843750        0.216036
FIRE:  8231 19:45:17   -20079.791016        2.731114
FIRE:  8232 19:45:17   -20079.822266        1.810317
FIRE:  8233 19:45:18   -20079.839844        0.428081
FIRE:  8234 19:45:18   -20079.837891        0.873029
FIRE:  8235 19:45:18   -20079.841797        0.819012
FIRE:  8236 19:45:18   -20079.845703        0.713270
FIRE:  8237 19:45:19   -20079.845703        0.560842
FIRE:  8238 19:45:19   -20079.845703        0.370025
FIRE:  8239 19:45:19   -20079.841797        0.218493
FIRE:  8240 19:45:20   -20079.849609        0.218696
FIRE:  8241 19:45:20   -20079.849609        0.263714
FIRE:  8242 19:45:20   -20079.851562        0.416447
FIRE:  8243 19:45:20   -20079.843750        0.501806
FIRE:  8244 19:45:21   -20079.857422        0.496514
FIRE:  8245 19:45:21   -20079.859375        0.386094
FIRE:  8246 19:45:21   -20079.853516        0.221192
FIRE:  8247 19:45:22   -20079.853516        0.221950
FIRE:  8248 19:45:22   -20079.857422        0.312855
FIRE:  8249 19:45:22   -20079.863281        0.380984
FIRE:  8250 19:45:22   -20079.888672        0.246311
FIRE:  8251 19:45:23   -20079.880859        0.226834
FIRE:  8252 19:45:23   -20079.892578        0.325274
FIRE:  8253 19:45:23   -20079.894531        0.247780
FIRE:  8254 19:45:24   -20079.896484        0.233073
FIRE:  8255 19:45:24   -20079.910156        0.296276
FIRE:  8256 19:45:24   -20079.937500        0.238059
FIRE:  8257 19:45:25   -20079.966797        0.275353
FIRE:  8258 19:45:25   -20079.960938        0.256156
FIRE:  8259 19:45:25   -20080.007812        0.238384
FIRE:  8260 19:45:25   -20080.039062        0.229539
FIRE:  8261 19:45:26   -20080.072266        0.555544
FIRE:  8262 19:45:26   -20080.109375        1.551893
FIRE:  8263 19:45:26   -20080.125000        0.167076
FIRE:  8264 19:45:27   -20080.119141        1.210647
FIRE:  8265 19:45:27   -20080.113281        0.961466
FIRE:  8266 19:45:27   -20080.119141        0.495041
FIRE:  8267 19:45:27   -20080.128906        0.165265
FIRE:  8268 19:45:28   -20080.119141        0.165238
FIRE:  8269 19:45:28   -20080.113281        0.165178
FIRE:  8270 19:45:28   -20080.111328        0.165093
FIRE:  8271 19:45:29   -20080.111328        0.164979
FIRE:  8272 19:45:29   -20080.115234        0.164837
FIRE:  8273 19:45:29   -20080.107422        0.164663
FIRE:  8274 19:45:29   -20080.107422        0.164464
FIRE:  8275 19:45:30   -20080.115234        0.164203
FIRE:  8276 19:45:30   -20080.117188        0.163874
FIRE:  8277 19:45:30   -20080.132812        0.163461
FIRE:  8278 19:45:31   -20080.126953        0.162942
FIRE:  8279 19:45:31   -20080.132812        0.162293
FIRE:  8280 19:45:31   -20080.138672        0.161485
FIRE:  8281 19:45:31   -20080.138672        0.160472
FIRE:  8282 19:45:32   -20080.130859        0.159205
FIRE:  8283 19:45:32   -20080.136719        0.157634
FIRE:  8284 19:45:32   -20080.142578        0.155671
FIRE:  8285 19:45:33   -20080.154297        0.153225
FIRE:  8286 19:45:33   -20080.166016        0.150177
FIRE:  8287 19:45:33   -20080.158203        0.146393
FIRE:  8288 19:45:34   -20080.179688        0.141688
FIRE:  8289 19:45:34   -20080.173828        0.137592
FIRE:  8290 19:45:34   -20080.189453        0.133126
FIRE:  8291 19:45:34   -20080.195312        0.127350
FIRE:  8292 19:45:35   -20080.201172        0.120698
FIRE:  8293 19:45:35   -20080.234375        0.113686
FIRE:  8294 19:45:35   -20080.263672        0.107086
FIRE:  8295 19:45:36   -20080.275391        0.289214
FIRE:  8296 19:45:36   -20080.294922        1.086264
FIRE:  8297 19:45:36   -20080.285156        2.965848
FIRE:  8298 19:45:36   -20080.357422        0.121115
FIRE:  8299 19:45:37   -20080.269531        3.939532
FIRE:  8300 19:45:37   -20080.320312        2.412169
FIRE:  8301 19:45:37   -20080.367188        0.297572
FIRE:  8302 19:45:38   -20080.343750        1.478800
FIRE:  8303 19:45:38   -20080.349609        1.387726
FIRE:  8304 19:45:38   -20080.345703        1.207768
FIRE:  8305 19:45:38   -20080.371094        0.945045
FIRE:  8306 19:45:39   -20080.363281        0.609532
FIRE:  8307 19:45:39   -20080.373047        0.218808
FIRE:  8308 19:45:39   -20080.375000        0.196074
FIRE:  8309 19:45:40   -20080.371094        0.192343
FIRE:  8310 19:45:40   -20080.369141        0.185247
FIRE:  8311 19:45:40   -20080.361328        0.174553
FIRE:  8312 19:45:41   -20080.371094        0.160839
FIRE:  8313 19:45:41   -20080.363281        0.144264
FIRE:  8314 19:45:41   -20080.365234        0.125432
FIRE:  8315 19:45:41   -20080.363281        0.104540
FIRE:  8316 19:45:42   -20080.357422        0.094758
FIRE:  8317 19:45:42   -20080.369141        0.094780
FIRE:  8318 19:45:42   -20080.367188        0.094810
FIRE:  8319 19:45:43   -20080.357422        0.094840
FIRE:  8320 19:45:43   -20080.369141        0.094882
FIRE:  8321 19:45:43   -20080.371094        0.094929
FIRE:  8322 19:45:43   -20080.371094        0.094989
FIRE:  8323 19:45:44   -20080.363281        0.095060
FIRE:  8324 19:45:44   -20080.367188        0.095140
FIRE:  8325 19:45:44   -20080.371094        0.095254
FIRE:  8326 19:45:45   -20080.375000        0.095380
FIRE:  8327 19:45:45   -20080.388672        0.095526
FIRE:  8328 19:45:45   -20080.378906        0.095710
FIRE:  8329 19:45:45   -20080.367188        0.095910
FIRE:  8330 19:45:46   -20080.382812        0.096155
FIRE:  8331 19:45:46   -20080.375000        0.096423
FIRE:  8332 19:45:46   -20080.402344        0.096717
FIRE:  8333 19:45:47   -20080.384766        0.097022
FIRE:  8334 19:45:47   -20080.390625        0.097311
FIRE:  8335 19:45:47   -20080.398438        0.097517
FIRE:  8336 19:45:48   -20080.425781        0.097571
FIRE:  8337 19:45:48   -20080.416016        0.097341
FIRE:  8338 19:45:48   -20080.457031        0.096627
FIRE:  8339 19:45:48   -20080.470703        0.095129
FIRE:  8340 19:45:49   -20080.484375        0.092465
FIRE:  8341 19:45:49   -20080.464844        0.121295
FIRE:  8342 19:45:49   -20080.494141        0.338894
FIRE:  8343 19:45:50   -20080.513672        1.060443
FIRE:  8344 19:45:50   -20080.468750        2.718470
FIRE:  8345 19:45:50   -20080.531250        0.102680
FIRE:  8346 19:45:50   -20080.455078        3.474468
FIRE:  8347 19:45:51   -20080.500000        2.184690
FIRE:  8348 19:45:51   -20080.541016        0.346447
FIRE:  8349 19:45:51   -20080.527344        1.267090
FIRE:  8350 19:45:52   -20080.541016        1.188218
FIRE:  8351 19:45:52   -20080.525391        1.033203
FIRE:  8352 19:45:52   -20080.533203        0.807662
FIRE:  8353 19:45:52   -20080.533203        0.521828
FIRE:  8354 19:45:53   -20080.539062        0.191216
FIRE:  8355 19:45:53   -20080.541016        0.157627
FIRE:  8356 19:45:53   -20080.537109        0.154751
FIRE:  8357 19:45:54   -20080.541016        0.149159
FIRE:  8358 19:45:54   -20080.548828        0.140834
FIRE:  8359 19:45:54   -20080.550781        0.129964
FIRE:  8360 19:45:54   -20080.531250        0.116963
FIRE:  8361 19:45:55   -20080.548828        0.101996
FIRE:  8362 19:45:55   -20080.539062        0.085652
FIRE:  8363 19:45:55   -20080.542969        0.066389
FIRE:  8364 19:45:56   -20080.542969        0.062516
FIRE:  8365 19:45:56   -20080.541016        0.062481
FIRE:  8366 19:45:56   -20080.537109        0.062427
FIRE:  8367 19:45:57   -20080.546875        0.062364
FIRE:  8368 19:45:57   -20080.548828        0.062284
FIRE:  8369 19:45:57   -20080.554688        0.068951
FIRE:  8370 19:45:57   -20080.554688        0.073923
FIRE:  8371 19:45:58   -20080.562500        0.066454
FIRE:  8372 19:45:58   -20080.546875        0.061764
FIRE:  8373 19:45:58   -20080.552734        0.061558
FIRE:  8374 19:45:59   -20080.556641        0.061305
FIRE:  8375 19:45:59   -20080.544922        0.060993
FIRE:  8376 19:45:59   -20080.542969        0.060616
FIRE:  8377 19:45:59   -20080.570312        0.060160
FIRE:  8378 19:46:00   -20080.550781        0.059617
FIRE:  8379 19:46:00   -20080.552734        0.058950
FIRE:  8380 19:46:00   -20080.570312        0.058154
FIRE:  8381 19:46:01   -20080.556641        0.057204
FIRE:  8382 19:46:01   -20080.570312        0.056071
FIRE:  8383 19:46:01   -20080.589844        0.054728
FIRE:  8384 19:46:01   -20080.619141        0.053135
FIRE:  8385 19:46:02   -20080.628906        0.051269
FIRE:  8386 19:46:02   -20080.634766        0.049098
