      Step     Time          Energy          fmax
FIRE:    0 18:58:05    83367.531250     4609.823242
FIRE:    1 18:58:06    77186.148438     4060.428223
FIRE:    2 18:58:06    71342.632812     3855.969238
FIRE:    3 18:58:07    65858.687500     3787.097900
FIRE:    4 18:58:08    60766.429688     3588.165527
FIRE:    5 18:58:08    56042.468750     3262.809570
FIRE:    6 18:58:09    51677.015625     2921.909912
FIRE:    7 18:58:09    47687.910156     2959.034668
FIRE:    8 18:58:10    44035.687500     3112.856689
FIRE:    9 18:58:10    40699.144531     3049.451660
FIRE:   10 18:58:10    37644.175781     2949.323975
FIRE:   11 18:58:11    34856.289062     2564.683105
FIRE:   12 18:58:11    32331.730469     2220.264404
FIRE:   13 18:58:11    30029.658203     1995.890503
FIRE:   14 18:58:12    27927.136719     1703.149414
FIRE:   15 18:58:12    26008.390625     1400.327271
FIRE:   16 18:58:12    24256.744141     1121.156860
FIRE:   17 18:58:13    22652.511719      893.073486
FIRE:   18 18:58:13    21173.314453      730.410339
FIRE:   19 18:58:14    19800.279297      589.351501
FIRE:   20 18:58:14    18521.585938      452.962738
FIRE:   21 18:58:14    17325.857422      414.359772
FIRE:   22 18:58:15    16202.952148      391.072754
FIRE:   23 18:58:15    15144.999023      366.865173
FIRE:   24 18:58:15    14145.696289      346.950684
FIRE:   25 18:58:16    13199.422852      330.943665
FIRE:   26 18:58:16    12301.443359      316.119659
FIRE:   27 18:58:17    11447.784180      302.387146
FIRE:   28 18:58:17    10635.072266      288.991913
FIRE:   29 18:58:17     9860.500977      275.134521
FIRE:   30 18:58:18     9121.612305      260.682922
FIRE:   31 18:58:18     8416.382812      246.003113
FIRE:   32 18:58:19     7742.924316      231.511444
FIRE:   33 18:58:19     7099.492188      218.359695
FIRE:   34 18:58:19     6484.375488      209.115845
FIRE:   35 18:58:20     5895.923340      199.705399
FIRE:   36 18:58:20     5332.575195      190.186569
FIRE:   37 18:58:20     4792.867188      180.626526
FIRE:   38 18:58:21     4275.359863      171.098694
FIRE:   39 18:58:21     3778.751709      161.656570
FIRE:   40 18:58:22     3301.847412      152.373642
FIRE:   41 18:58:22     2843.521729      145.491913
FIRE:   42 18:58:22     2402.722900      138.881516
FIRE:   43 18:58:23     1978.464844      132.321228
FIRE:   44 18:58:23     1569.824829      125.963173
FIRE:   45 18:58:23     1175.953125      120.180840
FIRE:   46 18:58:24      796.071960      114.498138
FIRE:   47 18:58:24      429.446472      108.946442
FIRE:   48 18:58:24       75.412140      103.539787
FIRE:   49 18:58:25     -266.659393       98.284447
FIRE:   50 18:58:25     -597.343628       93.187790
FIRE:   51 18:58:26     -917.173401       89.237381
FIRE:   52 18:58:26    -1226.648071       87.593857
FIRE:   53 18:58:26    -1526.223267       85.853439
FIRE:   54 18:58:27    -1816.317993       84.004845
FIRE:   55 18:58:27    -2097.326660       82.035744
FIRE:   56 18:58:27    -2369.611328       79.948792
FIRE:   57 18:58:28    -2633.503906       78.084663
FIRE:   58 18:58:28    -2889.336426       76.186752
FIRE:   59 18:58:29    -3137.401855       74.245285
FIRE:   60 18:58:29    -3378.013428       72.256920
FIRE:   61 18:58:29    -3611.442871       70.225700
FIRE:   62 18:58:30    -3837.952393       68.165970
FIRE:   63 18:58:30    -4057.809814       66.097443
FIRE:   64 18:58:30    -4271.254883       64.044922
FIRE:   65 18:58:31    -4478.539551       62.032139
FIRE:   66 18:58:31    -4679.890137       60.413048
FIRE:   67 18:58:31    -4875.521973       58.910107
FIRE:   68 18:58:32    -5065.632324       57.307262
FIRE:   69 18:58:32    -5250.440918       55.604431
FIRE:   70 18:58:33    -5430.120117       53.805801
FIRE:   71 18:58:33    -5604.852539       51.928352
FIRE:   72 18:58:33    -5774.814453       50.198772
FIRE:   73 18:58:34    -5940.166016       48.688377
FIRE:   74 18:58:34    -6101.056641       47.194614
FIRE:   75 18:58:34    -6257.674805       45.720570
FIRE:   76 18:58:35    -6410.143555       44.268570
FIRE:   77 18:58:35    -6558.624512       42.841454
FIRE:   78 18:58:35    -6703.251465       41.440029
FIRE:   79 18:58:36    -6844.176758       40.066570
FIRE:   80 18:58:36    -6981.506836       38.722000
FIRE:   81 18:58:37    -7115.418457       37.408421
FIRE:   82 18:58:37    -7245.998047       36.176323
FIRE:   83 18:58:37    -7373.387695       35.032387
FIRE:   84 18:58:38    -7497.660156       33.930805
FIRE:   85 18:58:38    -7619.005859       33.050423
FIRE:   86 18:58:38    -7737.464355       32.231403
FIRE:   87 18:58:39    -7853.159668       31.418404
FIRE:   88 18:58:39    -7966.192383       30.612965
FIRE:   89 18:58:39    -8076.665039       29.817181
FIRE:   90 18:58:40    -8184.643555       29.031981
FIRE:   91 18:58:40    -8290.255859       28.259026
FIRE:   92 18:58:41    -8393.539062       27.499004
FIRE:   93 18:58:41    -8494.588867       26.752573
FIRE:   94 18:58:41    -8593.491211       26.020346
FIRE:   95 18:58:42    -8690.317383       25.302914
FIRE:   96 18:58:42    -8785.135742       24.777439
FIRE:   97 18:58:42    -8877.985352       24.391096
FIRE:   98 18:58:43    -8968.960938       23.992727
FIRE:   99 18:58:43    -9058.115234       23.583405
FIRE:  100 18:58:43    -9145.497070       23.163353
FIRE:  101 18:58:44    -9231.175781       22.732246
FIRE:  102 18:58:44    -9315.168945       22.439243
FIRE:  103 18:58:45    -9397.566406       22.147655
FIRE:  104 18:58:45    -9478.407227       21.857302
FIRE:  105 18:58:45    -9557.722656       21.568087
FIRE:  106 18:58:46    -9635.559570       21.280161
FIRE:  107 18:58:46    -9711.955078       20.993279
FIRE:  108 18:58:46    -9786.965820       20.707708
FIRE:  109 18:58:47    -9860.636719       20.423248
FIRE:  110 18:58:47    -9932.943359       20.140043
FIRE:  111 18:58:47   -10004.002930       19.858204
FIRE:  112 18:58:48   -10073.801758       19.577669
FIRE:  113 18:58:48   -10142.389648       19.298418
FIRE:  114 18:58:49   -10209.774414       19.020477
FIRE:  115 18:58:49   -10276.001953       18.743887
FIRE:  116 18:58:49   -10341.122070       18.468555
FIRE:  117 18:58:50   -10405.136719       18.194498
FIRE:  118 18:58:50   -10468.052734       17.921490
FIRE:  119 18:58:50   -10529.946289       17.649582
FIRE:  120 18:58:51   -10590.823242       17.378555
FIRE:  121 18:58:51   -10650.705078       17.108253
FIRE:  122 18:58:51   -10709.581055       16.838556
FIRE:  123 18:58:52   -10767.553711       16.569038
FIRE:  124 18:58:52   -10824.584961       16.299740
FIRE:  125 18:58:53   -10880.708008       16.030270
FIRE:  126 18:58:53   -10935.931641       15.760407
FIRE:  127 18:58:53   -10990.343750       15.489944
FIRE:  128 18:58:54   -11043.881836       15.218699
FIRE:  129 18:58:54   -11096.603516       14.946633
FIRE:  130 18:58:54   -11148.527344       14.673731
FIRE:  131 18:58:55   -11199.666992       14.400075
FIRE:  132 18:58:55   -11250.045898       14.125862
FIRE:  133 18:58:55   -11299.693359       13.851468
FIRE:  134 18:58:56   -11348.608398       13.577223
FIRE:  135 18:58:56   -11396.791016       13.303518
FIRE:  136 18:58:57   -11444.302734       13.030736
FIRE:  137 18:58:57   -11491.129883       12.759207
FIRE:  138 18:58:57   -11537.301758       12.489124
FIRE:  139 18:58:58   -11582.817383       12.220823
FIRE:  140 18:58:58   -11627.708008       11.954369
FIRE:  141 18:58:58   -11671.999023       11.689806
FIRE:  142 18:58:59   -11715.665039       11.427433
FIRE:  143 18:58:59   -11758.743164       11.167265
FIRE:  144 18:58:59   -11801.271484       10.909317
FIRE:  145 18:59:00   -11843.195312       10.653848
FIRE:  146 18:59:00   -11884.611328       10.400933
FIRE:  147 18:59:01   -11925.442383       10.489048
FIRE:  148 18:59:01   -11965.788086       10.693914
FIRE:  149 18:59:01   -12005.606445       10.871054
FIRE:  150 18:59:02   -12044.893555       11.017864
FIRE:  151 18:59:02   -12083.742188       11.132512
FIRE:  152 18:59:02   -12122.073242       11.213466
FIRE:  153 18:59:03   -12159.893555       11.259705
FIRE:  154 18:59:03   -12197.298828       11.270720
FIRE:  155 18:59:03   -12234.253906       11.246488
FIRE:  156 18:59:04   -12270.722656       11.187358
FIRE:  157 18:59:04   -12306.767578       11.094323
FIRE:  158 18:59:04   -12342.382812       10.968647
FIRE:  159 18:59:05   -12377.588867       10.812036
FIRE:  160 18:59:05   -12412.367188       10.626728
FIRE:  161 18:59:06   -12446.742188       10.414819
FIRE:  162 18:59:06   -12480.695312       10.178853
FIRE:  163 18:59:06   -12514.277344        9.921767
FIRE:  164 18:59:07   -12547.471680        9.646066
FIRE:  165 18:59:07   -12580.276367        9.354983
FIRE:  166 18:59:07   -12612.707031        9.051153
FIRE:  167 18:59:08   -12644.794922        8.737588
FIRE:  168 18:59:08   -12676.498047        8.417030
FIRE:  169 18:59:08   -12707.858398        8.092094
FIRE:  170 18:59:09   -12738.881836        7.784725
FIRE:  171 18:59:09   -12769.558594        7.712112
FIRE:  172 18:59:09   -12799.899414        7.648145
FIRE:  173 18:59:10   -12829.927734        7.576719
FIRE:  174 18:59:10   -12859.636719        7.608274
FIRE:  175 18:59:10   -12889.032227        7.791571
FIRE:  176 18:59:11   -12918.107422        7.963974
FIRE:  177 18:59:11   -12946.918945        8.123805
FIRE:  178 18:59:12   -12975.408203        8.269803
FIRE:  179 18:59:12   -13003.618164        8.400661
FIRE:  180 18:59:12   -13031.554688        8.515430
FIRE:  181 18:59:13   -13059.208008        8.865896
FIRE:  182 18:59:13   -13086.570312        9.234324
FIRE:  183 18:59:13   -13113.691406        9.549326
FIRE:  184 18:59:14   -13140.548828        9.806752
FIRE:  185 18:59:14   -13167.196289       10.005000
FIRE:  186 18:59:14   -13193.550781       10.141208
FIRE:  187 18:59:15   -13219.686523       10.215574
FIRE:  188 18:59:15   -13245.511719       10.227103
FIRE:  189 18:59:15   -13271.180664       10.177750
FIRE:  190 18:59:16   -13296.591797       10.068916
FIRE:  191 18:59:16   -13321.769531        9.903547
FIRE:  192 18:59:16   -13346.731445        9.685174
FIRE:  193 18:59:17   -13371.470703        9.545300
FIRE:  194 18:59:17   -13395.986328        9.473767
FIRE:  195 18:59:18   -13420.284180        9.366699
FIRE:  196 18:59:18   -13444.400391        9.360165
FIRE:  197 18:59:18   -13468.273438        9.774223
FIRE:  198 18:59:19   -13491.949219       10.327200
FIRE:  199 18:59:19   -13515.431641       10.848912
FIRE:  200 18:59:19   -13538.668945       11.334772
FIRE:  201 18:59:20   -13561.766602       11.779578
FIRE:  202 18:59:20   -13584.628906       12.178099
FIRE:  203 18:59:20   -13607.307617       12.526892
FIRE:  204 18:59:21   -13629.798828       12.821522
FIRE:  205 18:59:21   -13652.093750       13.059561
FIRE:  206 18:59:21   -13674.208984       13.238805
FIRE:  207 18:59:22   -13696.115234       13.357818
FIRE:  208 18:59:22   -13717.835938       13.415874
FIRE:  209 18:59:22   -13739.390625       13.413507
FIRE:  210 18:59:23   -13760.771484       13.351472
FIRE:  211 18:59:23   -13781.961914       13.232234
FIRE:  212 18:59:24   -13802.978516       13.618073
FIRE:  213 18:59:24   -13823.825195       14.194145
FIRE:  214 18:59:24   -13844.489258       14.706336
FIRE:  215 18:59:25   -13865.001953       15.148182
FIRE:  216 18:59:25   -13885.315430       15.513019
FIRE:  217 18:59:25   -13905.454102       15.797184
FIRE:  218 18:59:26   -13925.442383       15.997400
FIRE:  219 18:59:26   -13945.264648       16.111261
FIRE:  220 18:59:26   -13964.902344       16.139217
FIRE:  221 18:59:27   -13984.381836       16.081081
FIRE:  222 18:59:27   -14003.684570       15.940396
FIRE:  223 18:59:27   -14022.815430       15.719941
FIRE:  224 18:59:28   -14041.761719       15.424129
FIRE:  225 18:59:28   -14060.551758       15.058765
FIRE:  226 18:59:28   -14079.164062       14.630196
FIRE:  227 18:59:29   -14097.589844       14.145600
FIRE:  228 18:59:29   -14115.852539       13.611683
FIRE:  229 18:59:29   -14133.962891       13.457538
FIRE:  230 18:59:30   -14151.868164       14.138934
FIRE:  231 18:59:30   -14169.615234       14.778024
FIRE:  232 18:59:31   -14187.168945       15.368003
FIRE:  233 18:59:31   -14204.574219       15.902287
FIRE:  234 18:59:31   -14221.819336       16.763783
FIRE:  235 18:59:32   -14238.839844       18.023994
FIRE:  236 18:59:32   -14255.745117       19.247416
FIRE:  237 18:59:32   -14272.462891       20.418180
FIRE:  238 18:59:33   -14289.036133       21.520840
FIRE:  239 18:59:33   -14305.439453       22.540577
FIRE:  240 18:59:33   -14321.691406       23.463421
FIRE:  241 18:59:34   -14337.804688       24.276205
FIRE:  242 18:59:34   -14353.750000       24.968399
FIRE:  243 18:59:34   -14369.540039       25.529640
FIRE:  244 18:59:35   -14385.219727       25.952625
FIRE:  245 18:59:35   -14400.732422       26.234423
FIRE:  246 18:59:35   -14416.115234       26.370514
FIRE:  247 18:59:36   -14431.351562       26.362837
FIRE:  248 18:59:36   -14446.458008       26.213493
FIRE:  249 18:59:36   -14461.443359       25.926889
FIRE:  250 18:59:37   -14476.287109       25.510372
FIRE:  251 18:59:37   -14490.976562       25.418615
FIRE:  252 18:59:38   -14505.562500       26.173731
FIRE:  253 18:59:38   -14520.009766       26.810358
FIRE:  254 18:59:38   -14534.306641       27.319407
FIRE:  255 18:59:39   -14548.444336       27.696119
FIRE:  256 18:59:39   -14562.471680       27.935162
FIRE:  257 18:59:39   -14576.333984       28.166248
FIRE:  258 18:59:40   -14590.041992       28.898008
FIRE:  259 18:59:40   -14603.598633       29.491898
FIRE:  260 18:59:40   -14617.004883       29.940533
FIRE:  261 18:59:41   -14630.246094       30.240915
FIRE:  262 18:59:41   -14643.339844       30.389877
FIRE:  263 18:59:41   -14656.249023       30.388571
FIRE:  264 18:59:42   -14668.958008       30.239454
FIRE:  265 18:59:42   -14681.514648       29.947550
FIRE:  266 18:59:42   -14693.882812       29.519352
FIRE:  267 18:59:43   -14706.076172       28.965467
FIRE:  268 18:59:43   -14718.117188       28.294859
FIRE:  269 18:59:43   -14729.910156       27.519844
FIRE:  270 18:59:44   -14741.571289       27.665615
FIRE:  271 18:59:44   -14752.993164       28.092495
FIRE:  272 18:59:44   -14764.246094       28.409111
FIRE:  273 18:59:45   -14775.302734       28.612885
FIRE:  274 18:59:45   -14786.179688       28.703388
FIRE:  275 18:59:45   -14796.880859       28.681713
FIRE:  276 18:59:46   -14807.408203       30.015335
FIRE:  277 18:59:46   -14817.709961       31.404831
FIRE:  278 18:59:46   -14827.869141       32.693703
FIRE:  279 18:59:47   -14837.849609       33.866894
FIRE:  280 18:59:47   -14847.625977       34.914783
FIRE:  281 18:59:48   -14857.228516       35.821545
FIRE:  282 18:59:48   -14866.686523       36.581104
FIRE:  283 18:59:48   -14875.964844       37.183659
FIRE:  284 18:59:49   -14885.100586       37.623878
FIRE:  285 18:59:49   -14894.054688       37.898758
FIRE:  286 18:59:49   -14902.885742       38.007576
FIRE:  287 18:59:50   -14911.546875       37.950603
FIRE:  288 18:59:50   -14920.082031       37.732574
FIRE:  289 18:59:50   -14928.457031       37.634422
FIRE:  290 18:59:51   -14936.700195       38.093922
FIRE:  291 18:59:51   -14944.797852       38.828716
FIRE:  292 18:59:51   -14952.791992       40.229298
FIRE:  293 18:59:52   -14960.662109       41.462585
FIRE:  294 18:59:52   -14968.398438       42.510300
FIRE:  295 18:59:52   -14976.059570       43.358589
FIRE:  296 18:59:53   -14983.571289       43.995743
FIRE:  297 18:59:53   -14990.953125       44.413067
FIRE:  298 18:59:53   -14998.295898       44.605114
FIRE:  299 18:59:54   -15005.504883       44.573647
FIRE:  300 18:59:54   -15012.607422       45.985882
FIRE:  301 18:59:54   -15019.625977       47.258827
FIRE:  302 18:59:55   -15026.535156       48.319206
FIRE:  303 18:59:55   -15033.341797       49.152390
FIRE:  304 18:59:55   -15040.085938       49.744865
FIRE:  305 18:59:56   -15046.708984       50.090042
FIRE:  306 18:59:56   -15053.281250       50.182961
FIRE:  307 18:59:56   -15059.743164       50.025517
FIRE:  308 18:59:57   -15066.103516       49.622150
FIRE:  309 18:59:57   -15072.393555       48.982300
FIRE:  310 18:59:58   -15078.560547       48.119545
FIRE:  311 18:59:58   -15084.641602       47.050392
FIRE:  312 18:59:58   -15090.617188       48.475704
FIRE:  313 18:59:59   -15096.545898       49.893978
FIRE:  314 18:59:59   -15102.354492       51.137451
FIRE:  315 18:59:59   -15108.054688       52.194252
FIRE:  316 19:00:00   -15113.649414       53.053135
FIRE:  317 19:00:00   -15119.157227       53.707272
FIRE:  318 19:00:00   -15124.556641       54.150017
FIRE:  319 19:00:01   -15129.874023       54.379063
FIRE:  320 19:00:01   -15135.083008       54.391834
FIRE:  321 19:00:01   -15140.209961       54.192398
FIRE:  322 19:00:02   -15145.207031       53.784916
FIRE:  323 19:00:02   -15150.139648       53.175102
FIRE:  324 19:00:02   -15154.923828       52.370804
FIRE:  325 19:00:03   -15159.633789       51.383877
FIRE:  326 19:00:03   -15164.246094       50.226616
FIRE:  327 19:00:03   -15168.789062       48.912254
FIRE:  328 19:00:04   -15173.203125       48.737087
FIRE:  329 19:00:04   -15177.505859       49.152611
FIRE:  330 19:00:04   -15181.739258       49.387291
FIRE:  331 19:00:05   -15185.848633       49.865501
FIRE:  332 19:00:05   -15189.872070       50.608677
FIRE:  333 19:00:05   -15193.781250       51.191105
FIRE:  334 19:00:06   -15197.587891       51.605663
FIRE:  335 19:00:06   -15201.317383       51.848270
FIRE:  336 19:00:06   -15204.885742       51.917202
FIRE:  337 19:00:07   -15208.374023       51.811642
FIRE:  338 19:00:07   -15211.791016       51.532658
FIRE:  339 19:00:07   -15215.068359       51.084339
FIRE:  340 19:00:08   -15218.237305       50.470890
FIRE:  341 19:00:08   -15221.298828       49.699776
FIRE:  342 19:00:08   -15224.251953       48.778702
FIRE:  343 19:00:09   -15227.029297       47.717140
FIRE:  344 19:00:09   -15229.791992       46.526642
FIRE:  345 19:00:09   -15232.364258       45.219086
FIRE:  346 19:00:10   -15234.835938       43.806332
FIRE:  347 19:00:10   -15237.227539       42.302048
FIRE:  348 19:00:11   -15239.483398       41.219021
FIRE:  349 19:00:11   -15241.626953       40.964344
FIRE:  350 19:00:11   -15243.662109       40.594570
FIRE:  351 19:00:12   -15245.606445       40.113449
FIRE:  352 19:00:12   -15247.421875       39.525822
FIRE:  353 19:00:12   -15249.177734       39.066177
FIRE:  354 19:00:13   -15250.804688       39.675293
FIRE:  355 19:00:13   -15252.373047       40.194508
FIRE:  356 19:00:13   -15253.840820       40.640221
FIRE:  357 19:00:14   -15255.201172       41.022869
FIRE:  358 19:00:14   -15256.566406       41.440281
FIRE:  359 19:00:14   -15257.790039       43.393265
FIRE:  360 19:00:15   -15258.998047       45.285717
FIRE:  361 19:00:15   -15260.159180       47.105408
FIRE:  362 19:00:15   -15261.276367       48.839916
FIRE:  363 19:00:16   -15262.349609       50.475903
FIRE:  364 19:00:16   -15263.398438       52.001926
FIRE:  365 19:00:16   -15264.407227       53.406368
FIRE:  366 19:00:17   -15265.452148       54.677902
FIRE:  367 19:00:17   -15266.477539       55.807533
FIRE:  368 19:00:17   -15267.493164       56.785633
FIRE:  369 19:00:18   -15268.492188       57.603615
FIRE:  370 19:00:18   -15269.546875       58.256454
FIRE:  371 19:00:18   -15270.581055       58.738018
FIRE:  372 19:00:19   -15271.661133       59.044060
FIRE:  373 19:00:19   -15272.748047       59.174442
FIRE:  374 19:00:19   -15273.889648       59.126671
FIRE:  375 19:00:20   -15275.023438       58.902851
FIRE:  376 19:00:20   -15276.195312       58.504696
FIRE:  377 19:00:20   -15277.404297       57.937389
FIRE:  378 19:00:21   -15278.633789       57.206501
FIRE:  379 19:00:21   -15279.909180       56.319275
FIRE:  380 19:00:21   -15281.185547       55.282028
FIRE:  381 19:00:22   -15282.492188       54.106384
FIRE:  382 19:00:22   -15283.841797       52.800419
FIRE:  383 19:00:22   -15285.181641       51.377071
FIRE:  384 19:00:23   -15286.536133       49.845943
FIRE:  385 19:00:23   -15287.917969       48.219463
FIRE:  386 19:00:23   -15289.303711       46.510178
FIRE:  387 19:00:24   -15290.707031       44.729610
FIRE:  388 19:00:24   -15292.065430       43.309830
FIRE:  389 19:00:24   -15293.441406       42.679111
FIRE:  390 19:00:25   -15294.815430       41.964638
FIRE:  391 19:00:25   -15296.161133       41.171398
FIRE:  392 19:00:25   -15297.492188       40.616661
FIRE:  393 19:00:26   -15298.806641       40.403801
FIRE:  394 19:00:26   -15300.058594       40.104748
FIRE:  395 19:00:26   -15301.325195       39.721645
FIRE:  396 19:00:27   -15302.530273       39.257732
FIRE:  397 19:00:27   -15303.712891       38.715073
FIRE:  398 19:00:28   -15304.828125       38.098751
FIRE:  399 19:00:28   -15305.925781       37.412273
FIRE:  400 19:00:28   -15306.987305       36.660702
FIRE:  401 19:00:29   -15307.960938       35.847923
FIRE:  402 19:00:29   -15308.933594       34.979561
FIRE:  403 19:00:29   -15309.846680       34.061493
FIRE:  404 19:00:30   -15310.676758       33.098186
FIRE:  405 19:00:30   -15311.507812       32.740112
FIRE:  406 19:00:30   -15312.244141       34.496864
FIRE:  407 19:00:31   -15312.965820       36.250515
FIRE:  408 19:00:31   -15313.635742       37.991364
FIRE:  409 19:00:31   -15314.272461       39.709652
FIRE:  410 19:00:32   -15314.863281       41.393066
FIRE:  411 19:00:32   -15315.356445       43.030418
FIRE:  412 19:00:32   -15315.875977       44.609940
FIRE:  413 19:00:33   -15316.331055       46.122223
FIRE:  414 19:00:33   -15316.759766       47.555325
FIRE:  415 19:00:33   -15317.178711       48.898514
FIRE:  416 19:00:34   -15317.510742       50.144257
FIRE:  417 19:00:34   -15317.861328       51.281822
FIRE:  418 19:00:34   -15318.166016       52.302853
FIRE:  419 19:00:35   -15318.423828       53.200283
FIRE:  420 19:00:35   -15318.666992       53.967030
FIRE:  421 19:00:35   -15318.895508       54.598637
FIRE:  422 19:00:36   -15319.107422       55.087212
FIRE:  423 19:00:36   -15319.309570       55.431019
FIRE:  424 19:00:36   -15319.422852       55.627163
FIRE:  425 19:00:37   -15374.850586       34.705681
FIRE:  426 19:00:37   -15424.653320       23.321234
FIRE:  427 19:00:37   -15470.247070       20.875416
FIRE:  428 19:00:38   -15512.497070       18.777699
FIRE:  429 19:00:38   -15551.972656       16.975203
FIRE:  430 19:00:38   -15589.151367       15.420853
FIRE:  431 19:00:39   -15624.278320       14.073326
FIRE:  432 19:00:39   -15657.585938       12.898777
FIRE:  433 19:00:39   -15689.397461       11.866255
FIRE:  434 19:00:40   -15719.794922       10.948429
FIRE:  435 19:00:40   -15748.969727       10.548392
FIRE:  436 19:00:40   -15777.064453       10.233588
FIRE:  437 19:00:41   -15804.168945        9.938462
FIRE:  438 19:00:41   -15830.404297        9.654386
FIRE:  439 19:00:41   -15855.777344        9.374613
FIRE:  440 19:00:42   -15880.392578        9.094047
FIRE:  441 19:00:42   -15904.337891        8.808647
FIRE:  442 19:00:42   -15927.573242        8.765368
FIRE:  443 19:00:43   -15950.232422        8.770038
FIRE:  444 19:00:43   -15972.257812        8.762452
FIRE:  445 19:00:43   -15993.730469        8.739033
FIRE:  446 19:00:44   -16014.739258        8.695725
FIRE:  447 19:00:44   -16035.218750        8.628132
FIRE:  448 19:00:44   -16055.228516        8.531598
FIRE:  449 19:00:45   -16074.758789        8.401490
FIRE:  450 19:00:45   -16093.834961        8.233253
FIRE:  451 19:00:45   -16112.525391        8.022547
FIRE:  452 19:00:46   -16130.790039        7.765268
FIRE:  453 19:00:46   -16148.651367        7.834212
FIRE:  454 19:00:46   -16166.147461        8.126099
FIRE:  455 19:00:47   -16183.266602        8.386383
FIRE:  456 19:00:47   -16200.024414        8.603932
FIRE:  457 19:00:47   -16216.458984        8.767347
FIRE:  458 19:00:48   -16232.514648        8.863843
FIRE:  459 19:00:48   -16248.242188        8.878084
FIRE:  460 19:00:48   -16263.625000        8.792510
FIRE:  461 19:00:49   -16278.661133        8.589475
FIRE:  462 19:00:49   -16293.360352        8.254477
FIRE:  463 19:00:50   -16307.773438        7.779259
FIRE:  464 19:00:50   -16321.828125        7.163028
FIRE:  465 19:00:50   -16335.710938        6.410730
FIRE:  466 19:00:51   -16349.278320        5.691948
FIRE:  467 19:00:51   -16362.765625        6.132817
FIRE:  468 19:00:51   -16376.024414        6.992957
FIRE:  469 19:00:52   -16389.191406        7.446602
FIRE:  470 19:00:52   -16402.240234        7.471078
FIRE:  471 19:00:52   -16415.294922        7.097482
FIRE:  472 19:00:53   -16428.246094        6.636304
FIRE:  473 19:00:53   -16441.152344        6.689909
FIRE:  474 19:00:53   -16454.000000        7.346806
FIRE:  475 19:00:54   -16466.806641        7.910457
FIRE:  476 19:00:54   -16479.578125        8.567155
FIRE:  477 19:00:54   -16492.259766        8.901506
FIRE:  478 19:00:55   -16504.904297        8.902074
FIRE:  479 19:00:55   -16517.486328        8.592728
FIRE:  480 19:00:55   -16529.964844        8.026253
FIRE:  481 19:00:56   -16542.359375        7.272003
FIRE:  482 19:00:56   -16554.650391        7.096506
FIRE:  483 19:00:56   -16566.832031        7.308064
FIRE:  484 19:00:57   -16578.896484        7.480440
FIRE:  485 19:00:57   -16590.851562        7.595818
FIRE:  486 19:00:57   -16602.695312        7.634973
FIRE:  487 19:00:58   -16614.414062        7.579404
FIRE:  488 19:00:58   -16626.037109        7.414324
FIRE:  489 19:00:58   -16637.490234        7.131123
FIRE:  490 19:00:59   -16648.849609        6.727673
FIRE:  491 19:00:59   -16660.105469        6.207123
FIRE:  492 19:00:59   -16671.212891        6.722740
FIRE:  493 19:01:00   -16682.232422        7.997852
FIRE:  494 19:01:00   -16693.146484        8.993118
FIRE:  495 19:01:00   -16704.001953        9.622789
FIRE:  496 19:01:01   -16714.699219        9.839890
FIRE:  497 19:01:01   -16725.357422        9.643876
FIRE:  498 19:01:01   -16735.943359        9.079854
FIRE:  499 19:01:02   -16746.357422        8.226560
FIRE:  500 19:01:02   -16756.740234        7.178386
FIRE:  501 19:01:02   -16767.064453        8.151517
FIRE:  502 19:01:03   -16777.304688        9.360789
FIRE:  503 19:01:03   -16787.572266       10.224820
FIRE:  504 19:01:03   -16797.794922       10.671965
FIRE:  505 19:01:04   -16808.015625       10.674837
FIRE:  506 19:01:04   -16818.234375       10.252628
FIRE:  507 19:01:04   -16828.408203        9.466989
FIRE:  508 19:01:05   -16838.531250        8.406673
FIRE:  509 19:01:05   -16848.636719        7.169805
FIRE:  510 19:01:05   -16858.626953        6.970508
FIRE:  511 19:01:06   -16868.572266        7.053545
FIRE:  512 19:01:06   -16878.462891        7.109334
FIRE:  513 19:01:06   -16888.210938        7.123491
FIRE:  514 19:01:07   -16897.896484        7.074301
FIRE:  515 19:01:07   -16907.441406        6.937561
FIRE:  516 19:01:07   -16916.937500        6.669583
FIRE:  517 19:01:08   -16926.251953        6.202756
FIRE:  518 19:01:08   -16935.462891        6.183743
FIRE:  519 19:01:08   -16944.582031        9.388868
FIRE:  520 19:01:09   -16953.535156       12.500667
FIRE:  521 19:01:09   -16962.417969       15.133686
FIRE:  522 19:01:09   -16971.246094       16.924433
FIRE:  523 19:01:10   -16980.039062       17.626896
FIRE:  524 19:01:10   -16988.789062       17.178448
FIRE:  525 19:01:10   -16997.537109       15.712479
FIRE:  526 19:01:11   -17006.244141       16.510567
FIRE:  527 19:01:11   -17014.964844       19.419922
FIRE:  528 19:01:11   -17023.658203       21.165047
FIRE:  529 19:01:12   -17032.394531       21.482960
FIRE:  530 19:01:12   -17041.140625       20.364437
FIRE:  531 19:01:12   -17049.835938       18.049673
FIRE:  532 19:01:13   -17058.451172       14.945234
FIRE:  533 19:01:13   -17066.933594       11.498889
FIRE:  534 19:01:13   -17075.173828        8.103795
FIRE:  535 19:01:14   -17083.234375        5.471312
FIRE:  536 19:01:14   -17091.140625        6.572164
FIRE:  537 19:01:15   -17098.869141        7.593882
FIRE:  538 19:01:15   -17106.447266        8.474192
FIRE:  539 19:01:15   -17113.933594        9.155932
FIRE:  540 19:01:16   -17121.330078        9.594172
FIRE:  541 19:01:16   -17128.712891        9.764110
FIRE:  542 19:01:16   -17136.060547       10.014105
FIRE:  543 19:01:17   -17143.419922       10.718154
FIRE:  544 19:01:17   -17150.789062       11.105517
FIRE:  545 19:01:17   -17158.214844       11.154884
FIRE:  546 19:01:18   -17165.648438       12.278907
FIRE:  547 19:01:18   -17173.177734       13.219784
FIRE:  548 19:01:18   -17180.732422       13.708467
FIRE:  549 19:01:19   -17188.312500       13.707922
FIRE:  550 19:01:19   -17195.929688       13.231147
FIRE:  551 19:01:19   -17203.558594       12.338342
FIRE:  552 19:01:20   -17211.154297       11.123593
FIRE:  553 19:01:20   -17218.691406        9.697009
FIRE:  554 19:01:20   -17226.238281        8.168339
FIRE:  555 19:01:21   -17233.611328        7.435449
FIRE:  556 19:01:21   -17240.966797        7.248772
FIRE:  557 19:01:21   -17248.263672        6.948896
FIRE:  558 19:01:22   -17255.429688        6.549933
FIRE:  559 19:01:22   -17262.515625        6.068675
FIRE:  560 19:01:22   -17269.564453        5.524584
FIRE:  561 19:01:23   -17276.435547        5.505983
FIRE:  562 19:01:23   -17283.345703        5.937609
FIRE:  563 19:01:23   -17290.119141        6.278902
FIRE:  564 19:01:24   -17296.851562        6.513210
FIRE:  565 19:01:24   -17303.552734        6.628590
FIRE:  566 19:01:24   -17310.218750        6.620027
FIRE:  567 19:01:25   -17316.875000        7.028306
FIRE:  568 19:01:25   -17323.453125        7.351147
FIRE:  569 19:01:26   -17330.082031        7.418752
FIRE:  570 19:01:26   -17336.607422        7.234979
FIRE:  571 19:01:27   -17343.158203        7.522653
FIRE:  572 19:01:27   -17349.664062        8.751446
FIRE:  573 19:01:27   -17356.115234        9.709349
FIRE:  574 19:01:28   -17362.558594       10.325693
FIRE:  575 19:01:28   -17368.953125       10.553663
FIRE:  576 19:01:29   -17375.294922       10.383924
FIRE:  577 19:01:29   -17381.605469        9.842914
FIRE:  578 19:01:29   -17387.894531       11.624178
FIRE:  579 19:01:30   -17394.099609       13.526698
FIRE:  580 19:01:30   -17400.302734       15.124517
FIRE:  581 19:01:30   -17406.509766       16.284025
FIRE:  582 19:01:31   -17412.671875       16.905155
FIRE:  583 19:01:31   -17418.830078       16.938219
FIRE:  584 19:01:31   -17424.994141       16.393536
FIRE:  585 19:01:32   -17431.140625       15.334622
FIRE:  586 19:01:32   -17437.296875       13.867769
FIRE:  587 19:01:32   -17443.341797       12.122681
FIRE:  588 19:01:33   -17449.349609       10.231198
FIRE:  589 19:01:33   -17455.289062        8.311174
FIRE:  590 19:01:33   -17461.187500        6.454068
FIRE:  591 19:01:34   -17466.939453        5.327586
FIRE:  592 19:01:34   -17472.654297        6.497700
FIRE:  593 19:01:34   -17478.285156        8.645729
FIRE:  594 19:01:35   -17483.902344       10.851133
FIRE:  595 19:01:35   -17489.445312       13.001498
FIRE:  596 19:01:35   -17494.998047       14.963118
FIRE:  597 19:01:36   -17500.603516       16.594067
FIRE:  598 19:01:36   -17506.222656       17.765247
FIRE:  599 19:01:36   -17511.890625       18.380705
FIRE:  600 19:01:37   -17517.599609       18.393202
FIRE:  601 19:01:37   -17523.365234       17.811363
FIRE:  602 19:01:37   -17529.193359       16.698872
FIRE:  603 19:01:38   -17535.029297       15.159704
FIRE:  604 19:01:38   -17540.898438       13.321638
FIRE:  605 19:01:38   -17546.800781       11.316288
FIRE:  606 19:01:39   -17552.625000        9.262547
FIRE:  607 19:01:39   -17558.414062        7.255617
FIRE:  608 19:01:39   -17564.181641        6.733798
FIRE:  609 19:01:40   -17569.925781        6.942708
FIRE:  610 19:01:40   -17575.621094        7.035890
FIRE:  611 19:01:40   -17581.277344        7.010895
FIRE:  612 19:01:41   -17586.884766        6.870695
FIRE:  613 19:01:41   -17592.437500        6.804151
FIRE:  614 19:01:41   -17597.978516        6.781540
FIRE:  615 19:01:42   -17603.453125        6.878329
FIRE:  616 19:01:42   -17608.970703        6.980925
FIRE:  617 19:01:43   -17614.419922        6.991603
FIRE:  618 19:01:43   -17619.857422        6.907596
FIRE:  619 19:01:43   -17625.261719        6.730216
FIRE:  620 19:01:44   -17630.636719        6.610347
FIRE:  621 19:01:44   -17636.000000        6.672811
FIRE:  622 19:01:44   -17641.388672        6.950084
FIRE:  623 19:01:45   -17646.666016        7.138184
FIRE:  624 19:01:45   -17651.990234        7.231789
FIRE:  625 19:01:45   -17657.244141        7.229399
FIRE:  626 19:01:46   -17662.464844        7.132943
FIRE:  627 19:01:46   -17667.671875        7.187324
FIRE:  628 19:01:46   -17672.800781        7.250441
FIRE:  629 19:01:47   -17677.884766        7.291606
FIRE:  630 19:01:47   -17682.910156        8.174747
FIRE:  631 19:01:47   -17687.919922        9.176616
FIRE:  632 19:01:48   -17692.853516       10.101519
FIRE:  633 19:01:48   -17697.683594       10.912811
FIRE:  634 19:01:48   -17702.517578       11.576218
FIRE:  635 19:01:49   -17707.234375       12.062307
FIRE:  636 19:01:49   -17711.968750       12.349617
FIRE:  637 19:01:49   -17716.626953       12.426572
FIRE:  638 19:01:50   -17721.234375       12.293274
FIRE:  639 19:01:50   -17725.804688       11.960886
FIRE:  640 19:01:50   -17730.361328       11.451175
FIRE:  641 19:01:51   -17734.884766       10.793897
FIRE:  642 19:01:51   -17739.384766       10.025148
FIRE:  643 19:01:51   -17743.824219       10.139709
FIRE:  644 19:01:52   -17748.335938       10.263267
FIRE:  645 19:01:52   -17752.785156       10.671080
FIRE:  646 19:01:52   -17757.289062       10.936242
FIRE:  647 19:01:53   -17761.763672       11.050076
FIRE:  648 19:01:53   -17766.218750       11.011311
FIRE:  649 19:01:53   -17770.705078       10.824429
FIRE:  650 19:01:54   -17775.177734       10.500383
FIRE:  651 19:01:54   -17779.648438       10.305844
FIRE:  652 19:01:54   -17784.082031       10.803411
FIRE:  653 19:01:55   -17788.552734       11.169377
FIRE:  654 19:01:55   -17792.949219       11.391317
FIRE:  655 19:01:55   -17797.367188       11.963855
FIRE:  656 19:01:56   -17801.748047       12.966484
FIRE:  657 19:01:56   -17806.162109       13.821451
FIRE:  658 19:01:56   -17810.449219       14.487293
FIRE:  659 19:01:57   -17814.810547       14.929935
FIRE:  660 19:01:57   -17819.121094       15.127175
FIRE:  661 19:01:57   -17823.433594       15.069854
FIRE:  662 19:01:58   -17827.761719       14.764130
FIRE:  663 19:01:58   -17832.085938       14.229789
FIRE:  664 19:01:58   -17836.332031       13.498477
FIRE:  665 19:01:59   -17840.650391       12.609030
FIRE:  666 19:01:59   -17844.875000       11.604439
FIRE:  667 19:01:59   -17849.113281       11.058567
FIRE:  668 19:02:00   -17853.316406       11.253268
FIRE:  669 19:02:00   -17857.515625       11.259854
FIRE:  670 19:02:00   -17861.677734       11.076681
FIRE:  671 19:02:01   -17865.833984       11.441095
FIRE:  672 19:02:01   -17869.937500       11.961336
FIRE:  673 19:02:01   -17874.033203       12.369887
FIRE:  674 19:02:02   -17878.060547       12.655040
FIRE:  675 19:02:02   -17882.060547       12.808990
FIRE:  676 19:02:02   -17885.970703       12.828198
FIRE:  677 19:02:03   -17889.816406       12.713625
FIRE:  678 19:02:03   -17893.585938       12.470776
FIRE:  679 19:02:03   -17897.300781       12.109201
FIRE:  680 19:02:04   -17900.962891       11.641726
FIRE:  681 19:02:04   -17904.509766       11.083799
FIRE:  682 19:02:04   -17907.972656       10.452369
FIRE:  683 19:02:05   -17911.378906       11.873965
FIRE:  684 19:02:05   -17914.718750       13.472250
FIRE:  685 19:02:05   -17917.994141       15.024037
FIRE:  686 19:02:06   -17921.257812       16.460934
FIRE:  687 19:02:06   -17924.447266       17.712179
FIRE:  688 19:02:06   -17927.666016       18.710783
FIRE:  689 19:02:07   -17930.892578       19.400511
FIRE:  690 19:02:07   -17934.201172       19.740755
FIRE:  691 19:02:07   -17937.572266       19.710678
FIRE:  692 19:02:08   -17941.033203       19.311468
FIRE:  693 19:02:08   -17944.533203       18.565245
FIRE:  694 19:02:08   -17948.175781       17.513226
FIRE:  695 19:02:09   -17951.828125       16.211315
FIRE:  696 19:02:09   -17955.638672       15.043198
FIRE:  697 19:02:09   -17959.435547       14.183583
FIRE:  698 19:02:10   -17963.390625       13.112202
FIRE:  699 19:02:10   -17967.304688       11.880225
FIRE:  700 19:02:10   -17971.242188       10.539659
FIRE:  701 19:02:11   -17975.183594        9.698935
FIRE:  702 19:02:11   -17979.218750        9.440668
FIRE:  703 19:02:11   -17983.189453        9.106004
FIRE:  704 19:02:12   -17987.136719        8.703699
FIRE:  705 19:02:12   -17991.072266        8.305463
FIRE:  706 19:02:12   -17994.976562        8.036041
FIRE:  707 19:02:13   -17998.853516        8.034671
FIRE:  708 19:02:13   -18002.679688        8.079410
FIRE:  709 19:02:13   -18006.474609        8.228833
FIRE:  710 19:02:14   -18010.205078        8.739834
FIRE:  711 19:02:14   -18013.925781        9.190446
FIRE:  712 19:02:14   -18017.574219        9.568463
FIRE:  713 19:02:15   -18021.171875        9.862662
FIRE:  714 19:02:15   -18024.742188       10.064001
FIRE:  715 19:02:15   -18028.222656       10.166203
FIRE:  716 19:02:16   -18031.707031       10.165330
FIRE:  717 19:02:16   -18035.101562       10.061708
FIRE:  718 19:02:16   -18038.470703        9.858185
FIRE:  719 19:02:17   -18041.777344        9.560455
FIRE:  720 19:02:17   -18045.095703        9.177653
FIRE:  721 19:02:17   -18048.357422        8.725802
FIRE:  722 19:02:18   -18051.548828        9.224282
FIRE:  723 19:02:18   -18054.705078        9.670386
FIRE:  724 19:02:18   -18057.857422       10.055266
FIRE:  725 19:02:19   -18061.000000       10.371457
FIRE:  726 19:02:19   -18064.095703       10.612773
FIRE:  727 19:02:19   -18067.150391       10.774264
FIRE:  728 19:02:20   -18070.212891       10.853217
FIRE:  729 19:02:20   -18073.218750       10.848508
FIRE:  730 19:02:20   -18076.228516       10.761143
FIRE:  731 19:02:21   -18079.156250       10.593925
FIRE:  732 19:02:21   -18082.023438       10.351452
FIRE:  733 19:02:22   -18084.937500       10.039790
FIRE:  734 19:02:22   -18087.707031       10.421272
FIRE:  735 19:02:22   -18090.505859       12.393547
FIRE:  736 19:02:23   -18093.246094       14.341852
FIRE:  737 19:02:23   -18095.970703       16.187862
FIRE:  738 19:02:23   -18098.650391       17.844330
FIRE:  739 19:02:24   -18101.296875       19.224840
      Step     Time          Energy          fmax
FIRE:    0 19:03:49    83367.531250     4609.823730
FIRE:    1 19:03:49    77186.132812     4060.428467
FIRE:    2 19:03:50    71342.664062     3855.963135
FIRE:    3 19:03:51    65858.648438     3787.098633
FIRE:    4 19:03:52    60766.441406     3588.165527
FIRE:    5 19:03:52    56042.464844     3262.809570
FIRE:    6 19:03:53    51677.000000     2921.875977
FIRE:    7 19:03:53    47687.921875     2959.034424
FIRE:    8 19:03:53    44035.691406     3112.856934
FIRE:    9 19:03:54    40699.144531     3049.446289
FIRE:   10 19:03:54    37644.171875     2949.322754
FIRE:   11 19:03:55    34856.300781     2564.683105
FIRE:   12 19:03:55    32331.722656     2220.254639
FIRE:   13 19:03:56    30029.666016     1995.882812
FIRE:   14 19:03:56    27927.134766     1703.130737
FIRE:   15 19:03:56    26008.380859     1400.327271
FIRE:   16 19:03:57    24256.744141     1121.156860
FIRE:   17 19:03:57    22652.503906      893.072510
FIRE:   18 19:03:57    21173.308594      730.410645
FIRE:   19 19:03:58    19800.283203      589.346863
FIRE:   20 19:03:58    18521.582031      452.962769
FIRE:   21 19:03:59    17325.859375      414.359772
FIRE:   22 19:03:59    16202.952148      391.072784
FIRE:   23 19:03:59    15144.999023      366.865173
FIRE:   24 19:04:00    14145.691406      346.950653
FIRE:   25 19:04:00    13199.427734      330.943665
      Step     Time          Energy          fmax
FIRE:    0 19:04:23    83367.546875     4609.823242
FIRE:    1 19:04:23    77186.179688     4060.428711
FIRE:    2 19:04:24    71342.664062     3855.966309
FIRE:    3 19:04:25    65858.679688     3787.097412
FIRE:    4 19:04:25    60766.441406     3588.165527
FIRE:    5 19:04:26    56042.460938     3262.809570
FIRE:    6 19:04:26    51677.027344     2921.875732
FIRE:    7 19:04:27    47687.914062     2959.031006
FIRE:    8 19:04:27    44035.687500     3112.856934
FIRE:    9 19:04:27    40699.152344     3049.445801
FIRE:   10 19:04:28    37644.164062     2949.322021
FIRE:   11 19:04:28    34856.304688     2564.683594
FIRE:   12 19:04:29    32331.726562     2220.256348
FIRE:   13 19:04:29    30029.656250     1995.890381
FIRE:   14 19:04:30    27927.138672     1703.132202
FIRE:   15 19:04:30    26008.380859     1400.327271
FIRE:   16 19:04:30    24256.746094     1121.156860
FIRE:   17 19:04:31    22652.507812      893.073486
FIRE:   18 19:04:31    21173.310547      730.410645
FIRE:   19 19:04:32    19800.277344      589.346863
FIRE:   20 19:04:32    18521.587891      452.962830
FIRE:   21 19:04:32    17325.863281      414.359772
FIRE:   22 19:04:33    16202.953125      391.072693
FIRE:   23 19:04:33    15145.000000      366.865173
FIRE:   24 19:04:34    14145.695312      346.950653
FIRE:   25 19:04:34    13199.420898      330.943726
FIRE:   26 19:04:34    12301.443359      316.119690
FIRE:   27 19:04:35    11447.787109      302.387177
FIRE:   28 19:04:35    10635.070312      288.991943
FIRE:   29 19:04:36     9860.495117      275.134552
FIRE:   30 19:04:36     9121.613281      260.682922
FIRE:   31 19:04:36     8416.379883      246.003159
FIRE:   32 19:04:37     7742.923340      231.511658
FIRE:   33 19:04:37     7099.491211      218.359711
FIRE:   34 19:04:38     6484.376953      209.115829
FIRE:   35 19:04:38     5895.920410      199.705399
FIRE:   36 19:04:38     5332.576660      190.186554
FIRE:   37 19:04:39     4792.868164      180.626526
FIRE:   38 19:04:39     4275.362305      171.098694
FIRE:   39 19:04:40     3778.752686      161.656570
FIRE:   40 19:04:40     3301.849854      152.373627
FIRE:   41 19:04:40     2843.520508      145.491913
FIRE:   42 19:04:41     2402.720947      138.881516
FIRE:   43 19:04:41     1978.464844      132.321228
FIRE:   44 19:04:42     1569.824829      125.963158
FIRE:   45 19:04:42     1175.952637      120.180862
FIRE:   46 19:04:42      796.075562      114.498138
FIRE:   47 19:04:43      429.447144      108.946434
FIRE:   48 19:04:43       75.411934      103.539825
FIRE:   49 19:04:44     -266.659363       98.284447
FIRE:   50 19:04:44     -597.344055       93.187782
FIRE:   51 19:04:45     -917.173218       89.237366
FIRE:   52 19:04:45    -1226.648071       87.593857
FIRE:   53 19:04:45    -1526.225098       85.853439
FIRE:   54 19:04:46    -1816.318115       84.004837
FIRE:   55 19:04:46    -2097.326416       82.035744
FIRE:   56 19:04:47    -2369.611572       79.948792
FIRE:   57 19:04:47    -2633.504395       78.084671
FIRE:   58 19:04:47    -2889.336914       76.186752
FIRE:   59 19:04:48    -3137.401611       74.245262
FIRE:   60 19:04:48    -3378.013916       72.256920
FIRE:   61 19:04:49    -3611.443115       70.225693
FIRE:   62 19:04:49    -3837.951416       68.165970
FIRE:   63 19:04:49    -4057.808594       66.097435
FIRE:   64 19:04:50    -4271.253418       64.044914
FIRE:   65 19:04:50    -4478.541016       62.032135
FIRE:   66 19:04:51    -4679.889160       60.413048
FIRE:   67 19:04:51    -4875.520996       58.910107
FIRE:   68 19:04:51    -5065.633301       57.307274
FIRE:   69 19:04:52    -5250.440918       55.604439
FIRE:   70 19:04:52    -5430.119141       53.805809
FIRE:   71 19:04:53    -5604.851074       51.928352
FIRE:   72 19:04:53    -5774.815918       50.198780
FIRE:   73 19:04:53    -5940.166016       48.688381
FIRE:   74 19:04:54    -6101.055176       47.194607
FIRE:   75 19:04:54    -6257.674316       45.720570
FIRE:   76 19:04:55    -6410.146484       44.268570
FIRE:   77 19:04:55    -6558.623535       42.841454
FIRE:   78 19:04:55    -6703.253906       41.440033
FIRE:   79 19:04:56    -6844.174805       40.066574
FIRE:   80 19:04:56    -6981.509766       38.722004
FIRE:   81 19:04:57    -7115.418945       37.408424
FIRE:   82 19:04:57    -7245.998535       36.176323
FIRE:   83 19:04:57    -7373.388672       35.032391
FIRE:   84 19:04:58    -7497.664062       33.930805
FIRE:   85 19:04:58    -7619.005371       33.050419
FIRE:   86 19:04:59    -7737.464355       32.231407
FIRE:   87 19:04:59    -7853.160156       31.418407
FIRE:   88 19:04:59    -7966.193359       30.612967
FIRE:   89 19:05:00    -8076.661133       29.817184
FIRE:   90 19:05:00    -8184.643555       29.031982
FIRE:   91 19:05:01    -8290.255859       28.259022
FIRE:   92 19:05:01    -8393.540039       27.499006
FIRE:   93 19:05:01    -8494.587891       26.752573
FIRE:   94 19:05:02    -8593.494141       26.020348
FIRE:   95 19:05:02    -8690.327148       25.302917
FIRE:   96 19:05:03    -8785.131836       24.777439
FIRE:   97 19:05:03    -8877.983398       24.391092
FIRE:   98 19:05:03    -8968.961914       23.992731
FIRE:   99 19:05:04    -9058.116211       23.583406
FIRE:  100 19:05:04    -9145.496094       23.163136
FIRE:  101 19:05:05    -9231.180664       22.732246
FIRE:  102 19:05:05    -9315.170898       22.439241
FIRE:  103 19:05:05    -9397.567383       22.147654
FIRE:  104 19:05:06    -9478.405273       21.857300
FIRE:  105 19:05:06    -9557.719727       21.568087
FIRE:  106 19:05:07    -9635.565430       21.280163
FIRE:  107 19:05:07    -9711.958008       20.993279
FIRE:  108 19:05:07    -9786.968750       20.707706
FIRE:  109 19:05:08    -9860.632812       20.423246
FIRE:  110 19:05:08    -9932.951172       20.140047
FIRE:  111 19:05:09   -10004.001953       19.858204
FIRE:  112 19:05:09   -10073.809570       19.577669
FIRE:  113 19:05:09   -10142.390625       19.298416
FIRE:  114 19:05:10   -10209.779297       19.020475
FIRE:  115 19:05:10   -10276.000977       18.743885
FIRE:  116 19:05:11   -10341.121094       18.468552
FIRE:  117 19:05:11   -10405.138672       18.194498
FIRE:  118 19:05:11   -10468.050781       17.921490
FIRE:  119 19:05:12   -10529.948242       17.649582
FIRE:  120 19:05:12   -10590.823242       17.378553
FIRE:  121 19:05:13   -10650.698242       17.108253
FIRE:  122 19:05:13   -10709.589844       16.838558
FIRE:  123 19:05:13   -10767.561523       16.569038
FIRE:  124 19:05:14   -10824.583984       16.299740
FIRE:  125 19:05:14   -10880.708984       16.030273
FIRE:  126 19:05:14   -10935.937500       15.760406
FIRE:  127 19:05:15   -10990.341797       15.489943
FIRE:  128 19:05:15   -11043.875000       15.218699
FIRE:  129 19:05:16   -11096.600586       14.946632
FIRE:  130 19:05:16   -11148.533203       14.673731
FIRE:  131 19:05:16   -11199.664062       14.400074
FIRE:  132 19:05:17   -11250.042969       14.125862
FIRE:  133 19:05:17   -11299.692383       13.851468
FIRE:  134 19:05:18   -11348.610352       13.577221
FIRE:  135 19:05:18   -11396.791992       13.303518
FIRE:  136 19:05:18   -11444.301758       13.030737
FIRE:  137 19:05:19   -11491.127930       12.759207
FIRE:  138 19:05:19   -11537.305664       12.489126
FIRE:  139 19:05:20   -11582.820312       12.220821
FIRE:  140 19:05:20   -11627.711914       11.954369
FIRE:  141 19:05:20   -11672.000000       11.689807
FIRE:  142 19:05:21   -11715.666016       11.427433
FIRE:  143 19:05:21   -11758.743164       11.167265
FIRE:  144 19:05:21   -11801.267578       10.909314
FIRE:  145 19:05:22   -11843.198242       10.653848
FIRE:  146 19:05:22   -11884.611328       10.400933
FIRE:  147 19:05:23   -11925.440430       10.489047
FIRE:  148 19:05:23   -11965.791016       10.693914
FIRE:  149 19:05:23   -12005.603516       10.871052
FIRE:  150 19:05:24   -12044.892578       11.017865
FIRE:  151 19:05:24   -12083.745117       11.132512
FIRE:  152 19:05:25   -12122.077148       11.213465
FIRE:  153 19:05:25   -12159.898438       11.259705
FIRE:  154 19:05:25   -12197.301758       11.270722
FIRE:  155 19:05:26   -12234.247070       11.246483
FIRE:  156 19:05:26   -12270.720703       11.187357
FIRE:  157 19:05:27   -12306.772461       11.094321
FIRE:  158 19:05:27   -12342.377930       10.968643
FIRE:  159 19:05:27   -12377.585938       10.812038
FIRE:  160 19:05:28   -12412.368164       10.626729
FIRE:  161 19:05:28   -12446.742188       10.414812
FIRE:  162 19:05:29   -12480.695312       10.178852
FIRE:  163 19:05:29   -12514.279297        9.921767
FIRE:  164 19:05:29   -12547.469727        9.646069
FIRE:  165 19:05:30   -12580.281250        9.354983
FIRE:  166 19:05:30   -12612.708008        9.051155
FIRE:  167 19:05:30   -12644.795898        8.737586
FIRE:  168 19:05:31   -12676.495117        8.417030
FIRE:  169 19:05:31   -12707.855469        8.092096
FIRE:  170 19:05:32   -12738.882812        7.784724
FIRE:  171 19:05:32   -12769.560547        7.712112
FIRE:  172 19:05:32   -12799.902344        7.648146
FIRE:  173 19:05:33   -12829.927734        7.576718
FIRE:  174 19:05:33   -12859.641602        7.608275
FIRE:  175 19:05:34   -12889.030273        7.791569
FIRE:  176 19:05:34   -12918.102539        7.963974
FIRE:  177 19:05:34   -12946.921875        8.123807
FIRE:  178 19:05:35   -12975.409180        8.269803
FIRE:  179 19:05:35   -13003.614258        8.400661
FIRE:  180 19:05:35   -13031.559570        8.515430
FIRE:  181 19:05:36   -13059.197266        8.865896
FIRE:  182 19:05:36   -13086.572266        9.234323
FIRE:  183 19:05:37   -13113.689453        9.549325
FIRE:  184 19:05:37   -13140.544922        9.806751
FIRE:  185 19:05:37   -13167.195312       10.004999
FIRE:  186 19:05:38   -13193.548828       10.141208
FIRE:  187 19:05:38   -13219.685547       10.215574
FIRE:  188 19:05:39   -13245.515625       10.227101
FIRE:  189 19:05:39   -13271.176758       10.177751
FIRE:  190 19:05:39   -13296.590820       10.068915
FIRE:  191 19:05:40   -13321.766602        9.903548
FIRE:  192 19:05:40   -13346.730469        9.685175
FIRE:  193 19:05:40   -13371.473633        9.545289
FIRE:  194 19:05:41   -13395.991211        9.473635
FIRE:  195 19:05:41   -13420.286133        9.366699
FIRE:  196 19:05:42   -13444.400391        9.360165
FIRE:  197 19:05:42   -13468.270508        9.774224
FIRE:  198 19:05:42   -13491.951172       10.327195
FIRE:  199 19:05:43   -13515.432617       10.848909
FIRE:  200 19:05:43   -13538.668945       11.334769
FIRE:  201 19:05:44   -13561.767578       11.779566
FIRE:  202 19:05:44   -13584.628906       12.178101
FIRE:  203 19:05:44   -13607.311523       12.526890
FIRE:  204 19:05:45   -13629.793945       12.821507
FIRE:  205 19:05:45   -13652.087891       13.059553
FIRE:  206 19:05:45   -13674.213867       13.238808
FIRE:  207 19:05:46   -13696.110352       13.357828
FIRE:  208 19:05:46   -13717.839844       13.415838
FIRE:  209 19:05:47   -13739.389648       13.413474
FIRE:  210 19:05:47   -13760.773438       13.351488
FIRE:  211 19:05:47   -13781.963867       13.232224
FIRE:  212 19:05:48   -13802.976562       13.618076
FIRE:  213 19:05:48   -13823.830078       14.194147
FIRE:  214 19:05:48   -13844.488281       14.706334
FIRE:  215 19:05:49   -13865.008789       15.148187
FIRE:  216 19:05:49   -13885.316406       15.513018
FIRE:  217 19:05:50   -13905.457031       15.797183
FIRE:  218 19:05:50   -13925.446289       15.997401
FIRE:  219 19:05:50   -13945.263672       16.111261
FIRE:  220 19:05:51   -13964.902344       16.139219
FIRE:  221 19:05:51   -13984.382812       16.081299
FIRE:  222 19:05:51   -14003.681641       15.940394
FIRE:  223 19:05:52   -14022.815430       15.719937
FIRE:  224 19:05:52   -14041.755859       15.424131
FIRE:  225 19:05:53   -14060.549805       15.058764
FIRE:  226 19:05:53   -14079.163086       14.630195
FIRE:  227 19:05:53   -14097.592773       14.145599
FIRE:  228 19:05:54   -14115.855469       13.611675
FIRE:  229 19:05:54   -14133.964844       13.457540
FIRE:  230 19:05:54   -14151.869141       14.138930
FIRE:  231 19:05:55   -14169.614258       14.778025
FIRE:  232 19:05:55   -14187.166992       15.368005
FIRE:  233 19:05:56   -14204.576172       15.902286
FIRE:  234 19:05:56   -14221.820312       16.763786
FIRE:  235 19:05:56   -14238.839844       18.023996
FIRE:  236 19:05:57   -14255.738281       19.247416
FIRE:  237 19:05:57   -14272.461914       20.418180
FIRE:  238 19:05:57   -14289.040039       21.520838
FIRE:  239 19:05:58   -14305.439453       22.540581
FIRE:  240 19:05:58   -14321.691406       23.463423
FIRE:  241 19:05:59   -14337.806641       24.276205
FIRE:  242 19:05:59   -14353.750000       24.968403
FIRE:  243 19:05:59   -14369.536133       25.529644
FIRE:  244 19:06:00   -14385.217773       25.952623
FIRE:  245 19:06:00   -14400.729492       26.234442
FIRE:  246 19:06:01   -14416.116211       26.370531
FIRE:  247 19:06:01   -14431.348633       26.362839
FIRE:  248 19:06:01   -14446.456055       26.213491
FIRE:  249 19:06:02   -14461.444336       25.926888
FIRE:  250 19:06:02   -14476.286133       25.510376
FIRE:  251 19:06:02   -14490.982422       25.418600
FIRE:  252 19:06:03   -14505.565430       26.173729
FIRE:  253 19:06:03   -14520.011719       26.810354
FIRE:  254 19:06:04   -14534.302734       27.319483
FIRE:  255 19:06:04   -14548.442383       27.696127
FIRE:  256 19:06:04   -14562.476562       27.935160
FIRE:  257 19:06:05   -14576.326172       28.166245
FIRE:  258 19:06:05   -14590.038086       28.898012
FIRE:  259 19:06:05   -14603.600586       29.491911
FIRE:  260 19:06:06   -14616.995117       29.940535
FIRE:  261 19:06:06   -14630.246094       30.240911
FIRE:  262 19:06:07   -14643.339844       30.389883
FIRE:  263 19:06:07   -14656.250000       30.388573
FIRE:  264 19:06:07   -14668.965820       30.239445
FIRE:  265 19:06:08   -14681.511719       29.947544
FIRE:  266 19:06:08   -14693.883789       29.519354
FIRE:  267 19:06:08   -14706.074219       28.965467
FIRE:  268 19:06:09   -14718.112305       28.294859
FIRE:  269 19:06:09   -14729.914062       27.519842
FIRE:  270 19:06:10   -14741.568359       27.665628
FIRE:  271 19:06:10   -14752.986328       28.092493
FIRE:  272 19:06:10   -14764.247070       28.409119
FIRE:  273 19:06:11   -14775.299805       28.612883
FIRE:  274 19:06:11   -14786.184570       28.703394
FIRE:  275 19:06:11   -14796.879883       28.681736
FIRE:  276 19:06:12   -14807.409180       30.015354
FIRE:  277 19:06:12   -14817.714844       31.404819
FIRE:  278 19:06:13   -14827.869141       32.693684
FIRE:  279 19:06:13   -14837.849609       33.866875
FIRE:  280 19:06:13   -14847.623047       34.914780
FIRE:  281 19:06:14   -14857.234375       35.821568
FIRE:  282 19:06:14   -14866.684570       36.581116
FIRE:  283 19:06:14   -14875.965820       37.183670
FIRE:  284 19:06:15   -14885.104492       37.623844
FIRE:  285 19:06:15   -14894.054688       37.898746
FIRE:  286 19:06:16   -14902.885742       38.007572
FIRE:  287 19:06:16   -14911.546875       37.950592
FIRE:  288 19:06:16   -14920.082031       37.732552
FIRE:  289 19:06:17   -14928.456055       37.634418
FIRE:  290 19:06:17   -14936.702148       38.093922
FIRE:  291 19:06:18   -14944.794922       38.828716
FIRE:  292 19:06:18   -14952.795898       40.229298
FIRE:  293 19:06:18   -14960.661133       41.462578
FIRE:  294 19:06:19   -14968.399414       42.510300
FIRE:  295 19:06:19   -14976.060547       43.358593
FIRE:  296 19:06:20   -14983.573242       43.995743
FIRE:  297 19:06:20   -14990.949219       44.413067
FIRE:  298 19:06:20   -14998.293945       44.605747
FIRE:  299 19:06:21   -15005.499023       44.573647
FIRE:  300 19:06:21   -15012.603516       45.985882
FIRE:  301 19:06:21   -15019.624023       47.258823
FIRE:  302 19:06:22   -15026.533203       48.319206
FIRE:  303 19:06:22   -15033.344727       49.152390
FIRE:  304 19:06:22   -15040.083008       49.744869
FIRE:  305 19:06:23   -15046.713867       50.090042
FIRE:  306 19:06:23   -15053.283203       50.182964
FIRE:  307 19:06:23   -15059.733398       50.025513
FIRE:  308 19:06:24   -15066.104492       49.622150
FIRE:  309 19:06:24   -15072.385742       48.982300
FIRE:  310 19:06:25   -15078.560547       48.119545
FIRE:  311 19:06:25   -15084.641602       47.050396
FIRE:  312 19:06:25   -15090.623047       48.475697
FIRE:  313 19:06:26   -15096.545898       49.893986
FIRE:  314 19:06:26   -15102.359375       51.137459
FIRE:  315 19:06:26   -15108.052734       52.194244
FIRE:  316 19:06:27   -15113.654297       53.053226
FIRE:  317 19:06:27   -15119.150391       53.707279
FIRE:  318 19:06:27   -15124.552734       54.150017
FIRE:  319 19:06:28   -15129.876953       54.379063
FIRE:  320 19:06:28   -15135.083984       54.392204
FIRE:  321 19:06:28   -15140.212891       54.192394
FIRE:  322 19:06:29   -15145.209961       53.784920
FIRE:  323 19:06:29   -15150.138672       53.175102
FIRE:  324 19:06:30   -15154.918945       52.370800
FIRE:  325 19:06:30   -15159.635742       51.384209
FIRE:  326 19:06:30   -15164.247070       50.226627
FIRE:  327 19:06:31   -15168.786133       48.912254
FIRE:  328 19:06:31   -15173.205078       48.737076
FIRE:  329 19:06:31   -15177.507812       49.152630
FIRE:  330 19:06:32   -15181.734375       49.387287
FIRE:  331 19:06:32   -15185.850586       49.865498
FIRE:  332 19:06:32   -15189.869141       50.608871
FIRE:  333 19:06:33   -15193.781250       51.190781
FIRE:  334 19:06:33   -15197.586914       51.605659
FIRE:  335 19:06:33   -15201.316406       51.848274
FIRE:  336 19:06:34   -15204.881836       51.917198
FIRE:  337 19:06:34   -15208.379883       51.811466
FIRE:  338 19:06:35   -15211.781250       51.532658
FIRE:  339 19:06:35   -15215.070312       51.084347
FIRE:  340 19:06:35   -15218.229492       50.470707
FIRE:  341 19:06:36   -15221.299805       49.699772
FIRE:  342 19:06:36   -15224.250000       48.778702
FIRE:  343 19:06:36   -15227.029297       47.717300
FIRE:  344 19:06:37   -15229.802734       46.526642
FIRE:  345 19:06:37   -15232.362305       45.219082
FIRE:  346 19:06:37   -15234.833008       43.806644
FIRE:  347 19:06:38   -15237.231445       42.302040
FIRE:  348 19:06:38   -15239.482422       41.219021
FIRE:  349 19:06:38   -15241.625000       40.964344
FIRE:  350 19:06:39   -15243.665039       40.594559
FIRE:  351 19:06:39   -15245.608398       40.113422
FIRE:  352 19:06:39   -15247.426758       39.525829
FIRE:  353 19:06:40   -15249.176758       39.066170
FIRE:  354 19:06:40   -15250.800781       39.675274
FIRE:  355 19:06:41   -15252.370117       40.194344
FIRE:  356 19:06:41   -15253.839844       40.640640
FIRE:  357 19:06:41   -15255.204102       41.023418
FIRE:  358 19:06:42   -15256.560547       41.440205
FIRE:  359 19:06:42   -15257.790039       43.393269
FIRE:  360 19:06:42   -15258.996094       45.285709
FIRE:  361 19:06:43   -15260.158203       47.105408
FIRE:  362 19:06:43   -15261.271484       48.839909
FIRE:  363 19:06:43   -15262.348633       50.475910
FIRE:  364 19:06:44   -15263.397461       52.001930
FIRE:  365 19:06:44   -15264.407227       53.406311
FIRE:  366 19:06:44   -15265.448242       54.677879
FIRE:  367 19:06:45   -15266.478516       55.807529
FIRE:  368 19:06:45   -15267.496094       56.785633
FIRE:  369 19:06:45   -15268.492188       57.603584
FIRE:  370 19:06:46   -15269.546875       58.256447
FIRE:  371 19:06:46   -15270.580078       58.738018
FIRE:  372 19:06:47   -15271.661133       59.044060
FIRE:  373 19:06:47   -15272.750000       59.174446
FIRE:  374 19:06:47   -15273.896484       59.126671
FIRE:  375 19:06:48   -15275.026367       58.902260
FIRE:  376 19:06:48   -15276.201172       58.504696
FIRE:  377 19:06:48   -15277.398438       57.937389
FIRE:  378 19:06:49   -15278.641602       57.206421
FIRE:  379 19:06:49   -15279.905273       56.319305
FIRE:  380 19:06:49   -15281.181641       55.282024
FIRE:  381 19:06:50   -15282.491211       54.106388
FIRE:  382 19:06:50   -15283.841797       52.800419
FIRE:  383 19:06:50   -15285.183594       51.377102
FIRE:  384 19:06:51   -15286.534180       49.845947
FIRE:  385 19:06:51   -15287.913086       48.219460
FIRE:  386 19:06:51   -15289.298828       46.510185
FIRE:  387 19:06:52   -15290.711914       44.729607
FIRE:  388 19:06:52   -15292.057617       43.309830
FIRE:  389 19:06:53   -15293.443359       42.679100
FIRE:  390 19:06:53   -15294.814453       41.964642
FIRE:  391 19:06:53   -15296.161133       41.171532
FIRE:  392 19:06:54   -15297.491211       40.616661
FIRE:  393 19:06:54   -15298.804688       40.403812
FIRE:  394 19:06:54   -15300.053711       40.104744
FIRE:  395 19:06:55   -15301.327148       39.721638
FIRE:  396 19:06:55   -15302.528320       39.257732
FIRE:  397 19:06:55   -15303.710938       38.715076
FIRE:  398 19:06:56   -15304.828125       38.098743
FIRE:  399 19:06:56   -15305.930664       37.412266
FIRE:  400 19:06:56   -15306.979492       36.660271
FIRE:  401 19:06:57   -15307.961914       35.847919
FIRE:  402 19:06:57   -15308.938477       34.979546
FIRE:  403 19:06:58   -15309.845703       34.061489
FIRE:  404 19:06:58   -15310.673828       33.098183
FIRE:  405 19:06:58   -15311.501953       32.740192
FIRE:  406 19:06:59   -15312.242188       34.496906
FIRE:  407 19:06:59   -15312.966797       36.250561
FIRE:  408 19:06:59   -15313.636719       37.991508
FIRE:  409 19:07:00   -15314.271484       39.709694
FIRE:  410 19:07:00   -15314.852539       41.393219
FIRE:  411 19:07:00   -15315.352539       43.030453
FIRE:  412 19:07:01   -15315.875000       44.609989
FIRE:  413 19:07:01   -15316.330078       46.122303
FIRE:  414 19:07:01   -15316.763672       47.555397
FIRE:  415 19:07:02   -15317.185547       48.898540
FIRE:  416 19:07:02   -15317.506836       50.144287
FIRE:  417 19:07:02   -15317.857422       51.280937
FIRE:  418 19:07:03   -15318.165039       52.302956
FIRE:  419 19:07:03   -15318.424805       53.200451
FIRE:  420 19:07:03   -15318.664062       53.967190
FIRE:  421 19:07:04   -15318.891602       54.598743
FIRE:  422 19:07:04   -15319.104492       55.087250
FIRE:  423 19:07:05   -15319.308594       55.431091
FIRE:  424 19:07:05   -15319.425781       55.627239
FIRE:  425 19:07:05   -15374.847656       34.705730
FIRE:  426 19:07:06   -15424.655273       23.321232
FIRE:  427 19:07:06   -15470.250000       20.875410
FIRE:  428 19:07:06   -15512.500000       18.777702
FIRE:  429 19:07:07   -15551.971680       16.975206
FIRE:  430 19:07:07   -15589.156250       15.420856
FIRE:  431 19:07:07   -15624.278320       14.073329
FIRE:  432 19:07:08   -15657.586914       12.898783
FIRE:  433 19:07:08   -15689.389648       11.866258
FIRE:  434 19:07:08   -15719.793945       10.948429
FIRE:  435 19:07:09   -15748.966797       10.548385
FIRE:  436 19:07:09   -15777.063477       10.233600
FIRE:  437 19:07:09   -15804.172852        9.938462
FIRE:  438 19:07:10   -15830.406250        9.654380
FIRE:  439 19:07:10   -15855.777344        9.374619
FIRE:  440 19:07:10   -15880.395508        9.094048
FIRE:  441 19:07:11   -15904.339844        8.808637
FIRE:  442 19:07:11   -15927.569336        8.765371
FIRE:  443 19:07:11   -15950.232422        8.770028
FIRE:  444 19:07:12   -15972.257812        8.762444
FIRE:  445 19:07:12   -15993.729492        8.739021
FIRE:  446 19:07:13   -16014.745117        8.695724
FIRE:  447 19:07:13   -16035.219727        8.628137
FIRE:  448 19:07:13   -16055.226562        8.531599
FIRE:  449 19:07:14   -16074.758789        8.401488
FIRE:  450 19:07:14   -16093.838867        8.233258
FIRE:  451 19:07:14   -16112.517578        8.022555
FIRE:  452 19:07:15   -16130.788086        7.765268
FIRE:  453 19:07:15   -16148.648438        7.834215
FIRE:  454 19:07:15   -16166.143555        8.126099
FIRE:  455 19:07:16   -16183.267578        8.386370
FIRE:  456 19:07:16   -16200.023438        8.603942
FIRE:  457 19:07:16   -16216.461914        8.767348
FIRE:  458 19:07:17   -16232.513672        8.863841
FIRE:  459 19:07:17   -16248.254883        8.878083
FIRE:  460 19:07:17   -16263.622070        8.792511
FIRE:  461 19:07:18   -16278.655273        8.589475
FIRE:  462 19:07:18   -16293.360352        8.254457
FIRE:  463 19:07:18   -16307.770508        7.779240
FIRE:  464 19:07:19   -16321.839844        7.163023
FIRE:  465 19:07:19   -16335.714844        6.410732
FIRE:  466 19:07:19   -16349.283203        5.691948
FIRE:  467 19:07:20   -16362.772461        6.132818
FIRE:  468 19:07:20   -16376.018555        6.992958
FIRE:  469 19:07:20   -16389.189453        7.446604
FIRE:  470 19:07:21   -16402.240234        7.471079
FIRE:  471 19:07:21   -16415.300781        7.097482
FIRE:  472 19:07:22   -16428.244141        6.635962
FIRE:  473 19:07:22   -16441.146484        6.689889
FIRE:  474 19:07:22   -16454.009766        7.346805
FIRE:  475 19:07:23   -16466.806641        7.910374
FIRE:  476 19:07:23   -16479.580078        8.567151
FIRE:  477 19:07:23   -16492.269531        8.901420
FIRE:  478 19:07:24   -16504.900391        8.901976
FIRE:  479 19:07:24   -16517.486328        8.592735
FIRE:  480 19:07:24   -16529.966797        8.026234
FIRE:  481 19:07:25   -16542.363281        7.271975
FIRE:  482 19:07:25   -16554.648438        7.096513
FIRE:  483 19:07:25   -16566.832031        7.308090
FIRE:  484 19:07:26   -16578.892578        7.480446
FIRE:  485 19:07:26   -16590.843750        7.595824
FIRE:  486 19:07:26   -16602.693359        7.634962
FIRE:  487 19:07:27   -16614.419922        7.579406
FIRE:  488 19:07:27   -16626.039062        7.414329
FIRE:  489 19:07:27   -16637.496094        7.131078
FIRE:  490 19:07:28   -16648.847656        6.727689
FIRE:  491 19:07:28   -16660.111328        6.207119
FIRE:  492 19:07:29   -16671.216797        6.722756
FIRE:  493 19:07:29   -16682.236328        7.997819
FIRE:  494 19:07:29   -16693.148438        8.993101
FIRE:  495 19:07:30   -16704.001953        9.622789
FIRE:  496 19:07:30   -16714.699219        9.839902
FIRE:  497 19:07:30   -16725.359375        9.643871
FIRE:  498 19:07:31   -16735.941406        9.079860
FIRE:  499 19:07:31   -16746.363281        8.226587
FIRE:  500 19:07:31   -16756.738281        7.178286
FIRE:  501 19:07:32   -16767.060547        8.151514
FIRE:  502 19:07:32   -16777.302734        9.360785
FIRE:  503 19:07:32   -16787.587891       10.224818
FIRE:  504 19:07:33   -16797.794922       10.672352
FIRE:  505 19:07:33   -16808.019531       10.674837
FIRE:  506 19:07:33   -16818.228516       10.252628
FIRE:  507 19:07:34   -16828.416016        9.467005
FIRE:  508 19:07:34   -16838.527344        8.406675
FIRE:  509 19:07:34   -16848.634766        7.169804
FIRE:  510 19:07:35   -16858.634766        6.970505
FIRE:  511 19:07:35   -16868.568359        7.053544
FIRE:  512 19:07:35   -16878.466797        7.109331
FIRE:  513 19:07:36   -16888.220703        7.123491
FIRE:  514 19:07:36   -16897.904297        7.074302
FIRE:  515 19:07:36   -16907.439453        6.937589
FIRE:  516 19:07:37   -16916.929688        6.669604
FIRE:  517 19:07:37   -16926.257812        6.202846
FIRE:  518 19:07:37   -16935.468750        6.183742
FIRE:  519 19:07:38   -16944.576172        9.389110
FIRE:  520 19:07:38   -16953.527344       12.501191
FIRE:  521 19:07:39   -16962.417969       15.133686
FIRE:  522 19:07:39   -16971.251953       16.924431
FIRE:  523 19:07:39   -16980.044922       17.626894
FIRE:  524 19:07:40   -16988.789062       17.178581
FIRE:  525 19:07:40   -16997.529297       15.712477
FIRE:  526 19:07:40   -17006.251953       16.510563
FIRE:  527 19:07:41   -17014.957031       19.419886
FIRE:  528 19:07:41   -17023.650391       21.165049
FIRE:  529 19:07:41   -17032.392578       21.482960
FIRE:  530 19:07:42   -17041.152344       20.364435
FIRE:  531 19:07:42   -17049.826172       18.049673
FIRE:  532 19:07:42   -17058.453125       14.945236
FIRE:  533 19:07:43   -17066.935547       11.499214
FIRE:  534 19:07:43   -17075.177734        8.104170
FIRE:  535 19:07:43   -17083.240234        5.471285
FIRE:  536 19:07:44   -17091.136719        6.572199
FIRE:  537 19:07:44   -17098.875000        7.593872
FIRE:  538 19:07:44   -17106.451172        8.474256
FIRE:  539 19:07:45   -17113.939453        9.155947
FIRE:  540 19:07:45   -17121.335938        9.594180
FIRE:  541 19:07:45   -17128.724609        9.764053
FIRE:  542 19:07:46   -17136.050781       10.014089
FIRE:  543 19:07:46   -17143.419922       10.718122
FIRE:  544 19:07:46   -17150.785156       11.105633
FIRE:  545 19:07:47   -17158.214844       11.154909
FIRE:  546 19:07:47   -17165.656250       12.278904
FIRE:  547 19:07:48   -17173.177734       13.219687
FIRE:  548 19:07:48   -17180.730469       13.708469
FIRE:  549 19:07:48   -17188.306641       13.707922
FIRE:  550 19:07:49   -17195.925781       13.231090
FIRE:  551 19:07:49   -17203.558594       12.338338
FIRE:  552 19:07:49   -17211.164062       11.123528
FIRE:  553 19:07:50   -17218.685547        9.697001
FIRE:  554 19:07:50   -17226.218750        8.168343
FIRE:  555 19:07:50   -17233.611328        7.435431
FIRE:  556 19:07:51   -17240.982422        7.248773
FIRE:  557 19:07:51   -17248.257812        6.948899
FIRE:  558 19:07:51   -17255.427734        6.549932
FIRE:  559 19:07:52   -17262.511719        6.068675
FIRE:  560 19:07:52   -17269.564453        5.524563
FIRE:  561 19:07:52   -17276.431641        5.505980
FIRE:  562 19:07:53   -17283.349609        5.937603
FIRE:  563 19:07:53   -17290.117188        6.279007
FIRE:  564 19:07:53   -17296.853516        6.513430
FIRE:  565 19:07:54   -17303.548828        6.628591
FIRE:  566 19:07:54   -17310.210938        6.620021
FIRE:  567 19:07:54   -17316.878906        7.028501
FIRE:  568 19:07:55   -17323.451172        7.351149
FIRE:  569 19:07:55   -17330.078125        7.418959
FIRE:  570 19:07:55   -17336.605469        7.234979
FIRE:  571 19:07:56   -17343.156250        7.522651
FIRE:  572 19:07:56   -17349.662109        8.751447
FIRE:  573 19:07:56   -17356.115234        9.709350
FIRE:  574 19:07:57   -17362.554688       10.325693
FIRE:  575 19:07:57   -17368.970703       10.553663
FIRE:  576 19:07:58   -17375.283203       10.383924
FIRE:  577 19:07:58   -17381.607422        9.842918
FIRE:  578 19:07:58   -17387.896484       11.624106
FIRE:  579 19:07:59   -17394.103516       13.526614
FIRE:  580 19:07:59   -17400.294922       15.124094
FIRE:  581 19:07:59   -17406.500000       16.283913
FIRE:  582 19:08:00   -17412.667969       16.904957
FIRE:  583 19:08:00   -17418.837891       16.938219
FIRE:  584 19:08:00   -17424.996094       16.393410
FIRE:  585 19:08:01   -17431.150391       15.334622
FIRE:  586 19:08:01   -17437.292969       13.867684
FIRE:  587 19:08:01   -17443.335938       12.122682
FIRE:  588 19:08:02   -17449.345703       10.231199
FIRE:  589 19:08:02   -17455.289062        8.311351
FIRE:  590 19:08:02   -17461.189453        6.454303
FIRE:  591 19:08:03   -17466.943359        5.327530
FIRE:  592 19:08:03   -17472.664062        6.497939
FIRE:  593 19:08:03   -17478.285156        8.646009
FIRE:  594 19:08:04   -17483.900391       10.851123
FIRE:  595 19:08:04   -17489.451172       13.001865
FIRE:  596 19:08:04   -17494.998047       14.963538
FIRE:  597 19:08:05   -17500.601562       16.594034
FIRE:  598 19:08:05   -17506.220703       17.765221
FIRE:  599 19:08:05   -17511.869141       18.380701
FIRE:  600 19:08:06   -17517.599609       18.393202
FIRE:  601 19:08:06   -17523.359375       17.811321
FIRE:  602 19:08:07   -17529.191406       16.698593
FIRE:  603 19:08:07   -17535.031250       15.159265
FIRE:  604 19:08:07   -17540.898438       13.321613
FIRE:  605 19:08:08   -17546.812500       11.316257
FIRE:  606 19:08:08   -17552.628906        9.262560
FIRE:  607 19:08:08   -17558.421875        7.255597
FIRE:  608 19:08:09   -17564.185547        6.733812
FIRE:  609 19:08:09   -17569.933594        6.942680
FIRE:  610 19:08:09   -17575.617188        7.035886
FIRE:  611 19:08:10   -17581.271484        7.010892
FIRE:  612 19:08:10   -17586.884766        6.870694
FIRE:  613 19:08:10   -17592.441406        6.804140
FIRE:  614 19:08:11   -17597.980469        6.781469
FIRE:  615 19:08:11   -17603.458984        6.878385
FIRE:  616 19:08:11   -17608.968750        6.980927
FIRE:  617 19:08:12   -17614.423828        6.991624
FIRE:  618 19:08:12   -17619.851562        6.907582
FIRE:  619 19:08:12   -17625.259766        6.730230
FIRE:  620 19:08:13   -17630.644531        6.610342
FIRE:  621 19:08:13   -17636.000000        6.672919
FIRE:  622 19:08:13   -17641.386719        6.950199
FIRE:  623 19:08:14   -17646.677734        7.138193
FIRE:  624 19:08:14   -17651.988281        7.231783
FIRE:  625 19:08:15   -17657.246094        7.229392
FIRE:  626 19:08:15   -17662.470703        7.133065
FIRE:  627 19:08:15   -17667.666016        7.187336
FIRE:  628 19:08:16   -17672.798828        7.250505
FIRE:  629 19:08:16   -17677.882812        7.291627
FIRE:  630 19:08:16   -17682.912109        8.174730
FIRE:  631 19:08:17   -17687.916016        9.176522
FIRE:  632 19:08:17   -17692.847656       10.101521
FIRE:  633 19:08:17   -17697.691406       10.912809
FIRE:  634 19:08:18   -17702.525391       11.576221
FIRE:  635 19:08:18   -17707.234375       12.062307
FIRE:  636 19:08:18   -17711.970703       12.349641
FIRE:  637 19:08:19   -17716.625000       12.426589
FIRE:  638 19:08:19   -17721.220703       12.293279
FIRE:  639 19:08:19   -17725.806641       11.960977
FIRE:  640 19:08:20   -17730.365234       11.451260
FIRE:  641 19:08:20   -17734.875000       10.793891
FIRE:  642 19:08:20   -17739.378906       10.025424
FIRE:  643 19:08:21   -17743.828125       10.139710
FIRE:  644 19:08:21   -17748.333984       10.263258
FIRE:  645 19:08:21   -17752.789062       10.671067
FIRE:  646 19:08:22   -17757.302734       10.936229
FIRE:  647 19:08:22   -17761.750000       11.050079
FIRE:  648 19:08:22   -17766.230469       11.011306
FIRE:  649 19:08:23   -17770.708984       10.824430
FIRE:  650 19:08:23   -17775.175781       10.500371
FIRE:  651 19:08:23   -17779.654297       10.305841
FIRE:  652 19:08:24   -17784.072266       10.803329
FIRE:  653 19:08:24   -17788.542969       11.169315
FIRE:  654 19:08:24   -17792.949219       11.391258
FIRE:  655 19:08:25   -17797.367188       11.963876
FIRE:  656 19:08:25   -17801.746094       12.966467
FIRE:  657 19:08:26   -17806.154297       13.821281
FIRE:  658 19:08:26   -17810.441406       14.487108
FIRE:  659 19:08:26   -17814.810547       14.929941
FIRE:  660 19:08:27   -17819.121094       15.127182
FIRE:  661 19:08:27   -17823.435547       15.069857
FIRE:  662 19:08:27   -17827.767578       14.764138
FIRE:  663 19:08:28   -17832.085938       14.229799
FIRE:  664 19:08:28   -17836.330078       13.498453
FIRE:  665 19:08:28   -17840.650391       12.609209
FIRE:  666 19:08:29   -17844.882812       11.604543
FIRE:  667 19:08:29   -17849.115234       11.058574
FIRE:  668 19:08:29   -17853.318359       11.253627
FIRE:  669 19:08:30   -17857.515625       11.259937
FIRE:  670 19:08:30   -17861.675781       11.076693
FIRE:  671 19:08:30   -17865.832031       11.440093
FIRE:  672 19:08:31   -17869.937500       11.960568
FIRE:  673 19:08:31   -17874.027344       12.369377
FIRE:  674 19:08:31   -17878.054688       12.654745
FIRE:  675 19:08:32   -17882.064453       12.808949
FIRE:  676 19:08:32   -17885.964844       12.828348
FIRE:  677 19:08:32   -17889.810547       12.714005
FIRE:  678 19:08:33   -17893.583984       12.471379
FIRE:  679 19:08:33   -17897.306641       12.109968
FIRE:  680 19:08:33   -17900.962891       11.642688
FIRE:  681 19:08:34   -17904.511719       11.084903
FIRE:  682 19:08:34   -17907.974609       10.453636
FIRE:  683 19:08:34   -17911.384766       11.873996
FIRE:  684 19:08:35   -17914.720703       13.472253
FIRE:  685 19:08:35   -17917.992188       15.024036
FIRE:  686 19:08:35   -17921.251953       16.460976
FIRE:  687 19:08:36   -17924.449219       17.712196
FIRE:  688 19:08:36   -17927.662109       18.710869
FIRE:  689 19:08:36   -17930.896484       19.400537
FIRE:  690 19:08:37   -17934.199219       19.740780
FIRE:  691 19:08:37   -17937.582031       19.710659
FIRE:  692 19:08:38   -17941.033203       19.311487
FIRE:  693 19:08:38   -17944.533203       18.565258
FIRE:  694 19:08:38   -17948.171875       17.513365
FIRE:  695 19:08:39   -17951.843750       16.211340
FIRE:  696 19:08:39   -17955.636719       15.043197
FIRE:  697 19:08:39   -17959.441406       14.183495
FIRE:  698 19:08:40   -17963.380859       13.112240
FIRE:  699 19:08:40   -17967.300781       11.879840
FIRE:  700 19:08:40   -17971.244141       10.539588
FIRE:  701 19:08:41   -17975.185547        9.699181
FIRE:  702 19:08:41   -17979.210938        9.440664
FIRE:  703 19:08:41   -17983.195312        9.106003
FIRE:  704 19:08:42   -17987.132812        8.703684
FIRE:  705 19:08:42   -17991.068359        8.305565
FIRE:  706 19:08:42   -17994.980469        8.036119
FIRE:  707 19:08:43   -17998.849609        8.034651
FIRE:  708 19:08:43   -18002.679688        8.079412
FIRE:  709 19:08:43   -18006.462891        8.229702
FIRE:  710 19:08:44   -18010.207031        8.740594
FIRE:  711 19:08:44   -18013.917969        9.191338
FIRE:  712 19:08:44   -18017.570312        9.569162
FIRE:  713 19:08:45   -18021.164062        9.863215
FIRE:  714 19:08:45   -18024.734375       10.064435
FIRE:  715 19:08:45   -18028.218750       10.166342
FIRE:  716 19:08:46   -18031.705078       10.165407
FIRE:  717 19:08:46   -18035.103516       10.061664
FIRE:  718 19:08:46   -18038.460938        9.857877
FIRE:  719 19:08:47   -18041.771484        9.560293
FIRE:  720 19:08:47   -18045.099609        9.177190
FIRE:  721 19:08:47   -18048.359375        8.725872
FIRE:  722 19:08:48   -18051.548828        9.224463
FIRE:  723 19:08:48   -18054.708984        9.670384
FIRE:  724 19:08:49   -18057.855469       10.055367
FIRE:  725 19:08:49   -18061.000000       10.371568
FIRE:  726 19:08:49   -18064.099609       10.612779
FIRE:  727 19:08:50   -18067.154297       10.774291
FIRE:  728 19:08:50   -18070.214844       10.853095
FIRE:  729 19:08:50   -18073.222656       10.848459
FIRE:  730 19:08:51   -18076.228516       10.761084
FIRE:  731 19:08:51   -18079.154297       10.593801
FIRE:  732 19:08:51   -18082.019531       10.351342
FIRE:  733 19:08:52   -18084.931641       10.039739
FIRE:  734 19:08:52   -18087.712891       10.421091
FIRE:  735 19:08:52   -18090.513672       12.393545
FIRE:  736 19:08:53   -18093.246094       14.341854
FIRE:  737 19:08:53   -18095.984375       16.187864
FIRE:  738 19:08:53   -18098.650391       17.844332
FIRE:  739 19:08:54   -18101.302734       19.224842
FIRE:  740 19:08:54   -18103.957031       20.250715
FIRE:  741 19:08:54   -18106.628906       20.862209
FIRE:  742 19:08:55   -18109.283203       21.023762
FIRE:  743 19:08:55   -18111.921875       20.727858
FIRE:  744 19:08:55   -18114.585938       19.997490
FIRE:  745 19:08:56   -18117.238281       18.883635
FIRE:  746 19:08:56   -18119.875000       17.454475
FIRE:  747 19:08:56   -18122.472656       15.950920
FIRE:  748 19:08:57   -18125.078125       18.897675
FIRE:  749 19:08:57   -18127.650391       21.853664
FIRE:  750 19:08:57   -18130.308594       24.686371
FIRE:  751 19:08:58   -18132.951172       27.241894
FIRE:  752 19:08:58   -18135.654297       29.358446
FIRE:  753 19:08:58   -18138.419922       30.885818
FIRE:  754 19:08:59   -18141.195312       31.709944
FIRE:  755 19:08:59   -18144.134766       31.770401
FIRE:  756 19:08:59   -18147.185547       31.064636
FIRE:  757 19:09:00   -18150.287109       29.654963
FIRE:  758 19:09:00   -18153.443359       27.651909
FIRE:  759 19:09:00   -18156.599609       25.201605
FIRE:  760 19:09:01   -18159.792969       22.461174
FIRE:  761 19:09:01   -18162.953125       19.582283
FIRE:  762 19:09:01   -18166.070312       16.694910
FIRE:  763 19:09:02   -18169.117188       13.900245
FIRE:  764 19:09:02   -18172.087891       12.471833
FIRE:  765 19:09:03   -18175.037109       12.986884
FIRE:  766 19:09:03   -18177.896484       13.399592
FIRE:  767 19:09:03   -18180.650391       13.698817
FIRE:  768 19:09:04   -18183.361328       13.876878
FIRE:  769 19:09:04   -18186.046875       13.929457
FIRE:  770 19:09:04   -18188.669922       13.856436
FIRE:  771 19:09:05   -18191.224609       13.661674
FIRE:  772 19:09:05   -18193.837891       13.352348
FIRE:  773 19:09:05   -18196.406250       12.937935
FIRE:  774 19:09:06   -18198.931641       12.431223
FIRE:  775 19:09:06   -18201.527344       12.686786
FIRE:  776 19:09:06   -18204.052734       13.145000
FIRE:  777 19:09:07   -18206.632812       13.444404
FIRE:  778 19:09:07   -18209.230469       13.576123
FIRE:  779 19:09:07   -18211.814453       13.534207
FIRE:  780 19:09:08   -18214.386719       13.322356
FIRE:  781 19:09:08   -18216.974609       12.947452
FIRE:  782 19:09:08   -18219.548828       12.424478
FIRE:  783 19:09:09   -18222.123047       11.771019
FIRE:  784 19:09:09   -18224.630859       11.008468
FIRE:  785 19:09:09   -18227.164062       11.673415
FIRE:  786 19:09:10   -18229.603516       12.432700
FIRE:  787 19:09:10   -18232.005859       13.097149
FIRE:  788 19:09:10   -18234.384766       13.644888
FIRE:  789 19:09:11   -18236.716797       15.787579
FIRE:  790 19:09:11   -18239.033203       18.309132
FIRE:  791 19:09:11   -18241.271484       20.883535
FIRE:  792 19:09:12   -18243.548828       23.413969
FIRE:  793 19:09:12   -18245.833984       25.785353
FIRE:  794 19:09:12   -18248.087891       27.871086
FIRE:  795 19:09:13   -18250.412109       29.544958
FIRE:  796 19:09:13   -18252.777344       30.697325
FIRE:  797 19:09:13   -18255.218750       31.248669
FIRE:  798 19:09:14   -18257.759766       31.158211
FIRE:  799 19:09:14   -18260.371094       30.432587
FIRE:  800 19:09:14   -18263.048828       29.121504
FIRE:  801 19:09:15   -18265.724609       27.314770
FIRE:  802 19:09:15   -18268.470703       25.121874
FIRE:  803 19:09:15   -18271.224609       22.667805
FIRE:  804 19:09:16   -18273.955078       20.071003
FIRE:  805 19:09:16   -18276.666016       17.437254
FIRE:  806 19:09:17   -18279.341797       14.853446
FIRE:  807 19:09:17   -18281.982422       12.383038
FIRE:  808 19:09:17   -18284.589844       10.172361
FIRE:  809 19:09:18   -18287.150391        8.831818
FIRE:  810 19:09:18   -18289.630859        8.977375
FIRE:  811 19:09:18   -18292.099609        9.076126
FIRE:  812 19:09:19   -18294.550781        9.126678
FIRE:  813 19:09:19   -18296.931641        9.127905
FIRE:  814 19:09:19   -18299.296875        9.080563
FIRE:  815 19:09:20   -18301.687500        8.985229
FIRE:  816 19:09:20   -18303.990234        8.843543
FIRE:  817 19:09:20   -18306.273438        8.658362
FIRE:  818 19:09:21   -18308.509766        8.432325
FIRE:  819 19:09:21   -18310.802734        8.256595
FIRE:  820 19:09:21   -18313.052734        8.317672
FIRE:  821 19:09:22   -18315.187500        8.326877
FIRE:  822 19:09:22   -18317.390625        8.283422
FIRE:  823 19:09:22   -18319.496094        8.673586
FIRE:  824 19:09:23   -18321.583984        9.133720
FIRE:  825 19:09:23   -18323.609375        9.539986
FIRE:  826 19:09:23   -18325.617188        9.895580
FIRE:  827 19:09:24   -18327.554688       10.202462
FIRE:  828 19:09:24   -18329.476562       10.462691
FIRE:  829 19:09:24   -18331.304688       11.523725
FIRE:  830 19:09:25   -18333.091797       12.878678
FIRE:  831 19:09:25   -18334.896484       14.144258
FIRE:  832 19:09:25   -18336.628906       15.275037
FIRE:  833 19:09:26   -18338.292969       16.227839
FIRE:  834 19:09:26   -18340.037109       17.624231
FIRE:  835 19:09:26   -18341.748047       19.272369
FIRE:  836 19:09:27   -18343.500000       20.779005
FIRE:  837 19:09:27   -18345.261719       22.085260
FIRE:  838 19:09:27   -18347.074219       23.135004
FIRE:  839 19:09:28   -18348.943359       23.880413
FIRE:  840 19:09:28   -18350.820312       24.285673
FIRE:  841 19:09:28   -18352.746094       24.331442
FIRE:  842 19:09:29   -18354.734375       24.016361
FIRE:  843 19:09:29   -18356.771484       23.357552
FIRE:  844 19:09:29   -18358.800781       22.387890
FIRE:  845 19:09:30   -18360.853516       21.154192
FIRE:  846 19:09:30   -18362.884766       19.710886
FIRE:  847 19:09:30   -18364.949219       18.116081
FIRE:  848 19:09:31   -18366.958984       16.427567
FIRE:  849 19:09:31   -18368.970703       14.698589
FIRE:  850 19:09:31   -18370.912109       14.376288
FIRE:  851 19:09:32   -18372.837891       14.758790
FIRE:  852 19:09:32   -18374.685547       14.999723
FIRE:  853 19:09:32   -18376.515625       15.087801
FIRE:  854 19:09:33   -18378.318359       16.293785
FIRE:  855 19:09:33   -18380.029297       18.207109
FIRE:  856 19:09:34   -18381.783203       20.022768
FIRE:  857 19:09:34   -18383.441406       21.671051
FIRE:  858 19:09:34   -18385.148438       23.083565
FIRE:  859 19:09:35   -18386.783203       24.198280
FIRE:  860 19:09:35   -18388.470703       24.959364
FIRE:  861 19:09:35   -18390.132812       25.330523
FIRE:  862 19:09:36   -18391.812500       25.292561
FIRE:  863 19:09:36   -18393.498047       24.848305
FIRE:  864 19:09:36   -18395.287109       24.021896
FIRE:  865 19:09:37   -18397.037109       22.856956
FIRE:  866 19:09:37   -18398.837891       21.407917
FIRE:  867 19:09:37   -18400.605469       19.742489
FIRE:  868 19:09:38   -18402.447266       17.929752
FIRE:  869 19:09:38   -18404.234375       16.036324
FIRE:  870 19:09:38   -18406.060547       14.127149
FIRE:  871 19:09:39   -18407.908203       12.256950
FIRE:  872 19:09:39   -18409.734375       11.722419
FIRE:  873 19:09:39   -18411.546875       11.449674
FIRE:  874 19:09:40   -18413.371094       11.215412
FIRE:  875 19:09:40   -18415.201172       11.232194
FIRE:  876 19:09:40   -18417.039062       11.189855
FIRE:  877 19:09:41   -18418.798828       11.089036
FIRE:  878 19:09:41   -18420.597656       10.931992
FIRE:  879 19:09:41   -18422.382812       10.721396
FIRE:  880 19:09:42   -18424.154297       10.460976
FIRE:  881 19:09:42   -18425.921875       10.154805
FIRE:  882 19:09:42   -18427.617188        9.807696
FIRE:  883 19:09:43   -18429.345703        9.424880
FIRE:  884 19:09:43   -18431.017578        9.074544
FIRE:  885 19:09:43   -18432.611328        9.043564
FIRE:  886 19:09:44   -18434.195312        8.962646
FIRE:  887 19:09:44   -18435.712891        8.833665
FIRE:  888 19:09:44   -18437.220703        8.758594
FIRE:  889 19:09:45   -18438.656250        8.890604
FIRE:  890 19:09:45   -18440.044922        9.000664
FIRE:  891 19:09:45   -18441.392578        9.089670
FIRE:  892 19:09:46   -18442.677734       10.786478
FIRE:  893 19:09:46   -18443.912109       12.981410
FIRE:  894 19:09:46   -18445.136719       15.328440
FIRE:  895 19:09:47   -18446.353516       17.786671
FIRE:  896 19:09:47   -18447.468750       20.297094
FIRE:  897 19:09:47   -18448.607422       22.780460
FIRE:  898 19:09:48   -18449.746094       25.140757
FIRE:  899 19:09:48   -18450.933594       27.274609
FIRE:  900 19:09:48   -18452.146484       29.073946
FIRE:  901 19:09:49   -18453.451172       30.441776
FIRE:  902 19:09:49   -18454.789062       31.293699
FIRE:  903 19:09:49   -18456.250000       31.579672
FIRE:  904 19:09:50   -18457.751953       31.275993
FIRE:  905 19:09:50   -18459.369141       30.401453
FIRE:  906 19:09:50   -18461.050781       29.005289
FIRE:  907 19:09:51   -18462.779297       27.167892
FIRE:  908 19:09:51   -18464.597656       24.985998
FIRE:  909 19:09:51   -18466.371094       22.566399
FIRE:  910 19:09:52   -18468.152344       20.016125
FIRE:  911 19:09:52   -18469.898438       17.431969
FIRE:  912 19:09:53   -18471.642578       14.895555
FIRE:  913 19:09:53   -18473.333984       12.474804
FIRE:  914 19:09:53   -18474.962891       10.801134
FIRE:  915 19:09:54   -18476.558594       10.710444
FIRE:  916 19:09:54   -18478.048828       10.573136
FIRE:  917 19:09:54   -18479.470703       10.391320
FIRE:  918 19:09:55   -18480.880859       10.167807
FIRE:  919 19:09:55   -18482.187500        9.905402
FIRE:  920 19:09:55   -18483.466797        9.607967
FIRE:  921 19:09:56   -18484.656250        9.279131
FIRE:  922 19:09:56   -18485.839844       10.096433
FIRE:  923 19:09:56   -18486.958984       11.016634
FIRE:  924 19:09:57   -18488.089844       11.934759
FIRE:  925 19:09:57   -18489.169922       12.834822
FIRE:  926 19:09:57   -18490.224609       13.697371
FIRE:  927 19:09:58   -18491.283203       14.501876
FIRE:  928 19:09:58   -18492.271484       15.227275
FIRE:  929 19:09:58   -18493.369141       15.852616
FIRE:  930 19:09:59   -18494.431641       16.358747
FIRE:  931 19:09:59   -18495.503906       16.729099
FIRE:  932 19:09:59   -18496.587891       16.951262
FIRE:  933 19:10:00   -18497.753906       17.017073
FIRE:  934 19:10:00   -18498.964844       16.925098
FIRE:  935 19:10:00   -18500.179688       16.677832
FIRE:  936 19:10:01   -18501.470703       16.283913
FIRE:  937 19:10:01   -18502.771484       15.756644
FIRE:  938 19:10:01   -18504.113281       15.113068
FIRE:  939 19:10:02   -18505.511719       15.061531
FIRE:  940 19:10:02   -18506.937500       14.974015
FIRE:  941 19:10:02   -18508.343750       14.724376
FIRE:  942 19:10:03   -18509.792969       14.580275
FIRE:  943 19:10:03   -18511.222656       14.815458
FIRE:  944 19:10:03   -18512.691406       15.014312
FIRE:  945 19:10:04   -18514.144531       15.173454
FIRE:  946 19:10:04   -18515.537109       15.289941
FIRE:  947 19:10:04   -18516.921875       15.361347
FIRE:  948 19:10:05   -18518.244141       15.386207
FIRE:  949 19:10:05   -18519.523438       15.363443
FIRE:  950 19:10:05   -18520.820312       15.293183
FIRE:  951 19:10:06   -18522.027344       15.176216
FIRE:  952 19:10:06   -18523.222656       15.014215
FIRE:  953 19:10:06   -18524.367188       14.810133
FIRE:  954 19:10:07   -18525.464844       14.567165
FIRE:  955 19:10:07   -18526.527344       14.828755
FIRE:  956 19:10:07   -18527.601562       15.050361
FIRE:  957 19:10:08   -18528.613281       15.128508
FIRE:  958 19:10:08   -18529.646484       15.061128
FIRE:  959 19:10:08   -18530.628906       14.850574
FIRE:  960 19:10:09   -18531.619141       14.503859
FIRE:  961 19:10:09   -18532.564453       14.030976
FIRE:  962 19:10:09   -18533.554688       13.501755
FIRE:  963 19:10:10   -18534.509766       13.659613
FIRE:  964 19:10:10   -18535.416016       13.741267
FIRE:  965 19:10:11   -18536.369141       13.745047
FIRE:  966 19:10:11   -18537.296875       13.938812
FIRE:  967 19:10:11   -18538.226562       15.651323
FIRE:  968 19:10:12   -18539.140625       17.308735
FIRE:  969 19:10:12   -18540.123047       18.861979
FIRE:  970 19:10:12   -18541.039062       20.256208
FIRE:  971 19:10:13   -18541.953125       21.441616
FIRE:  972 19:10:13   -18542.912109       22.368273
FIRE:  973 19:10:13   -18543.910156       22.997015
FIRE:  974 19:10:14   -18544.865234       23.299603
FIRE:  975 19:10:14   -18545.886719       23.260370
FIRE:  976 19:10:14   -18546.878906       22.880770
FIRE:  977 19:10:15   -18547.884766       22.174307
FIRE:  978 19:10:15   -18548.912109       21.170570
FIRE:  979 19:10:15   -18549.943359       19.966221
FIRE:  980 19:10:16   -18550.974609       18.613054
FIRE:  981 19:10:16   -18551.986328       17.108799
FIRE:  982 19:10:16   -18553.035156       16.987951
FIRE:  983 19:10:17   -18554.029297       17.710037
FIRE:  984 19:10:17   -18555.066406       18.257204
FIRE:  985 19:10:17   -18556.070312       18.607199
FIRE:  986 19:10:18   -18557.089844       18.745218
FIRE:  987 19:10:18   -18558.056641       18.663879
FIRE:  988 19:10:18   -18559.025391       18.363510
FIRE:  989 19:10:19   -18560.066406       17.853258
FIRE:  990 19:10:19   -18561.042969       17.149101
FIRE:  991 19:10:19   -18562.023438       16.274113
FIRE:  992 19:10:20   -18562.982422       15.254951
FIRE:  993 19:10:20   -18563.912109       14.311073
FIRE:  994 19:10:20   -18564.800781       13.396341
FIRE:  995 19:10:21   -18565.658203       12.426773
FIRE:  996 19:10:21   -18566.507812       11.423716
FIRE:  997 19:10:21   -18567.298828       11.298537
FIRE:  998 19:10:22   -18568.041016       11.146938
FIRE:  999 19:10:22   -18568.728516       10.943697
FIRE:  1000 19:10:22   -18569.357422       10.692370
FIRE:  1001 19:10:23   -18570.023438       10.396621
FIRE:  1002 19:10:23   -18570.578125       12.028194
FIRE:  1003 19:10:23   -18571.134766       13.756559
FIRE:  1004 19:10:24   -18571.656250       15.537933
FIRE:  1005 19:10:24   -18572.164062       17.331114
FIRE:  1006 19:10:24   -18572.652344       19.084776
FIRE:  1007 19:10:25   -18573.130859       20.741539
FIRE:  1008 19:10:25   -18573.636719       22.242023
FIRE:  1009 19:10:25   -18574.173828       23.526072
FIRE:  1010 19:10:26   -18574.740234       24.539364
FIRE:  1011 19:10:26   -18575.376953       25.235619
FIRE:  1012 19:10:26   -18575.992188       25.582205
FIRE:  1013 19:10:27   -18576.722656       25.561502
FIRE:  1014 19:10:27   -18577.503906       25.174768
FIRE:  1015 19:10:27   -18578.380859       24.438280
FIRE:  1016 19:10:28   -18579.232422       23.385653
FIRE:  1017 19:10:28   -18580.222656       22.061562
FIRE:  1018 19:10:28   -18581.224609       20.520723
FIRE:  1019 19:10:29   -18582.302734       18.822113
FIRE:  1020 19:10:29   -18583.378906       17.023994
FIRE:  1021 19:10:29   -18584.501953       15.181845
FIRE:  1022 19:10:30   -18585.712891       13.651864
FIRE:  1023 19:10:30   -18586.896484       14.023800
FIRE:  1024 19:10:30   -18588.070312       14.282313
FIRE:  1025 19:10:31   -18589.296875       14.420040
FIRE:  1026 19:10:31   -18590.568359       14.434166
FIRE:  1027 19:10:31   -18591.837891       14.323188
FIRE:  1028 19:10:32   -18593.085938       14.091632
FIRE:  1029 19:10:32   -18594.406250       13.744959
FIRE:  1030 19:10:32   -18595.707031       13.294359
FIRE:  1031 19:10:33   -18597.011719       12.751363
FIRE:  1032 19:10:33   -18598.363281       12.129605
FIRE:  1033 19:10:34   -18599.671875       11.444942
FIRE:  1034 19:10:34   -18600.980469       10.712609
FIRE:  1035 19:10:34   -18602.316406        9.949781
FIRE:  1036 19:10:35   -18603.632812        9.171403
FIRE:  1037 19:10:35   -18604.945312        8.728164
FIRE:  1038 19:10:35   -18606.208984        8.692151
FIRE:  1039 19:10:36   -18607.478516        8.649472
FIRE:  1040 19:10:36   -18608.742188        8.694582
FIRE:  1041 19:10:36   -18609.978516        8.945461
FIRE:  1042 19:10:37   -18611.164062        9.168348
FIRE:  1043 19:10:37   -18612.328125        9.360940
FIRE:  1044 19:10:37   -18613.457031        9.521306
FIRE:  1045 19:10:38   -18614.597656        9.648142
FIRE:  1046 19:10:38   -18615.599609        9.740135
FIRE:  1047 19:10:38   -18616.671875       10.066403
FIRE:  1048 19:10:39   -18617.664062       10.862014
FIRE:  1049 19:10:39   -18618.611328       11.609730
FIRE:  1050 19:10:39   -18619.513672       12.292543
FIRE:  1051 19:10:40   -18620.408203       12.894412
FIRE:  1052 19:10:40   -18621.242188       13.402136
FIRE:  1053 19:10:40   -18622.078125       13.801440
FIRE:  1054 19:10:41   -18622.835938       14.082362
FIRE:  1055 19:10:41   -18623.570312       14.237091
FIRE:  1056 19:10:41   -18624.283203       14.262540
FIRE:  1057 19:10:42   -18624.941406       14.157110
FIRE:  1058 19:10:42   -18625.605469       13.925228
FIRE:  1059 19:10:42   -18626.222656       13.572760
FIRE:  1060 19:10:43   -18626.800781       13.110183
FIRE:  1061 19:10:43   -18627.396484       13.146277
FIRE:  1062 19:10:43   -18627.957031       13.507057
FIRE:  1063 19:10:44   -18628.503906       13.750809
FIRE:  1064 19:10:44   -18629.011719       13.871885
FIRE:  1065 19:10:44   -18629.529297       13.867693
FIRE:  1066 19:10:45   -18630.068359       13.739309
FIRE:  1067 19:10:45   -18630.585938       13.491192
FIRE:  1068 19:10:45   -18631.111328       13.305239
FIRE:  1069 19:10:46   -18631.660156       13.757354
FIRE:  1070 19:10:46   -18632.222656       14.089555
FIRE:  1071 19:10:46   -18632.832031       14.768920
FIRE:  1072 19:10:47   -18633.453125       15.578341
FIRE:  1073 19:10:47   -18634.091797       16.268974
FIRE:  1074 19:10:47   -18634.820312       16.821333
FIRE:  1075 19:10:48   -18635.550781       17.594402
FIRE:  1076 19:10:48   -18636.337891       18.287374
FIRE:  1077 19:10:48   -18637.189453       18.819031
FIRE:  1078 19:10:49   -18638.085938       19.173344
FIRE:  1079 19:10:49   -18639.042969       19.338369
FIRE:  1080 19:10:49   -18640.048828       19.309105
FIRE:  1081 19:10:50   -18641.087891       19.088152
FIRE:  1082 19:10:50   -18642.171875       18.683182
FIRE:  1083 19:10:50   -18643.296875       18.109241
FIRE:  1084 19:10:51   -18644.392578       17.383551
FIRE:  1085 19:10:51   -18645.572266       16.529924
FIRE:  1086 19:10:51   -18646.679688       15.572253
FIRE:  1087 19:10:52   -18647.832031       14.536310
FIRE:  1088 19:10:52   -18648.953125       13.447343
FIRE:  1089 19:10:52   -18650.082031       12.328330
FIRE:  1090 19:10:53   -18651.193359       11.200417
FIRE:  1091 19:10:53   -18652.281250       10.081091
FIRE:  1092 19:10:53   -18653.314453        8.985879
FIRE:  1093 19:10:54   -18654.337891        8.684909
FIRE:  1094 19:10:54   -18655.359375        9.478864
FIRE:  1095 19:10:54   -18656.386719       10.240609
FIRE:  1096 19:10:55   -18657.363281       10.955812
FIRE:  1097 19:10:55   -18658.339844       11.609858
FIRE:  1098 19:10:55   -18659.281250       12.188396
FIRE:  1099 19:10:56   -18660.220703       12.677382
FIRE:  1100 19:10:56   -18661.199219       13.064992
FIRE:  1101 19:10:56   -18662.119141       13.341226
FIRE:  1102 19:10:57   -18663.082031       13.498402
FIRE:  1103 19:10:57   -18663.955078       13.532814
FIRE:  1104 19:10:57   -18664.921875       13.443852
FIRE:  1105 19:10:58   -18665.843750       13.233870
FIRE:  1106 19:10:58   -18666.771484       12.909110
FIRE:  1107 19:10:58   -18667.681641       12.478590
FIRE:  1108 19:10:59   -18668.564453       11.953404
FIRE:  1109 19:10:59   -18669.476562       11.346533
FIRE:  1110 19:10:59   -18670.308594       10.672107
FIRE:  1111 19:11:00   -18671.158203       11.416936
FIRE:  1112 19:11:00   -18671.935547       12.449308
FIRE:  1113 19:11:00   -18672.724609       13.459455
FIRE:  1114 19:11:01   -18673.449219       14.423426
FIRE:  1115 19:11:01   -18674.117188       15.314932
FIRE:  1116 19:11:01   -18674.763672       16.108418
FIRE:  1117 19:11:02   -18675.367188       16.778570
FIRE:  1118 19:11:02   -18675.875000       17.303059
FIRE:  1119 19:11:02   -18676.386719       17.662346
FIRE:  1120 19:11:03   -18676.835938       17.842323
FIRE:  1121 19:11:03   -18677.218750       17.834917
FIRE:  1122 19:11:03   -18677.564453       17.638390
FIRE:  1123 19:11:04   -18677.792969       17.291428
FIRE:  1124 19:11:04   -18678.070312       20.440247
FIRE:  1125 19:11:04   -18678.218750       23.770187
FIRE:  1126 19:11:05   -18678.433594       27.191864
FIRE:  1127 19:11:05   -18678.625000       30.587065
FIRE:  1128 19:11:05   -18678.833984       33.808064
FIRE:  1129 19:11:06   -18679.148438       36.691563
FIRE:  1130 19:11:06   -18679.513672       39.067551
FIRE:  1131 19:11:06   -18680.003906       40.781979
FIRE:  1132 19:11:07   -18680.673828       41.718410
FIRE:  1133 19:11:07   -18681.460938       41.808304
FIRE:  1134 19:11:07   -18682.429688       41.048645
FIRE:  1135 19:11:08   -18683.500000       39.493950
FIRE:  1136 19:11:08   -18684.703125       37.251301
FIRE:  1137 19:11:08   -18685.976562       34.468288
FIRE:  1138 19:11:09   -18687.277344       31.312496
FIRE:  1139 19:11:09   -18688.650391       27.946072
FIRE:  1140 19:11:10   -18690.021484       24.519514
FIRE:  1141 19:11:10   -18691.445312       21.157164
FIRE:  1142 19:11:10   -18692.691406       17.997549
FIRE:  1143 19:11:10   -18693.998047       18.167845
FIRE:  1144 19:11:11   -18695.207031       18.188776
FIRE:  1145 19:11:11   -18696.398438       18.060572
FIRE:  1146 19:11:11   -18697.544922       17.787394
FIRE:  1147 19:11:12   -18698.638672       17.377605
FIRE:  1148 19:11:12   -18699.720703       16.842783
FIRE:  1149 19:11:13   -18700.740234       16.197023
FIRE:  1150 19:11:13   -18701.742188       15.548977
FIRE:  1151 19:11:13   -18702.679688       15.391117
FIRE:  1152 19:11:14   -18703.697266       15.113353
FIRE:  1153 19:11:14   -18704.611328       14.720826
FIRE:  1154 19:11:14   -18705.529297       14.220198
FIRE:  1155 19:11:15   -18706.435547       13.622439
FIRE:  1156 19:11:15   -18707.330078       12.939219
FIRE:  1157 19:11:15   -18708.244141       12.183338
FIRE:  1158 19:11:16   -18709.070312       11.723300
FIRE:  1159 19:11:16   -18709.912109       11.396301
FIRE:  1160 19:11:16   -18710.710938       10.997972
FIRE:  1161 19:11:17   -18711.507812       11.121496
FIRE:  1162 19:11:17   -18712.267578       12.032800
FIRE:  1163 19:11:17   -18712.990234       12.893483
FIRE:  1164 19:11:18   -18713.705078       13.685737
FIRE:  1165 19:11:18   -18714.435547       14.390907
FIRE:  1166 19:11:18   -18715.054688       14.993457
FIRE:  1167 19:11:19   -18715.718750       15.476672
FIRE:  1168 19:11:19   -18716.326172       15.827686
FIRE:  1169 19:11:19   -18716.925781       16.038366
FIRE:  1170 19:11:20   -18717.505859       16.101118
FIRE:  1171 19:11:20   -18718.029297       16.015902
FIRE:  1172 19:11:20   -18718.591797       15.784292
FIRE:  1173 19:11:21   -18719.074219       15.413442
FIRE:  1174 19:11:21   -18719.546875       14.913145
FIRE:  1175 19:11:21   -18720.011719       14.297732
FIRE:  1176 19:11:22   -18720.437500       13.582343
FIRE:  1177 19:11:22   -18720.798828       13.510301
FIRE:  1178 19:11:22   -18721.162109       13.502619
FIRE:  1179 19:11:23   -18721.533203       13.390899
FIRE:  1180 19:11:23   -18721.824219       13.177779
FIRE:  1181 19:11:23   -18722.132812       12.868438
FIRE:  1182 19:11:24   -18722.439453       13.148301
FIRE:  1183 19:11:24   -18722.667969       13.896392
FIRE:  1184 19:11:24   -18722.898438       14.554274
FIRE:  1185 19:11:25   -18723.146484       15.106295
FIRE:  1186 19:11:25   -18723.384766       15.537267
FIRE:  1187 19:11:25   -18723.599609       15.836944
FIRE:  1188 19:11:26   -18723.845703       15.996539
FIRE:  1189 19:11:26   -18724.144531       16.012772
FIRE:  1190 19:11:26   -18724.351562       15.884589
FIRE:  1191 19:11:27   -18724.658203       15.616618
FIRE:  1192 19:11:27   -18724.978516       15.216112
FIRE:  1193 19:11:27   -18725.296875       14.694472
FIRE:  1194 19:11:28   -18725.664062       14.066049
FIRE:  1195 19:11:28   -18726.033203       13.346080
FIRE:  1196 19:11:28   -18726.457031       12.552437
FIRE:  1197 19:11:29   -18726.921875       12.236522
FIRE:  1198 19:11:29   -18727.382812       12.088925
FIRE:  1199 19:11:29   -18727.867188       11.855201
FIRE:  1200 19:11:30   -18728.355469       11.540502
FIRE:  1201 19:11:30   -18728.910156       11.196661
FIRE:  1202 19:11:30   -18729.416016       11.564353
FIRE:  1203 19:11:31   -18729.992188       12.000422
FIRE:  1204 19:11:31   -18730.558594       12.369987
FIRE:  1205 19:11:31   -18731.115234       12.665445
FIRE:  1206 19:11:32   -18731.703125       12.880103
FIRE:  1207 19:11:32   -18732.277344       13.009157
FIRE:  1208 19:11:32   -18732.871094       13.050195
FIRE:  1209 19:11:33   -18733.490234       13.002215
FIRE:  1210 19:11:33   -18734.078125       12.866642
FIRE:  1211 19:11:33   -18734.626953       12.647176
FIRE:  1212 19:11:34   -18735.255859       12.901073
FIRE:  1213 19:11:34   -18735.853516       13.434832
FIRE:  1214 19:11:34   -18736.416016       13.865917
FIRE:  1215 19:11:35   -18737.058594       14.184115
FIRE:  1216 19:11:35   -18737.634766       14.381283
FIRE:  1217 19:11:35   -18738.292969       14.452038
FIRE:  1218 19:11:36   -18738.865234       14.394970
FIRE:  1219 19:11:36   -18739.501953       14.211646
FIRE:  1220 19:11:36   -18740.187500       13.907311
FIRE:  1221 19:11:37   -18740.857422       13.973988
FIRE:  1222 19:11:37   -18741.509766       14.165348
FIRE:  1223 19:11:37   -18742.230469       14.251193
FIRE:  1224 19:11:38   -18742.917969       14.228149
FIRE:  1225 19:11:38   -18743.589844       14.095409
FIRE:  1226 19:11:38   -18744.279297       13.855115
FIRE:  1227 19:11:39   -18745.033203       13.512141
FIRE:  1228 19:11:39   -18745.679688       13.073792
FIRE:  1229 19:11:39   -18746.371094       12.549147
FIRE:  1230 19:11:40   -18747.066406       11.949191
FIRE:  1231 19:11:40   -18747.671875       11.285898
FIRE:  1232 19:11:40   -18748.337891       10.571929
FIRE:  1233 19:11:41   -18748.957031       10.714873
FIRE:  1234 19:11:41   -18749.542969       11.041965
FIRE:  1235 19:11:41   -18750.128906       11.343993
FIRE:  1236 19:11:42   -18750.687500       11.617661
FIRE:  1237 19:11:42   -18751.171875       11.860307
FIRE:  1238 19:11:42   -18751.617188       12.069413
FIRE:  1239 19:11:43   -18752.099609       12.242721
FIRE:  1240 19:11:43   -18752.511719       12.378469
FIRE:  1241 19:11:43   -18752.931641       12.475451
FIRE:  1242 19:11:44   -18753.255859       12.532763
FIRE:  1243 19:11:44   -18753.623047       13.341828
FIRE:  1244 19:11:44   -18753.970703       15.033757
FIRE:  1245 19:11:45   -18754.351562       16.711855
FIRE:  1246 19:11:45   -18754.666016       18.340769
FIRE:  1247 19:11:45   -18755.019531       19.879019
FIRE:  1248 19:11:46   -18755.419922       21.283072
FIRE:  1249 19:11:46   -18755.818359       22.510630
FIRE:  1250 19:11:46   -18756.250000       23.519720
FIRE:  1251 19:11:47   -18756.714844       24.275190
FIRE:  1252 19:11:47   -18757.267578       24.747793
FIRE:  1253 19:11:47   -18757.863281       24.921375
FIRE:  1254 19:11:48   -18758.472656       24.789879
FIRE:  1255 19:11:48   -18759.148438       24.361502
FIRE:  1256 19:11:48   -18759.888672       23.654547
FIRE:  1257 19:11:49   -18760.664062       22.700596
FIRE:  1258 19:11:49   -18761.427734       21.537193
FIRE:  1259 19:11:49   -18762.238281       20.207994
FIRE:  1260 19:11:50   -18763.062500       18.757713
FIRE:  1261 19:11:50   -18763.927734       17.230427
FIRE:  1262 19:11:50   -18764.755859       15.669164
FIRE:  1263 19:11:51   -18765.576172       14.110728
FIRE:  1264 19:11:51   -18766.316406       12.587474
FIRE:  1265 19:11:51   -18767.087891       11.127375
FIRE:  1266 19:11:52   -18767.804688        9.851985
FIRE:  1267 19:11:52   -18768.500000       11.015380
FIRE:  1268 19:11:52   -18769.156250       12.184113
FIRE:  1269 19:11:53   -18769.765625       13.341336
FIRE:  1270 19:11:53   -18770.333984       14.467558
FIRE:  1271 19:11:53   -18770.923828       15.541082
FIRE:  1272 19:11:54   -18771.437500       16.539635
FIRE:  1273 19:11:54   -18771.894531       17.439007
FIRE:  1274 19:11:54   -18772.345703       18.217125
FIRE:  1275 19:11:55   -18772.789062       18.852493
FIRE:  1276 19:11:55   -18773.234375       19.327194
FIRE:  1277 19:11:55   -18773.656250       19.626665
FIRE:  1278 19:11:56   -18774.087891       19.742844
FIRE:  1279 19:11:56   -18774.472656       19.671335
FIRE:  1280 19:11:56   -18774.859375       19.415133
FIRE:  1281 19:11:57   -18775.283203       18.982128
FIRE:  1282 19:11:57   -18775.695312       18.385527
FIRE:  1283 19:11:58   -18776.109375       17.643026
FIRE:  1284 19:11:58   -18776.552734       16.774837
FIRE:  1285 19:11:58   -18776.957031       15.803690
FIRE:  1286 19:11:59   -18777.380859       14.752712
FIRE:  1287 19:11:59   -18777.828125       14.989550
FIRE:  1288 19:11:59   -18778.285156       16.127766
FIRE:  1289 19:12:00   -18778.720703       17.173206
FIRE:  1290 19:12:00   -18779.144531       18.099691
FIRE:  1291 19:12:00   -18779.652344       18.881811
FIRE:  1292 19:12:01   -18780.138672       19.494987
FIRE:  1293 19:12:01   -18780.625000       19.920673
FIRE:  1294 19:12:01   -18781.105469       20.145641
FIRE:  1295 19:12:02   -18781.650391       20.162090
FIRE:  1296 19:12:02   -18782.160156       19.968773
FIRE:  1297 19:12:02   -18782.695312       19.572174
FIRE:  1298 19:12:03   -18783.212891       18.983147
FIRE:  1299 19:12:03   -18783.720703       18.220970
FIRE:  1300 19:12:03   -18784.230469       17.306774
FIRE:  1301 19:12:04   -18784.742188       16.265463
FIRE:  1302 19:12:04   -18785.177734       15.125186
FIRE:  1303 19:12:04   -18785.679688       13.911874
FIRE:  1304 19:12:05   -18786.115234       12.652183
FIRE:  1305 19:12:05   -18786.480469       11.651078
FIRE:  1306 19:12:05   -18786.839844       11.887266
FIRE:  1307 19:12:06   -18787.160156       12.085317
FIRE:  1308 19:12:06   -18787.492188       12.242604
FIRE:  1309 19:12:06   -18787.748047       12.357386
FIRE:  1310 19:12:07   -18787.992188       12.428653
FIRE:  1311 19:12:07   -18788.234375       12.466345
FIRE:  1312 19:12:07   -18788.460938       12.672626
FIRE:  1313 19:12:08   -18788.656250       12.796674
FIRE:  1314 19:12:08   -18788.851562       12.835878
FIRE:  1315 19:12:08   -18789.015625       12.789215
FIRE:  1316 19:12:09   -18789.228516       12.977585
FIRE:  1317 19:12:09   -18789.396484       13.140081
FIRE:  1318 19:12:09   -18789.552734       13.203808
FIRE:  1319 19:12:10   -18789.748047       13.167230
FIRE:  1320 19:12:10   -18789.910156       13.031638
FIRE:  1321 19:12:10   -18790.044922       12.800035
FIRE:  1322 19:12:11   -18790.224609       13.355739
FIRE:  1323 19:12:11   -18790.406250       13.992880
FIRE:  1324 19:12:11   -18790.585938       14.545193
FIRE:  1325 19:12:12   -18790.750000       15.509778
FIRE:  1326 19:12:12   -18790.923828       17.643984
FIRE:  1327 19:12:12   -18791.074219       19.817802
FIRE:  1328 19:12:13   -18791.224609       21.978830
FIRE:  1329 19:12:13   -18791.480469       24.064837
FIRE:  1330 19:12:13   -18791.699219       26.008507
FIRE:  1331 19:12:14   -18791.923828       27.736492
FIRE:  1332 19:12:14   -18792.267578       29.182562
FIRE:  1333 19:12:14   -18792.601562       30.286377
FIRE:  1334 19:12:15   -18792.968750       30.997692
FIRE:  1335 19:12:15   -18793.433594       31.288460
FIRE:  1336 19:12:15   -18793.988281       31.144602
FIRE:  1337 19:12:16   -18794.523438       30.577356
FIRE:  1338 19:12:16   -18795.212891       29.614487
FIRE:  1339 19:12:16   -18795.880859       28.302109
FIRE:  1340 19:12:17   -18796.619141       26.698421
FIRE:  1341 19:12:17   -18797.380859       24.871376
FIRE:  1342 19:12:17   -18798.173828       22.888899
FIRE:  1343 19:12:18   -18798.947266       20.818796
FIRE:  1344 19:12:18   -18799.765625       18.721378
FIRE:  1345 19:12:18   -18800.570312       16.650850
FIRE:  1346 19:12:19   -18801.386719       14.647452
FIRE:  1347 19:12:19   -18802.205078       12.890367
FIRE:  1348 19:12:19   -18802.990234       12.410316
FIRE:  1349 19:12:20   -18803.781250       12.273741
FIRE:  1350 19:12:20   -18804.611328       12.264966
FIRE:  1351 19:12:20   -18805.386719       12.192202
FIRE:  1352 19:12:21   -18806.179688       12.056633
FIRE:  1353 19:12:21   -18806.960938       11.860701
FIRE:  1354 19:12:21   -18807.748047       11.607507
FIRE:  1355 19:12:22   -18808.574219       11.301594
FIRE:  1356 19:12:22   -18809.378906       10.947664
FIRE:  1357 19:12:22   -18810.195312       10.550927
FIRE:  1358 19:12:23   -18811.037109       10.117450
FIRE:  1359 19:12:23   -18811.898438        9.748958
FIRE:  1360 19:12:23   -18812.750000        9.674089
FIRE:  1361 19:12:24   -18813.595703        9.569014
FIRE:  1362 19:12:24   -18814.496094        9.435028
FIRE:  1363 19:12:24   -18815.359375        9.273039
FIRE:  1364 19:12:25   -18816.265625        9.098898
FIRE:  1365 19:12:25   -18817.205078        9.344707
FIRE:  1366 19:12:25   -18818.136719        9.571587
FIRE:  1367 19:12:26   -18819.083984        9.777437
FIRE:  1368 19:12:26   -18820.023438        9.959936
FIRE:  1369 19:12:26   -18820.968750       10.117377
FIRE:  1370 19:12:27   -18821.968750       10.248023
FIRE:  1371 19:12:27   -18822.925781       10.350324
FIRE:  1372 19:12:27   -18823.876953       10.423163
FIRE:  1373 19:12:28   -18824.841797       10.465633
FIRE:  1374 19:12:28   -18825.843750       10.477189
FIRE:  1375 19:12:28   -18826.820312       10.457556
FIRE:  1376 19:12:29   -18827.777344       10.407021
FIRE:  1377 19:12:29   -18828.722656       10.325763
FIRE:  1378 19:12:29   -18829.650391       10.214842
FIRE:  1379 19:12:30   -18830.556641       10.075164
FIRE:  1380 19:12:30   -18831.443359        9.908092
FIRE:  1381 19:12:30   -18832.306641        9.715164
FIRE:  1382 19:12:31   -18833.105469        9.498370
FIRE:  1383 19:12:31   -18833.898438        9.259457
FIRE:  1384 19:12:31   -18834.669922        9.000602
FIRE:  1385 19:12:32   -18835.335938        8.911464
FIRE:  1386 19:12:32   -18836.001953        8.862651
FIRE:  1387 19:12:32   -18836.623047        8.787843
FIRE:  1388 19:12:33   -18837.136719        8.687905
FIRE:  1389 19:12:33   -18837.623047        9.696283
FIRE:  1390 19:12:33   -18838.046875       10.831006
FIRE:  1391 19:12:34   -18838.410156       12.026814
FIRE:  1392 19:12:34   -18838.734375       13.262043
FIRE:  1393 19:12:34   -18838.964844       14.513082
FIRE:  1394 19:12:35   -18839.158203       15.754179
FIRE:  1395 19:12:35   -18839.349609       16.957718
FIRE:  1396 19:12:35   -18839.455078       18.094097
FIRE:  1397 19:12:36   -18856.937500       10.326838
FIRE:  1398 19:12:36   -18872.693359        6.434137
FIRE:  1399 19:12:36   -18886.982422        6.084805
FIRE:  1400 19:12:37   -18900.175781        6.097009
FIRE:  1401 19:12:37   -18912.466797        6.100214
FIRE:  1402 19:12:37   -18923.867188        6.085840
FIRE:  1403 19:12:38   -18934.640625        6.041071
FIRE:  1404 19:12:38   -18944.781250        5.947632
FIRE:  1405 19:12:38   -18954.349609        5.781140
FIRE:  1406 19:12:39   -18963.607422        5.512131
FIRE:  1407 19:12:39   -18972.412109        5.108166
FIRE:  1408 19:12:39   -18980.957031        4.536797
FIRE:  1409 19:12:40   -18989.082031        3.772448
FIRE:  1410 19:12:40   -18997.027344        2.809987
FIRE:  1411 19:12:40   -19004.556641        2.504118
FIRE:  1412 19:12:41   -19011.843750        2.451489
FIRE:  1413 19:12:41   -19018.835938        2.401603
FIRE:  1414 19:12:41   -19025.542969        3.022977
FIRE:  1415 19:12:42   -19032.005859        3.875638
FIRE:  1416 19:12:42   -19038.294922        4.350754
FIRE:  1417 19:12:42   -19044.408203        4.385781
FIRE:  1418 19:12:43   -19050.417969        4.022647
FIRE:  1419 19:12:43   -19056.246094        3.376545
FIRE:  1420 19:12:43   -19061.945312        2.996526
FIRE:  1421 19:12:44   -19067.515625        3.223099
FIRE:  1422 19:12:44   -19072.923828        3.446618
FIRE:  1423 19:12:44   -19078.185547        3.651411
FIRE:  1424 19:12:45   -19083.349609        3.819132
FIRE:  1425 19:12:45   -19088.345703        3.931317
FIRE:  1426 19:12:45   -19093.275391        3.973162
FIRE:  1427 19:12:46   -19098.083984        3.936663
FIRE:  1428 19:12:46   -19102.755859        3.822461
FIRE:  1429 19:12:46   -19107.378906        3.640852
FIRE:  1430 19:12:47   -19111.888672        3.414699
FIRE:  1431 19:12:47   -19116.302734        3.182496
FIRE:  1432 19:12:47   -19120.599609        2.992886
FIRE:  1433 19:12:48   -19124.820312        2.882249
FIRE:  1434 19:12:48   -19128.931641        2.846393
FIRE:  1435 19:12:48   -19133.000000        2.835891
FIRE:  1436 19:12:49   -19136.958984        2.784286
FIRE:  1437 19:12:49   -19140.832031        2.640402
FIRE:  1438 19:12:49   -19144.625000        2.384874
FIRE:  1439 19:12:50   -19148.353516        2.029876
FIRE:  1440 19:12:50   -19152.039062        1.608946
FIRE:  1441 19:12:50   -19155.660156        1.458691
FIRE:  1442 19:12:51   -19159.226562        1.479222
FIRE:  1443 19:12:51   -19162.697266        1.652138
FIRE:  1444 19:12:51   -19166.152344        1.817030
FIRE:  1445 19:12:52   -19169.517578        1.935902
FIRE:  1446 19:12:52   -19172.851562        1.988644
FIRE:  1447 19:12:52   -19176.160156        1.968795
FIRE:  1448 19:12:53   -19179.355469        1.879574
FIRE:  1449 19:12:53   -19182.566406        1.732358
FIRE:  1450 19:12:53   -19185.732422        1.545655
FIRE:  1451 19:12:54   -19188.800781        1.354397
FIRE:  1452 19:12:54   -19191.865234        1.412187
FIRE:  1453 19:12:54   -19194.919922        1.464991
FIRE:  1454 19:12:55   -19197.873047        1.511141
FIRE:  1455 19:12:55   -19200.839844        1.549572
FIRE:  1456 19:12:55   -19203.761719        1.580019
FIRE:  1457 19:12:56   -19206.683594        1.603051
FIRE:  1458 19:12:56   -19209.490234        1.619891
FIRE:  1459 19:12:56   -19212.337891        1.632068
FIRE:  1460 19:12:57   -19215.138672        1.641148
FIRE:  1461 19:12:57   -19217.880859        1.648518
FIRE:  1462 19:12:57   -19220.583984        1.655298
FIRE:  1463 19:12:58   -19223.267578        1.662386
FIRE:  1464 19:12:58   -19225.955078        1.670446
FIRE:  1465 19:12:58   -19228.593750        1.694480
FIRE:  1466 19:12:59   -19231.121094        1.718211
FIRE:  1467 19:12:59   -19233.720703        1.735137
FIRE:  1468 19:12:59   -19236.259766        1.744624
FIRE:  1469 19:13:00   -19238.794922        1.746161
FIRE:  1470 19:13:00   -19241.316406        1.740962
FIRE:  1471 19:13:00   -19243.726562        1.753114
FIRE:  1472 19:13:01   -19246.195312        1.768693
FIRE:  1473 19:13:01   -19248.576172        1.768913
FIRE:  1474 19:13:01   -19250.945312        1.749885
FIRE:  1475 19:13:02   -19253.330078        1.717996
FIRE:  1476 19:13:02   -19255.660156        1.690364
FIRE:  1477 19:13:02   -19257.955078        1.653733
FIRE:  1478 19:13:03   -19260.191406        1.607435
FIRE:  1479 19:13:03   -19262.462891        1.550382
FIRE:  1480 19:13:03   -19264.658203        1.481139
FIRE:  1481 19:13:04   -19266.830078        1.397961
FIRE:  1482 19:13:04   -19268.937500        1.298969
FIRE:  1483 19:13:04   -19271.080078        1.182342
FIRE:  1484 19:13:05   -19273.167969        1.367363
FIRE:  1485 19:13:05   -19275.175781        1.617433
FIRE:  1486 19:13:05   -19277.177734        1.890357
FIRE:  1487 19:13:06   -19279.173828        2.168719
FIRE:  1488 19:13:06   -19281.132812        2.434882
FIRE:  1489 19:13:06   -19283.089844        2.673504
FIRE:  1490 19:13:07   -19285.078125        2.872753
FIRE:  1491 19:13:07   -19286.986328        3.020727
FIRE:  1492 19:13:07   -19288.906250        3.102906
FIRE:  1493 19:13:08   -19290.833984        3.105761
FIRE:  1494 19:13:08   -19292.751953        3.028139
FIRE:  1495 19:13:08   -19294.628906        2.890023
FIRE:  1496 19:13:09   -19296.521484        2.724351
FIRE:  1497 19:13:09   -19298.443359        2.556915
FIRE:  1498 19:13:09   -19300.328125        2.397834
FIRE:  1499 19:13:10   -19302.171875        2.246996
FIRE:  1500 19:13:10   -19304.056641        2.103219
FIRE:  1501 19:13:10   -19305.904297        1.967920
FIRE:  1502 19:13:11   -19307.716797        2.103941
FIRE:  1503 19:13:11   -19309.558594        2.153653
FIRE:  1504 19:13:11   -19311.349609        2.107263
FIRE:  1505 19:13:12   -19313.107422        1.969590
FIRE:  1506 19:13:12   -19314.869141        2.044507
FIRE:  1507 19:13:12   -19316.582031        2.081465
FIRE:  1508 19:13:13   -19318.287109        2.006465
FIRE:  1509 19:13:13   -19320.001953        1.812665
FIRE:  1510 19:13:13   -19321.726562        1.726801
FIRE:  1511 19:13:14   -19323.339844        1.785712
FIRE:  1512 19:13:14   -19324.974609        1.846173
FIRE:  1513 19:13:14   -19326.634766        1.905655
FIRE:  1514 19:13:15   -19328.246094        1.962352
FIRE:  1515 19:13:15   -19329.851562        2.015019
FIRE:  1516 19:13:15   -19331.472656        2.062761
FIRE:  1517 19:13:16   -19333.074219        2.105150
FIRE:  1518 19:13:16   -19334.648438        2.142065
FIRE:  1519 19:13:16   -19336.263672        2.173324
FIRE:  1520 19:13:17   -19337.835938        2.198812
FIRE:  1521 19:13:17   -19339.472656        2.218485
FIRE:  1522 19:13:17   -19341.007812        2.232366
FIRE:  1523 19:13:18   -19342.621094        2.240386
FIRE:  1524 19:13:18   -19344.177734        2.242608
FIRE:  1525 19:13:18   -19345.787109        2.274574
FIRE:  1526 19:13:19   -19347.382812        2.359489
FIRE:  1527 19:13:19   -19348.962891        2.444624
FIRE:  1528 19:13:19   -19350.521484        2.529685
FIRE:  1529 19:13:20   -19352.111328        2.613878
FIRE:  1530 19:13:20   -19353.712891        2.695666
FIRE:  1531 19:13:20   -19355.218750        2.772551
FIRE:  1532 19:13:21   -19356.798828        2.840530
FIRE:  1533 19:13:21   -19358.353516        2.893258
FIRE:  1534 19:13:21   -19359.958984        2.922361
FIRE:  1535 19:13:22   -19361.509766        2.919748
FIRE:  1536 19:13:22   -19363.095703        2.877065
FIRE:  1537 19:13:22   -19364.654297        3.196440
FIRE:  1538 19:13:23   -19366.259766        3.578949
FIRE:  1539 19:13:23   -19367.849609        3.904749
FIRE:  1540 19:13:23   -19369.421875        4.152317
FIRE:  1541 19:13:24   -19371.007812        4.305460
FIRE:  1542 19:13:24   -19372.644531        4.374462
FIRE:  1543 19:13:24   -19374.197266        4.386873
FIRE:  1544 19:13:25   -19375.705078        4.325768
FIRE:  1545 19:13:25   -19377.261719        4.194870
FIRE:  1546 19:13:25   -19378.736328        4.483358
FIRE:  1547 19:13:26   -19380.175781        5.199573
FIRE:  1548 19:13:26   -19381.593750        5.774578
FIRE:  1549 19:13:26   -19383.019531        6.140289
FIRE:  1550 19:13:27   -19384.439453        6.245686
FIRE:  1551 19:13:27   -19385.822266        6.166392
FIRE:  1552 19:13:28   -19387.265625        6.084992
FIRE:  1553 19:13:28   -19388.667969        5.726909
FIRE:  1554 19:13:28   -19390.087891        5.137048
FIRE:  1555 19:13:29   -19391.457031        4.380861
FIRE:  1556 19:13:29   -19392.794922        3.533853
FIRE:  1557 19:13:29   -19394.123047        2.671248
FIRE:  1558 19:13:30   -19395.339844        2.358332
FIRE:  1559 19:13:30   -19396.564453        2.888170
FIRE:  1560 19:13:30   -19397.732422        3.504644
FIRE:  1561 19:13:31   -19398.833984        4.080842
FIRE:  1562 19:13:31   -19399.953125        4.581915
FIRE:  1563 19:13:31   -19401.099609        4.975812
FIRE:  1564 19:13:32   -19402.189453        5.275611
FIRE:  1565 19:13:32   -19403.316406        5.474643
FIRE:  1566 19:13:32   -19404.533203        5.549859
FIRE:  1567 19:13:33   -19405.683594        5.514091
FIRE:  1568 19:13:33   -19406.908203        5.380765
FIRE:  1569 19:13:33   -19408.109375        5.163878
FIRE:  1570 19:13:34   -19409.392578        4.877875
FIRE:  1571 19:13:34   -19410.560547        4.537872
FIRE:  1572 19:13:34   -19411.732422        4.160049
FIRE:  1573 19:13:35   -19412.914062        3.761425
FIRE:  1574 19:13:35   -19414.115234        3.360019
FIRE:  1575 19:13:35   -19415.269531        2.974552
FIRE:  1576 19:13:36   -19416.335938        2.624000
FIRE:  1577 19:13:36   -19417.453125        2.399636
FIRE:  1578 19:13:36   -19418.498047        2.557910
FIRE:  1579 19:13:37   -19419.527344        2.847428
FIRE:  1580 19:13:37   -19420.566406        3.284131
FIRE:  1581 19:13:37   -19421.587891        3.639328
FIRE:  1582 19:13:38   -19422.636719        3.907853
FIRE:  1583 19:13:38   -19423.716797        4.087308
FIRE:  1584 19:13:38   -19424.791016        4.178458
FIRE:  1585 19:13:39   -19425.947266        4.185694
FIRE:  1586 19:13:39   -19427.058594        4.116453
FIRE:  1587 19:13:39   -19428.210938        3.980932
FIRE:  1588 19:13:40   -19429.421875        3.897385
FIRE:  1589 19:13:40   -19430.638672        3.858476
FIRE:  1590 19:13:40   -19431.847656        3.714015
FIRE:  1591 19:13:41   -19433.085938        3.461709
FIRE:  1592 19:13:41   -19434.294922        3.133554
FIRE:  1593 19:13:41   -19435.490234        2.771427
FIRE:  1594 19:13:42   -19436.644531        2.421577
FIRE:  1595 19:13:42   -19437.839844        2.291634
FIRE:  1596 19:13:42   -19438.935547        2.405296
FIRE:  1597 19:13:43   -19440.037109        2.492537
FIRE:  1598 19:13:43   -19441.109375        2.550278
FIRE:  1599 19:13:43   -19442.160156        2.576966
FIRE:  1600 19:13:44   -19443.173828        2.572493
FIRE:  1601 19:13:44   -19444.214844        2.791845
FIRE:  1602 19:13:44   -19445.208984        3.287647
FIRE:  1603 19:13:45   -19446.228516        3.779467
FIRE:  1604 19:13:45   -19447.210938        4.245052
FIRE:  1605 19:13:45   -19448.154297        4.658142
FIRE:  1606 19:13:46   -19449.132812        4.988964
FIRE:  1607 19:13:46   -19450.091797        5.251401
FIRE:  1608 19:13:46   -19451.027344        5.450648
FIRE:  1609 19:13:47   -19452.003906        5.492054
FIRE:  1610 19:13:47   -19452.992188        5.371814
FIRE:  1611 19:13:47   -19453.945312        5.100464
FIRE:  1612 19:13:48   -19454.865234        4.702041
FIRE:  1613 19:13:48   -19455.808594        5.083793
FIRE:  1614 19:13:49   -19456.728516        5.544549
FIRE:  1615 19:13:49   -19457.695312        5.856483
FIRE:  1616 19:13:50   -19458.623047        5.986181
FIRE:  1617 19:13:50   -19459.583984        5.915418
FIRE:  1618 19:13:51   -19460.494141        5.702351
FIRE:  1619 19:13:51   -19461.437500        5.381753
FIRE:  1620 19:13:52   -19462.406250        4.918416
FIRE:  1621 19:13:52   -19463.328125        4.351966
FIRE:  1622 19:13:52   -19464.255859        4.146968
FIRE:  1623 19:13:53   -19465.171875        3.921305
FIRE:  1624 19:13:53   -19466.039062        3.604964
FIRE:  1625 19:13:54   -19466.949219        3.218025
FIRE:  1626 19:13:54   -19467.843750        2.920327
FIRE:  1627 19:13:55   -19468.751953        3.207406
FIRE:  1628 19:13:55   -19469.580078        3.476626
FIRE:  1629 19:13:56   -19470.480469        3.698092
FIRE:  1630 19:13:56   -19471.335938        3.861660
FIRE:  1631 19:13:57   -19472.220703        3.959694
FIRE:  1632 19:13:57   -19473.099609        3.987829
FIRE:  1633 19:13:57   -19473.982422        3.945068
FIRE:  1634 19:13:58   -19474.871094        3.887535
FIRE:  1635 19:13:58   -19475.738281        3.822252
FIRE:  1636 19:13:59   -19476.644531        3.669923
FIRE:  1637 19:13:59   -19477.492188        3.435928
FIRE:  1638 19:14:00   -19478.347656        3.954306
FIRE:  1639 19:14:00   -19479.195312        4.718823
FIRE:  1640 19:14:01   -19480.042969        5.457791
FIRE:  1641 19:14:01   -19480.845703        6.124529
FIRE:  1642 19:14:02   -19481.664062        6.669144
FIRE:  1643 19:14:02   -19482.490234        7.044633
FIRE:  1644 19:14:02   -19483.322266        7.214807
FIRE:  1645 19:14:03   -19484.146484        7.160786
FIRE:  1646 19:14:03   -19485.025391        6.884668
FIRE:  1647 19:14:04   -19485.843750        6.409007
FIRE:  1648 19:14:04   -19486.728516        5.771647
FIRE:  1649 19:14:05   -19487.572266        5.019638
FIRE:  1650 19:14:05   -19488.417969        4.201187
FIRE:  1651 19:14:06   -19489.279297        3.360407
FIRE:  1652 19:14:06   -19490.068359        2.533943
FIRE:  1653 19:14:07   -19490.908203        2.781941
FIRE:  1654 19:14:07   -19491.722656        3.006750
FIRE:  1655 19:14:07   -19492.531250        3.197177
FIRE:  1656 19:14:08   -19493.279297        3.350937
FIRE:  1657 19:14:08   -19494.080078        3.466132
FIRE:  1658 19:14:09   -19494.783203        3.541281
FIRE:  1659 19:14:09   -19495.617188        3.575457
FIRE:  1660 19:14:10   -19496.337891        3.568168
FIRE:  1661 19:14:10   -19497.068359        3.519452
FIRE:  1662 19:14:11   -19497.771484        3.429796
FIRE:  1663 19:14:11   -19498.531250        3.300117
FIRE:  1664 19:14:11   -19499.220703        3.135314
FIRE:  1665 19:14:12   -19499.937500        3.355222
FIRE:  1666 19:14:12   -19500.636719        3.750431
FIRE:  1667 19:14:13   -19501.345703        4.116016
FIRE:  1668 19:14:13   -19502.046875        4.428480
FIRE:  1669 19:14:13   -19502.757812        4.672410
FIRE:  1670 19:14:14   -19503.490234        4.834727
FIRE:  1671 19:14:14   -19504.240234        4.906866
FIRE:  1672 19:14:14   -19504.962891        4.884655
FIRE:  1673 19:14:15   -19505.716797        4.770000
FIRE:  1674 19:14:15   -19506.535156        4.604742
FIRE:  1675 19:14:15   -19507.289062        4.360497
FIRE:  1676 19:14:16   -19508.062500        4.050286
FIRE:  1677 19:14:16   -19508.816406        3.689390
FIRE:  1678 19:14:17   -19509.607422        3.397636
FIRE:  1679 19:14:17   -19510.392578        3.645521
FIRE:  1680 19:14:17   -19511.125000        3.981189
FIRE:  1681 19:14:18   -19511.843750        4.225543
FIRE:  1682 19:14:18   -19512.580078        4.362334
FIRE:  1683 19:14:18   -19513.322266        4.381464
FIRE:  1684 19:14:19   -19514.001953        4.279847
FIRE:  1685 19:14:19   -19514.726562        4.061741
FIRE:  1686 19:14:19   -19515.357422        3.738720
FIRE:  1687 19:14:20   -19516.005859        3.327645
FIRE:  1688 19:14:20   -19516.685547        2.850138
FIRE:  1689 19:14:20   -19517.314453        2.711907
FIRE:  1690 19:14:21   -19517.927734        3.026096
FIRE:  1691 19:14:21   -19518.531250        3.472864
FIRE:  1692 19:14:21   -19519.097656        3.915714
FIRE:  1693 19:14:22   -19519.664062        4.334805
FIRE:  1694 19:14:22   -19520.248047        4.706871
FIRE:  1695 19:14:22   -19520.773438        5.008368
FIRE:  1696 19:14:23   -19521.367188        5.215574
FIRE:  1697 19:14:23   -19521.902344        5.308463
FIRE:  1698 19:14:24   -19522.462891        5.376022
FIRE:  1699 19:14:24   -19523.076172        5.421577
FIRE:  1700 19:14:24   -19523.738281        5.353954
FIRE:  1701 19:14:25   -19524.394531        5.179970
FIRE:  1702 19:14:25   -19525.000000        4.913517
FIRE:  1703 19:14:25   -19525.630859        4.572354
FIRE:  1704 19:14:26   -19526.359375        4.177282
FIRE:  1705 19:14:26   -19527.048828        4.268381
FIRE:  1706 19:14:26   -19527.751953        4.385565
FIRE:  1707 19:14:27   -19528.507812        4.428181
FIRE:  1708 19:14:27   -19529.224609        4.395693
FIRE:  1709 19:14:27   -19529.970703        4.290567
FIRE:  1710 19:14:28   -19530.699219        4.118794
FIRE:  1711 19:14:28   -19531.441406        3.889314
FIRE:  1712 19:14:28   -19532.255859        3.612347
FIRE:  1713 19:14:29   -19533.076172        3.299598
FIRE:  1714 19:14:29   -19533.863281        3.488957
FIRE:  1715 19:14:29   -19534.636719        3.718574
FIRE:  1716 19:14:30   -19535.462891        3.876106
FIRE:  1717 19:14:30   -19536.287109        3.966570
FIRE:  1718 19:14:30   -19537.093750        3.995856
FIRE:  1719 19:14:31   -19537.892578        3.970725
FIRE:  1720 19:14:31   -19538.736328        3.898699
FIRE:  1721 19:14:31   -19539.531250        3.787086
FIRE:  1722 19:14:32   -19540.328125        3.643570
FIRE:  1723 19:14:32   -19541.111328        3.577776
FIRE:  1724 19:14:32   -19541.859375        3.569074
FIRE:  1725 19:14:33   -19542.621094        3.474210
FIRE:  1726 19:14:33   -19543.332031        3.322969
FIRE:  1727 19:14:33   -19544.019531        3.414503
FIRE:  1728 19:14:34   -19544.724609        3.773474
FIRE:  1729 19:14:34   -19545.375000        4.054553
FIRE:  1730 19:14:34   -19546.042969        4.242009
FIRE:  1731 19:14:35   -19546.654297        4.324608
FIRE:  1732 19:14:35   -19547.267578        4.296938
FIRE:  1733 19:14:35   -19547.884766        4.159846
FIRE:  1734 19:14:36   -19548.490234        3.920288
FIRE:  1735 19:14:36   -19549.027344        3.592803
FIRE:  1736 19:14:36   -19549.640625        3.767630
FIRE:  1737 19:14:37   -19550.212891        4.063364
FIRE:  1738 19:14:37   -19550.775391        4.313581
FIRE:  1739 19:14:37   -19551.339844        4.492466
FIRE:  1740 19:14:38   -19551.943359        4.854701
FIRE:  1741 19:14:38   -19552.453125        5.558508
FIRE:  1742 19:14:38   -19553.056641        6.108905
FIRE:  1743 19:14:39   -19553.603516        6.449097
FIRE:  1744 19:14:39   -19554.216797        6.608271
FIRE:  1745 19:14:39   -19554.859375        6.592942
FIRE:  1746 19:14:40   -19555.515625        6.334174
FIRE:  1747 19:14:40   -19556.224609        5.904197
FIRE:  1748 19:14:40   -19556.923828        6.072404
FIRE:  1749 19:14:41   -19557.679688        6.144905
FIRE:  1750 19:14:41   -19558.390625        6.120731
FIRE:  1751 19:14:41   -19559.068359        6.004124
FIRE:  1752 19:14:42   -19559.787109        6.431542
FIRE:  1753 19:14:42   -19560.500000        7.506203
FIRE:  1754 19:14:42   -19561.248047        8.389702
FIRE:  1755 19:14:43   -19561.964844        8.967130
FIRE:  1756 19:14:43   -19562.736328        9.151911
FIRE:  1757 19:14:43   -19563.552734        8.904428
FIRE:  1758 19:14:44   -19564.441406        8.275603
FIRE:  1759 19:14:44   -19565.332031        7.449119
FIRE:  1760 19:14:44   -19566.205078        6.362524
FIRE:  1761 19:14:45   -19567.101562        5.125402
FIRE:  1762 19:14:45   -19567.972656        5.009663
FIRE:  1763 19:14:45   -19568.814453        5.168420
FIRE:  1764 19:14:46   -19569.634766        5.271021
FIRE:  1765 19:14:46   -19570.404297        5.320760
FIRE:  1766 19:14:46   -19571.142578        5.320233
FIRE:  1767 19:14:47   -19571.843750        5.271366
FIRE:  1768 19:14:47   -19572.517578        5.175602
FIRE:  1769 19:14:48   -19573.136719        5.033775
FIRE:  1770 19:14:48   -19573.755859        5.030487
FIRE:  1771 19:14:48   -19574.351562        5.458623
FIRE:  1772 19:14:49   -19574.939453        5.794537
FIRE:  1773 19:14:49   -19575.513672        6.049647
FIRE:  1774 19:14:49   -19576.064453        6.233679
FIRE:  1775 19:14:50   -19576.623047        6.354034
FIRE:  1776 19:14:50   -19577.140625        6.415935
FIRE:  1777 19:14:50   -19577.673828        6.422306
FIRE:  1778 19:14:51   -19578.195312        6.373912
FIRE:  1779 19:14:51   -19578.687500        6.269384
FIRE:  1780 19:14:52   -19579.187500        6.105073
FIRE:  1781 19:14:52   -19579.648438        5.875027
FIRE:  1782 19:14:53   -19580.111328        5.571287
FIRE:  1783 19:14:53   -19580.560547        5.184134
FIRE:  1784 19:14:53   -19580.945312        4.702408
FIRE:  1785 19:14:54   -19581.312500        4.645908
FIRE:  1786 19:14:54   -19581.687500        5.001770
FIRE:  1787 19:14:54   -19581.988281        5.305373
FIRE:  1788 19:14:55   -19582.306641        5.548771
FIRE:  1789 19:14:55   -19582.566406        5.726479
FIRE:  1790 19:14:55   -19582.822266        5.835247
FIRE:  1791 19:14:56   -19583.066406        5.874394
FIRE:  1792 19:14:56   -19583.312500        5.846278
FIRE:  1793 19:14:56   -19583.572266        5.769477
FIRE:  1794 19:14:57   -19583.884766        6.983842
FIRE:  1795 19:14:57   -19584.234375        8.023121
FIRE:  1796 19:14:57   -19584.638672        8.786995
FIRE:  1797 19:14:58   -19585.052734        9.193202
FIRE:  1798 19:14:58   -19585.583984        9.194574
FIRE:  1799 19:14:58   -19586.162109        8.789217
FIRE:  1800 19:14:59   -19586.751953        8.020724
FIRE:  1801 19:14:59   -19587.396484        6.968884
FIRE:  1802 19:14:59   -19588.050781        5.756383
FIRE:  1803 19:15:00   -19588.742188        5.741542
FIRE:  1804 19:15:00   -19589.353516        5.647375
FIRE:  1805 19:15:00   -19589.929688        5.474389
FIRE:  1806 19:15:01   -19590.505859        5.227220
FIRE:  1807 19:15:01   -19591.007812        4.912157
FIRE:  1808 19:15:01   -19591.466797        4.539560
FIRE:  1809 19:15:02   -19591.908203        4.120135
FIRE:  1810 19:15:02   -19592.277344        4.103711
FIRE:  1811 19:15:02   -19592.669922        4.671864
FIRE:  1812 19:15:03   -19593.025391        5.230888
FIRE:  1813 19:15:03   -19593.371094        5.764315
FIRE:  1814 19:15:03   -19593.687500        6.254594
FIRE:  1815 19:15:04   -19594.015625        6.683761
FIRE:  1816 19:15:04   -19594.398438        7.034350
FIRE:  1817 19:15:04   -19594.796875        7.291056
FIRE:  1818 19:15:05   -19595.181641        7.441003
FIRE:  1819 19:15:05   -19595.589844        7.475479
FIRE:  1820 19:15:05   -19596.068359        7.390042
FIRE:  1821 19:15:06   -19596.515625        7.185415
FIRE:  1822 19:15:06   -19597.021484        6.866568
FIRE:  1823 19:15:06   -19597.517578        6.443533
FIRE:  1824 19:15:07   -19598.095703        5.929707
FIRE:  1825 19:15:07   -19598.570312        5.341714
FIRE:  1826 19:15:07   -19599.123047        4.698538
FIRE:  1827 19:15:08   -19599.667969        4.207460
FIRE:  1828 19:15:08   -19600.125000        3.833865
FIRE:  1829 19:15:08   -19600.644531        3.661931
FIRE:  1830 19:15:09   -19601.046875        3.795507
FIRE:  1831 19:15:09   -19601.490234        3.891359
FIRE:  1832 19:15:09   -19601.853516        3.946332
FIRE:  1833 19:15:10   -19602.220703        3.958486
FIRE:  1834 19:15:10   -19602.525391        3.927160
FIRE:  1835 19:15:10   -19602.816406        3.853267
FIRE:  1836 19:15:11   -19603.052734        4.621648
FIRE:  1837 19:15:11   -19603.326172        5.670991
FIRE:  1838 19:15:11   -19603.597656        6.605038
FIRE:  1839 19:15:12   -19603.849609        7.359110
FIRE:  1840 19:15:12   -19604.148438        7.875927
FIRE:  1841 19:15:12   -19604.544922        8.114686
FIRE:  1842 19:15:13   -19604.863281        8.059999
FIRE:  1843 19:15:13   -19605.285156        7.726068
FIRE:  1844 19:15:13   -19605.726562        7.155613
FIRE:  1845 19:15:14   -19606.232422        6.413167
FIRE:  1846 19:15:14   -19606.716797        6.046185
FIRE:  1847 19:15:14   -19607.169922        6.031406
FIRE:  1848 19:15:15   -19607.667969        5.928460
FIRE:  1849 19:15:15   -19608.111328        5.743486
FIRE:  1850 19:15:16   -19608.587891        5.485901
FIRE:  1851 19:15:16   -19609.009766        5.168530
FIRE:  1852 19:15:16   -19609.400391        4.805966
FIRE:  1853 19:15:17   -19609.843750        4.415146
FIRE:  1854 19:15:17   -19610.214844        4.123857
FIRE:  1855 19:15:17   -19610.607422        4.028095
FIRE:  1856 19:15:18   -19610.962891        4.263569
FIRE:  1857 19:15:18   -19611.306641        4.452056
FIRE:  1858 19:15:18   -19611.714844        4.592363
FIRE:  1859 19:15:19   -19612.031250        4.687099
FIRE:  1860 19:15:19   -19612.433594        4.740469
FIRE:  1861 19:15:19   -19612.824219        4.757101
FIRE:  1862 19:15:20   -19613.181641        4.830939
FIRE:  1863 19:15:20   -19613.582031        4.877165
FIRE:  1864 19:15:20   -19614.005859        4.884443
FIRE:  1865 19:15:21   -19614.460938        4.852957
FIRE:  1866 19:15:21   -19614.904297        4.793793
FIRE:  1867 19:15:21   -19615.386719        4.746656
FIRE:  1868 19:15:22   -19615.892578        4.647705
FIRE:  1869 19:15:22   -19616.414062        4.498811
FIRE:  1870 19:15:22   -19616.958984        4.303616
FIRE:  1871 19:15:23   -19617.478516        4.066648
FIRE:  1872 19:15:23   -19618.042969        4.017324
FIRE:  1873 19:15:23   -19618.611328        3.996024
FIRE:  1874 19:15:24   -19619.195312        3.949278
FIRE:  1875 19:15:24   -19619.673828        3.880571
FIRE:  1876 19:15:24   -19620.236328        3.793163
FIRE:  1877 19:15:25   -19620.751953        3.996942
FIRE:  1878 19:15:25   -19621.226562        4.412544
FIRE:  1879 19:15:25   -19621.714844        4.805607
FIRE:  1880 19:15:26   -19622.156250        5.162509
FIRE:  1881 19:15:26   -19622.615234        5.470173
FIRE:  1882 19:15:26   -19623.066406        5.716393
FIRE:  1883 19:15:27   -19623.431641        6.268888
FIRE:  1884 19:15:27   -19623.884766        6.891930
FIRE:  1885 19:15:27   -19624.302734        7.334094
FIRE:  1886 19:15:28   -19624.671875        7.559649
FIRE:  1887 19:15:28   -19625.134766        7.548977
FIRE:  1888 19:15:28   -19625.580078        7.302896
FIRE:  1889 19:15:29   -19626.029297        6.840819
FIRE:  1890 19:15:29   -19626.484375        6.674774
FIRE:  1891 19:15:29   -19626.902344        7.415401
FIRE:  1892 19:15:30   -19627.380859        8.072271
FIRE:  1893 19:15:30   -19627.833984        8.614117
FIRE:  1894 19:15:30   -19628.292969        9.014242
FIRE:  1895 19:15:31   -19628.763672        9.251897
FIRE:  1896 19:15:31   -19629.207031        9.315012
FIRE:  1897 19:15:31   -19629.693359        9.201715
FIRE:  1898 19:15:32   -19630.222656        8.920348
FIRE:  1899 19:15:32   -19630.732422        8.488596
FIRE:  1900 19:15:32   -19631.257812        7.931420
FIRE:  1901 19:15:33   -19631.787109        7.278353
FIRE:  1902 19:15:33   -19632.333984        6.560891
FIRE:  1903 19:15:33   -19632.830078        5.809848
FIRE:  1904 19:15:34   -19633.316406        5.409034
FIRE:  1905 19:15:34   -19633.818359        5.298222
FIRE:  1906 19:15:34   -19634.310547        5.136705
FIRE:  1907 19:15:35   -19634.781250        5.154324
FIRE:  1908 19:15:35   -19635.183594        5.461137
FIRE:  1909 19:15:35   -19635.554688        5.725109
FIRE:  1910 19:15:36   -19635.898438        5.936424
FIRE:  1911 19:15:36   -19636.253906        6.086355
FIRE:  1912 19:15:36   -19636.587891        6.167387
FIRE:  1913 19:15:37   -19636.896484        6.174565
FIRE:  1914 19:15:37   -19637.191406        6.105371
FIRE:  1915 19:15:37   -19637.480469        5.960447
FIRE:  1916 19:15:38   -19637.798828        5.743093
FIRE:  1917 19:15:38   -19638.080078        5.658224
FIRE:  1918 19:15:38   -19638.365234        5.973282
FIRE:  1919 19:15:39   -19638.730469        6.215743
FIRE:  1920 19:15:39   -19639.009766        6.384139
FIRE:  1921 19:15:39   -19639.306641        6.478578
FIRE:  1922 19:15:40   -19639.673828        6.501084
FIRE:  1923 19:15:40   -19640.015625        6.455658
FIRE:  1924 19:15:40   -19640.341797        6.347867
FIRE:  1925 19:15:41   -19640.730469        6.185009
FIRE:  1926 19:15:41   -19641.046875        5.975851
FIRE:  1927 19:15:41   -19641.402344        5.729581
FIRE:  1928 19:15:42   -19641.693359        5.456364
FIRE:  1929 19:15:42   -19642.039062        5.166120
FIRE:  1930 19:15:42   -19642.343750        5.763345
FIRE:  1931 19:15:43   -19642.707031        6.413122
FIRE:  1932 19:15:43   -19643.076172        6.915723
FIRE:  1933 19:15:43   -19643.455078        7.230198
FIRE:  1934 19:15:44   -19643.861328        7.329422
FIRE:  1935 19:15:44   -19644.285156        7.203392
FIRE:  1936 19:15:44   -19644.722656        6.860957
FIRE:  1937 19:15:45   -19645.144531        6.327323
FIRE:  1938 19:15:45   -19645.625000        5.640056
FIRE:  1939 19:15:45   -19646.101562        5.452896
FIRE:  1940 19:15:46   -19646.554688        5.342588
FIRE:  1941 19:15:46   -19646.982422        5.167355
FIRE:  1942 19:15:46   -19647.419922        4.933742
FIRE:  1943 19:15:47   -19647.814453        4.682324
FIRE:  1944 19:15:47   -19648.259766        4.581734
FIRE:  1945 19:15:47   -19648.572266        4.583176
FIRE:  1946 19:15:48   -19648.880859        4.531928
FIRE:  1947 19:15:48   -19649.179688        4.428961
FIRE:  1948 19:15:48   -19649.439453        4.276763
FIRE:  1949 19:15:49   -19649.710938        4.079205
FIRE:  1950 19:15:49   -19649.941406        4.002635
FIRE:  1951 19:15:49   -19650.177734        4.271453
FIRE:  1952 19:15:50   -19650.392578        4.481654
FIRE:  1953 19:15:50   -19650.646484        4.744692
FIRE:  1954 19:15:50   -19650.894531        4.993650
FIRE:  1955 19:15:51   -19651.128906        5.201168
FIRE:  1956 19:15:51   -19651.410156        5.368536
FIRE:  1957 19:15:51   -19651.673828        5.508934
FIRE:  1958 19:15:52   -19652.007812        5.583311
FIRE:  1959 19:15:52   -19652.259766        5.628746
FIRE:  1960 19:15:53   -19652.619141        5.630367
FIRE:  1961 19:15:53   -19653.001953        5.585156
FIRE:  1962 19:15:53   -19653.380859        5.489479
FIRE:  1963 19:15:54   -19653.714844        5.339326
FIRE:  1964 19:15:54   -19654.142578        5.129910
FIRE:  1965 19:15:54   -19654.488281        4.856599
FIRE:  1966 19:15:55   -19654.853516        4.514770
FIRE:  1967 19:15:55   -19655.160156        4.100476
FIRE:  1968 19:15:55   -19655.517578        3.612050
FIRE:  1969 19:15:56   -19655.830078        3.197724
FIRE:  1970 19:15:56   -19656.115234        3.396428
FIRE:  1971 19:15:56   -19656.337891        3.590058
FIRE:  1972 19:15:57   -19656.613281        3.775684
FIRE:  1973 19:15:57   -19656.792969        4.115356
FIRE:  1974 19:15:57   -19656.943359        4.491433
FIRE:  1975 19:15:58   -19657.123047        4.798687
FIRE:  1976 19:15:58   -19657.257812        5.034269
FIRE:  1977 19:15:58   -19657.398438        5.433404
FIRE:  1978 19:15:59   -19657.541016        6.292002
FIRE:  1979 19:15:59   -19657.652344        7.026964
FIRE:  1980 19:15:59   -19657.884766        7.586442
FIRE:  1981 19:16:00   -19658.070312        7.927338
FIRE:  1982 19:16:00   -19658.308594        8.020842
FIRE:  1983 19:16:00   -19658.578125        7.857460
FIRE:  1984 19:16:01   -19658.855469        7.842347
FIRE:  1985 19:16:01   -19659.212891        9.383490
FIRE:  1986 19:16:01   -19659.605469       10.922474
FIRE:  1987 19:16:02   -19660.060547       12.346539
FIRE:  1988 19:16:02   -19660.515625       13.525546
FIRE:  1989 19:16:02   -19661.027344       14.329821
FIRE:  1990 19:16:03   -19661.650391       14.656200
FIRE:  1991 19:16:03   -19662.314453       14.451948
FIRE:  1992 19:16:03   -19662.984375       13.726560
FIRE:  1993 19:16:04   -19663.736328       12.549911
FIRE:  1994 19:16:04   -19664.445312       11.034868
FIRE:  1995 19:16:04   -19665.134766        9.311242
FIRE:  1996 19:16:05   -19665.794922        7.503541
FIRE:  1997 19:16:05   -19666.388672        5.713373
FIRE:  1998 19:16:05   -19666.871094        4.034305
FIRE:  1999 19:16:06   -19667.347656        4.406400
FIRE:  2000 19:16:06   -19667.744141        4.718669
FIRE:  2001 19:16:06   -19668.103516        4.975239
FIRE:  2002 19:16:07   -19668.339844        5.180024
FIRE:  2003 19:16:07   -19668.554688        5.336150
FIRE:  2004 19:16:07   -19668.779297        5.446025
FIRE:  2005 19:16:08   -19668.916016        5.511161
FIRE:  2006 19:16:08   -19669.087891        5.531955
FIRE:  2007 19:16:08   -19669.255859        5.508345
FIRE:  2008 19:16:09   -19669.396484        5.461951
FIRE:  2009 19:16:09   -19669.541016        5.833501
FIRE:  2010 19:16:09   -19669.767578        6.163315
FIRE:  2011 19:16:10   -19669.968750        6.463394
FIRE:  2012 19:16:10   -19670.246094        6.734553
FIRE:  2013 19:16:10   -19670.544922        6.971653
FIRE:  2014 19:16:11   -19670.849609        7.170034
FIRE:  2015 19:16:11   -19671.175781        7.328515
FIRE:  2016 19:16:11   -19671.570312        7.449477
FIRE:  2017 19:16:12   -19672.017578        7.536224
FIRE:  2018 19:16:12   -19672.435547        7.593264
FIRE:  2019 19:16:12   -19672.919922        7.624043
FIRE:  2020 19:16:13   -19673.443359        7.631958
FIRE:  2021 19:16:13   -19673.939453        7.617358
FIRE:  2022 19:16:13   -19674.486328        7.579190
FIRE:  2023 19:16:14   -19675.017578        7.515403
FIRE:  2024 19:16:14   -19675.560547        7.422410
FIRE:  2025 19:16:14   -19676.083984        7.294717
FIRE:  2026 19:16:15   -19676.673828        7.124313
FIRE:  2027 19:16:15   -19677.226562        7.072759
FIRE:  2028 19:16:15   -19677.789062        7.635928
FIRE:  2029 19:16:16   -19678.404297        7.986188
FIRE:  2030 19:16:16   -19678.992188        8.100696
FIRE:  2031 19:16:16   -19679.607422        7.973705
FIRE:  2032 19:16:17   -19680.181641        7.618546
FIRE:  2033 19:16:17   -19680.755859        7.065092
FIRE:  2034 19:16:17   -19681.291016        6.356703
FIRE:  2035 19:16:18   -19681.802734        5.544947
FIRE:  2036 19:16:18   -19682.236328        4.687800
FIRE:  2037 19:16:18   -19682.603516        4.636478
FIRE:  2038 19:16:19   -19682.878906        5.667384
FIRE:  2039 19:16:19   -19683.105469        7.656107
FIRE:  2040 19:16:19   -19683.248047        9.745400
FIRE:  2041 19:16:20   -19683.353516       11.806921
FIRE:  2042 19:16:20   -19689.046875        5.565808
FIRE:  2043 19:16:20   -19693.427734        5.290108
FIRE:  2044 19:16:21   -19697.164062        4.447613
FIRE:  2045 19:16:21   -19700.544922        4.378299
FIRE:  2046 19:16:21   -19703.652344        3.855162
FIRE:  2047 19:16:22   -19706.544922        3.562105
FIRE:  2048 19:16:22   -19709.220703        3.864406
FIRE:  2049 19:16:22   -19711.765625        3.206217
FIRE:  2050 19:16:23   -19714.080078        2.793991
FIRE:  2051 19:16:23   -19716.265625        3.084717
FIRE:  2052 19:16:23   -19718.369141        2.416578
FIRE:  2053 19:16:24   -19720.333984        2.053736
FIRE:  2054 19:16:24   -19722.230469        2.107634
FIRE:  2055 19:16:24   -19724.025391        1.869222
FIRE:  2056 19:16:25   -19725.763672        1.685178
FIRE:  2057 19:16:25   -19727.376953        1.490860
FIRE:  2058 19:16:25   -19728.968750        1.051314
FIRE:  2059 19:16:26   -19730.458984        1.465153
FIRE:  2060 19:16:26   -19731.923828        1.502194
FIRE:  2061 19:16:26   -19733.306641        1.215329
FIRE:  2062 19:16:27   -19734.650391        1.034941
FIRE:  2063 19:16:27   -19735.974609        0.897672
FIRE:  2064 19:16:27   -19737.279297        1.153135
FIRE:  2065 19:16:28   -19738.519531        1.225416
FIRE:  2066 19:16:28   -19739.746094        1.093764
FIRE:  2067 19:16:28   -19740.912109        0.935663
FIRE:  2068 19:16:29   -19742.125000        0.788056
FIRE:  2069 19:16:29   -19743.210938        0.807662
FIRE:  2070 19:16:29   -19744.359375        0.833994
FIRE:  2071 19:16:30   -19745.416016        0.864996
FIRE:  2072 19:16:30   -19746.519531        0.902320
FIRE:  2073 19:16:30   -19747.521484        0.946831
FIRE:  2074 19:16:31   -19748.566406        0.998505
FIRE:  2075 19:16:31   -19749.595703        1.056764
FIRE:  2076 19:16:31   -19750.642578        1.134082
FIRE:  2077 19:16:32   -19751.587891        1.289847
FIRE:  2078 19:16:32   -19752.599609        1.438124
FIRE:  2079 19:16:32   -19753.638672        1.561948
FIRE:  2080 19:16:33   -19754.681641        1.645112
FIRE:  2081 19:16:33   -19755.662109        1.675725
FIRE:  2082 19:16:33   -19756.714844        1.646677
FIRE:  2083 19:16:34   -19757.746094        1.547295
FIRE:  2084 19:16:34   -19758.779297        1.404053
FIRE:  2085 19:16:34   -19759.765625        1.327056
FIRE:  2086 19:16:35   -19760.722656        1.186737
FIRE:  2087 19:16:35   -19761.644531        0.988184
FIRE:  2088 19:16:35   -19762.449219        1.666324
FIRE:  2089 19:16:36   -19763.289062        2.732853
FIRE:  2090 19:16:36   -19764.048828        3.495646
FIRE:  2091 19:16:36   -19764.865234        3.739383
FIRE:  2092 19:16:37   -19765.744141        3.432721
FIRE:  2093 19:16:37   -19766.705078        2.729372
FIRE:  2094 19:16:37   -19767.767578        2.818402
FIRE:  2095 19:16:38   -19768.785156        2.739141
FIRE:  2096 19:16:38   -19769.851562        2.701805
FIRE:  2097 19:16:38   -19770.970703        2.529879
FIRE:  2098 19:16:39   -19772.009766        2.126060
FIRE:  2099 19:16:39   -19772.968750        2.209583
FIRE:  2100 19:16:39   -19773.970703        3.018856
FIRE:  2101 19:16:40   -19774.957031        3.349209
FIRE:  2102 19:16:40   -19775.960938        3.074878
FIRE:  2103 19:16:40   -19776.988281        2.622763
FIRE:  2104 19:16:41   -19778.035156        2.182583
FIRE:  2105 19:16:41   -19779.013672        1.648741
FIRE:  2106 19:16:41   -19779.863281        1.567727
FIRE:  2107 19:16:42   -19780.605469        2.598517
FIRE:  2108 19:16:42   -19781.201172        4.600760
FIRE:  2109 19:16:42   -19781.814453        6.446292
FIRE:  2110 19:16:43   -19782.453125        7.414490
FIRE:  2111 19:16:43   -19783.328125        6.982082
FIRE:  2112 19:16:44   -19784.298828        5.250685
FIRE:  2113 19:16:44   -19785.294922        2.973382
FIRE:  2114 19:16:44   -19786.195312        1.887569
FIRE:  2115 19:16:45   -19787.117188        2.041996
FIRE:  2116 19:16:45   -19787.876953        3.049297
FIRE:  2117 19:16:45   -19788.623047        3.906109
FIRE:  2118 19:16:46   -19789.365234        4.549396
FIRE:  2119 19:16:46   -19790.160156        4.880447
FIRE:  2120 19:16:46   -19791.015625        4.811470
FIRE:  2121 19:16:47   -19791.931641        4.300469
FIRE:  2122 19:16:47   -19792.933594        3.352658
FIRE:  2123 19:16:47   -19793.935547        3.904615
FIRE:  2124 19:16:48   -19794.941406        4.447872
FIRE:  2125 19:16:48   -19795.970703        5.051020
FIRE:  2126 19:16:48   -19797.054688        5.601686
FIRE:  2127 19:16:49   -19798.210938        5.232609
FIRE:  2128 19:16:49   -19799.408203        5.150496
FIRE:  2129 19:16:49   -19800.449219        4.465339
FIRE:  2130 19:16:50   -19801.236328        4.793740
FIRE:  2131 19:16:50   -19801.818359        7.937491
FIRE:  2132 19:16:50   -19802.273438       10.110972
FIRE:  2133 19:16:51   -19802.884766       10.231308
FIRE:  2134 19:16:51   -19803.630859        8.467031
FIRE:  2135 19:16:51   -19804.476562        5.652328
FIRE:  2136 19:16:52   -19805.203125        3.986351
FIRE:  2137 19:16:52   -19805.751953        3.981148
FIRE:  2138 19:16:52   -19806.275391        5.251008
FIRE:  2139 19:16:53   -19806.808594        6.180984
FIRE:  2140 19:16:53   -19807.376953        6.319674
FIRE:  2141 19:16:53   -19807.966797        5.858696
FIRE:  2142 19:16:54   -19808.568359        5.036015
FIRE:  2143 19:16:54   -19809.160156        4.237614
FIRE:  2144 19:16:54   -19809.759766        4.234329
FIRE:  2145 19:16:55   -19810.419922        4.313823
FIRE:  2146 19:16:55   -19811.050781        3.529810
FIRE:  2147 19:16:55   -19811.630859        3.680186
FIRE:  2148 19:16:56   -19812.173828        4.440298
FIRE:  2149 19:16:56   -19812.730469        4.535482
FIRE:  2150 19:16:56   -19813.320312        3.930781
FIRE:  2151 19:16:57   -19813.962891        2.956492
FIRE:  2152 19:16:57   -19814.632812        3.376567
FIRE:  2153 19:16:57   -19815.310547        3.406398
FIRE:  2154 19:16:58   -19815.992188        3.055629
FIRE:  2155 19:16:58   -19816.658203        2.553704
FIRE:  2156 19:16:58   -19817.326172        2.605422
FIRE:  2157 19:16:59   -19817.957031        2.882433
FIRE:  2158 19:16:59   -19818.578125        3.009455
FIRE:  2159 19:16:59   -19819.169922        3.035678
FIRE:  2160 19:17:00   -19819.742188        3.190850
FIRE:  2161 19:17:00   -19820.384766        3.330297
FIRE:  2162 19:17:00   -19821.019531        2.874771
FIRE:  2163 19:17:01   -19821.705078        2.119684
FIRE:  2164 19:17:01   -19822.390625        1.853425
FIRE:  2165 19:17:01   -19822.984375        1.606329
FIRE:  2166 19:17:02   -19823.531250        1.635421
FIRE:  2167 19:17:02   -19824.062500        2.002263
FIRE:  2168 19:17:02   -19824.603516        2.389832
FIRE:  2169 19:17:03   -19825.226562        2.638417
FIRE:  2170 19:17:03   -19825.816406        2.666314
FIRE:  2171 19:17:03   -19826.492188        2.460872
FIRE:  2172 19:17:04   -19827.138672        2.263981
FIRE:  2173 19:17:04   -19827.798828        2.242399
FIRE:  2174 19:17:04   -19828.394531        2.160253
FIRE:  2175 19:17:05   -19829.007812        2.165199
FIRE:  2176 19:17:05   -19829.521484        2.351768
FIRE:  2177 19:17:05   -19830.144531        2.610565
FIRE:  2178 19:17:06   -19830.722656        2.444247
FIRE:  2179 19:17:06   -19831.347656        2.005067
FIRE:  2180 19:17:06   -19831.919922        1.709994
FIRE:  2181 19:17:07   -19832.494141        1.289594
FIRE:  2182 19:17:07   -19833.019531        0.984813
FIRE:  2183 19:17:07   -19833.484375        1.372489
FIRE:  2184 19:17:08   -19833.871094        1.835333
FIRE:  2185 19:17:08   -19834.330078        2.104816
FIRE:  2186 19:17:08   -19834.736328        2.364173
FIRE:  2187 19:17:09   -19835.193359        2.416219
FIRE:  2188 19:17:09   -19835.667969        2.264364
FIRE:  2189 19:17:09   -19836.207031        1.956377
FIRE:  2190 19:17:10   -19836.734375        1.649315
FIRE:  2191 19:17:10   -19837.269531        1.635906
FIRE:  2192 19:17:10   -19837.792969        1.920994
FIRE:  2193 19:17:11   -19838.361328        2.053338
FIRE:  2194 19:17:11   -19838.908203        1.999879
FIRE:  2195 19:17:11   -19839.535156        1.769613
FIRE:  2196 19:17:12   -19840.083984        1.484704
FIRE:  2197 19:17:12   -19840.693359        1.596867
FIRE:  2198 19:17:12   -19841.259766        1.655609
FIRE:  2199 19:17:13   -19841.748047        1.652957
FIRE:  2200 19:17:13   -19842.324219        1.588842
FIRE:  2201 19:17:13   -19842.808594        1.636128
FIRE:  2202 19:17:14   -19843.296875        1.679014
FIRE:  2203 19:17:14   -19843.732422        2.022907
FIRE:  2204 19:17:14   -19844.191406        2.475333
FIRE:  2205 19:17:15   -19844.726562        2.802416
FIRE:  2206 19:17:15   -19845.238281        2.931360
FIRE:  2207 19:17:15   -19845.759766        2.967473
FIRE:  2208 19:17:16   -19846.316406        2.792916
FIRE:  2209 19:17:16   -19846.873047        2.446310
FIRE:  2210 19:17:16   -19847.433594        1.995504
FIRE:  2211 19:17:17   -19847.972656        1.650233
FIRE:  2212 19:17:17   -19848.544922        1.729629
FIRE:  2213 19:17:17   -19849.111328        1.884124
FIRE:  2214 19:17:18   -19849.597656        1.997090
FIRE:  2215 19:17:18   -19850.175781        2.054348
FIRE:  2216 19:17:18   -19850.701172        2.011031
FIRE:  2217 19:17:19   -19851.259766        2.037267
FIRE:  2218 19:17:19   -19851.822266        2.071664
FIRE:  2219 19:17:19   -19852.343750        2.041800
FIRE:  2220 19:17:20   -19852.816406        2.122604
FIRE:  2221 19:17:20   -19853.332031        2.137387
FIRE:  2222 19:17:20   -19853.726562        3.586039
FIRE:  2223 19:17:21   -19854.140625        5.080347
FIRE:  2224 19:17:21   -19854.521484        6.117022
FIRE:  2225 19:17:21   -19855.003906        6.353433
FIRE:  2226 19:17:22   -19855.560547        5.715319
FIRE:  2227 19:17:22   -19856.275391        4.445869
FIRE:  2228 19:17:22   -19856.906250        2.934612
FIRE:  2229 19:17:23   -19857.554688        2.376183
FIRE:  2230 19:17:23   -19858.146484        2.585718
FIRE:  2231 19:17:23   -19858.636719        2.655911
FIRE:  2232 19:17:24   -19859.152344        2.565437
FIRE:  2233 19:17:24   -19859.548828        2.314423
FIRE:  2234 19:17:24   -19859.982422        2.264086
FIRE:  2235 19:17:25   -19860.419922        2.472579
FIRE:  2236 19:17:25   -19860.824219        2.597655
FIRE:  2237 19:17:25   -19861.248047        2.664091
FIRE:  2238 19:17:26   -19861.669922        2.688705
FIRE:  2239 19:17:26   -19862.064453        2.680438
FIRE:  2240 19:17:26   -19862.443359        2.641637
FIRE:  2241 19:17:27   -19862.865234        2.568743
FIRE:  2242 19:17:27   -19863.330078        2.452994
FIRE:  2243 19:17:27   -19863.765625        2.362372
FIRE:  2244 19:17:28   -19864.212891        2.401610
FIRE:  2245 19:17:28   -19864.662109        2.326904
FIRE:  2246 19:17:28   -19865.107422        2.170275
FIRE:  2247 19:17:29   -19865.572266        2.249037
FIRE:  2248 19:17:29   -19866.025391        2.259458
FIRE:  2249 19:17:30   -19866.367188        2.195732
FIRE:  2250 19:17:30   -19866.712891        2.230078
FIRE:  2251 19:17:30   -19867.031250        3.306119
FIRE:  2252 19:17:31   -19867.388672        4.291022
FIRE:  2253 19:17:31   -19867.824219        5.147297
FIRE:  2254 19:17:31   -19868.351562        5.785033
FIRE:  2255 19:17:32   -19868.970703        6.036167
FIRE:  2256 19:17:32   -19869.619141        5.882198
FIRE:  2257 19:17:32   -19870.320312        5.406471
FIRE:  2258 19:17:33   -19870.998047        4.664201
FIRE:  2259 19:17:33   -19871.609375        3.738485
FIRE:  2260 19:17:33   -19872.195312        2.755338
FIRE:  2261 19:17:34   -19872.699219        2.598820
FIRE:  2262 19:17:34   -19873.101562        3.173938
FIRE:  2263 19:17:34   -19873.505859        3.601122
FIRE:  2264 19:17:35   -19873.888672        3.847000
FIRE:  2265 19:17:35   -19874.218750        3.904780
FIRE:  2266 19:17:35   -19874.601562        3.779107
FIRE:  2267 19:17:36   -19874.949219        3.481863
FIRE:  2268 19:17:36   -19875.322266        3.033987
FIRE:  2269 19:17:36   -19875.720703        2.469108
FIRE:  2270 19:17:37   -19876.060547        2.593628
FIRE:  2271 19:17:37   -19876.453125        2.719777
FIRE:  2272 19:17:37   -19876.878906        2.833502
FIRE:  2273 19:17:38   -19877.269531        2.932065
FIRE:  2274 19:17:38   -19877.687500        3.012740
FIRE:  2275 19:17:38   -19878.099609        3.074236
FIRE:  2276 19:17:39   -19878.482422        3.117526
FIRE:  2277 19:17:39   -19878.835938        3.142464
FIRE:  2278 19:17:39   -19879.183594        3.416099
FIRE:  2279 19:17:40   -19879.437500        3.965094
FIRE:  2280 19:17:40   -19879.771484        4.298033
FIRE:  2281 19:17:40   -19880.048828        4.355900
FIRE:  2282 19:17:41   -19880.365234        4.281411
FIRE:  2283 19:17:41   -19880.654297        3.953763
FIRE:  2284 19:17:41   -19881.041016        3.726203
FIRE:  2285 19:17:42   -19881.431641        3.807837
FIRE:  2286 19:17:42   -19881.810547        3.589598
FIRE:  2287 19:17:42   -19882.175781        3.115163
FIRE:  2288 19:17:43   -19882.550781        2.468657
FIRE:  2289 19:17:43   -19882.882812        2.752726
FIRE:  2290 19:17:43   -19883.210938        3.074864
FIRE:  2291 19:17:44   -19883.513672        3.494046
FIRE:  2292 19:17:44   -19883.794922        3.667870
FIRE:  2293 19:17:44   -19884.091797        3.897942
FIRE:  2294 19:17:45   -19884.429688        4.105060
FIRE:  2295 19:17:45   -19884.783203        4.198055
FIRE:  2296 19:17:45   -19885.148438        4.199870
FIRE:  2297 19:17:46   -19885.552734        4.157841
FIRE:  2298 19:17:46   -19885.990234        4.110100
FIRE:  2299 19:17:46   -19886.460938        4.061865
FIRE:  2300 19:17:47   -19886.953125        3.987689
FIRE:  2301 19:17:47   -19887.447266        3.849371
FIRE:  2302 19:17:47   -19887.949219        3.611540
FIRE:  2303 19:17:48   -19888.457031        3.250166
FIRE:  2304 19:17:48   -19888.984375        2.764320
FIRE:  2305 19:17:48   -19889.480469        2.217377
FIRE:  2306 19:17:49   -19889.953125        2.020415
FIRE:  2307 19:17:49   -19890.388672        1.905310
FIRE:  2308 19:17:49   -19890.779297        2.014268
FIRE:  2309 19:17:50   -19891.056641        2.320207
FIRE:  2310 19:17:50   -19891.302734        2.968241
FIRE:  2311 19:17:50   -19891.494141        3.553016
FIRE:  2312 19:17:51   -19891.619141        4.030589
FIRE:  2313 19:17:51   -19891.695312        4.391562
FIRE:  2314 19:17:51   -19891.781250        4.687873
FIRE:  2315 19:17:52   -19891.923828        5.340968
FIRE:  2316 19:17:52   -19892.167969        5.583178
FIRE:  2317 19:17:52   -19892.494141        5.321527
FIRE:  2318 19:17:53   -19892.886719        4.750506
FIRE:  2319 19:17:53   -19893.386719        4.549419
FIRE:  2320 19:17:53   -19893.833984        4.257262
FIRE:  2321 19:17:54   -19894.310547        3.887920
FIRE:  2322 19:17:54   -19894.736328        3.463233
FIRE:  2323 19:17:54   -19895.099609        3.008835
FIRE:  2324 19:17:55   -19895.404297        2.549134
FIRE:  2325 19:17:55   -19895.679688        2.966556
FIRE:  2326 19:17:55   -19895.935547        3.387686
FIRE:  2327 19:17:56   -19896.210938        3.652234
FIRE:  2328 19:17:56   -19896.455078        3.763148
FIRE:  2329 19:17:56   -19896.759766        3.727968
FIRE:  2330 19:17:57   -19897.074219        3.561976
FIRE:  2331 19:17:57   -19897.398438        3.289249
FIRE:  2332 19:17:57   -19897.703125        2.940270
FIRE:  2333 19:17:58   -19898.023438        3.412488
FIRE:  2334 19:17:58   -19898.384766        3.881347
FIRE:  2335 19:17:58   -19898.734375        4.159452
FIRE:  2336 19:17:59   -19899.087891        4.201764
FIRE:  2337 19:17:59   -19899.494141        4.000241
FIRE:  2338 19:17:59   -19899.861328        3.585797
FIRE:  2339 19:18:00   -19900.273438        3.053098
FIRE:  2340 19:18:00   -19900.697266        2.394564
FIRE:  2341 19:18:00   -19901.072266        1.708625
FIRE:  2342 19:18:01   -19901.429688        1.816046
FIRE:  2343 19:18:01   -19901.738281        1.934089
FIRE:  2344 19:18:01   -19902.041016        2.012630
FIRE:  2345 19:18:02   -19902.244141        2.047825
FIRE:  2346 19:18:02   -19902.429688        2.205751
FIRE:  2347 19:18:02   -19902.585938        2.570863
FIRE:  2348 19:18:03   -19902.761719        2.798298
FIRE:  2349 19:18:03   -19902.951172        2.986081
FIRE:  2350 19:18:03   -19903.183594        3.146164
FIRE:  2351 19:18:04   -19903.447266        3.233758
FIRE:  2352 19:18:04   -19903.726562        3.271332
FIRE:  2353 19:18:04   -19904.013672        3.282891
FIRE:  2354 19:18:05   -19904.384766        3.284616
FIRE:  2355 19:18:05   -19904.738281        3.272941
FIRE:  2356 19:18:05   -19905.091797        3.220606
FIRE:  2357 19:18:06   -19905.414062        3.087936
FIRE:  2358 19:18:06   -19905.720703        2.845867
FIRE:  2359 19:18:06   -19906.052734        2.498036
FIRE:  2360 19:18:07   -19906.398438        2.224811
FIRE:  2361 19:18:07   -19906.650391        2.528294
FIRE:  2362 19:18:07   -19906.958984        2.766321
FIRE:  2363 19:18:08   -19907.238281        2.912794
FIRE:  2364 19:18:08   -19907.460938        2.949940
FIRE:  2365 19:18:08   -19907.775391        2.871710
FIRE:  2366 19:18:09   -19908.001953        2.883751
FIRE:  2367 19:18:09   -19908.240234        3.268071
FIRE:  2368 19:18:09   -19908.451172        3.618952
FIRE:  2369 19:18:10   -19908.707031        3.928528
FIRE:  2370 19:18:10   -19908.810547        4.183447
FIRE:  2371 19:18:10   -19908.931641        4.365676
FIRE:  2372 19:18:11   -19908.968750        5.492726
FIRE:  2373 19:18:11   -19910.736328        2.128938
FIRE:  2374 19:18:11   -19911.689453        1.636704
FIRE:  2375 19:18:12   -19912.326172        2.220345
FIRE:  2376 19:18:12   -19912.968750        2.280063
FIRE:  2377 19:18:12   -19913.675781        2.010297
FIRE:  2378 19:18:13   -19914.429688        1.391305
FIRE:  2379 19:18:13   -19915.005859        1.227312
FIRE:  2380 19:18:13   -19915.519531        1.471210
FIRE:  2381 19:18:14   -19916.021484        1.752805
FIRE:  2382 19:18:14   -19916.595703        1.887378
FIRE:  2383 19:18:14   -19917.296875        2.304628
FIRE:  2384 19:18:15   -19917.958984        2.757871
FIRE:  2385 19:18:15   -19918.695312        2.924131
FIRE:  2386 19:18:15   -19919.458984        2.481283
FIRE:  2387 19:18:16   -19920.095703        1.533428
FIRE:  2388 19:18:16   -19920.558594        1.202325
FIRE:  2389 19:18:17   -19920.802734        3.436448
FIRE:  2390 19:18:17   -19921.007812        4.768483
FIRE:  2391 19:18:17   -19921.580078        3.482951
FIRE:  2392 19:18:18   -19922.091797        1.425417
FIRE:  2393 19:18:18   -19922.466797        1.115697
FIRE:  2394 19:18:18   -19922.787109        2.189435
FIRE:  2395 19:18:19   -19923.068359        2.550377
FIRE:  2396 19:18:19   -19923.462891        2.404686
FIRE:  2397 19:18:19   -19923.953125        1.895688
FIRE:  2398 19:18:20   -19924.443359        1.100158
FIRE:  2399 19:18:20   -19924.871094        0.512357
FIRE:  2400 19:18:20   -19925.250000        1.156939
FIRE:  2401 19:18:21   -19925.630859        1.797524
FIRE:  2402 19:18:21   -19926.083984        1.754154
FIRE:  2403 19:18:21   -19926.544922        1.164319
FIRE:  2404 19:18:22   -19927.001953        0.833228
FIRE:  2405 19:18:22   -19927.455078        0.958038
FIRE:  2406 19:18:22   -19927.910156        1.080969
FIRE:  2407 19:18:23   -19928.371094        1.165590
FIRE:  2408 19:18:23   -19928.863281        1.139785
FIRE:  2409 19:18:23   -19929.443359        1.066751
FIRE:  2410 19:18:24   -19929.937500        0.681493
FIRE:  2411 19:18:24   -19930.324219        0.904195
FIRE:  2412 19:18:24   -19930.625000        2.199398
FIRE:  2413 19:18:25   -19930.919922        3.091559
FIRE:  2414 19:18:25   -19931.222656        2.936788
FIRE:  2415 19:18:25   -19931.652344        2.183146
FIRE:  2416 19:18:26   -19932.052734        1.543596
FIRE:  2417 19:18:26   -19932.410156        1.893356
FIRE:  2418 19:18:26   -19932.808594        2.165291
FIRE:  2419 19:18:27   -19933.246094        1.922189
FIRE:  2420 19:18:27   -19933.695312        1.264053
FIRE:  2421 19:18:27   -19934.152344        1.445033
FIRE:  2422 19:18:28   -19934.636719        1.712115
FIRE:  2423 19:18:28   -19935.091797        2.003353
FIRE:  2424 19:18:28   -19935.644531        2.316567
FIRE:  2425 19:18:29   -19936.250000        2.709170
FIRE:  2426 19:18:29   -19937.021484        3.152855
FIRE:  2427 19:18:29   -19937.845703        2.968500
FIRE:  2428 19:18:30   -19938.468750        1.352293
FIRE:  2429 19:18:30   -19938.351562        7.662323
FIRE:  2430 19:18:30   -19938.876953        2.831465
FIRE:  2431 19:18:31   -19939.054688        4.758363
FIRE:  2432 19:18:31   -19939.382812        1.322080
FIRE:  2433 19:18:31   -19939.396484        1.123642
FIRE:  2434 19:18:32   -19939.466797        0.753659
FIRE:  2435 19:18:32   -19939.523438        0.480791
FIRE:  2436 19:18:32   -19939.578125        0.826718
FIRE:  2437 19:18:33   -19939.695312        1.005095
FIRE:  2438 19:18:33   -19939.763672        0.892144
FIRE:  2439 19:18:33   -19939.902344        0.540824
FIRE:  2440 19:18:34   -19940.048828        0.416859
FIRE:  2441 19:18:34   -19940.208984        0.723864
FIRE:  2442 19:18:34   -19940.462891        0.664590
FIRE:  2443 19:18:35   -19940.699219        0.260066
FIRE:  2444 19:18:35   -19940.980469        0.519779
FIRE:  2445 19:18:35   -19941.345703        0.326038
FIRE:  2446 19:18:36   -19941.720703        0.354583
FIRE:  2447 19:18:36   -19942.080078        0.397313
FIRE:  2448 19:18:36   -19942.388672        0.441944
FIRE:  2449 19:18:37   -19942.728516        0.490984
FIRE:  2450 19:18:37   -19943.109375        0.547854
FIRE:  2451 19:18:37   -19943.478516        0.614419
FIRE:  2452 19:18:38   -19943.832031        0.688282
FIRE:  2453 19:18:38   -19944.187500        0.762359
FIRE:  2454 19:18:38   -19944.570312        0.826194
FIRE:  2455 19:18:39   -19944.955078        0.860456
FIRE:  2456 19:18:39   -19945.322266        0.829066
FIRE:  2457 19:18:39   -19945.750000        0.683812
FIRE:  2458 19:18:40   -19946.121094        0.399759
FIRE:  2459 19:18:40   -19946.427734        0.324263
FIRE:  2460 19:18:40   -19946.742188        0.685764
FIRE:  2461 19:18:41   -19947.039062        1.005745
FIRE:  2462 19:18:41   -19947.371094        0.966752
FIRE:  2463 19:18:41   -19947.681641        0.705647
FIRE:  2464 19:18:42   -19948.015625        0.636052
FIRE:  2465 19:18:42   -19948.353516        0.434703
FIRE:  2466 19:18:42   -19948.716797        0.461761
FIRE:  2467 19:18:43   -19949.050781        0.476006
FIRE:  2468 19:18:43   -19949.441406        0.470231
FIRE:  2469 19:18:43   -19949.794922        0.436833
FIRE:  2470 19:18:44   -19950.095703        0.371081
FIRE:  2471 19:18:44   -19950.464844        0.279269
FIRE:  2472 19:18:44   -19950.804688        0.255368
FIRE:  2473 19:18:45   -19951.144531        0.247709
FIRE:  2474 19:18:45   -19951.474609        0.260292
FIRE:  2475 19:18:45   -19951.779297        0.357922
FIRE:  2476 19:18:46   -19952.115234        0.477951
FIRE:  2477 19:18:46   -19952.451172        0.543508
FIRE:  2478 19:18:46   -19952.724609        0.548454
FIRE:  2479 19:18:47   -19953.074219        0.501053
FIRE:  2480 19:18:47   -19953.429688        0.418343
FIRE:  2481 19:18:47   -19953.798828        0.376705
FIRE:  2482 19:18:48   -19954.136719        0.416834
FIRE:  2483 19:18:48   -19954.521484        0.461223
FIRE:  2484 19:18:48   -19954.898438        0.521534
FIRE:  2485 19:18:49   -19955.263672        0.591154
FIRE:  2486 19:18:49   -19955.671875        0.670603
FIRE:  2487 19:18:49   -19956.029297        0.760398
FIRE:  2488 19:18:50   -19956.425781        0.860166
FIRE:  2489 19:18:50   -19956.857422        0.968166
FIRE:  2490 19:18:50   -19957.267578        1.082976
FIRE:  2491 19:18:51   -19957.699219        1.201978
FIRE:  2492 19:18:51   -19958.185547        1.316725
FIRE:  2493 19:18:51   -19958.666016        1.407182
FIRE:  2494 19:18:52   -19959.179688        1.429300
FIRE:  2495 19:18:52   -19959.669922        1.295936
FIRE:  2496 19:18:52   -19960.078125        0.914251
FIRE:  2497 19:18:53   -19960.431641        1.167326
FIRE:  2498 19:18:53   -19960.673828        2.670806
FIRE:  2499 19:18:54   -19960.873047        3.845559
FIRE:  2500 19:18:54   -19961.152344        3.810613
FIRE:  2501 19:18:54   -19961.587891        2.507176
FIRE:  2502 19:18:55   -19961.982422        1.527732
FIRE:  2503 19:18:55   -19962.287109        1.322828
FIRE:  2504 19:18:55   -19962.564453        1.860784
FIRE:  2505 19:18:56   -19962.882812        2.049339
FIRE:  2506 19:18:56   -19963.195312        2.184352
FIRE:  2507 19:18:56   -19963.505859        2.038773
FIRE:  2508 19:18:57   -19963.812500        1.588826
FIRE:  2509 19:18:57   -19964.162109        1.324020
FIRE:  2510 19:18:57   -19964.582031        1.133821
FIRE:  2511 19:18:58   -19964.925781        1.360165
FIRE:  2512 19:18:58   -19965.308594        1.671608
FIRE:  2513 19:18:58   -19965.720703        1.664447
FIRE:  2514 19:18:59   -19966.125000        1.353954
FIRE:  2515 19:18:59   -19966.578125        1.279719
FIRE:  2516 19:18:59   -19966.937500        1.135599
FIRE:  2517 19:19:00   -19967.304688        1.925288
FIRE:  2518 19:19:00   -19967.568359        3.524621
FIRE:  2519 19:19:00   -19967.876953        4.344839
FIRE:  2520 19:19:01   -19968.308594        3.636832
FIRE:  2521 19:19:01   -19968.794922        2.006828
FIRE:  2522 19:19:01   -19969.119141        1.219844
FIRE:  2523 19:19:02   -19969.236328        3.698507
FIRE:  2524 19:19:02   -19969.724609        1.200916
FIRE:  2525 19:19:02   -19969.912109        2.087476
FIRE:  2526 19:19:03   -19970.095703        0.923999
FIRE:  2527 19:19:03   -19970.171875        1.689765
FIRE:  2528 19:19:03   -19970.220703        1.159885
FIRE:  2529 19:19:04   -19970.302734        0.710272
FIRE:  2530 19:19:04   -19970.357422        0.913505
FIRE:  2531 19:19:04   -19970.410156        1.509088
FIRE:  2532 19:19:05   -19970.480469        1.308845
FIRE:  2533 19:19:05   -19970.611328        1.228094
FIRE:  2534 19:19:05   -19970.728516        1.289301
FIRE:  2535 19:19:06   -19970.910156        1.277350
FIRE:  2536 19:19:06   -19971.103516        1.171201
FIRE:  2537 19:19:06   -19971.326172        0.973163
FIRE:  2538 19:19:07   -19971.605469        0.985478
FIRE:  2539 19:19:07   -19971.916016        0.466769
FIRE:  2540 19:19:07   -19972.183594        0.924687
FIRE:  2541 19:19:08   -19972.507812        0.491448
FIRE:  2542 19:19:08   -19972.837891        0.786563
FIRE:  2543 19:19:08   -19973.162109        0.637665
FIRE:  2544 19:19:09   -19973.492188        0.736019
FIRE:  2545 19:19:09   -19973.810547        0.598494
FIRE:  2546 19:19:09   -19974.148438        0.594713
FIRE:  2547 19:19:10   -19974.494141        0.481464
FIRE:  2548 19:19:10   -19974.861328        0.552163
FIRE:  2549 19:19:10   -19975.187500        0.578838
FIRE:  2550 19:19:11   -19975.597656        0.610941
FIRE:  2551 19:19:11   -19975.986328        0.609913
FIRE:  2552 19:19:11   -19976.365234        0.561729
FIRE:  2553 19:19:12   -19976.730469        0.514727
FIRE:  2554 19:19:12   -19977.130859        0.509819
FIRE:  2555 19:19:12   -19977.503906        0.484915
FIRE:  2556 19:19:13   -19977.878906        0.431906
FIRE:  2557 19:19:13   -19978.173828        0.425063
FIRE:  2558 19:19:13   -19978.462891        0.444506
FIRE:  2559 19:19:14   -19978.769531        0.540309
FIRE:  2560 19:19:14   -19979.060547        0.643748
FIRE:  2561 19:19:14   -19979.410156        0.563598
FIRE:  2562 19:19:15   -19979.751953        0.534332
FIRE:  2563 19:19:15   -19980.076172        0.409153
FIRE:  2564 19:19:15   -19980.449219        0.477245
FIRE:  2565 19:19:16   -19980.794922        0.559994
FIRE:  2566 19:19:16   -19981.101562        0.670820
FIRE:  2567 19:19:16   -19981.464844        0.825683
FIRE:  2568 19:19:17   -19981.849609        1.039095
FIRE:  2569 19:19:17   -19982.246094        1.320879
FIRE:  2570 19:19:17   -19982.726562        1.659465
FIRE:  2571 19:19:18   -19983.167969        1.986933
FIRE:  2572 19:19:18   -19983.765625        2.105065
FIRE:  2573 19:19:18   -19984.355469        1.570643
FIRE:  2574 19:19:19   -19984.789062        1.414767
FIRE:  2575 19:19:19   -19984.968750        4.096662
FIRE:  2576 19:19:19   -19985.208984        2.785101
FIRE:  2577 19:19:20   -19985.339844        3.264557
FIRE:  2578 19:19:20   -19985.671875        0.866328
FIRE:  2579 19:19:20   -19985.693359        0.865736
FIRE:  2580 19:19:21   -19985.744141        0.862806
FIRE:  2581 19:19:21   -19985.781250        0.854379
FIRE:  2582 19:19:21   -19985.837891        0.837459
FIRE:  2583 19:19:22   -19985.904297        0.810720
FIRE:  2584 19:19:22   -19986.023438        0.774849
FIRE:  2585 19:19:22   -19986.123047        0.732241
FIRE:  2586 19:19:23   -19986.269531        0.681592
FIRE:  2587 19:19:23   -19986.447266        0.625736
FIRE:  2588 19:19:23   -19986.628906        0.566026
FIRE:  2589 19:19:24   -19986.833984        0.501834
FIRE:  2590 19:19:24   -19987.119141        0.432316
FIRE:  2591 19:19:24   -19987.447266        0.439337
FIRE:  2592 19:19:25   -19987.753906        0.290585
FIRE:  2593 19:19:25   -19988.042969        0.268768
FIRE:  2594 19:19:25   -19988.349609        0.288027
FIRE:  2595 19:19:26   -19988.666016        0.236767
FIRE:  2596 19:19:26   -19988.869141        0.310560
FIRE:  2597 19:19:26   -19989.119141        0.236942
FIRE:  2598 19:19:27   -19989.345703        0.267483
FIRE:  2599 19:19:27   -19989.623047        0.284873
FIRE:  2600 19:19:27   -19989.882812        0.260606
FIRE:  2601 19:19:28   -19990.166016        0.255685
FIRE:  2602 19:19:28   -19990.412109        0.276017
FIRE:  2603 19:19:28   -19990.675781        0.294926
FIRE:  2604 19:19:29   -19990.957031        0.310521
FIRE:  2605 19:19:29   -19991.183594        0.321521
FIRE:  2606 19:19:29   -19991.416016        0.327959
FIRE:  2607 19:19:30   -19991.691406        0.331096
FIRE:  2608 19:19:30   -19992.001953        0.333370
FIRE:  2609 19:19:30   -19992.289062        0.336055
FIRE:  2610 19:19:31   -19992.537109        0.340213
FIRE:  2611 19:19:31   -19992.796875        0.345653
FIRE:  2612 19:19:31   -19993.042969        0.349617
FIRE:  2613 19:19:32   -19993.320312        0.372779
FIRE:  2614 19:19:32   -19993.562500        0.388954
FIRE:  2615 19:19:32   -19993.863281        0.392136
FIRE:  2616 19:19:33   -19994.126953        0.380281
FIRE:  2617 19:19:33   -19994.390625        0.357021
FIRE:  2618 19:19:33   -19994.644531        0.332207
FIRE:  2619 19:19:34   -19994.927734        0.320817
FIRE:  2620 19:19:34   -19995.210938        0.336260
FIRE:  2621 19:19:34   -19995.458984        0.379001
FIRE:  2622 19:19:35   -19995.746094        0.434652
FIRE:  2623 19:19:35   -19995.980469        0.480087
FIRE:  2624 19:19:35   -19996.240234        0.488995
FIRE:  2625 19:19:36   -19996.494141        0.441585
FIRE:  2626 19:19:36   -19996.722656        0.331846
FIRE:  2627 19:19:36   -19997.000000        0.323379
FIRE:  2628 19:19:37   -19997.242188        0.351148
FIRE:  2629 19:19:37   -19997.503906        0.384182
FIRE:  2630 19:19:37   -19997.699219        0.489001
FIRE:  2631 19:19:38   -19997.968750        0.538648
FIRE:  2632 19:19:38   -19998.201172        0.520623
FIRE:  2633 19:19:38   -19998.482422        0.434867
FIRE:  2634 19:19:39   -19998.695312        0.299267
FIRE:  2635 19:19:39   -19998.939453        0.233790
FIRE:  2636 19:19:39   -19999.154297        0.304521
FIRE:  2637 19:19:40   -19999.378906        0.398466
FIRE:  2638 19:19:40   -19999.619141        0.426438
FIRE:  2639 19:19:40   -19999.822266        0.375302
FIRE:  2640 19:19:41   -20000.054688        0.302387
FIRE:  2641 19:19:41   -20000.308594        0.263978
FIRE:  2642 19:19:41   -20000.556641        0.213284
FIRE:  2643 19:19:42   -20000.765625        0.306808
FIRE:  2644 19:19:42   -20000.964844        0.355515
FIRE:  2645 19:19:42   -20001.197266        0.332479
FIRE:  2646 19:19:43   -20001.396484        0.260880
FIRE:  2647 19:19:43   -20001.667969        0.283098
FIRE:  2648 19:19:43   -20001.873047        0.303591
FIRE:  2649 19:19:44   -20002.085938        0.325253
FIRE:  2650 19:19:44   -20002.308594        0.351601
FIRE:  2651 19:19:45   -20002.539062        0.385044
FIRE:  2652 19:19:45   -20002.808594        0.426965
FIRE:  2653 19:19:45   -20003.078125        0.478409
FIRE:  2654 19:19:46   -20003.289062        0.540059
FIRE:  2655 19:19:46   -20003.544922        0.611009
FIRE:  2656 19:19:46   -20003.835938        0.687361
FIRE:  2657 19:19:47   -20004.148438        0.761927
FIRE:  2658 19:19:47   -20004.402344        0.822428
FIRE:  2659 19:19:47   -20004.689453        0.845637
FIRE:  2660 19:19:48   -20005.009766        0.790175
FIRE:  2661 19:19:48   -20005.298828        0.593011
FIRE:  2662 19:19:48   -20005.548828        0.339218
FIRE:  2663 19:19:49   -20005.783203        0.863410
FIRE:  2664 19:19:49   -20005.943359        1.470183
FIRE:  2665 19:19:49   -20006.097656        2.226794
FIRE:  2666 19:19:50   -20006.224609        2.683887
FIRE:  2667 19:19:50   -20006.402344        2.570193
FIRE:  2668 19:19:50   -20006.583984        1.986597
FIRE:  2669 19:19:51   -20006.841797        1.749535
FIRE:  2670 19:19:51   -20006.998047        1.357185
FIRE:  2671 19:19:51   -20007.205078        1.165764
FIRE:  2672 19:19:52   -20007.408203        1.126802
FIRE:  2673 19:19:52   -20007.546875        1.013429
FIRE:  2674 19:19:52   -20007.796875        0.962862
FIRE:  2675 19:19:53   -20008.019531        1.046926
FIRE:  2676 19:19:53   -20008.253906        1.057132
FIRE:  2677 19:19:53   -20008.476562        1.005008
FIRE:  2678 19:19:54   -20008.730469        0.939376
FIRE:  2679 19:19:54   -20009.023438        0.915834
FIRE:  2680 19:19:54   -20009.314453        0.902700
FIRE:  2681 19:19:55   -20009.662109        0.933810
FIRE:  2682 19:19:55   -20009.957031        0.845216
FIRE:  2683 19:19:55   -20010.210938        0.756306
FIRE:  2684 19:19:56   -20010.406250        0.907178
FIRE:  2685 19:19:56   -20010.500000        2.711534
FIRE:  2686 19:19:56   -20010.644531        3.935983
FIRE:  2687 19:19:57   -20010.550781        3.970512
FIRE:  2688 19:19:57   -20010.945312        1.636084
FIRE:  2689 19:19:57   -20010.705078        6.493854
FIRE:  2690 19:19:58   -20010.966797        3.167265
FIRE:  2691 19:19:58   -20011.101562        0.572635
FIRE:  2692 19:19:58   -20011.058594        2.253843
FIRE:  2693 19:19:59   -20011.066406        2.150732
FIRE:  2694 19:19:59   -20011.083984        1.941959
FIRE:  2695 19:19:59   -20011.109375        1.624777
FIRE:  2696 19:20:00   -20011.119141        1.203863
FIRE:  2697 19:20:00   -20011.160156        0.721993
FIRE:  2698 19:20:00   -20011.181641        0.469316
FIRE:  2699 19:20:01   -20011.199219        0.839627
FIRE:  2700 19:20:01   -20011.191406        1.323024
FIRE:  2701 19:20:01   -20011.222656        1.607959
FIRE:  2702 19:20:02   -20011.255859        1.527666
FIRE:  2703 19:20:02   -20011.294922        1.045304
FIRE:  2704 19:20:02   -20011.345703        0.506922
FIRE:  2705 19:20:03   -20011.398438        0.837608
FIRE:  2706 19:20:03   -20011.435547        1.309919
FIRE:  2707 19:20:03   -20011.498047        1.226883
FIRE:  2708 19:20:04   -20011.640625        0.487981
FIRE:  2709 19:20:04   -20011.744141        0.875436
FIRE:  2710 19:20:04   -20011.845703        1.011631
FIRE:  2711 19:20:05   -20012.000000        0.485085
FIRE:  2712 19:20:05   -20012.179688        1.283017
FIRE:  2713 19:20:05   -20012.378906        0.349025
FIRE:  2714 19:20:06   -20012.589844        1.070574
FIRE:  2715 19:20:06   -20012.789062        1.102111
FIRE:  2716 19:20:06   -20013.080078        0.377985
FIRE:  2717 19:20:07   -20013.298828        1.150629
FIRE:  2718 19:20:07   -20013.556641        0.727245
FIRE:  2719 19:20:07   -20013.792969        0.277643
FIRE:  2720 19:20:08   -20014.023438        0.883601
FIRE:  2721 19:20:08   -20014.255859        0.493668
FIRE:  2722 19:20:08   -20014.546875        0.361643
FIRE:  2723 19:20:09   -20014.798828        0.656378
FIRE:  2724 19:20:09   -20015.093750        0.413956
FIRE:  2725 19:20:09   -20015.373047        0.401252
FIRE:  2726 19:20:10   -20015.658203        0.475491
FIRE:  2727 19:20:10   -20015.933594        0.523317
FIRE:  2728 19:20:10   -20016.199219        0.634681
FIRE:  2729 19:20:11   -20016.484375        0.741554
FIRE:  2730 19:20:11   -20016.748047        0.777407
FIRE:  2731 19:20:11   -20017.060547        0.725199
FIRE:  2732 19:20:12   -20017.333984        0.565500
FIRE:  2733 19:20:12   -20017.572266        0.600688
FIRE:  2734 19:20:12   -20017.765625        0.971550
FIRE:  2735 19:20:13   -20017.984375        0.945493
FIRE:  2736 19:20:13   -20018.203125        0.705921
FIRE:  2737 19:20:13   -20018.498047        0.611786
FIRE:  2738 19:20:14   -20018.783203        0.400343
FIRE:  2739 19:20:14   -20019.013672        0.351617
FIRE:  2740 19:20:14   -20019.265625        0.408712
FIRE:  2741 19:20:15   -20019.505859        0.468980
FIRE:  2742 19:20:15   -20019.736328        0.509452
FIRE:  2743 19:20:15   -20019.982422        0.449702
FIRE:  2744 19:20:16   -20020.248047        0.357373
FIRE:  2745 19:20:16   -20020.500000        0.417647
FIRE:  2746 19:20:16   -20020.724609        0.399263
FIRE:  2747 19:20:17   -20020.964844        0.374972
FIRE:  2748 19:20:17   -20021.218750        0.441272
FIRE:  2749 19:20:17   -20021.496094        0.406877
FIRE:  2750 19:20:18   -20021.753906        0.374278
FIRE:  2751 19:20:18   -20021.994141        0.383494
FIRE:  2752 19:20:18   -20022.234375        0.364216
FIRE:  2753 19:20:19   -20022.429688        0.431333
FIRE:  2754 19:20:19   -20022.638672        0.573811
FIRE:  2755 19:20:19   -20022.867188        0.625700
FIRE:  2756 19:20:20   -20023.029297        0.576003
FIRE:  2757 19:20:20   -20023.222656        0.452034
FIRE:  2758 19:20:20   -20023.439453        0.464602
FIRE:  2759 19:20:21   -20023.628906        0.594645
FIRE:  2760 19:20:21   -20023.845703        0.734924
FIRE:  2761 19:20:21   -20024.042969        0.799758
FIRE:  2762 19:20:22   -20024.248047        0.763690
FIRE:  2763 19:20:22   -20024.476562        0.646216
FIRE:  2764 19:20:22   -20024.675781        0.499980
FIRE:  2765 19:20:23   -20024.880859        0.381813
FIRE:  2766 19:20:23   -20025.105469        0.323504
FIRE:  2767 19:20:23   -20025.277344        0.317839
FIRE:  2768 19:20:24   -20025.449219        0.330922
FIRE:  2769 19:20:24   -20025.662109        0.342676
FIRE:  2770 19:20:24   -20025.902344        0.351327
FIRE:  2771 19:20:25   -20026.103516        0.381489
FIRE:  2772 19:20:25   -20026.316406        0.441222
FIRE:  2773 19:20:25   -20026.525391        0.511251
FIRE:  2774 19:20:26   -20026.712891        0.592980
FIRE:  2775 19:20:26   -20026.947266        0.687124
FIRE:  2776 19:20:26   -20027.208984        0.792358
FIRE:  2777 19:20:27   -20027.511719        0.902758
FIRE:  2778 19:20:27   -20027.771484        1.004269
FIRE:  2779 19:20:27   -20028.060547        1.067143
FIRE:  2780 19:20:28   -20028.388672        1.033851
FIRE:  2781 19:20:28   -20028.671875        0.824353
FIRE:  2782 19:20:28   -20028.955078        0.846112
FIRE:  2783 19:20:29   -20029.197266        1.277827
FIRE:  2784 19:20:29   -20029.398438        1.727783
FIRE:  2785 19:20:29   -20029.658203        2.379155
FIRE:  2786 19:20:30   -20029.966797        2.547156
FIRE:  2787 19:20:30   -20030.322266        2.034318
FIRE:  2788 19:20:30   -20030.683594        1.259040
FIRE:  2789 19:20:31   -20031.035156        1.928851
FIRE:  2790 19:20:31   -20031.351562        2.121858
FIRE:  2791 19:20:31   -20031.640625        1.970214
FIRE:  2792 19:20:32   -20031.843750        3.012919
FIRE:  2793 19:20:32   -20032.115234        3.325364
FIRE:  2794 19:20:32   -20032.437500        2.692312
FIRE:  2795 19:20:33   -20032.773438        1.541143
FIRE:  2796 19:20:33   -20033.048828        0.904928
FIRE:  2797 19:20:33   -20033.156250        1.556429
FIRE:  2798 19:20:34   -20033.285156        2.213931
FIRE:  2799 19:20:34   -20033.458984        2.407309
FIRE:  2800 19:20:34   -20033.613281        2.122558
FIRE:  2801 19:20:35   -20033.820312        1.485780
FIRE:  2802 19:20:35   -20034.025391        1.677984
FIRE:  2803 19:20:35   -20034.166016        1.755458
FIRE:  2804 19:20:36   -20034.328125        1.502329
FIRE:  2805 19:20:36   -20034.470703        2.246893
FIRE:  2806 19:20:36   -20034.648438        2.578812
FIRE:  2807 19:20:37   -20034.869141        2.384013
FIRE:  2808 19:20:37   -20035.083984        1.767532
FIRE:  2809 19:20:37   -20035.355469        1.012797
FIRE:  2810 19:20:38   -20035.541016        0.891726
FIRE:  2811 19:20:38   -20035.718750        1.234921
FIRE:  2812 19:20:38   -20035.898438        1.328836
FIRE:  2813 19:20:39   -20036.082031        1.616054
FIRE:  2814 19:20:39   -20036.277344        1.554888
FIRE:  2815 19:20:39   -20036.462891        1.202313
FIRE:  2816 19:20:40   -20036.687500        1.004786
FIRE:  2817 19:20:40   -20036.863281        0.767685
FIRE:  2818 19:20:40   -20036.994141        0.873149
FIRE:  2819 19:20:41   -20037.132812        1.383848
FIRE:  2820 19:20:41   -20037.326172        1.619063
FIRE:  2821 19:20:41   -20037.513672        1.440837
FIRE:  2822 19:20:42   -20037.714844        0.972650
FIRE:  2823 19:20:42   -20037.935547        0.868955
FIRE:  2824 19:20:42   -20038.144531        1.070089
FIRE:  2825 19:20:43   -20038.302734        1.450460
FIRE:  2826 19:20:43   -20038.550781        1.535143
FIRE:  2827 19:20:43   -20038.716797        1.351682
FIRE:  2828 19:20:44   -20038.951172        0.978206
FIRE:  2829 19:20:44   -20039.144531        0.769160
FIRE:  2830 19:20:44   -20039.373047        0.786408
FIRE:  2831 19:20:45   -20039.554688        1.044965
FIRE:  2832 19:20:45   -20039.751953        1.116414
FIRE:  2833 19:20:45   -20039.943359        1.043704
FIRE:  2834 19:20:46   -20040.132812        0.927204
FIRE:  2835 19:20:46   -20040.291016        0.778930
FIRE:  2836 19:20:46   -20040.457031        0.888631
FIRE:  2837 19:20:47   -20040.599609        0.790850
FIRE:  2838 19:20:47   -20040.753906        0.917892
FIRE:  2839 19:20:47   -20040.865234        1.017044
FIRE:  2840 19:20:48   -20041.003906        1.023308
FIRE:  2841 19:20:48   -20041.164062        0.922514
FIRE:  2842 19:20:48   -20041.359375        0.757370
FIRE:  2843 19:20:49   -20041.550781        0.702840
FIRE:  2844 19:20:49   -20041.732422        0.734824
FIRE:  2845 19:20:49   -20041.916016        0.712598
FIRE:  2846 19:20:50   -20042.068359        0.788204
FIRE:  2847 19:20:50   -20042.228516        0.790544
FIRE:  2848 19:20:50   -20042.384766        0.678528
FIRE:  2849 19:20:51   -20042.550781        0.640685
FIRE:  2850 19:20:51   -20042.667969        0.646164
FIRE:  2851 19:20:51   -20042.833984        0.594890
FIRE:  2852 19:20:52   -20042.976562        0.600024
FIRE:  2853 19:20:52   -20043.152344        0.693266
FIRE:  2854 19:20:52   -20043.279297        0.631097
FIRE:  2855 19:20:53   -20043.468750        0.581309
FIRE:  2856 19:20:53   -20043.621094        0.736130
FIRE:  2857 19:20:53   -20043.816406        0.815427
FIRE:  2858 19:20:54   -20043.962891        0.765395
FIRE:  2859 19:20:54   -20044.144531        0.755335
FIRE:  2860 19:20:54   -20044.263672        0.750465
FIRE:  2861 19:20:55   -20044.492188        0.702066
FIRE:  2862 19:20:55   -20044.681641        0.619610
FIRE:  2863 19:20:55   -20044.886719        0.624071
FIRE:  2864 19:20:56   -20045.029297        0.695289
FIRE:  2865 19:20:56   -20045.203125        0.589893
FIRE:  2866 19:20:56   -20045.355469        0.688500
FIRE:  2867 19:20:57   -20045.505859        0.840806
FIRE:  2868 19:20:57   -20045.626953        0.946566
FIRE:  2869 19:20:57   -20045.826172        0.990457
FIRE:  2870 19:20:58   -20045.953125        0.969798
FIRE:  2871 19:20:58   -20046.154297        0.894455
FIRE:  2872 19:20:58   -20046.380859        0.783464
FIRE:  2873 19:20:59   -20046.554688        0.658641
FIRE:  2874 19:20:59   -20046.757812        0.539024
FIRE:  2875 19:20:59   -20046.972656        0.439167
FIRE:  2876 19:21:00   -20047.181641        0.544830
FIRE:  2877 19:21:00   -20047.373047        0.577083
FIRE:  2878 19:21:00   -20047.539062        0.530778
FIRE:  2879 19:21:01   -20047.746094        0.515763
FIRE:  2880 19:21:01   -20047.939453        0.497329
FIRE:  2881 19:21:01   -20048.148438        0.421965
FIRE:  2882 19:21:02   -20048.333984        0.501379
FIRE:  2883 19:21:02   -20048.501953        0.537156
FIRE:  2884 19:21:02   -20048.695312        0.690109
FIRE:  2885 19:21:03   -20048.900391        0.862823
FIRE:  2886 19:21:03   -20049.033203        0.997246
FIRE:  2887 19:21:03   -20049.199219        1.070887
FIRE:  2888 19:21:04   -20049.375000        1.071024
FIRE:  2889 19:21:04   -20049.546875        0.998156
FIRE:  2890 19:21:04   -20049.697266        0.888491
FIRE:  2891 19:21:05   -20049.898438        1.082465
FIRE:  2892 19:21:05   -20050.007812        1.210324
FIRE:  2893 19:21:05   -20050.179688        1.249193
FIRE:  2894 19:21:06   -20050.373047        1.194764
FIRE:  2895 19:21:06   -20050.523438        1.061473
FIRE:  2896 19:21:06   -20050.689453        0.875566
FIRE:  2897 19:21:07   -20050.845703        0.805840
FIRE:  2898 19:21:07   -20051.033203        0.802292
FIRE:  2899 19:21:07   -20051.179688        0.823467
FIRE:  2900 19:21:08   -20051.386719        0.803912
FIRE:  2901 19:21:08   -20051.519531        0.749416
FIRE:  2902 19:21:08   -20051.654297        0.670747
FIRE:  2903 19:21:09   -20051.757812        0.592852
FIRE:  2904 19:21:09   -20051.888672        0.641130
FIRE:  2905 19:21:09   -20052.027344        0.711632
FIRE:  2906 19:21:10   -20052.087891        0.765533
FIRE:  2907 19:21:10   -20052.197266        0.865154
FIRE:  2908 19:21:10   -20052.318359        0.917973
FIRE:  2909 19:21:11   -20052.388672        0.920372
FIRE:  2910 19:21:11   -20052.482422        0.877118
FIRE:  2911 19:21:11   -20052.595703        0.799711
FIRE:  2912 19:21:12   -20052.660156        0.702627
FIRE:  2913 19:21:12   -20052.759766        0.599457
FIRE:  2914 19:21:13   -20052.847656        0.635951
FIRE:  2915 19:21:13   -20052.904297        0.650079
FIRE:  2916 19:21:13   -20053.025391        0.672453
FIRE:  2917 19:21:14   -20053.134766        0.673920
FIRE:  2918 19:21:14   -20053.248047        0.627690
FIRE:  2919 19:21:14   -20053.335938        0.612895
FIRE:  2920 19:21:15   -20053.451172        0.735444
FIRE:  2921 19:21:15   -20053.554688        0.816426
FIRE:  2922 19:21:15   -20053.667969        0.822595
FIRE:  2923 19:21:16   -20053.802734        0.737034
FIRE:  2924 19:21:16   -20053.931641        0.680807
FIRE:  2925 19:21:16   -20054.052734        0.578461
FIRE:  2926 19:21:17   -20054.173828        0.591579
FIRE:  2927 19:21:17   -20054.349609        0.590751
FIRE:  2928 19:21:17   -20054.480469        0.573142
FIRE:  2929 19:21:18   -20054.578125        0.640842
FIRE:  2930 19:21:18   -20054.701172        0.709945
FIRE:  2931 19:21:18   -20054.843750        0.703453
FIRE:  2932 19:21:19   -20054.908203        0.640937
FIRE:  2933 19:21:19   -20055.027344        0.553886
FIRE:  2934 19:21:19   -20055.132812        0.560776
FIRE:  2935 19:21:20   -20055.271484        0.591312
FIRE:  2936 19:21:20   -20055.369141        0.664381
FIRE:  2937 19:21:20   -20055.498047        0.711419
FIRE:  2938 19:21:21   -20055.595703        0.693155
FIRE:  2939 19:21:21   -20055.699219        0.744316
FIRE:  2940 19:21:21   -20055.791016        0.804057
FIRE:  2941 19:21:22   -20055.953125        0.836845
FIRE:  2942 19:21:22   -20056.056641        0.839444
FIRE:  2943 19:21:22   -20056.150391        0.811803
FIRE:  2944 19:21:23   -20056.271484        0.757057
FIRE:  2945 19:21:23   -20056.373047        0.680727
FIRE:  2946 19:21:23   -20056.507812        0.589893
FIRE:  2947 19:21:24   -20056.613281        0.568473
FIRE:  2948 19:21:24   -20056.705078        0.533465
FIRE:  2949 19:21:24   -20056.792969        0.502765
FIRE:  2950 19:21:25   -20056.916016        0.569616
FIRE:  2951 19:21:25   -20057.019531        0.685777
FIRE:  2952 19:21:25   -20057.089844        0.795706
FIRE:  2953 19:21:26   -20057.207031        0.889081
FIRE:  2954 19:21:26   -20057.345703        0.955357
FIRE:  2955 19:21:26   -20057.445312        0.985695
FIRE:  2956 19:21:27   -20057.603516        0.974942
FIRE:  2957 19:21:27   -20057.736328        0.922888
FIRE:  2958 19:21:27   -20057.865234        0.834395
FIRE:  2959 19:21:28   -20058.007812        0.718438
FIRE:  2960 19:21:28   -20058.126953        0.586787
FIRE:  2961 19:21:28   -20058.238281        0.482931
FIRE:  2962 19:21:29   -20058.363281        0.708998
FIRE:  2963 19:21:29   -20058.449219        1.072122
FIRE:  2964 19:21:29   -20058.519531        1.450708
FIRE:  2965 19:21:30   -20058.589844        1.758962
FIRE:  2966 19:21:30   -20058.671875        1.918741
FIRE:  2967 19:21:30   -20058.724609        1.889016
FIRE:  2968 19:21:31   -20058.832031        1.695044
FIRE:  2969 19:21:31   -20058.908203        1.415080
FIRE:  2970 19:21:31   -20059.019531        1.249336
FIRE:  2971 19:21:32   -20059.144531        1.155440
FIRE:  2972 19:21:32   -20059.287109        0.916578
FIRE:  2973 19:21:32   -20059.361328        0.831837
FIRE:  2974 19:21:33   -20059.464844        0.889463
FIRE:  2975 19:21:33   -20059.531250        1.133584
FIRE:  2976 19:21:33   -20059.601562        1.289262
FIRE:  2977 19:21:34   -20059.669922        1.332730
FIRE:  2978 19:21:34   -20059.710938        1.393843
FIRE:  2979 19:21:34   -20059.828125        1.454908
FIRE:  2980 19:21:35   -20059.900391        1.419410
FIRE:  2981 19:21:35   -20060.019531        1.295292
FIRE:  2982 19:21:35   -20060.105469        1.110958
FIRE:  2983 19:21:36   -20060.224609        0.935005
FIRE:  2984 19:21:36   -20060.347656        0.874058
FIRE:  2985 19:21:36   -20060.484375        0.957742
FIRE:  2986 19:21:37   -20060.572266        1.080228
FIRE:  2987 19:21:37   -20060.656250        1.154052
FIRE:  2988 19:21:37   -20060.707031        1.044761
FIRE:  2989 19:21:38   -20060.794922        1.191281
FIRE:  2990 19:21:38   -20060.912109        1.208474
FIRE:  2991 19:21:38   -20061.039062        1.093253
FIRE:  2992 19:21:39   -20061.162109        0.879357
FIRE:  2993 19:21:39   -20061.238281        1.221588
FIRE:  2994 19:21:39   -20061.316406        1.447642
FIRE:  2995 19:21:40   -20061.375000        1.528831
FIRE:  2996 19:21:40   -20061.484375        1.451440
FIRE:  2997 19:21:40   -20061.613281        1.218924
FIRE:  2998 19:21:41   -20061.664062        1.051926
FIRE:  2999 19:21:41   -20061.769531        0.894049
FIRE:  3000 19:21:41   -20061.841797        0.788543
FIRE:  3001 19:21:42   -20061.933594        0.924857
FIRE:  3002 19:21:42   -20062.060547        1.194562
FIRE:  3003 19:21:42   -20062.140625        1.274242
FIRE:  3004 19:21:43   -20062.222656        1.148838
FIRE:  3005 19:21:43   -20062.369141        0.890459
FIRE:  3006 19:21:43   -20062.535156        1.010683
FIRE:  3007 19:21:44   -20062.623047        1.034981
FIRE:  3008 19:21:44   -20062.755859        0.966540
FIRE:  3009 19:21:44   -20062.861328        0.918644
FIRE:  3010 19:21:45   -20062.957031        1.082678
FIRE:  3011 19:21:45   -20063.083984        1.152065
FIRE:  3012 19:21:45   -20063.224609        1.130867
FIRE:  3013 19:21:46   -20063.343750        1.023071
FIRE:  3014 19:21:46   -20063.457031        0.833303
FIRE:  3015 19:21:46   -20063.566406        0.886776
FIRE:  3016 19:21:47   -20063.662109        1.060498
FIRE:  3017 19:21:47   -20063.787109        1.131610
FIRE:  3018 19:21:47   -20063.880859        1.084512
FIRE:  3019 19:21:48   -20063.996094        1.156091
FIRE:  3020 19:21:48   -20064.076172        1.265303
FIRE:  3021 19:21:48   -20064.224609        1.209939
FIRE:  3022 19:21:49   -20064.373047        1.004784
FIRE:  3023 19:21:49   -20064.470703        0.699770
FIRE:  3024 19:21:49   -20064.625000        0.758150
FIRE:  3025 19:21:50   -20064.712891        0.874786
FIRE:  3026 19:21:50   -20064.886719        0.983825
FIRE:  3027 19:21:50   -20064.986328        0.987468
FIRE:  3028 19:21:51   -20065.130859        0.881061
FIRE:  3029 19:21:51   -20065.287109        0.921991
FIRE:  3030 19:21:51   -20065.355469        0.911878
FIRE:  3031 19:21:52   -20065.517578        0.819557
FIRE:  3032 19:21:52   -20065.632812        0.663071
FIRE:  3033 19:21:52   -20065.765625        0.716543
FIRE:  3034 19:21:53   -20065.880859        0.728043
FIRE:  3035 19:21:53   -20065.988281        0.791033
FIRE:  3036 19:21:53   -20066.101562        0.849475
FIRE:  3037 19:21:54   -20066.166016        1.031896
FIRE:  3038 19:21:54   -20066.273438        1.201715
FIRE:  3039 19:21:54   -20066.322266        1.344693
FIRE:  3040 19:21:55   -20066.400391        1.446897
FIRE:  3041 19:21:55   -20066.462891        1.527224
FIRE:  3042 19:21:55   -20066.507812        1.837279
FIRE:  3043 19:21:56   -20066.623047        2.105998
FIRE:  3044 19:21:56   -20066.740234        2.262056
FIRE:  3045 19:21:56   -20066.867188        2.243963
FIRE:  3046 19:21:57   -20066.958984        2.058650
FIRE:  3047 19:21:57   -20067.126953        1.748979
FIRE:  3048 19:21:57   -20067.242188        1.375012
FIRE:  3049 19:21:58   -20067.357422        1.145878
FIRE:  3050 19:21:58   -20067.457031        1.294707
FIRE:  3051 19:21:58   -20067.574219        1.455184
FIRE:  3052 19:21:59   -20067.632812        1.724989
FIRE:  3053 19:21:59   -20067.761719        1.825434
FIRE:  3054 19:21:59   -20067.828125        1.773536
FIRE:  3055 19:22:00   -20067.935547        1.602044
FIRE:  3056 19:22:00   -20068.083984        1.350295
FIRE:  3057 19:22:00   -20068.162109        1.056159
FIRE:  3058 19:22:01   -20068.253906        0.915900
FIRE:  3059 19:22:01   -20068.335938        0.884979
FIRE:  3060 19:22:01   -20068.484375        0.961429
FIRE:  3061 19:22:02   -20068.548828        0.997946
FIRE:  3062 19:22:02   -20068.621094        0.985242
FIRE:  3063 19:22:02   -20068.673828        0.918184
FIRE:  3064 19:22:03   -20068.753906        0.925241
FIRE:  3065 19:22:03   -20068.851562        0.972847
FIRE:  3066 19:22:03   -20068.900391        1.004508
FIRE:  3067 19:22:04   -20068.962891        1.023359
FIRE:  3068 19:22:04   -20069.066406        1.031989
FIRE:  3069 19:22:05   -20069.181641        1.042779
FIRE:  3070 19:22:05   -20069.316406        1.039346
FIRE:  3071 19:22:05   -20069.464844        1.014061
FIRE:  3072 19:22:06   -20069.552734        1.004027
FIRE:  3073 19:22:06   -20069.695312        0.973499
FIRE:  3074 19:22:06   -20069.785156        0.944151
FIRE:  3075 19:22:07   -20069.927734        0.907364
FIRE:  3076 19:22:07   -20070.062500        0.861532
FIRE:  3077 19:22:07   -20070.160156        0.901909
FIRE:  3078 19:22:08   -20070.238281        0.882498
FIRE:  3079 19:22:08   -20070.355469        0.786707
FIRE:  3080 19:22:08   -20070.464844        0.956299
FIRE:  3081 19:22:09   -20070.539062        1.118091
FIRE:  3082 19:22:09   -20070.632812        1.252693
FIRE:  3083 19:22:09   -20070.708984        1.349845
FIRE:  3084 19:22:10   -20070.775391        1.408854
FIRE:  3085 19:22:10   -20070.863281        1.436600
FIRE:  3086 19:22:10   -20070.925781        1.441913
FIRE:  3087 19:22:11   -20071.015625        1.427636
FIRE:  3088 19:22:11   -20071.126953        1.386536
FIRE:  3089 19:22:11   -20071.222656        1.306210
FIRE:  3090 19:22:12   -20071.316406        1.284173
FIRE:  3091 19:22:12   -20071.408203        1.200862
FIRE:  3092 19:22:12   -20071.500000        1.050667
FIRE:  3093 19:22:13   -20071.611328        0.862308
FIRE:  3094 19:22:13   -20071.667969        0.954596
FIRE:  3095 19:22:13   -20071.765625        1.118271
FIRE:  3096 19:22:14   -20071.800781        1.252369
FIRE:  3097 19:22:14   -20071.906250        1.367535
FIRE:  3098 19:22:14   -20071.957031        1.421836
FIRE:  3099 19:22:15   -20072.099609        1.410962
FIRE:  3100 19:22:15   -20072.210938        1.340584
FIRE:  3101 19:22:15   -20072.296875        1.221859
FIRE:  3102 19:22:16   -20072.398438        1.068209
FIRE:  3103 19:22:16   -20072.451172        0.956460
FIRE:  3104 19:22:16   -20072.503906        1.112794
FIRE:  3105 19:22:17   -20072.578125        1.273419
FIRE:  3106 19:22:17   -20072.654297        1.330891
FIRE:  3107 19:22:17   -20072.763672        1.286628
FIRE:  3108 19:22:18   -20072.849609        1.149835
FIRE:  3109 19:22:18   -20072.919922        1.176957
FIRE:  3110 19:22:18   -20072.996094        1.227198
FIRE:  3111 19:22:19   -20073.093750        1.258267
FIRE:  3112 19:22:19   -20073.236328        1.270826
FIRE:  3113 19:22:19   -20073.289062        1.265403
FIRE:  3114 19:22:20   -20073.386719        1.242182
FIRE:  3115 19:22:20   -20073.453125        1.201098
FIRE:  3116 19:22:20   -20073.578125        1.141738
FIRE:  3117 19:22:21   -20073.667969        1.085702
FIRE:  3118 19:22:21   -20073.806641        1.071986
FIRE:  3119 19:22:21   -20073.939453        0.980639
FIRE:  3120 19:22:22   -20074.076172        0.903917
FIRE:  3121 19:22:22   -20074.199219        0.938920
FIRE:  3122 19:22:22   -20074.357422        0.955844
FIRE:  3123 19:22:23   -20074.507812        0.954587
FIRE:  3124 19:22:23   -20074.683594        0.994181
FIRE:  3125 19:22:23   -20074.785156        1.086097
FIRE:  3126 19:22:24   -20074.939453        1.112819
FIRE:  3127 19:22:24   -20075.074219        1.289704
FIRE:  3128 19:22:24   -20075.177734        1.526191
FIRE:  3129 19:22:25   -20075.318359        1.697447
FIRE:  3130 19:22:25   -20075.412109        1.784940
FIRE:  3131 19:22:25   -20075.500000        1.780918
FIRE:  3132 19:22:26   -20075.599609        1.912668
FIRE:  3133 19:22:26   -20075.669922        2.439394
FIRE:  3134 19:22:26   -20075.787109        2.914255
FIRE:  3135 19:22:27   -20075.851562        3.236959
FIRE:  3136 19:22:27   -20075.976562        3.324173
FIRE:  3137 19:22:27   -20076.093750        3.162768
FIRE:  3138 19:22:28   -20076.253906        2.797130
FIRE:  3139 19:22:28   -20076.400391        2.306223
FIRE:  3140 19:22:28   -20076.509766        1.772204
FIRE:  3141 19:22:29   -20076.626953        1.977867
FIRE:  3142 19:22:29   -20076.687500        2.267099
FIRE:  3143 19:22:30   -20076.759766        2.447576
FIRE:  3144 19:22:30   -20076.789062        2.475993
FIRE:  3145 19:22:30   -20076.878906        2.447256
FIRE:  3146 19:22:31   -20077.025391        2.327409
FIRE:  3147 19:22:31   -20077.126953        2.044417
FIRE:  3148 19:22:31   -20077.234375        1.674899
FIRE:  3149 19:22:32   -20077.386719        1.301025
FIRE:  3150 19:22:32   -20077.462891        1.322095
FIRE:  3151 19:22:32   -20077.582031        1.436759
FIRE:  3152 19:22:33   -20077.650391        1.518411
FIRE:  3153 19:22:33   -20077.720703        1.565025
FIRE:  3154 19:22:33   -20077.769531        1.575323
FIRE:  3155 19:22:34   -20077.873047        1.549083
FIRE:  3156 19:22:34   -20077.947266        1.487410
FIRE:  3157 19:22:34   -20078.027344        1.392983
FIRE:  3158 19:22:35   -20078.115234        1.358428
FIRE:  3159 19:22:35   -20078.187500        1.377324
FIRE:  3160 19:22:35   -20078.273438        1.379043
FIRE:  3161 19:22:36   -20078.400391        1.437733
FIRE:  3162 19:22:36   -20078.476562        1.504510
FIRE:  3163 19:22:36   -20078.593750        1.540499
FIRE:  3164 19:22:37   -20078.685547        1.542806
FIRE:  3165 19:22:37   -20078.824219        1.510507
FIRE:  3166 19:22:37   -20078.964844        1.441639
FIRE:  3167 19:22:38   -20079.101562        1.382468
FIRE:  3168 19:22:38   -20079.255859        1.286320
FIRE:  3169 19:22:38   -20079.449219        1.165629
FIRE:  3170 19:22:39   -20079.636719        1.082612
FIRE:  3171 19:22:39   -20079.718750        0.969707
FIRE:  3172 19:22:39   -20079.808594        0.832203
FIRE:  3173 19:22:40   -20079.984375        0.924441
FIRE:  3174 19:22:40   -20080.068359        1.217186
FIRE:  3175 19:22:40   -20080.171875        1.656201
FIRE:  3176 19:22:41   -20080.220703        2.054557
FIRE:  3177 19:22:41   -20080.291016        2.366647
FIRE:  3178 19:22:41   -20080.384766        2.554808
FIRE:  3179 19:22:42   -20080.494141        2.597611
FIRE:  3180 19:22:42   -20080.589844        2.496840
FIRE:  3181 19:22:42   -20080.677734        2.274622
FIRE:  3182 19:22:43   -20080.810547        1.964440
FIRE:  3183 19:22:43   -20080.921875        1.595497
FIRE:  3184 19:22:43   -20081.017578        1.189183
FIRE:  3185 19:22:44   -20081.109375        1.104312
FIRE:  3186 19:22:44   -20081.228516        1.133838
FIRE:  3187 19:22:44   -20081.289062        1.154016
FIRE:  3188 19:22:45   -20081.373047        1.244143
FIRE:  3189 19:22:45   -20081.458984        1.671270
FIRE:  3190 19:22:45   -20081.556641        1.996694
FIRE:  3191 19:22:46   -20081.660156        2.177522
FIRE:  3192 19:22:46   -20081.785156        2.200284
FIRE:  3193 19:22:46   -20081.882812        2.080499
FIRE:  3194 19:22:47   -20081.998047        1.862470
FIRE:  3195 19:22:47   -20082.109375        1.613310
FIRE:  3196 19:22:47   -20082.236328        1.406346
FIRE:  3197 19:22:48   -20082.378906        1.344725
FIRE:  3198 19:22:48   -20082.447266        1.554910
FIRE:  3199 19:22:48   -20082.548828        1.792325
FIRE:  3200 19:22:49   -20082.591797        1.997454
FIRE:  3201 19:22:49   -20082.705078        2.154828
FIRE:  3202 19:22:49   -20082.722656        2.251929
FIRE:  3203 19:22:50   -20082.777344        2.281301
FIRE:  3204 19:22:50   -20082.875000        2.242065
FIRE:  3205 19:22:50   -20082.955078        2.139760
FIRE:  3206 19:22:51   -20083.021484        2.097460
FIRE:  3207 19:22:51   -20083.152344        2.189129
FIRE:  3208 19:22:51   -20083.234375        2.144322
FIRE:  3209 19:22:52   -20083.326172        1.971778
FIRE:  3210 19:22:52   -20083.451172        1.697192
FIRE:  3211 19:22:52   -20083.560547        1.501520
FIRE:  3212 19:22:53   -20083.708984        1.565345
FIRE:  3213 19:22:53   -20083.765625        1.584719
FIRE:  3214 19:22:54   -20083.871094        1.557087
FIRE:  3215 19:22:54   -20083.984375        1.488103
FIRE:  3216 19:22:54   -20084.089844        1.422070
FIRE:  3217 19:22:55   -20084.162109        1.324357
FIRE:  3218 19:22:55   -20084.318359        1.199723
FIRE:  3219 19:22:55   -20084.318359        1.054198
FIRE:  3220 19:22:56   -20084.388672        1.141161
FIRE:  3221 19:22:56   -20084.437500        1.387741
FIRE:  3222 19:22:56   -20084.500000        1.575657
FIRE:  3223 19:22:57   -20084.578125        1.684446
FIRE:  3224 19:22:57   -20084.591797        1.706171
FIRE:  3225 19:22:57   -20084.683594        1.645904
FIRE:  3226 19:22:58   -20084.753906        1.522641
FIRE:  3227 19:22:58   -20084.789062        1.371458
FIRE:  3228 19:22:58   -20084.869141        1.239205
FIRE:  3229 19:22:59   -20084.904297        1.165390
FIRE:  3230 19:22:59   -20084.947266        1.153751
FIRE:  3231 19:22:59   -20085.025391        1.148865
FIRE:  3232 19:23:00   -20085.058594        1.125332
FIRE:  3233 19:23:00   -20085.128906        1.100175
FIRE:  3234 19:23:00   -20085.212891        1.068374
FIRE:  3235 19:23:01   -20085.257812        1.030470
FIRE:  3236 19:23:01   -20085.306641        1.191244
FIRE:  3237 19:23:01   -20085.351562        1.519565
FIRE:  3238 19:23:02   -20085.380859        1.854920
FIRE:  3239 19:23:02   -20085.435547        2.115234
FIRE:  3240 19:23:02   -20085.496094        2.244671
FIRE:  3241 19:23:03   -20085.574219        2.212518
FIRE:  3242 19:23:03   -20085.623047        2.012634
FIRE:  3243 19:23:03   -20085.716797        1.663246
FIRE:  3244 19:23:04   -20085.769531        1.419325
FIRE:  3245 19:23:04   -20085.886719        1.314688
FIRE:  3246 19:23:04   -20085.943359        1.209988
FIRE:  3247 19:23:05   -20086.048828        1.061923
FIRE:  3248 19:23:05   -20086.101562        1.199286
FIRE:  3249 19:23:05   -20086.175781        1.541071
FIRE:  3250 19:23:06   -20086.246094        1.818827
FIRE:  3251 19:23:06   -20086.304688        2.002024
FIRE:  3252 19:23:06   -20086.375000        2.097896
FIRE:  3253 19:23:07   -20086.423828        2.115227
FIRE:  3254 19:23:07   -20086.523438        2.060713
FIRE:  3255 19:23:07   -20086.585938        1.939147
FIRE:  3256 19:23:08   -20086.669922        1.755188
FIRE:  3257 19:23:08   -20086.707031        1.514705
FIRE:  3258 19:23:08   -20086.757812        1.341738
FIRE:  3259 19:23:09   -20086.826172        1.445729
FIRE:  3260 19:23:09   -20086.886719        1.506721
FIRE:  3261 19:23:09   -20086.916016        1.520689
FIRE:  3262 19:23:10   -20086.998047        1.484366
FIRE:  3263 19:23:10   -20087.068359        1.396312
FIRE:  3264 19:23:10   -20087.121094        1.265545
FIRE:  3265 19:23:11   -20087.134766        1.329177
FIRE:  3266 19:23:11   -20087.199219        1.585475
FIRE:  3267 19:23:11   -20087.269531        1.765441
FIRE:  3268 19:23:12   -20087.308594        1.859332
FIRE:  3269 19:23:12   -20087.349609        1.865252
FIRE:  3270 19:23:12   -20087.392578        1.790326
FIRE:  3271 19:23:13   -20087.472656        1.650227
FIRE:  3272 19:23:13   -20087.523438        1.467372
FIRE:  3273 19:23:14   -20087.572266        1.353690
FIRE:  3274 19:23:14   -20087.619141        1.404409
FIRE:  3275 19:23:14   -20087.666016        1.392910
FIRE:  3276 19:23:15   -20087.703125        1.405344
FIRE:  3277 19:23:15   -20087.783203        1.416140
FIRE:  3278 19:23:15   -20087.785156        1.410265
FIRE:  3279 19:23:16   -20087.867188        1.386277
FIRE:  3280 19:23:16   -20087.890625        1.342977
FIRE:  3281 19:23:16   -20087.929688        1.279444
FIRE:  3282 19:23:17   -20087.980469        1.195035
FIRE:  3283 19:23:17   -20087.949219        1.089619
FIRE:  3284 19:23:17   -20088.976562        0.760750
FIRE:  3285 19:23:18   -20089.751953        0.608824
FIRE:  3286 19:23:18   -20090.392578        0.640635
FIRE:  3287 19:23:18   -20090.917969        0.375223
FIRE:  3288 19:23:19   -20091.414062        0.494219
FIRE:  3289 19:23:19   -20091.833984        0.501153
FIRE:  3290 19:23:19   -20092.199219        0.414092
FIRE:  3291 19:23:20   -20092.583984        0.350070
FIRE:  3292 19:23:20   -20092.894531        0.231120
FIRE:  3293 19:23:20   -20093.207031        0.259982
FIRE:  3294 19:23:21   -20093.544922        0.297516
FIRE:  3295 19:23:21   -20093.828125        0.253047
FIRE:  3296 19:23:21   -20094.083984        0.186664
FIRE:  3297 19:23:22   -20094.384766        0.228303
FIRE:  3298 19:23:22   -20094.611328        0.274305
FIRE:  3299 19:23:22   -20094.820312        0.208108
FIRE:  3300 19:23:23   -20095.080078        0.215503
FIRE:  3301 19:23:23   -20095.277344        0.222361
FIRE:  3302 19:23:23   -20095.507812        0.227794
FIRE:  3303 19:23:24   -20095.673828        0.230513
FIRE:  3304 19:23:24   -20095.880859        0.229699
FIRE:  3305 19:23:24   -20096.091797        0.226256
FIRE:  3306 19:23:25   -20096.306641        0.223289
FIRE:  3307 19:23:25   -20096.490234        0.223062
FIRE:  3308 19:23:25   -20096.683594        0.224535
FIRE:  3309 19:23:26   -20096.845703        0.223812
FIRE:  3310 19:23:26   -20097.025391        0.213889
FIRE:  3311 19:23:26   -20097.240234        0.187379
FIRE:  3312 19:23:27   -20097.398438        0.143385
FIRE:  3313 19:23:27   -20097.513672        0.135565
FIRE:  3314 19:23:27   -20097.673828        0.139686
FIRE:  3315 19:23:28   -20097.878906        0.194591
FIRE:  3316 19:23:28   -20098.017578        0.230689
FIRE:  3317 19:23:28   -20098.171875        0.272899
FIRE:  3318 19:23:29   -20098.328125        0.275965
FIRE:  3319 19:23:29   -20098.464844        0.242890
FIRE:  3320 19:23:29   -20098.650391        0.188730
FIRE:  3321 19:23:30   -20098.812500        0.174245
FIRE:  3322 19:23:30   -20098.943359        0.178934
FIRE:  3323 19:23:30   -20099.078125        0.182485
FIRE:  3324 19:23:31   -20099.234375        0.184761
FIRE:  3325 19:23:31   -20099.376953        0.186029
FIRE:  3326 19:23:31   -20099.546875        0.186978
FIRE:  3327 19:23:32   -20099.722656        0.198143
FIRE:  3328 19:23:32   -20099.892578        0.207317
FIRE:  3329 19:23:32   -20100.025391        0.208127
FIRE:  3330 19:23:33   -20100.257812        0.197900
FIRE:  3331 19:23:33   -20100.425781        0.199623
FIRE:  3332 19:23:33   -20100.552734        0.197986
FIRE:  3333 19:23:34   -20100.728516        0.198140
FIRE:  3334 19:23:34   -20100.849609        0.204980
FIRE:  3335 19:23:34   -20101.044922        0.314878
FIRE:  3336 19:23:35   -20101.156250        0.406130
FIRE:  3337 19:23:35   -20101.292969        0.429991
FIRE:  3338 19:23:35   -20101.427734        0.373225
FIRE:  3339 19:23:36   -20101.541016        0.273515
FIRE:  3340 19:23:36   -20101.671875        0.326486
FIRE:  3341 19:23:36   -20101.824219        0.379416
FIRE:  3342 19:23:37   -20101.945312        0.400154
FIRE:  3343 19:23:37   -20102.068359        0.385625
FIRE:  3344 19:23:37   -20102.191406        0.340647
FIRE:  3345 19:23:38   -20102.332031        0.276559
FIRE:  3346 19:23:38   -20102.445312        0.283199
FIRE:  3347 19:23:38   -20102.580078        0.307118
FIRE:  3348 19:23:39   -20102.720703        0.326323
FIRE:  3349 19:23:39   -20102.890625        0.336253
FIRE:  3350 19:23:39   -20102.998047        0.333789
FIRE:  3351 19:23:40   -20103.152344        0.319401
FIRE:  3352 19:23:40   -20103.279297        0.303254
FIRE:  3353 19:23:40   -20103.457031        0.301069
FIRE:  3354 19:23:41   -20103.568359        0.336490
FIRE:  3355 19:23:41   -20103.712891        0.424220
FIRE:  3356 19:23:41   -20103.824219        0.551074
FIRE:  3357 19:23:42   -20103.955078        0.683683
FIRE:  3358 19:23:42   -20104.109375        0.780357
FIRE:  3359 19:23:42   -20104.232422        0.805569
FIRE:  3360 19:23:43   -20104.441406        0.748791
FIRE:  3361 19:23:43   -20104.582031        0.630950
FIRE:  3362 19:23:43   -20104.753906        0.490847
FIRE:  3363 19:23:44   -20104.921875        0.396305
FIRE:  3364 19:23:44   -20105.087891        0.421768
FIRE:  3365 19:23:44   -20105.236328        0.468338
FIRE:  3366 19:23:45   -20105.376953        0.543056
FIRE:  3367 19:23:45   -20105.537109        0.640237
FIRE:  3368 19:23:45   -20105.693359        0.742351
FIRE:  3369 19:23:46   -20105.851562        0.823045
FIRE:  3370 19:23:46   -20106.013672        0.928418
FIRE:  3371 19:23:46   -20106.220703        1.027761
FIRE:  3372 19:23:47   -20106.343750        1.013529
FIRE:  3373 19:23:47   -20106.509766        1.257695
FIRE:  3374 19:23:47   -20106.490234        2.464363
FIRE:  3375 19:23:48   -20106.751953        1.104788
FIRE:  3376 19:23:48   -20106.865234        0.809859
FIRE:  3377 19:23:48   -20106.912109        0.419934
FIRE:  3378 19:23:49   -20106.935547        0.427380
FIRE:  3379 19:23:49   -20106.994141        0.565071
FIRE:  3380 19:23:49   -20107.074219        0.397360
FIRE:  3381 19:23:50   -20107.132812        0.505465
FIRE:  3382 19:23:50   -20107.244141        0.380522
FIRE:  3383 19:23:50   -20107.373047        0.403389
FIRE:  3384 19:23:51   -20107.457031        0.475474
FIRE:  3385 19:23:51   -20107.628906        0.428752
FIRE:  3386 19:23:51   -20107.798828        0.712453
FIRE:  3387 19:23:52   -20107.966797        2.452671
FIRE:  3388 19:23:52   -20107.945312        4.243158
FIRE:  3389 19:23:52   -20108.160156        0.435793
FIRE:  3390 19:23:53   -20108.160156        0.435378
FIRE:  3391 19:23:53   -20108.162109        0.434576
FIRE:  3392 19:23:53   -20108.175781        0.433415
FIRE:  3393 19:23:54   -20108.171875        0.431994
FIRE:  3394 19:23:54   -20108.185547        0.430415
FIRE:  3395 19:23:54   -20108.226562        0.428807
FIRE:  3396 19:23:55   -20108.228516        0.427319
FIRE:  3397 19:23:55   -20108.248047        0.425966
FIRE:  3398 19:23:55   -20108.261719        0.425015
FIRE:  3399 19:23:56   -20108.306641        0.424780
FIRE:  3400 19:23:56   -20108.373047        0.425619
FIRE:  3401 19:23:56   -20108.443359        0.427696
FIRE:  3402 19:23:57   -20108.498047        0.430786
FIRE:  3403 19:23:57   -20108.566406        0.433511
FIRE:  3404 19:23:57   -20108.697266        0.432626
FIRE:  3405 19:23:58   -20108.812500        0.421736
FIRE:  3406 19:23:58   -20108.939453        0.390932
FIRE:  3407 19:23:58   -20109.148438        0.650761
FIRE:  3408 19:23:59   -20109.267578        1.450807
FIRE:  3409 19:23:59   -20109.390625        2.791712
FIRE:  3410 19:23:59   -20109.474609        0.514147
FIRE:  3411 19:24:00   -20109.464844        0.483535
FIRE:  3412 19:24:00   -20109.457031        0.469738
FIRE:  3413 19:24:01   -20109.482422        0.449549
FIRE:  3414 19:24:01   -20109.484375        0.423746
FIRE:  3415 19:24:01   -20109.509766        0.393621
FIRE:  3416 19:24:02   -20109.507812        0.360415
FIRE:  3417 19:24:02   -20109.523438        0.325192
FIRE:  3418 19:24:02   -20109.529297        0.286164
FIRE:  3419 19:24:03   -20109.568359        0.291997
FIRE:  3420 19:24:03   -20109.585938        0.284690
FIRE:  3421 19:24:03   -20109.609375        0.283455
FIRE:  3422 19:24:04   -20109.660156        0.281206
FIRE:  3423 19:24:04   -20109.718750        0.277081
FIRE:  3424 19:24:04   -20109.757812        0.269728
FIRE:  3425 19:24:05   -20109.800781        0.257778
FIRE:  3426 19:24:05   -20109.859375        0.280569
FIRE:  3427 19:24:05   -20109.962891        0.271464
FIRE:  3428 19:24:06   -20110.052734        0.263190
FIRE:  3429 19:24:06   -20110.189453        0.294356
FIRE:  3430 19:24:06   -20110.341797        0.494787
FIRE:  3431 19:24:07   -20110.501953        1.468596
FIRE:  3432 19:24:07   -20110.576172        3.824093
FIRE:  3433 19:24:07   -20110.658203        1.150093
FIRE:  3434 19:24:08   -20110.664062        0.853422
FIRE:  3435 19:24:08   -20110.685547        0.402581
FIRE:  3436 19:24:08   -20110.656250        0.403943
FIRE:  3437 19:24:09   -20110.691406        0.800567
FIRE:  3438 19:24:09   -20110.681641        0.902482
FIRE:  3439 19:24:09   -20110.714844        0.624711
FIRE:  3440 19:24:10   -20110.728516        0.413577
FIRE:  3441 19:24:10   -20110.710938        0.432799
FIRE:  3442 19:24:10   -20110.734375        0.675742
FIRE:  3443 19:24:11   -20110.761719        0.439569
FIRE:  3444 19:24:11   -20110.794922        0.436749
FIRE:  3445 19:24:11   -20110.832031        0.635069
FIRE:  3446 19:24:12   -20110.882812        0.460147
FIRE:  3447 19:24:12   -20110.927734        0.574810
FIRE:  3448 19:24:12   -20111.003906        0.495115
FIRE:  3449 19:24:13   -20111.123047        0.714557
FIRE:  3450 19:24:13   -20111.208984        0.530126
FIRE:  3451 19:24:13   -20111.376953        0.527034
FIRE:  3452 19:24:14   -20111.535156        0.480982
FIRE:  3453 19:24:14   -20111.705078        0.632401
FIRE:  3454 19:24:14   -20111.841797        2.023649
FIRE:  3455 19:24:15   -20111.882812        3.434151
FIRE:  3456 19:24:15   -20112.000000        0.435400
FIRE:  3457 19:24:15   -20111.906250        4.823504
FIRE:  3458 19:24:16   -20111.998047        2.709639
FIRE:  3459 19:24:16   -20112.056641        0.350214
FIRE:  3460 19:24:16   -20112.029297        1.910374
FIRE:  3461 19:24:17   -20112.035156        1.790358
FIRE:  3462 19:24:17   -20112.056641        1.552072
FIRE:  3463 19:24:17   -20112.062500        1.200567
FIRE:  3464 19:24:18   -20112.068359        0.748226
FIRE:  3465 19:24:18   -20112.083984        0.357217
FIRE:  3466 19:24:18   -20112.078125        0.358798
FIRE:  3467 19:24:19   -20112.070312        0.777435
FIRE:  3468 19:24:19   -20112.107422        1.106982
FIRE:  3469 19:24:19   -20112.089844        1.228484
FIRE:  3470 19:24:20   -20112.117188        1.080975
FIRE:  3471 19:24:20   -20112.117188        0.655168
FIRE:  3472 19:24:20   -20112.132812        0.378507
FIRE:  3473 19:24:21   -20112.125000        0.565081
FIRE:  3474 19:24:21   -20112.158203        0.869578
FIRE:  3475 19:24:21   -20112.187500        0.743790
FIRE:  3476 19:24:22   -20112.251953        0.414198
FIRE:  3477 19:24:22   -20112.250000        0.644331
FIRE:  3478 19:24:22   -20112.273438        0.771273
FIRE:  3479 19:24:23   -20112.326172        0.466059
FIRE:  3480 19:24:23   -20112.400391        0.726046
FIRE:  3481 19:24:23   -20112.476562        0.512029
FIRE:  3482 19:24:24   -20112.554688        0.852638
FIRE:  3483 19:24:24   -20112.669922        0.522094
FIRE:  3484 19:24:24   -20112.775391        0.575286
FIRE:  3485 19:24:25   -20112.894531        1.220939
FIRE:  3486 19:24:25   -20113.052734        1.791353
FIRE:  3487 19:24:25   -20113.121094        2.983619
FIRE:  3488 19:24:26   -20113.199219        0.934820
FIRE:  3489 19:24:26   -20113.169922        2.104055
FIRE:  3490 19:24:26   -20113.185547        1.733866
FIRE:  3491 19:24:27   -20113.208984        1.006875
FIRE:  3492 19:24:27   -20113.218750        0.613284
FIRE:  3493 19:24:27   -20113.232422        1.021559
FIRE:  3494 19:24:28   -20113.228516        0.958603
FIRE:  3495 19:24:28   -20113.232422        0.837918
FIRE:  3496 19:24:28   -20113.240234        0.668740
FIRE:  3497 19:24:29   -20113.250000        0.524993
FIRE:  3498 19:24:29   -20113.251953        0.511797
FIRE:  3499 19:24:29   -20113.246094        0.496102
FIRE:  3500 19:24:30   -20113.251953        0.478114
FIRE:  3501 19:24:30   -20113.251953        0.456118
FIRE:  3502 19:24:30   -20113.250000        0.456304
FIRE:  3503 19:24:31   -20113.265625        0.500035
FIRE:  3504 19:24:31   -20113.275391        0.449801
FIRE:  3505 19:24:31   -20113.296875        0.329789
FIRE:  3506 19:24:32   -20113.291016        0.291341
FIRE:  3507 19:24:32   -20113.318359        0.292493
FIRE:  3508 19:24:32   -20113.341797        0.396537
FIRE:  3509 19:24:33   -20113.343750        0.343361
FIRE:  3510 19:24:33   -20113.355469        0.299120
FIRE:  3511 19:24:33   -20113.376953        0.302116
FIRE:  3512 19:24:34   -20113.388672        0.333924
FIRE:  3513 19:24:34   -20113.441406        0.309590
FIRE:  3514 19:24:34   -20113.482422        0.328370
FIRE:  3515 19:24:35   -20113.519531        0.319438
FIRE:  3516 19:24:35   -20113.583984        0.328066
FIRE:  3517 19:24:35   -20113.634766        0.331235
FIRE:  3518 19:24:36   -20113.732422        0.370784
FIRE:  3519 19:24:36   -20113.812500        0.495304
FIRE:  3520 19:24:36   -20113.937500        0.594254
FIRE:  3521 19:24:37   -20114.107422        1.020088
FIRE:  3522 19:24:37   -20114.244141        2.459599
FIRE:  3523 19:24:37   -20114.271484        3.828814
FIRE:  3524 19:24:38   -20114.425781        0.694573
FIRE:  3525 19:24:38   -20114.294922        5.355148
FIRE:  3526 19:24:38   -20114.382812        3.201456
FIRE:  3527 19:24:39   -20114.437500        0.369096
FIRE:  3528 19:24:39   -20114.427734        1.824670
FIRE:  3529 19:24:39   -20114.414062        1.721971
FIRE:  3530 19:24:40   -20114.427734        1.518243
FIRE:  3531 19:24:40   -20114.445312        1.217383
FIRE:  3532 19:24:40   -20114.451172        0.828346
FIRE:  3533 19:24:41   -20114.460938        0.370092
FIRE:  3534 19:24:41   -20114.458984        0.217654
FIRE:  3535 19:24:41   -20114.472656        0.569703
FIRE:  3536 19:24:42   -20114.445312        0.559112
FIRE:  3537 19:24:42   -20114.457031        0.538520
FIRE:  3538 19:24:42   -20114.457031        0.507745
FIRE:  3539 19:24:43   -20114.468750        0.467969
FIRE:  3540 19:24:43   -20114.474609        0.420190
FIRE:  3541 19:24:43   -20114.462891        0.365905
FIRE:  3542 19:24:44   -20114.478516        0.306047
FIRE:  3543 19:24:44   -20114.474609        0.235766
FIRE:  3544 19:24:44   -20114.476562        0.217413
FIRE:  3545 19:24:45   -20114.474609        0.217312
FIRE:  3546 19:24:45   -20114.482422        0.217195
FIRE:  3547 19:24:45   -20114.486328        0.217212
FIRE:  3548 19:24:46   -20114.480469        0.217074
FIRE:  3549 19:24:46   -20114.492188        0.243860
FIRE:  3550 19:24:46   -20114.488281        0.262782
FIRE:  3551 19:24:47   -20114.488281        0.239150
FIRE:  3552 19:24:47   -20114.505859        0.216170
FIRE:  3553 19:24:47   -20114.511719        0.215874
FIRE:  3554 19:24:48   -20114.507812        0.215568
FIRE:  3555 19:24:48   -20114.519531        0.214985
FIRE:  3556 19:24:48   -20114.527344        0.214348
FIRE:  3557 19:24:49   -20114.537109        0.213643
FIRE:  3558 19:24:49   -20114.560547        0.212661
FIRE:  3559 19:24:49   -20114.593750        0.211470
FIRE:  3560 19:24:50   -20114.617188        0.210034
FIRE:  3561 19:24:50   -20114.630859        0.208307
FIRE:  3562 19:24:50   -20114.683594        0.206571
FIRE:  3563 19:24:51   -20114.732422        0.204564
FIRE:  3564 19:24:51   -20114.775391        0.205023
FIRE:  3565 19:24:51   -20114.851562        0.205474
FIRE:  3566 19:24:52   -20114.896484        0.205575
FIRE:  3567 19:24:52   -20114.994141        0.235486
FIRE:  3568 19:24:53   -20115.099609        0.430381
FIRE:  3569 19:24:53   -20115.195312        0.925500
FIRE:  3570 19:24:53   -20115.308594        2.476830
FIRE:  3571 19:24:54   -20115.318359        3.986075
FIRE:  3572 19:24:54   -20115.472656        0.866286
FIRE:  3573 19:24:54   -20115.333984        5.533617
FIRE:  3574 19:24:55   -20115.423828        3.324215
FIRE:  3575 19:24:55   -20115.486328        0.421251
FIRE:  3576 19:24:55   -20115.464844        1.837946
FIRE:  3577 19:24:56   -20115.468750        1.736530
FIRE:  3578 19:24:56   -20115.468750        1.535062
FIRE:  3579 19:24:56   -20115.490234        1.237512
FIRE:  3580 19:24:57   -20115.492188        0.852485
FIRE:  3581 19:24:57   -20115.490234        0.397165
FIRE:  3582 19:24:57   -20115.517578        0.229740
FIRE:  3583 19:24:58   -20115.503906        0.547034
FIRE:  3584 19:24:58   -20115.509766        0.537041
FIRE:  3585 19:24:58   -20115.501953        0.517664
FIRE:  3586 19:24:59   -20115.505859        0.488647
FIRE:  3587 19:24:59   -20115.513672        0.451233
FIRE:  3588 19:24:59   -20115.498047        0.406346
FIRE:  3589 19:25:00   -20115.515625        0.354916
FIRE:  3590 19:25:00   -20115.513672        0.298498
FIRE:  3591 19:25:00   -20115.519531        0.231868
FIRE:  3592 19:25:01   -20115.521484        0.223732
FIRE:  3593 19:25:01   -20115.507812        0.222737
FIRE:  3594 19:25:01   -20115.521484        0.221824
FIRE:  3595 19:25:02   -20115.513672        0.222161
FIRE:  3596 19:25:02   -20115.513672        0.222579
FIRE:  3597 19:25:02   -20115.525391        0.231102
FIRE:  3598 19:25:03   -20115.535156        0.252157
FIRE:  3599 19:25:03   -20115.533203        0.233264
FIRE:  3600 19:25:03   -20115.546875        0.225144
FIRE:  3601 19:25:04   -20115.552734        0.226003
FIRE:  3602 19:25:04   -20115.568359        0.226936
FIRE:  3603 19:25:04   -20115.564453        0.227880
FIRE:  3604 19:25:05   -20115.593750        0.228787
FIRE:  3605 19:25:05   -20115.605469        0.229533
FIRE:  3606 19:25:05   -20115.609375        0.229949
FIRE:  3607 19:25:06   -20115.628906        0.229791
FIRE:  3608 19:25:06   -20115.658203        0.228734
FIRE:  3609 19:25:06   -20115.683594        0.226383
FIRE:  3610 19:25:07   -20115.720703        0.222226
FIRE:  3611 19:25:07   -20115.775391        0.215729
FIRE:  3612 19:25:07   -20115.828125        0.206111
FIRE:  3613 19:25:08   -20115.873047        0.192515
FIRE:  3614 19:25:08   -20115.925781        0.179718
FIRE:  3615 19:25:08   -20116.001953        0.242061
FIRE:  3616 19:25:09   -20116.093750        0.420045
FIRE:  3617 19:25:09   -20116.195312        0.879991
FIRE:  3618 19:25:09   -20116.287109        2.302442
FIRE:  3619 19:25:10   -20116.259766        4.067633
FIRE:  3620 19:25:10   -20116.431641        0.994317
FIRE:  3621 19:25:10   -20116.291016        5.568540
FIRE:  3622 19:25:11   -20116.392578        3.377106
FIRE:  3623 19:25:11   -20116.458984        0.481021
FIRE:  3624 19:25:11   -20116.433594        1.814436
FIRE:  3625 19:25:12   -20116.447266        1.715780
FIRE:  3626 19:25:12   -20116.445312        1.519631
FIRE:  3627 19:25:12   -20116.460938        1.230191
FIRE:  3628 19:25:13   -20116.462891        0.855403
FIRE:  3629 19:25:13   -20116.464844        0.410720
FIRE:  3630 19:25:13   -20116.460938        0.141940
FIRE:  3631 19:25:14   -20116.470703        0.522443
FIRE:  3632 19:25:14   -20116.464844        0.513046
FIRE:  3633 19:25:14   -20116.466797        0.494842
FIRE:  3634 19:25:15   -20116.464844        0.467878
FIRE:  3635 19:25:15   -20116.464844        0.432527
FIRE:  3636 19:25:15   -20116.470703        0.390562
FIRE:  3637 19:25:16   -20116.468750        0.342022
FIRE:  3638 19:25:16   -20116.466797        0.288728
FIRE:  3639 19:25:16   -20116.466797        0.225783
FIRE:  3640 19:25:17   -20116.470703        0.153365
FIRE:  3641 19:25:17   -20116.468750        0.141697
FIRE:  3642 19:25:17   -20116.476562        0.141649
FIRE:  3643 19:25:18   -20116.480469        0.141596
FIRE:  3644 19:25:18   -20116.470703        0.169053
FIRE:  3645 19:25:18   -20116.464844        0.220081
FIRE:  3646 19:25:19   -20116.482422        0.242743
FIRE:  3647 19:25:19   -20116.482422        0.227320
FIRE:  3648 19:25:19   -20116.480469        0.169054
FIRE:  3649 19:25:20   -20116.486328        0.140862
FIRE:  3650 19:25:20   -20116.478516        0.140634
FIRE:  3651 19:25:20   -20116.488281        0.158664
FIRE:  3652 19:25:21   -20116.496094        0.193965
FIRE:  3653 19:25:21   -20116.501953        0.139569
FIRE:  3654 19:25:21   -20116.521484        0.139023
FIRE:  3655 19:25:22   -20116.556641        0.150367
FIRE:  3656 19:25:22   -20116.570312        0.147765
FIRE:  3657 19:25:22   -20116.572266        0.136442
FIRE:  3658 19:25:23   -20116.589844        0.162617
FIRE:  3659 19:25:23   -20116.619141        0.133398
FIRE:  3660 19:25:23   -20116.648438        0.160333
FIRE:  3661 19:25:24   -20116.695312        0.128570
FIRE:  3662 19:25:24   -20116.734375        0.161889
FIRE:  3663 19:25:24   -20116.826172        0.222732
FIRE:  3664 19:25:25   -20116.875000        0.275468
FIRE:  3665 19:25:25   -20116.976562        0.499958
FIRE:  3666 19:25:25   -20117.050781        1.373322
FIRE:  3667 19:25:26   -20117.119141        3.241093
FIRE:  3668 19:25:26   -20117.210938        0.562923
FIRE:  3669 19:25:26   -20117.128906        4.062206
FIRE:  3670 19:25:27   -20117.191406        2.610175
FIRE:  3671 19:25:27   -20117.216797        0.547222
FIRE:  3672 19:25:27   -20117.207031        1.253704
FIRE:  3673 19:25:28   -20117.212891        1.181556
FIRE:  3674 19:25:28   -20117.208984        1.039975
FIRE:  3675 19:25:28   -20117.236328        0.833312
FIRE:  3676 19:25:29   -20117.246094        0.571356
FIRE:  3677 19:25:29   -20117.246094        0.269213
FIRE:  3678 19:25:29   -20117.248047        0.242742
FIRE:  3679 19:25:30   -20117.259766        0.341667
FIRE:  3680 19:25:30   -20117.255859        0.579346
FIRE:  3681 19:25:31   -20117.259766        0.722371
FIRE:  3682 19:25:31   -20117.253906        0.731273
FIRE:  3683 19:25:31   -20117.257812        0.581003
FIRE:  3684 19:25:32   -20117.265625        0.277795
FIRE:  3685 19:25:32   -20117.269531        0.251778
FIRE:  3686 19:25:32   -20117.277344        0.441238
FIRE:  3687 19:25:33   -20117.298828        0.552464
FIRE:  3688 19:25:33   -20117.302734        0.371660
FIRE:  3689 19:25:33   -20117.306641        0.261884
FIRE:  3690 19:25:34   -20117.332031        0.474257
FIRE:  3691 19:25:34   -20117.349609        0.371271
FIRE:  3692 19:25:34   -20117.378906        0.264792
FIRE:  3693 19:25:35   -20117.417969        0.437776
FIRE:  3694 19:25:35   -20117.431641        0.250623
FIRE:  3695 19:25:35   -20117.482422        0.420260
FIRE:  3696 19:25:36   -20117.570312        0.390689
FIRE:  3697 19:25:36   -20117.640625        0.155471
FIRE:  3698 19:25:36   -20117.728516        0.274503
FIRE:  3699 19:25:37   -20117.849609        0.829145
FIRE:  3700 19:25:37   -20117.939453        2.428933
FIRE:  3701 19:25:37   -20117.849609        4.398614
FIRE:  3702 19:25:38   -20118.054688        1.190446
FIRE:  3703 19:25:38   -20117.886719        6.289093
FIRE:  3704 19:25:38   -20117.996094        3.685726
FIRE:  3705 19:25:39   -20118.080078        0.377765
FIRE:  3706 19:25:39   -20118.042969        2.086937
FIRE:  3707 19:25:39   -20118.044922        1.976140
FIRE:  3708 19:25:40   -20118.060547        1.755026
FIRE:  3709 19:25:40   -20118.074219        1.425884
FIRE:  3710 19:25:40   -20118.083984        0.995698
FIRE:  3711 19:25:41   -20118.095703        0.479864
FIRE:  3712 19:25:41   -20118.095703        0.122579
FIRE:  3713 19:25:41   -20118.085938        0.617979
FIRE:  3714 19:25:42   -20118.083984        0.606488
FIRE:  3715 19:25:42   -20118.080078        0.584383
FIRE:  3716 19:25:42   -20118.097656        0.551470
FIRE:  3717 19:25:43   -20118.080078        0.508983
FIRE:  3718 19:25:43   -20118.093750        0.458202
FIRE:  3719 19:25:43   -20118.093750        0.399496
FIRE:  3720 19:25:44   -20118.083984        0.335289
FIRE:  3721 19:25:44   -20118.070312        0.259554
FIRE:  3722 19:25:44   -20118.089844        0.172912
FIRE:  3723 19:25:45   -20118.082031        0.119683
FIRE:  3724 19:25:45   -20118.085938        0.119156
FIRE:  3725 19:25:45   -20118.091797        0.124671
FIRE:  3726 19:25:46   -20118.101562        0.206049
FIRE:  3727 19:25:46   -20118.091797        0.263476
FIRE:  3728 19:25:46   -20118.089844        0.286072
FIRE:  3729 19:25:47   -20118.091797        0.263695
FIRE:  3730 19:25:47   -20118.080078        0.191282
FIRE:  3731 19:25:47   -20118.097656        0.113295
FIRE:  3732 19:25:48   -20118.101562        0.113224
FIRE:  3733 19:25:48   -20118.125000        0.194993
FIRE:  3734 19:25:48   -20118.148438        0.226863
FIRE:  3735 19:25:49   -20118.136719        0.140928
FIRE:  3736 19:25:49   -20118.167969        0.112654
FIRE:  3737 19:25:49   -20118.201172        0.184737
FIRE:  3738 19:25:50   -20118.216797        0.161670
FIRE:  3739 19:25:50   -20118.236328        0.111423
FIRE:  3740 19:25:50   -20118.267578        0.192859
FIRE:  3741 19:25:51   -20118.314453        0.109353
FIRE:  3742 19:25:51   -20118.330078        0.191730
FIRE:  3743 19:25:51   -20118.404297        0.104577
FIRE:  3744 19:25:52   -20118.417969        0.158164
FIRE:  3745 19:25:52   -20118.474609        0.270370
FIRE:  3746 19:25:52   -20118.611328        0.392817
FIRE:  3747 19:25:53   -20118.691406        0.743071
FIRE:  3748 19:25:53   -20118.773438        1.927108
FIRE:  3749 19:25:53   -20118.781250        3.836905
FIRE:  3750 19:25:54   -20118.933594        0.850518
FIRE:  3751 19:25:54   -20118.822266        5.166144
FIRE:  3752 19:25:54   -20118.898438        3.173508
FIRE:  3753 19:25:55   -20118.943359        0.495718
FIRE:  3754 19:25:55   -20118.917969        1.674819
FIRE:  3755 19:25:55   -20118.923828        1.582369
FIRE:  3756 19:25:56   -20118.941406        1.399096
FIRE:  3757 19:25:56   -20118.953125        1.128786
FIRE:  3758 19:25:56   -20118.951172        0.780757
FIRE:  3759 19:25:57   -20118.947266        0.370893
FIRE:  3760 19:25:57   -20118.945312        0.161022
FIRE:  3761 19:25:57   -20118.933594        0.481303
FIRE:  3762 19:25:58   -20118.929688        0.472792
FIRE:  3763 19:25:58   -20118.935547        0.456063
FIRE:  3764 19:25:58   -20118.947266        0.431500
FIRE:  3765 19:25:59   -20118.949219        0.399632
FIRE:  3766 19:25:59   -20118.947266        0.360898
FIRE:  3767 19:25:59   -20118.949219        0.316448
FIRE:  3768 19:26:00   -20118.953125        0.267744
FIRE:  3769 19:26:00   -20118.941406        0.209923
FIRE:  3770 19:26:00   -20118.949219        0.161781
FIRE:  3771 19:26:01   -20118.937500        0.161918
FIRE:  3772 19:26:01   -20118.964844        0.162090
FIRE:  3773 19:26:01   -20118.960938        0.162297
FIRE:  3774 19:26:02   -20118.972656        0.162564
FIRE:  3775 19:26:02   -20118.978516        0.202226
FIRE:  3776 19:26:02   -20118.974609        0.223459
FIRE:  3777 19:26:03   -20118.994141        0.209967
FIRE:  3778 19:26:03   -20118.988281        0.164328
FIRE:  3779 19:26:03   -20118.988281        0.165026
FIRE:  3780 19:26:04   -20118.992188        0.165890
FIRE:  3781 19:26:04   -20118.996094        0.166933
FIRE:  3782 19:26:04   -20119.003906        0.179227
FIRE:  3783 19:26:05   -20118.992188        0.169716
FIRE:  3784 19:26:05   -20119.017578        0.171549
FIRE:  3785 19:26:06   -20119.009766        0.173756
FIRE:  3786 19:26:06   -20119.050781        0.176390
FIRE:  3787 19:26:06   -20119.068359        0.179528
FIRE:  3788 19:26:07   -20119.097656        0.183253
FIRE:  3789 19:26:07   -20119.107422        0.187632
FIRE:  3790 19:26:07   -20119.152344        0.192744
FIRE:  3791 19:26:08   -20119.185547        0.198715
FIRE:  3792 19:26:08   -20119.246094        0.205718
FIRE:  3793 19:26:08   -20119.318359        0.214042
FIRE:  3794 19:26:09   -20119.406250        0.266044
FIRE:  3795 19:26:09   -20119.505859        0.505811
FIRE:  3796 19:26:09   -20119.619141        1.439884
FIRE:  3797 19:26:10   -20119.642578        3.245572
FIRE:  3798 19:26:10   -20119.734375        0.578003
FIRE:  3799 19:26:10   -20119.675781        4.075157
FIRE:  3800 19:26:11   -20119.710938        2.617454
FIRE:  3801 19:26:11   -20119.757812        0.549103
FIRE:  3802 19:26:11   -20119.740234        1.257175
FIRE:  3803 19:26:12   -20119.757812        1.185173
FIRE:  3804 19:26:12   -20119.753906        1.043393
FIRE:  3805 19:26:12   -20119.759766        0.837131
FIRE:  3806 19:26:13   -20119.742188        0.574908
FIRE:  3807 19:26:13   -20119.759766        0.272108
FIRE:  3808 19:26:13   -20119.757812        0.272375
FIRE:  3809 19:26:14   -20119.757812        0.343292
FIRE:  3810 19:26:14   -20119.769531        0.581656
FIRE:  3811 19:26:14   -20119.751953        0.725964
FIRE:  3812 19:26:15   -20119.769531        0.736685
FIRE:  3813 19:26:15   -20119.773438        0.588426
FIRE:  3814 19:26:15   -20119.785156        0.287346
FIRE:  3815 19:26:16   -20119.771484        0.276841
FIRE:  3816 19:26:16   -20119.800781        0.437561
FIRE:  3817 19:26:16   -20119.800781        0.555055
FIRE:  3818 19:26:17   -20119.841797        0.383299
FIRE:  3819 19:26:17   -20119.855469        0.283716
FIRE:  3820 19:26:17   -20119.878906        0.469803
FIRE:  3821 19:26:18   -20119.904297        0.386814
FIRE:  3822 19:26:18   -20119.921875        0.292961
FIRE:  3823 19:26:18   -20119.951172        0.442956
FIRE:  3824 19:26:19   -20119.992188        0.301443
FIRE:  3825 19:26:19   -20120.050781        0.439058
FIRE:  3826 19:26:19   -20120.095703        0.354080
FIRE:  3827 19:26:20   -20120.177734        0.312638
FIRE:  3828 19:26:20   -20120.263672        0.385151
FIRE:  3829 19:26:20   -20120.330078        0.980171
FIRE:  3830 19:26:21   -20120.410156        2.547758
FIRE:  3831 19:26:21   -20120.455078        0.251724
FIRE:  3832 19:26:21   -20120.435547        1.842617
FIRE:  3833 19:26:22   -20120.445312        1.503213
FIRE:  3834 19:26:22   -20120.460938        0.844313
FIRE:  3835 19:26:22   -20120.455078        0.248144
FIRE:  3836 19:26:23   -20120.447266        0.931853
FIRE:  3837 19:26:23   -20120.451172        0.873846
FIRE:  3838 19:26:23   -20120.462891        0.762898
FIRE:  3839 19:26:24   -20120.455078        0.607635
FIRE:  3840 19:26:24   -20120.457031        0.420577
FIRE:  3841 19:26:24   -20120.462891        0.246183
FIRE:  3842 19:26:25   -20120.478516        0.245813
FIRE:  3843 19:26:25   -20120.476562        0.245360
FIRE:  3844 19:26:25   -20120.472656        0.326463
FIRE:  3845 19:26:26   -20120.474609        0.431111
FIRE:  3846 19:26:26   -20120.468750        0.469072
FIRE:  3847 19:26:26   -20120.476562        0.422761
FIRE:  3848 19:26:27   -20120.480469        0.283492
FIRE:  3849 19:26:27   -20120.486328        0.239107
FIRE:  3850 19:26:27   -20120.490234        0.237032
FIRE:  3851 19:26:28   -20120.482422        0.363799
FIRE:  3852 19:26:28   -20120.509766        0.336999
FIRE:  3853 19:26:28   -20120.517578        0.227301
FIRE:  3854 19:26:29   -20120.523438        0.222340
FIRE:  3855 19:26:29   -20120.550781        0.320046
FIRE:  3856 19:26:29   -20120.591797        0.208469
FIRE:  3857 19:26:30   -20120.623047        0.290030
FIRE:  3858 19:26:30   -20120.634766        0.186923
FIRE:  3859 19:26:30   -20120.695312        0.295972
FIRE:  3860 19:26:31   -20120.732422        0.154100
FIRE:  3861 19:26:31   -20120.804688        0.373304
FIRE:  3862 19:26:31   -20120.880859        0.463963
FIRE:  3863 19:26:32   -20120.955078        0.528274
FIRE:  3864 19:26:32   -20121.031250        0.889317
FIRE:  3865 19:26:32   -20121.123047        2.316869
FIRE:  3866 19:26:33   -20121.023438        4.500679
FIRE:  3867 19:26:33   -20121.230469        1.163610
FIRE:  3868 19:26:33   -20121.023438        6.835781
FIRE:  3869 19:26:34   -20121.158203        3.841106
FIRE:  3870 19:26:34   -20121.250000        0.190879
FIRE:  3871 19:26:34   -20121.203125        2.341297
FIRE:  3872 19:26:35   -20121.214844        2.218272
FIRE:  3873 19:26:35   -20121.216797        1.971413
FIRE:  3874 19:26:35   -20121.244141        1.601411
FIRE:  3875 19:26:36   -20121.259766        1.112710
FIRE:  3876 19:26:36   -20121.263672        0.520168
FIRE:  3877 19:26:36   -20121.257812        0.158473
FIRE:  3878 19:26:37   -20121.253906        0.753518
FIRE:  3879 19:26:37   -20121.255859        0.739223
FIRE:  3880 19:26:37   -20121.253906        0.710687
FIRE:  3881 19:26:38   -20121.255859        0.669231
FIRE:  3882 19:26:38   -20121.259766        0.614967
FIRE:  3883 19:26:38   -20121.263672        0.550127
FIRE:  3884 19:26:39   -20121.259766        0.475774
FIRE:  3885 19:26:39   -20121.269531        0.394418
FIRE:  3886 19:26:39   -20121.275391        0.298675
FIRE:  3887 19:26:40   -20121.265625        0.190103
FIRE:  3888 19:26:40   -20121.281250        0.159264
FIRE:  3889 19:26:40   -20121.269531        0.159413
FIRE:  3890 19:26:41   -20121.265625        0.175542
FIRE:  3891 19:26:41   -20121.267578        0.269986
FIRE:  3892 19:26:41   -20121.275391        0.332376
FIRE:  3893 19:26:42   -20121.273438        0.350951
FIRE:  3894 19:26:42   -20121.291016        0.314497
FIRE:  3895 19:26:42   -20121.292969        0.217654
FIRE:  3896 19:26:43   -20121.300781        0.161984
FIRE:  3897 19:26:43   -20121.310547        0.162727
FIRE:  3898 19:26:43   -20121.322266        0.251900
FIRE:  3899 19:26:44   -20121.328125        0.275291
FIRE:  3900 19:26:44   -20121.341797        0.166054
FIRE:  3901 19:26:44   -20121.345703        0.167657
FIRE:  3902 19:26:45   -20121.376953        0.234009
FIRE:  3903 19:26:45   -20121.388672        0.185243
FIRE:  3904 19:26:45   -20121.388672        0.174830
FIRE:  3905 19:26:46   -20121.423828        0.235778
FIRE:  3906 19:26:46   -20121.462891        0.182435
FIRE:  3907 19:26:46   -20121.458984        0.232478
FIRE:  3908 19:26:47   -20121.531250        0.193270
FIRE:  3909 19:26:47   -20121.570312        0.199961
FIRE:  3910 19:26:47   -20121.636719        0.321579
FIRE:  3911 19:26:48   -20121.730469        0.487482
FIRE:  3912 19:26:48   -20121.822266        0.899576
FIRE:  3913 19:26:48   -20121.927734        2.268637
FIRE:  3914 19:26:49   -20121.904297        4.206502
FIRE:  3915 19:26:49   -20122.078125        1.007237
FIRE:  3916 19:26:49   -20121.939453        6.094967
FIRE:  3917 19:26:50   -20122.050781        3.553494
FIRE:  3918 19:26:50   -20122.117188        0.327584
FIRE:  3919 19:26:50   -20122.089844        2.065506
FIRE:  3920 19:26:51   -20122.080078        1.954325
FIRE:  3921 19:26:51   -20122.089844        1.732749
FIRE:  3922 19:26:51   -20122.103516        1.402954
FIRE:  3923 19:26:52   -20122.119141        0.971731
FIRE:  3924 19:26:52   -20122.091797        0.455520
FIRE:  3925 19:26:52   -20122.119141        0.182828
FIRE:  3926 19:26:53   -20122.126953        0.638964
FIRE:  3927 19:26:53   -20122.125000        0.627439
FIRE:  3928 19:26:53   -20122.132812        0.604075
FIRE:  3929 19:26:54   -20122.132812        0.569581
FIRE:  3930 19:26:54   -20122.126953        0.525215
FIRE:  3931 19:26:54   -20122.119141        0.471711
FIRE:  3932 19:26:55   -20122.125000        0.410266
FIRE:  3933 19:26:55   -20122.130859        0.343048
FIRE:  3934 19:26:56   -20122.125000        0.263796
FIRE:  3935 19:26:56   -20122.121094        0.186428
FIRE:  3936 19:26:56   -20122.132812        0.187069
FIRE:  3937 19:26:57   -20122.130859        0.187926
FIRE:  3938 19:26:57   -20122.123047        0.188959
FIRE:  3939 19:26:57   -20122.121094        0.219335
FIRE:  3940 19:26:58   -20122.125000        0.276714
FIRE:  3941 19:26:58   -20122.123047        0.297324
FIRE:  3942 19:26:58   -20122.126953        0.271241
FIRE:  3943 19:26:59   -20122.146484        0.199182
FIRE:  3944 19:26:59   -20122.148438        0.202885
FIRE:  3945 19:26:59   -20122.148438        0.207490
FIRE:  3946 19:27:00   -20122.138672        0.213274
FIRE:  3947 19:27:00   -20122.142578        0.235808
FIRE:  3948 19:27:00   -20122.152344        0.229561
FIRE:  3949 19:27:01   -20122.167969        0.241028
FIRE:  3950 19:27:01   -20122.177734        0.255664
FIRE:  3951 19:27:01   -20122.228516        0.274309
FIRE:  3952 19:27:02   -20122.257812        0.298476
FIRE:  3953 19:27:02   -20122.302734        0.330042
FIRE:  3954 19:27:02   -20122.335938        0.371597
FIRE:  3955 19:27:03   -20122.390625        0.427255
FIRE:  3956 19:27:03   -20122.462891        0.501908
FIRE:  3957 19:27:03   -20122.537109        0.600097
FIRE:  3958 19:27:04   -20122.669922        0.712626
FIRE:  3959 19:27:04   -20122.839844        0.771732
FIRE:  3960 19:27:04   -20123.046875        0.557475
FIRE:  3961 19:27:05   -20123.166016        0.643989
FIRE:  3962 19:27:05   -20123.210938        1.598565
FIRE:  3963 19:27:05   -20123.269531        0.980770
FIRE:  3964 19:27:06   -20123.275391        1.726676
FIRE:  3965 19:27:06   -20123.285156        1.180724
FIRE:  3966 19:27:06   -20123.304688        0.649429
FIRE:  3967 19:27:07   -20123.312500        0.599726
FIRE:  3968 19:27:07   -20123.304688        1.015026
FIRE:  3969 19:27:07   -20123.320312        1.128791
FIRE:  3970 19:27:08   -20123.328125        0.873896
FIRE:  3971 19:27:08   -20123.355469        0.362397
FIRE:  3972 19:27:08   -20123.355469        0.474027
FIRE:  3973 19:27:09   -20123.357422        0.957406
FIRE:  3974 19:27:09   -20123.382812        0.728061
FIRE:  3975 19:27:09   -20123.419922        0.391519
FIRE:  3976 19:27:10   -20123.433594        0.769134
FIRE:  3977 19:27:10   -20123.443359        0.498321
FIRE:  3978 19:27:10   -20123.478516        0.586217
FIRE:  3979 19:27:11   -20123.523438        0.574688
FIRE:  3980 19:27:11   -20123.580078        0.696801
FIRE:  3981 19:27:11   -20123.656250        0.490387
FIRE:  3982 19:27:12   -20123.746094        1.055635
FIRE:  3983 19:27:12   -20123.873047        1.441901
FIRE:  3984 19:27:12   -20123.978516        1.911077
FIRE:  3985 19:27:13   -20124.111328        3.171535
FIRE:  3986 19:27:13   -20124.214844        0.772567
FIRE:  3987 19:27:13   -20124.166016        3.534745
FIRE:  3988 19:27:14   -20124.214844        2.389532
FIRE:  3989 19:27:14   -20124.244141        0.725417
FIRE:  3990 19:27:14   -20124.269531        0.877779
FIRE:  3991 19:27:15   -20124.263672        0.828842
FIRE:  3992 19:27:15   -20124.267578        0.737805
FIRE:  3993 19:27:15   -20124.263672        0.740035
FIRE:  3994 19:27:16   -20124.271484        0.743084
FIRE:  3995 19:27:16   -20124.281250        0.746906
FIRE:  3996 19:27:16   -20124.283203        0.751612
FIRE:  3997 19:27:17   -20124.291016        0.757216
FIRE:  3998 19:27:17   -20124.298828        0.764401
FIRE:  3999 19:27:17   -20124.306641        0.773607
FIRE:  4000 19:27:18   -20124.320312        0.785207
FIRE:  4001 19:27:18   -20124.310547        0.799924
FIRE:  4002 19:27:18   -20124.332031        0.818618
FIRE:  4003 19:27:19   -20124.347656        0.842612
FIRE:  4004 19:27:19   -20124.386719        0.873551
FIRE:  4005 19:27:19   -20124.433594        0.913356
FIRE:  4006 19:27:20   -20124.462891        0.964055
FIRE:  4007 19:27:20   -20124.542969        1.027422
FIRE:  4008 19:27:20   -20124.589844        1.101673
FIRE:  4009 19:27:21   -20124.699219        1.173678
FIRE:  4010 19:27:21   -20124.847656        1.201963
FIRE:  4011 19:27:21   -20125.044922        1.064802
FIRE:  4012 19:27:22   -20125.244141        0.663976
FIRE:  4013 19:27:22   -20125.246094        2.174124
FIRE:  4014 19:27:22   -20125.250000        1.915510
FIRE:  4015 19:27:23   -20125.298828        1.461993
FIRE:  4016 19:27:23   -20125.337891        0.912107
FIRE:  4017 19:27:23   -20125.378906        0.679696
FIRE:  4018 19:27:24   -20125.406250        0.610406
FIRE:  4019 19:27:24   -20125.419922        0.563994
FIRE:  4020 19:27:24   -20125.449219        0.760065
FIRE:  4021 19:27:25   -20125.476562        0.915217
FIRE:  4022 19:27:25   -20125.484375        0.971900
FIRE:  4023 19:27:25   -20125.541016        0.911880
FIRE:  4024 19:27:26   -20125.597656        0.700066
FIRE:  4025 19:27:26   -20125.671875        0.596499
FIRE:  4026 19:27:27   -20125.748047        0.784564
FIRE:  4027 19:27:27   -20125.828125        1.049474
FIRE:  4028 19:27:27   -20125.992188        1.262617
FIRE:  4029 19:27:28   -20126.201172        1.414860
FIRE:  4030 19:27:28   -20126.449219        1.565260
FIRE:  4031 19:27:28   -20126.820312        1.434855
FIRE:  4032 19:27:29   -20127.085938        1.652519
FIRE:  4033 19:27:29   -20127.343750        1.267059
FIRE:  4034 19:27:29   -20127.451172        1.768175
FIRE:  4035 19:27:30   -20127.511719        0.854173
FIRE:  4036 19:27:30   -20127.537109        1.277067
FIRE:  4037 19:27:30   -20127.572266        1.668426
FIRE:  4038 19:27:31   -20127.628906        0.748640
FIRE:  4039 19:27:31   -20127.677734        1.030822
FIRE:  4040 19:27:31   -20127.724609        1.310154
FIRE:  4041 19:27:32   -20127.802734        0.683289
FIRE:  4042 19:27:32   -20127.896484        0.946767
FIRE:  4043 19:27:32   -20127.984375        0.920606
FIRE:  4044 19:27:33   -20128.078125        0.809176
FIRE:  4045 19:27:33   -20128.205078        0.650981
FIRE:  4046 19:27:33   -20128.316406        1.345895
FIRE:  4047 19:27:34   -20128.445312        0.902929
FIRE:  4048 19:27:34   -20128.515625        2.361584
FIRE:  4049 19:27:34   -20128.582031        0.211261
FIRE:  4050 19:27:35   -20128.552734        2.784063
FIRE:  4051 19:27:35   -20128.582031        1.818221
FIRE:  4052 19:27:35   -20128.607422        0.389771
FIRE:  4053 19:27:36   -20128.597656        0.912283
FIRE:  4054 19:27:36   -20128.605469        0.855536
FIRE:  4055 19:27:36   -20128.597656        0.744252
FIRE:  4056 19:27:37   -20128.607422        0.583898
FIRE:  4057 19:27:37   -20128.611328        0.384599
FIRE:  4058 19:27:37   -20128.609375        0.177315
FIRE:  4059 19:27:38   -20128.636719        0.176001
FIRE:  4060 19:27:38   -20128.638672        0.278433
FIRE:  4061 19:27:38   -20128.648438        0.436536
FIRE:  4062 19:27:39   -20128.644531        0.520060
FIRE:  4063 19:27:39   -20128.634766        0.499142
FIRE:  4064 19:27:39   -20128.660156        0.357433
FIRE:  4065 19:27:40   -20128.652344        0.162094
FIRE:  4066 19:27:40   -20128.666016        0.181138
FIRE:  4067 19:27:40   -20128.669922        0.371288
FIRE:  4068 19:27:41   -20128.687500        0.372269
FIRE:  4069 19:27:41   -20128.718750        0.169809
FIRE:  4070 19:27:41   -20128.716797        0.221915
FIRE:  4071 19:27:42   -20128.746094        0.361314
FIRE:  4072 19:27:42   -20128.767578        0.181481
FIRE:  4073 19:27:42   -20128.798828        0.312385
FIRE:  4074 19:27:43   -20128.837891        0.193879
FIRE:  4075 19:27:43   -20128.857422        0.343580
FIRE:  4076 19:27:43   -20128.933594        0.211369
FIRE:  4077 19:27:44   -20128.990234        0.354583
FIRE:  4078 19:27:44   -20129.068359        0.502104
FIRE:  4079 19:27:44   -20129.167969        0.634310
FIRE:  4080 19:27:45   -20129.273438        1.166134
FIRE:  4081 19:27:45   -20129.371094        2.449966
FIRE:  4082 19:27:45   -20129.375000        6.000186
FIRE:  4083 19:27:46   -20129.531250        2.019081
FIRE:  4084 19:27:46   -20129.544922        1.556221
FIRE:  4085 19:27:46   -20129.560547        0.658436
FIRE:  4086 19:27:47   -20129.574219        0.539380
FIRE:  4087 19:27:47   -20129.574219        0.498863
FIRE:  4088 19:27:47   -20129.572266        0.421571
FIRE:  4089 19:27:48   -20129.580078        0.420879
FIRE:  4090 19:27:48   -20129.580078        0.421859
FIRE:  4091 19:27:48   -20129.574219        0.423103
FIRE:  4092 19:27:49   -20129.574219        0.424613
FIRE:  4093 19:27:49   -20129.568359        0.426366
FIRE:  4094 19:27:49   -20129.578125        0.428600
FIRE:  4095 19:27:50   -20129.582031        0.431399
FIRE:  4096 19:27:50   -20129.593750        0.434864
FIRE:  4097 19:27:50   -20129.599609        0.439205
FIRE:  4098 19:27:51   -20129.609375        0.444572
FIRE:  4099 19:27:51   -20129.626953        0.451257
FIRE:  4100 19:27:51   -20129.638672        0.459542
FIRE:  4101 19:27:52   -20129.658203        0.469758
FIRE:  4102 19:27:52   -20129.687500        0.482289
FIRE:  4103 19:27:52   -20129.716797        0.497703
FIRE:  4104 19:27:53   -20129.755859        0.516399
FIRE:  4105 19:27:53   -20129.789062        0.538467
FIRE:  4106 19:27:53   -20129.867188        0.563034
FIRE:  4107 19:27:54   -20129.943359        0.585939
FIRE:  4108 19:27:54   -20130.054688        0.595569
FIRE:  4109 19:27:54   -20130.160156        0.563736
FIRE:  4110 19:27:55   -20130.296875        0.431923
FIRE:  4111 19:27:55   -20130.435547        0.349941
FIRE:  4112 19:27:55   -20130.601562        0.599019
FIRE:  4113 19:27:56   -20130.718750        1.328951
FIRE:  4114 19:27:56   -20130.908203        2.092729
FIRE:  4115 19:27:56   -20131.197266        2.686543
FIRE:  4116 19:27:57   -20131.599609        2.000402
FIRE:  4117 19:27:57   -20131.960938        0.989086
FIRE:  4118 19:27:57   -20132.267578        0.805528
FIRE:  4119 19:27:58   -20132.398438        1.463998
FIRE:  4120 19:27:58   -20132.439453        1.695790
FIRE:  4121 19:27:58   -20132.468750        0.878696
FIRE:  4122 19:27:59   -20132.500000        0.784004
FIRE:  4123 19:27:59   -20132.531250        1.637104
FIRE:  4124 19:27:59   -20132.572266        0.993245
FIRE:  4125 19:28:00   -20132.623047        0.418996
FIRE:  4126 19:28:00   -20132.656250        1.143211
FIRE:  4127 19:28:00   -20132.689453        0.884898
FIRE:  4128 19:28:01   -20132.734375        0.616256
FIRE:  4129 19:28:01   -20132.763672        1.149242
FIRE:  4130 19:28:01   -20132.845703        0.590493
FIRE:  4131 19:28:02   -20132.925781        1.012149
FIRE:  4132 19:28:02   -20133.013672        0.521389
FIRE:  4133 19:28:02   -20133.146484        0.831561
FIRE:  4134 19:28:03   -20133.302734        1.425964
FIRE:  4135 19:28:03   -20133.488281        1.831016
FIRE:  4136 19:28:03   -20133.658203        2.477795
FIRE:  4137 19:28:04   -20133.787109        3.670473
FIRE:  4138 19:28:04   -20133.857422        0.832629
FIRE:  4139 19:28:04   -20133.849609        0.628499
FIRE:  4140 19:28:05   -20133.880859        0.403493
FIRE:  4141 19:28:05   -20133.880859        0.387988
FIRE:  4142 19:28:05   -20133.863281        0.526372
FIRE:  4143 19:28:06   -20133.890625        0.633821
FIRE:  4144 19:28:06   -20133.882812        0.481922
FIRE:  4145 19:28:06   -20133.896484        0.334356
FIRE:  4146 19:28:07   -20133.937500        0.327509
FIRE:  4147 19:28:07   -20133.931641        0.476438
FIRE:  4148 19:28:07   -20133.964844        0.355258
FIRE:  4149 19:28:08   -20133.990234        0.297119
FIRE:  4150 19:28:08   -20134.027344        0.448356
FIRE:  4151 19:28:08   -20134.072266        0.248431
FIRE:  4152 19:28:09   -20134.109375        0.394902
FIRE:  4153 19:28:09   -20134.179688        0.264099
FIRE:  4154 19:28:09   -20134.253906        0.507598
FIRE:  4155 19:28:10   -20134.333984        0.319752
FIRE:  4156 19:28:10   -20134.433594        0.351795
FIRE:  4157 19:28:10   -20134.572266        0.380548
FIRE:  4158 19:28:11   -20134.724609        0.897765
FIRE:  4159 19:28:11   -20134.865234        2.743077
FIRE:  4160 19:28:11   -20134.824219        4.206585
FIRE:  4161 19:28:12   -20135.019531        0.798351
FIRE:  4162 19:28:12   -20134.828125        6.535742
FIRE:  4163 19:28:12   -20134.970703        3.610478
FIRE:  4164 19:28:13   -20135.042969        0.218990
FIRE:  4165 19:28:13   -20135.009766        2.310990
FIRE:  4166 19:28:14   -20135.009766        2.185298
FIRE:  4167 19:28:14   -20135.017578        1.933170
FIRE:  4168 19:28:14   -20135.039062        1.555358
FIRE:  4169 19:28:15   -20135.050781        1.057610
FIRE:  4170 19:28:15   -20135.052734        0.456061
FIRE:  4171 19:28:15   -20135.064453        0.219733
FIRE:  4172 19:28:16   -20135.074219        0.811388
FIRE:  4173 19:28:16   -20135.064453        0.795049
FIRE:  4174 19:28:16   -20135.064453        0.763394
FIRE:  4175 19:28:17   -20135.066406        0.716536
FIRE:  4176 19:28:17   -20135.068359        0.656483
FIRE:  4177 19:28:17   -20135.066406        0.583975
FIRE:  4178 19:28:18   -20135.066406        0.501757
FIRE:  4179 19:28:18   -20135.070312        0.411848
FIRE:  4180 19:28:18   -20135.074219        0.306601
FIRE:  4181 19:28:19   -20135.072266        0.211161
FIRE:  4182 19:28:19   -20135.082031        0.210722
FIRE:  4183 19:28:19   -20135.072266        0.210207
FIRE:  4184 19:28:20   -20135.080078        0.209560
FIRE:  4185 19:28:20   -20135.082031        0.302359
FIRE:  4186 19:28:20   -20135.089844        0.363102
FIRE:  4187 19:28:21   -20135.097656        0.374440
FIRE:  4188 19:28:21   -20135.097656        0.325090
FIRE:  4189 19:28:21   -20135.105469        0.210591
FIRE:  4190 19:28:22   -20135.109375        0.201900
FIRE:  4191 19:28:22   -20135.130859        0.199723
FIRE:  4192 19:28:22   -20135.130859        0.286023
FIRE:  4193 19:28:23   -20135.134766        0.283651
FIRE:  4194 19:28:23   -20135.154297        0.191227
FIRE:  4195 19:28:23   -20135.154297        0.187757
FIRE:  4196 19:28:24   -20135.177734        0.262049
FIRE:  4197 19:28:24   -20135.183594        0.180333
FIRE:  4198 19:28:24   -20135.212891        0.176742
FIRE:  4199 19:28:25   -20135.259766        0.234560
FIRE:  4200 19:28:25   -20135.294922        0.171517
FIRE:  4201 19:28:25   -20135.322266        0.219032
FIRE:  4202 19:28:26   -20135.378906        0.200741
FIRE:  4203 19:28:26   -20135.451172        0.177527
FIRE:  4204 19:28:26   -20135.525391        0.215371
FIRE:  4205 19:28:27   -20135.607422        0.506692
FIRE:  4206 19:28:27   -20135.718750        1.129124
FIRE:  4207 19:28:27   -20135.789062        3.021870
FIRE:  4208 19:28:28   -20135.853516        0.280394
FIRE:  4209 19:28:28   -20135.853516        0.216945
FIRE:  4210 19:28:28   -20135.863281        0.217477
FIRE:  4211 19:28:29   -20135.857422        0.218770
FIRE:  4212 19:28:29   -20135.861328        0.220465
FIRE:  4213 19:28:29   -20135.882812        0.222525
FIRE:  4214 19:28:30   -20135.886719        0.224780
FIRE:  4215 19:28:30   -20135.892578        0.227129
FIRE:  4216 19:28:30   -20135.896484        0.229589
FIRE:  4217 19:28:31   -20135.896484        0.231904
FIRE:  4218 19:28:31   -20135.902344        0.233672
FIRE:  4219 19:28:31   -20135.916016        0.234472
FIRE:  4220 19:28:32   -20135.933594        0.234009
FIRE:  4221 19:28:32   -20135.947266        0.232486
FIRE:  4222 19:28:32   -20135.980469        0.230471
FIRE:  4223 19:28:33   -20136.011719        0.228872
FIRE:  4224 19:28:33   -20136.058594        0.228238
FIRE:  4225 19:28:33   -20136.105469        0.228299
FIRE:  4226 19:28:34   -20136.154297        0.227117
FIRE:  4227 19:28:34   -20136.222656        0.276985
FIRE:  4228 19:28:34   -20136.283203        0.610865
FIRE:  4229 19:28:35   -20136.375000        1.708441
FIRE:  4230 19:28:35   -20136.371094        3.670010
FIRE:  4231 19:28:35   -20136.509766        0.909156
FIRE:  4232 19:28:36   -20136.412109        4.658359
FIRE:  4233 19:28:36   -20136.472656        2.959818
FIRE:  4234 19:28:36   -20136.527344        0.604829
FIRE:  4235 19:28:37   -20136.513672        1.403084
FIRE:  4236 19:28:37   -20136.515625        1.325972
FIRE:  4237 19:28:37   -20136.523438        1.174074
FIRE:  4238 19:28:38   -20136.523438        0.951555
FIRE:  4239 19:28:38   -20136.539062        0.666985
FIRE:  4240 19:28:38   -20136.531250        0.333892
FIRE:  4241 19:28:39   -20136.537109        0.173791
FIRE:  4242 19:28:39   -20136.521484        0.363957
FIRE:  4243 19:28:39   -20136.523438        0.639808
FIRE:  4244 19:28:40   -20136.525391        0.626612
FIRE:  4245 19:28:40   -20136.523438        0.600186
FIRE:  4246 19:28:40   -20136.523438        0.561640
FIRE:  4247 19:28:41   -20136.529297        0.511651
FIRE:  4248 19:28:41   -20136.527344        0.451899
FIRE:  4249 19:28:41   -20136.523438        0.384292
FIRE:  4250 19:28:42   -20136.529297        0.310135
FIRE:  4251 19:28:42   -20136.533203        0.223910
FIRE:  4252 19:28:42   -20136.537109        0.175430
FIRE:  4253 19:28:43   -20136.535156        0.175632
FIRE:  4254 19:28:43   -20136.544922        0.175894
FIRE:  4255 19:28:43   -20136.542969        0.185866
FIRE:  4256 19:28:44   -20136.541016        0.257208
FIRE:  4257 19:28:44   -20136.541016        0.296423
FIRE:  4258 19:28:45   -20136.541016        0.292739
FIRE:  4259 19:28:45   -20136.542969        0.237572
FIRE:  4260 19:28:45   -20136.554688        0.179527
FIRE:  4261 19:28:46   -20136.552734        0.180705
FIRE:  4262 19:28:46   -20136.554688        0.182145
FIRE:  4263 19:28:46   -20136.562500        0.240161
FIRE:  4264 19:28:47   -20136.572266        0.197939
FIRE:  4265 19:28:47   -20136.583984        0.188560
FIRE:  4266 19:28:47   -20136.597656        0.191695
FIRE:  4267 19:28:48   -20136.625000        0.205584
FIRE:  4268 19:28:48   -20136.628906        0.200177
FIRE:  4269 19:28:48   -20136.630859        0.205784
FIRE:  4270 19:28:49   -20136.644531        0.212349
FIRE:  4271 19:28:49   -20136.701172        0.219876
FIRE:  4272 19:28:49   -20136.761719        0.228223
FIRE:  4273 19:28:50   -20136.826172        0.236793
FIRE:  4274 19:28:50   -20136.884766        0.244242
FIRE:  4275 19:28:50   -20136.931641        0.248755
FIRE:  4276 19:28:51   -20137.044922        0.246111
FIRE:  4277 19:28:51   -20137.134766        0.226370
FIRE:  4278 19:28:51   -20137.265625        0.884693
FIRE:  4279 19:28:52   -20137.289062        3.632213
FIRE:  4280 19:28:52   -20137.349609        1.336275
FIRE:  4281 19:28:52   -20137.359375        0.977699
FIRE:  4282 19:28:53   -20137.363281        0.317461
FIRE:  4283 19:28:53   -20137.367188        0.487538
FIRE:  4284 19:28:53   -20137.367188        0.448310
FIRE:  4285 19:28:54   -20137.373047        0.373911
FIRE:  4286 19:28:54   -20137.371094        0.271450
FIRE:  4287 19:28:54   -20137.371094        0.155741
FIRE:  4288 19:28:55   -20137.375000        0.155600
FIRE:  4289 19:28:55   -20137.369141        0.155448
FIRE:  4290 19:28:55   -20137.373047        0.187202
FIRE:  4291 19:28:56   -20137.371094        0.246008
FIRE:  4292 19:28:56   -20137.375000        0.261861
FIRE:  4293 19:28:56   -20137.376953        0.222828
FIRE:  4294 19:28:57   -20137.378906        0.154211
FIRE:  4295 19:28:57   -20137.384766        0.153813
FIRE:  4296 19:28:57   -20137.398438        0.158063
FIRE:  4297 19:28:58   -20137.406250        0.212008
FIRE:  4298 19:28:58   -20137.410156        0.151966
FIRE:  4299 19:28:58   -20137.412109        0.151035
FIRE:  4300 19:28:59   -20137.414062        0.177881
FIRE:  4301 19:28:59   -20137.443359        0.148311
FIRE:  4302 19:28:59   -20137.457031        0.146275
FIRE:  4303 19:29:00   -20137.482422        0.164577
FIRE:  4304 19:29:00   -20137.507812        0.140216
FIRE:  4305 19:29:00   -20137.544922        0.135893
FIRE:  4306 19:29:01   -20137.564453        0.196365
FIRE:  4307 19:29:01   -20137.621094        0.145495
FIRE:  4308 19:29:01   -20137.681641        0.115454
FIRE:  4309 19:29:02   -20137.767578        0.199011
FIRE:  4310 19:29:02   -20137.833984        0.676713
FIRE:  4311 19:29:02   -20137.904297        2.151974
FIRE:  4312 19:29:03   -20137.939453        0.189039
FIRE:  4313 19:29:03   -20137.910156        2.441671
FIRE:  4314 19:29:03   -20137.931641        1.652857
FIRE:  4315 19:29:04   -20137.947266        0.448304
FIRE:  4316 19:29:04   -20137.943359        0.720809
FIRE:  4317 19:29:04   -20137.957031        0.677092
FIRE:  4318 19:29:05   -20137.953125        0.591913
FIRE:  4319 19:29:05   -20137.955078        0.469574
FIRE:  4320 19:29:05   -20137.951172        0.317122
FIRE:  4321 19:29:06   -20137.957031        0.145799
FIRE:  4322 19:29:06   -20137.957031        0.081121
FIRE:  4323 19:29:06   -20137.949219        0.198502
FIRE:  4324 19:29:07   -20137.960938        0.325757
FIRE:  4325 19:29:07   -20137.962891        0.400752
FIRE:  4326 19:29:07   -20137.958984        0.401319
FIRE:  4327 19:29:08   -20137.949219        0.313530
FIRE:  4328 19:29:08   -20137.953125        0.142052
FIRE:  4329 19:29:08   -20137.964844        0.089757
FIRE:  4330 19:29:09   -20137.953125        0.263715
FIRE:  4331 19:29:09   -20137.978516        0.311260
FIRE:  4332 19:29:10   -20137.970703        0.185336
FIRE:  4333 19:29:10   -20137.984375        0.092522
FIRE:  4334 19:29:10   -20137.990234        0.279548
FIRE:  4335 19:29:11   -20138.007812        0.172397
FIRE:  4336 19:29:11   -20138.029297        0.168610
FIRE:  4337 19:29:11   -20138.048828        0.232093
FIRE:  4338 19:29:12   -20138.060547        0.145577
FIRE:  4339 19:29:12   -20138.087891        0.181562
FIRE:  4340 19:29:12   -20138.117188        0.291248
FIRE:  4341 19:29:13   -20138.171875        0.190298
FIRE:  4342 19:29:13   -20138.210938        0.111208
FIRE:  4343 19:29:13   -20138.253906        0.149056
FIRE:  4344 19:29:14   -20138.371094        0.478984
FIRE:  4345 19:29:14   -20138.400391        2.131146
FIRE:  4346 19:29:14   -20138.197266        5.071687
FIRE:  4347 19:29:15   -20138.521484        0.960573
FIRE:  4348 19:29:15   -20138.085938       10.174271
FIRE:  4349 19:29:15   -20138.425781        4.351414
FIRE:  4350 19:29:16   -20138.509766        1.179815
FIRE:  4351 19:29:16   -20138.509766        1.094899
FIRE:  4352 19:29:16   -20138.505859        0.928639
FIRE:  4353 19:29:17   -20138.519531        0.688872
FIRE:  4354 19:29:17   -20138.515625        0.389396
FIRE:  4355 19:29:17   -20138.523438        0.073992
FIRE:  4356 19:29:18   -20138.513672        0.283403
FIRE:  4357 19:29:18   -20138.515625        0.277538
FIRE:  4358 19:29:18   -20138.513672        0.265871
FIRE:  4359 19:29:19   -20138.515625        0.248743
FIRE:  4360 19:29:19   -20138.519531        0.226569
FIRE:  4361 19:29:19   -20138.517578        0.200190
FIRE:  4362 19:29:20   -20138.517578        0.170135
FIRE:  4363 19:29:20   -20138.523438        0.137803
FIRE:  4364 19:29:20   -20138.519531        0.099981
FIRE:  4365 19:29:21   -20138.521484        0.074073
FIRE:  4366 19:29:21   -20138.523438        0.074088
FIRE:  4367 19:29:21   -20138.527344        0.074108
FIRE:  4368 19:29:22   -20138.519531        0.088836
FIRE:  4369 19:29:22   -20138.517578        0.119556
FIRE:  4370 19:29:22   -20138.523438        0.135388
FIRE:  4371 19:29:23   -20138.525391        0.130156
FIRE:  4372 19:29:23   -20138.525391        0.100971
FIRE:  4373 19:29:23   -20138.537109        0.074361
FIRE:  4374 19:29:24   -20138.531250        0.074442
FIRE:  4375 19:29:24   -20138.533203        0.088630
FIRE:  4376 19:29:24   -20138.525391        0.109511
FIRE:  4377 19:29:25   -20138.537109        0.076581
FIRE:  4378 19:29:25   -20138.552734        0.074958
FIRE:  4379 19:29:25   -20138.570312        0.087443
FIRE:  4380 19:29:26   -20138.580078        0.084111
FIRE:  4381 19:29:26   -20138.580078        0.075645
FIRE:  4382 19:29:26   -20138.583984        0.093198
FIRE:  4383 19:29:27   -20138.619141        0.076269
FIRE:  4384 19:29:27   -20138.666016        0.093904
FIRE:  4385 19:29:27   -20138.673828        0.076942
FIRE:  4386 19:29:28   -20138.714844        0.079382
FIRE:  4387 19:29:28   -20138.763672        0.133190
FIRE:  4388 19:29:28   -20138.816406        0.208409
FIRE:  4389 19:29:29   -20138.873047        0.450723
FIRE:  4390 19:29:29   -20138.921875        1.293509
FIRE:  4391 19:29:29   -20138.912109        3.046589
FIRE:  4392 19:29:30   -20138.996094        0.456948
FIRE:  4393 19:29:30   -20138.921875        3.885804
FIRE:  4394 19:29:31   -20138.974609        2.484372
FIRE:  4395 19:29:31   -20139.000000        0.496359
FIRE:  4396 19:29:31   -20138.982422        1.251040
FIRE:  4397 19:29:32   -20138.980469        1.178545
FIRE:  4398 19:29:32   -20138.986328        1.036043
FIRE:  4399 19:29:32   -20138.996094        0.828192
FIRE:  4400 19:29:33   -20139.005859        0.563745
FIRE:  4401 19:29:33   -20138.992188        0.257283
FIRE:  4402 19:29:33   -20139.000000        0.108733
FIRE:  4403 19:29:34   -20139.000000        0.369235
FIRE:  4404 19:29:34   -20138.996094        0.362600
FIRE:  4405 19:29:34   -20138.994141        0.350178
FIRE:  4406 19:29:35   -20138.992188        0.331655
FIRE:  4407 19:29:35   -20138.998047        0.307490
FIRE:  4408 19:29:35   -20138.992188        0.278574
FIRE:  4409 19:29:36   -20139.003906        0.245371
FIRE:  4410 19:29:36   -20139.009766        0.208456
FIRE:  4411 19:29:36   -20139.003906        0.165189
FIRE:  4412 19:29:37   -20139.017578        0.115032
FIRE:  4413 19:29:37   -20139.013672        0.109032
FIRE:  4414 19:29:37   -20139.009766        0.109083
FIRE:  4415 19:29:38   -20138.992188        0.109158
FIRE:  4416 19:29:38   -20139.003906        0.121376
FIRE:  4417 19:29:38   -20138.998047        0.157983
FIRE:  4418 19:29:39   -20139.009766        0.174766
FIRE:  4419 19:29:39   -20139.013672        0.164972
FIRE:  4420 19:29:39   -20139.019531        0.124884
FIRE:  4421 19:29:40   -20139.017578        0.109907
FIRE:  4422 19:29:40   -20139.033203        0.110094
FIRE:  4423 19:29:40   -20139.021484        0.114353
FIRE:  4424 19:29:41   -20139.035156        0.140129
FIRE:  4425 19:29:41   -20139.046875        0.110687
FIRE:  4426 19:29:41   -20139.058594        0.110819
FIRE:  4427 19:29:42   -20139.050781        0.110845
FIRE:  4428 19:29:42   -20139.080078        0.110694
FIRE:  4429 19:29:42   -20139.093750        0.110295
FIRE:  4430 19:29:43   -20139.101562        0.117572
FIRE:  4431 19:29:43   -20139.126953        0.108313
FIRE:  4432 19:29:43   -20139.140625        0.116387
FIRE:  4433 19:29:44   -20139.160156        0.104926
FIRE:  4434 19:29:44   -20139.185547        0.118275
FIRE:  4435 19:29:44   -20139.214844        0.161456
FIRE:  4436 19:29:45   -20139.265625        0.205010
FIRE:  4437 19:29:45   -20139.292969        0.386715
FIRE:  4438 19:29:45   -20139.394531        1.069816
FIRE:  4439 19:29:46   -20139.396484        2.615411
FIRE:  4440 19:29:46   -20139.441406        0.332260
FIRE:  4441 19:29:46   -20139.396484        3.134995
FIRE:  4442 19:29:47   -20139.412109        2.073267
FIRE:  4443 19:29:47   -20139.443359        0.504729
FIRE:  4444 19:29:47   -20139.449219        0.953696
FIRE:  4445 19:29:48   -20139.457031        0.897477
FIRE:  4446 19:29:48   -20139.457031        0.787157
FIRE:  4447 19:29:48   -20139.458984        0.627525
FIRE:  4448 19:29:49   -20139.464844        0.426835
FIRE:  4449 19:29:49   -20139.458984        0.197177
FIRE:  4450 19:29:49   -20139.458984        0.140170
FIRE:  4451 19:29:50   -20139.462891        0.266572
FIRE:  4452 19:29:50   -20139.472656        0.439791
FIRE:  4453 19:29:51   -20139.460938        0.543065
FIRE:  4454 19:29:51   -20139.472656        0.548806
FIRE:  4455 19:29:51   -20139.468750        0.438582
FIRE:  4456 19:29:52   -20139.478516        0.215978
FIRE:  4457 19:29:52   -20139.476562        0.143283
FIRE:  4458 19:29:52   -20139.480469        0.332147
FIRE:  4459 19:29:53   -20139.490234        0.419958
FIRE:  4460 19:29:53   -20139.496094        0.288794
FIRE:  4461 19:29:53   -20139.505859        0.148560
FIRE:  4462 19:29:54   -20139.503906        0.352938
FIRE:  4463 19:29:54   -20139.527344        0.290278
FIRE:  4464 19:29:54   -20139.529297        0.155898
FIRE:  4465 19:29:55   -20139.564453        0.335335
FIRE:  4466 19:29:55   -20139.583984        0.162589
FIRE:  4467 19:29:55   -20139.658203        0.327900
FIRE:  4468 19:29:56   -20139.675781        0.264908
FIRE:  4469 19:29:56   -20139.681641        0.172326
FIRE:  4470 19:29:56   -20139.697266        0.282736
FIRE:  4471 19:29:57   -20139.771484        0.727504
FIRE:  4472 19:29:57   -20139.851562        1.863842
FIRE:  4473 19:29:57   -20139.767578        3.865909
FIRE:  4474 19:29:58   -20139.912109        0.851179
FIRE:  4475 19:29:58   -20139.775391        5.384923
FIRE:  4476 19:29:58   -20139.849609        3.241011
FIRE:  4477 19:29:59   -20139.927734        0.421565
FIRE:  4478 19:29:59   -20139.886719        1.811057
FIRE:  4479 19:29:59   -20139.888672        1.711931
FIRE:  4480 19:30:00   -20139.896484        1.515270
FIRE:  4481 19:30:00   -20139.898438        1.224262
FIRE:  4482 19:30:00   -20139.917969        0.846466
FIRE:  4483 19:30:01   -20139.921875        0.397319
FIRE:  4484 19:30:01   -20139.917969        0.150645
FIRE:  4485 19:30:01   -20139.919922        0.550379
FIRE:  4486 19:30:02   -20139.908203        0.540152
FIRE:  4487 19:30:02   -20139.925781        0.520916
FIRE:  4488 19:30:02   -20139.925781        0.491799
FIRE:  4489 19:30:03   -20139.927734        0.454803
FIRE:  4490 19:30:03   -20139.929688        0.409544
FIRE:  4491 19:30:03   -20139.925781        0.357852
FIRE:  4492 19:30:04   -20139.917969        0.300966
FIRE:  4493 19:30:04   -20139.931641        0.233191
FIRE:  4494 19:30:04   -20139.925781        0.155768
FIRE:  4495 19:30:05   -20139.927734        0.149979
FIRE:  4496 19:30:05   -20139.929688        0.149843
FIRE:  4497 19:30:05   -20139.925781        0.149677
FIRE:  4498 19:30:06   -20139.933594        0.190011
FIRE:  4499 19:30:06   -20139.927734        0.240538
FIRE:  4500 19:30:06   -20139.931641        0.260541
FIRE:  4501 19:30:07   -20139.931641        0.240991
FIRE:  4502 19:30:07   -20139.935547        0.177398
FIRE:  4503 19:30:07   -20139.943359        0.147374
FIRE:  4504 19:30:08   -20139.941406        0.146616
FIRE:  4505 19:30:08   -20139.933594        0.174505
FIRE:  4506 19:30:08   -20139.935547        0.207684
FIRE:  4507 19:30:09   -20139.951172        0.143087
FIRE:  4508 19:30:09   -20139.958984        0.141357
FIRE:  4509 19:30:09   -20139.978516        0.163456
FIRE:  4510 19:30:10   -20139.957031        0.156968
FIRE:  4511 19:30:10   -20139.986328        0.134667
FIRE:  4512 19:30:10   -20139.992188        0.173814
FIRE:  4513 19:30:11   -20140.017578        0.137420
FIRE:  4514 19:30:11   -20140.037109        0.172061
FIRE:  4515 19:30:11   -20140.082031        0.140905
FIRE:  4516 19:30:12   -20140.068359        0.175350
FIRE:  4517 19:30:12   -20140.136719        0.238516
FIRE:  4518 19:30:13   -20140.164062        0.282209
FIRE:  4519 19:30:13   -20140.212891        0.485494
FIRE:  4520 19:30:13   -20140.283203        1.243788
FIRE:  4521 19:30:14   -20140.281250        2.899925
FIRE:  4522 19:30:14   -20140.365234        0.390970
FIRE:  4523 19:30:14   -20140.298828        3.642095
FIRE:  4524 19:30:15   -20140.347656        2.346874
FIRE:  4525 19:30:15   -20140.380859        0.488466
FIRE:  4526 19:30:15   -20140.369141        1.167387
FIRE:  4527 19:30:16   -20140.371094        1.098914
FIRE:  4528 19:30:16   -20140.373047        0.964569
FIRE:  4529 19:30:16   -20140.386719        0.768895
FIRE:  4530 19:30:17   -20140.380859        0.520971
FIRE:  4531 19:30:17   -20140.384766        0.235145
FIRE:  4532 19:30:17   -20140.392578        0.180714
FIRE:  4533 19:30:18   -20140.382812        0.343446
FIRE:  4534 19:30:18   -20140.392578        0.337468
FIRE:  4535 19:30:18   -20140.380859        0.325852
FIRE:  4536 19:30:19   -20140.386719        0.308670
FIRE:  4537 19:30:19   -20140.384766        0.286316
FIRE:  4538 19:30:19   -20140.388672        0.259155
FIRE:  4539 19:30:20   -20140.382812        0.228157
FIRE:  4540 19:30:20   -20140.386719        0.194072
FIRE:  4541 19:30:20   -20140.388672        0.181190
FIRE:  4542 19:30:21   -20140.392578        0.181266
FIRE:  4543 19:30:21   -20140.388672        0.181363
FIRE:  4544 19:30:21   -20140.392578        0.181487
FIRE:  4545 19:30:22   -20140.378906        0.181635
FIRE:  4546 19:30:22   -20140.388672        0.181824
FIRE:  4547 19:30:22   -20140.394531        0.182052
FIRE:  4548 19:30:23   -20140.400391        0.182332
FIRE:  4549 19:30:23   -20140.390625        0.182674
FIRE:  4550 19:30:23   -20140.400391        0.183083
FIRE:  4551 19:30:24   -20140.400391        0.183580
FIRE:  4552 19:30:24   -20140.402344        0.184176
FIRE:  4553 19:30:24   -20140.404297        0.184897
FIRE:  4554 19:30:25   -20140.414062        0.185756
FIRE:  4555 19:30:25   -20140.421875        0.186767
FIRE:  4556 19:30:25   -20140.423828        0.187955
FIRE:  4557 19:30:26   -20140.416016        0.189338
FIRE:  4558 19:30:26   -20140.443359        0.190903
FIRE:  4559 19:30:26   -20140.466797        0.192640
FIRE:  4560 19:30:27   -20140.486328        0.194496
FIRE:  4561 19:30:27   -20140.513672        0.196370
FIRE:  4562 19:30:27   -20140.515625        0.198100
FIRE:  4563 19:30:28   -20140.541016        0.199456
FIRE:  4564 19:30:28   -20140.591797        0.200216
FIRE:  4565 19:30:28   -20140.644531        0.200204
FIRE:  4566 19:30:29   -20140.679688        0.199211
FIRE:  4567 19:30:29   -20140.730469        0.379230
FIRE:  4568 19:30:29   -20140.773438        1.086848
FIRE:  4569 19:30:30   -20140.765625        2.682291
FIRE:  4570 19:30:30   -20140.833984        0.354074
FIRE:  4571 19:30:30   -20140.787109        3.246570
FIRE:  4572 19:30:31   -20140.814453        2.138206
FIRE:  4573 19:30:31   -20140.841797        0.508915
FIRE:  4574 19:30:31   -20140.832031        0.994001
FIRE:  4575 19:30:32   -20140.830078        0.935502
FIRE:  4576 19:30:32   -20140.832031        0.820877
FIRE:  4577 19:30:32   -20140.833984        0.654512
FIRE:  4578 19:30:33   -20140.839844        0.445154
FIRE:  4579 19:30:33   -20140.839844        0.204995
FIRE:  4580 19:30:34   -20140.839844        0.159462
FIRE:  4581 19:30:34   -20140.835938        0.279476
FIRE:  4582 19:30:34   -20140.847656        0.460620
FIRE:  4583 19:30:35   -20140.835938        0.569012
FIRE:  4584 19:30:35   -20140.849609        0.575933
FIRE:  4585 19:30:35   -20140.867188        0.463506
FIRE:  4586 19:30:36   -20140.859375        0.233743
FIRE:  4587 19:30:36   -20140.869141        0.154059
FIRE:  4588 19:30:36   -20140.876953        0.338819
FIRE:  4589 19:30:37   -20140.888672        0.438586
FIRE:  4590 19:30:37   -20140.898438        0.313132
FIRE:  4591 19:30:37   -20140.890625        0.144056
FIRE:  4592 19:30:38   -20140.898438        0.358029
FIRE:  4593 19:30:38   -20140.898438        0.319577
FIRE:  4594 19:30:38   -20140.917969        0.126385
FIRE:  4595 19:30:39   -20140.935547        0.350196
FIRE:  4596 19:30:39   -20140.947266        0.104448
FIRE:  4597 19:30:39   -20140.964844        0.360263
FIRE:  4598 19:30:40   -20141.005859        0.223908
FIRE:  4599 19:30:40   -20141.031250        0.076795
FIRE:  4600 19:30:40   -20141.062500        0.395489
FIRE:  4601 19:30:41   -20141.103516        0.838868
FIRE:  4602 19:30:41   -20141.132812        1.818117
FIRE:  4603 19:30:41   -20141.136719        0.105554
FIRE:  4604 19:30:42   -20141.138672        1.373342
FIRE:  4605 19:30:42   -20141.136719        1.105963
FIRE:  4606 19:30:42   -20141.150391        0.599114
FIRE:  4607 19:30:43   -20141.160156        0.106168
FIRE:  4608 19:30:43   -20141.150391        0.694117
FIRE:  4609 19:30:43   -20141.160156        0.652121
FIRE:  4610 19:30:44   -20141.156250        0.571171
FIRE:  4611 19:30:44   -20141.158203        0.457348
FIRE:  4612 19:30:44   -20141.144531        0.319171
FIRE:  4613 19:30:45   -20141.164062        0.167753
FIRE:  4614 19:30:45   -20141.169922        0.106302
FIRE:  4615 19:30:45   -20141.156250        0.130989
FIRE:  4616 19:30:46   -20141.177734        0.246871
FIRE:  4617 19:30:46   -20141.183594        0.326968
FIRE:  4618 19:30:46   -20141.173828        0.356517
FIRE:  4619 19:30:47   -20141.150391        0.323500
FIRE:  4620 19:30:47   -20141.179688        0.220259
FIRE:  4621 19:30:47   -20141.167969        0.105212
FIRE:  4622 19:30:48   -20141.185547        0.145421
FIRE:  4623 19:30:48   -20141.177734        0.271307
FIRE:  4624 19:30:48   -20141.191406        0.259146
FIRE:  4625 19:30:49   -20141.203125        0.099040
FIRE:  4626 19:30:49   -20141.189453        0.155859
FIRE:  4627 19:30:49   -20141.208984        0.245382
FIRE:  4628 19:30:50   -20141.228516        0.085320
FIRE:  4629 19:30:50   -20141.218750        0.209283
FIRE:  4630 19:30:50   -20141.246094        0.150321
FIRE:  4631 19:30:51   -20141.269531        0.212341
FIRE:  4632 19:30:51   -20141.294922        0.085419
FIRE:  4633 19:30:51   -20141.314453        0.295410
FIRE:  4634 19:30:52   -20141.335938        0.312048
FIRE:  4635 19:30:52   -20141.339844        0.298178
FIRE:  4636 19:30:52   -20141.369141        0.486239
FIRE:  4637 19:30:53   -20141.402344        1.300072
FIRE:  4638 19:30:53   -20141.365234        3.141580
FIRE:  4639 19:30:54   -20141.462891        0.322140
FIRE:  4640 19:30:54   -20141.359375        4.270864
FIRE:  4641 19:30:54   -20141.433594        2.614785
FIRE:  4642 19:30:55   -20141.460938        0.350248
FIRE:  4643 19:30:55   -20141.443359        1.525978
FIRE:  4644 19:30:55   -20141.445312        1.436059
FIRE:  4645 19:30:56   -20141.453125        1.257921
FIRE:  4646 19:30:56   -20141.449219        0.996788
FIRE:  4647 19:30:56   -20141.457031        0.662090
FIRE:  4648 19:30:57   -20141.458984        0.270164
FIRE:  4649 19:30:57   -20141.457031        0.156734
FIRE:  4650 19:30:57   -20141.451172        0.153780
FIRE:  4651 19:30:58   -20141.462891        0.151318
FIRE:  4652 19:30:58   -20141.464844        0.151343
FIRE:  4653 19:30:58   -20141.464844        0.151388
FIRE:  4654 19:30:59   -20141.449219        0.151444
FIRE:  4655 19:30:59   -20141.458984        0.151495
FIRE:  4656 19:30:59   -20141.460938        0.151568
FIRE:  4657 19:31:00   -20141.462891        0.151668
FIRE:  4658 19:31:00   -20141.462891        0.151775
FIRE:  4659 19:31:00   -20141.464844        0.151926
FIRE:  4660 19:31:01   -20141.460938        0.152101
FIRE:  4661 19:31:01   -20141.466797        0.152336
FIRE:  4662 19:31:01   -20141.468750        0.152604
FIRE:  4663 19:31:02   -20141.472656        0.152951
FIRE:  4664 19:31:02   -20141.462891        0.153378
FIRE:  4665 19:31:02   -20141.468750        0.153883
FIRE:  4666 19:31:03   -20141.474609        0.154511
FIRE:  4667 19:31:03   -20141.470703        0.155258
FIRE:  4668 19:31:03   -20141.472656        0.156182
FIRE:  4669 19:31:04   -20141.488281        0.157276
FIRE:  4670 19:31:04   -20141.484375        0.158662
FIRE:  4671 19:31:04   -20141.501953        0.160391
FIRE:  4672 19:31:05   -20141.509766        0.162605
FIRE:  4673 19:31:05   -20141.511719        0.165366
FIRE:  4674 19:31:05   -20141.541016        0.168932
FIRE:  4675 19:31:06   -20141.550781        0.173577
FIRE:  4676 19:31:06   -20141.564453        0.179703
FIRE:  4677 19:31:06   -20141.562500        0.187922
FIRE:  4678 19:31:07   -20141.593750        0.199122
FIRE:  4679 19:31:07   -20141.619141        0.214546
FIRE:  4680 19:31:07   -20141.664062        0.235704
FIRE:  4681 19:31:08   -20141.679688        0.263729
FIRE:  4682 19:31:08   -20141.703125        0.300592
FIRE:  4683 19:31:08   -20141.777344        0.341443
FIRE:  4684 19:31:09   -20141.822266        0.833742
FIRE:  4685 19:31:09   -20141.875000        2.398535
FIRE:  4686 19:31:09   -20141.917969        0.428655
FIRE:  4687 19:31:10   -20141.886719        2.869324
FIRE:  4688 19:31:10   -20141.929688        1.863552
FIRE:  4689 19:31:10   -20141.937500        0.437813
FIRE:  4690 19:31:11   -20141.935547        0.960755
FIRE:  4691 19:31:11   -20141.937500        0.900783
FIRE:  4692 19:31:12   -20141.931641        0.783430
FIRE:  4693 19:31:12   -20141.945312        0.614322
FIRE:  4694 19:31:12   -20141.945312        0.442184
FIRE:  4695 19:31:13   -20141.935547        0.443108
FIRE:  4696 19:31:13   -20141.951172        0.444272
FIRE:  4697 19:31:13   -20141.953125        0.445654
FIRE:  4698 19:31:14   -20141.937500        0.467327
FIRE:  4699 19:31:14   -20141.947266        0.555917
FIRE:  4700 19:31:14   -20141.957031        0.536422
FIRE:  4701 19:31:15   -20141.957031        0.454942
FIRE:  4702 19:31:15   -20141.968750        0.458480
FIRE:  4703 19:31:15   -20141.978516        0.462718
FIRE:  4704 19:31:16   -20141.992188        0.467714
FIRE:  4705 19:31:16   -20141.990234        0.473425
FIRE:  4706 19:31:16   -20141.986328        0.479705
FIRE:  4707 19:31:17   -20142.003906        0.486466
FIRE:  4708 19:31:17   -20142.015625        0.493434
FIRE:  4709 19:31:17   -20142.029297        0.499984
FIRE:  4710 19:31:18   -20142.070312        0.505643
FIRE:  4711 19:31:18   -20142.089844        0.509576
FIRE:  4712 19:31:18   -20142.132812        0.510381
FIRE:  4713 19:31:19   -20142.210938        0.506982
FIRE:  4714 19:31:19   -20142.240234        0.505130
FIRE:  4715 19:31:19   -20142.298828        0.525309
FIRE:  4716 19:31:20   -20142.439453        0.582807
FIRE:  4717 19:31:20   -20142.544922        0.683007
FIRE:  4718 19:31:20   -20142.697266        1.468840
FIRE:  4719 19:31:21   -20142.796875        4.373644
FIRE:  4720 19:31:21   -20142.890625        1.370511
FIRE:  4721 19:31:21   -20142.900391        1.027910
FIRE:  4722 19:31:22   -20142.912109        0.717189
FIRE:  4723 19:31:22   -20142.912109        0.714384
FIRE:  4724 19:31:22   -20142.916016        0.962358
FIRE:  4725 19:31:23   -20142.923828        1.097174
FIRE:  4726 19:31:23   -20142.919922        0.768297
FIRE:  4727 19:31:23   -20142.947266        0.686710
FIRE:  4728 19:31:24   -20142.970703        0.672027
FIRE:  4729 19:31:24   -20142.990234        0.806157
FIRE:  4730 19:31:24   -20143.011719        0.620313
FIRE:  4731 19:31:25   -20143.037109        0.576624
FIRE:  4732 19:31:25   -20143.085938        0.757693
FIRE:  4733 19:31:25   -20143.117188        0.425858
FIRE:  4734 19:31:26   -20143.146484        0.695084
FIRE:  4735 19:31:26   -20143.226562        0.214920
FIRE:  4736 19:31:26   -20143.267578        0.960853
FIRE:  4737 19:31:27   -20143.316406        0.547187
FIRE:  4738 19:31:27   -20143.351562        0.414837
FIRE:  4739 19:31:27   -20143.402344        0.856173
FIRE:  4740 19:31:28   -20143.400391        1.933373
FIRE:  4741 19:31:28   -20143.435547        0.500736
FIRE:  4742 19:31:28   -20143.433594        1.682081
FIRE:  4743 19:31:29   -20143.443359        1.261532
FIRE:  4744 19:31:29   -20143.455078        0.564854
FIRE:  4745 19:31:29   -20143.458984        0.229485
FIRE:  4746 19:31:30   -20143.449219        0.229249
FIRE:  4747 19:31:30   -20143.455078        0.228756
FIRE:  4748 19:31:30   -20143.449219        0.228026
FIRE:  4749 19:31:31   -20143.464844        0.227022
FIRE:  4750 19:31:31   -20143.466797        0.225781
FIRE:  4751 19:31:31   -20143.457031        0.224270
FIRE:  4752 19:31:32   -20143.460938        0.222473
FIRE:  4753 19:31:32   -20143.460938        0.220161
FIRE:  4754 19:31:32   -20143.472656        0.217242
FIRE:  4755 19:31:33   -20143.470703        0.213481
FIRE:  4756 19:31:33   -20143.464844        0.208725
FIRE:  4757 19:31:34   -20143.482422        0.202715
FIRE:  4758 19:31:34   -20143.470703        0.195056
FIRE:  4759 19:31:34   -20143.474609        0.185366
FIRE:  4760 19:31:35   -20143.466797        0.173058
FIRE:  4761 19:31:35   -20143.468750        0.157656
FIRE:  4762 19:31:35   -20143.482422        0.138532
FIRE:  4763 19:31:36   -20143.486328        0.115292
FIRE:  4764 19:31:36   -20143.513672        0.114579
FIRE:  4765 19:31:36   -20143.503906        0.114086
FIRE:  4766 19:31:37   -20143.533203        0.113344
FIRE:  4767 19:31:37   -20143.564453        0.112265
FIRE:  4768 19:31:37   -20143.556641        0.110741
FIRE:  4769 19:31:38   -20143.597656        0.118247
FIRE:  4770 19:31:38   -20143.621094        0.135062
FIRE:  4771 19:31:38   -20143.617188        0.133664
FIRE:  4772 19:31:39   -20143.644531        0.186458
FIRE:  4773 19:31:39   -20143.707031        0.459735
FIRE:  4774 19:31:39   -20143.763672        1.197506
FIRE:  4775 19:31:40   -20143.734375        3.723733
FIRE:  4776 19:31:40   -20143.824219        0.857959
FIRE:  4777 19:31:40   -20143.822266        0.646013
FIRE:  4778 19:31:41   -20143.822266        0.262020
FIRE:  4779 19:31:41   -20143.824219        0.205372
FIRE:  4780 19:31:41   -20143.824219        0.191439
FIRE:  4781 19:31:42   -20143.822266        0.164398
FIRE:  4782 19:31:42   -20143.822266        0.127023
FIRE:  4783 19:31:42   -20143.832031        0.082014
FIRE:  4784 19:31:43   -20143.830078        0.065689
FIRE:  4785 19:31:43   -20143.824219        0.064777
FIRE:  4786 19:31:43   -20143.833984        0.064141
FIRE:  4787 19:31:44   -20143.832031        0.089722
FIRE:  4788 19:31:44   -20143.832031        0.106859
FIRE:  4789 19:31:44   -20143.826172        0.103634
FIRE:  4790 19:31:45   -20143.828125        0.075874
FIRE:  4791 19:31:45   -20143.835938        0.064239
FIRE:  4792 19:31:45   -20143.845703        0.064211
FIRE:  4793 19:31:46   -20143.839844        0.080119
FIRE:  4794 19:31:46   -20143.849609        0.080506
FIRE:  4795 19:31:46   -20143.853516        0.063747
FIRE:  4796 19:31:47   -20143.853516        0.063325
FIRE:  4797 19:31:47   -20143.855469        0.075686
FIRE:  4798 19:31:47   -20143.849609        0.061850
FIRE:  4799 19:31:48   -20143.867188        0.068376
FIRE:  4800 19:31:48   -20143.886719        0.059184
FIRE:  4801 19:31:48   -20143.902344        0.071654
FIRE:  4802 19:31:49   -20143.902344        0.058763
FIRE:  4803 19:31:49   -20143.906250        0.067802
FIRE:  4804 19:31:49   -20143.929688        0.115501
FIRE:  4805 19:31:50   -20143.978516        0.203190
FIRE:  4806 19:31:50   -20144.013672        0.474817
FIRE:  4807 19:31:50   -20144.068359        1.336294
FIRE:  4808 19:31:51   -20144.009766        3.132183
FIRE:  4809 19:31:51   -20144.095703        0.371026
FIRE:  4810 19:31:51   -20143.996094        4.207753
FIRE:  4811 19:31:52   -20144.050781        2.605834
FIRE:  4812 19:31:52   -20144.093750        0.395860
FIRE:  4813 19:31:52   -20144.089844        1.463568
FIRE:  4814 19:31:53   -20144.082031        1.377811
FIRE:  4815 19:31:53   -20144.095703        1.208150
FIRE:  4816 19:31:54   -20144.103516        0.960063
FIRE:  4817 19:31:54   -20144.111328        0.642217
FIRE:  4818 19:31:54   -20144.107422        0.270060
FIRE:  4819 19:31:55   -20144.107422        0.131282
FIRE:  4820 19:31:55   -20144.113281        0.129191
FIRE:  4821 19:31:55   -20144.109375        0.124545
FIRE:  4822 19:31:56   -20144.107422        0.117700
FIRE:  4823 19:31:56   -20144.107422        0.109141
FIRE:  4824 19:31:56   -20144.109375        0.105826
FIRE:  4825 19:31:57   -20144.113281        0.105868
FIRE:  4826 19:31:57   -20144.115234        0.105915
FIRE:  4827 19:31:57   -20144.113281        0.105983
FIRE:  4828 19:31:58   -20144.111328        0.106071
FIRE:  4829 19:31:58   -20144.115234        0.106184
FIRE:  4830 19:31:58   -20144.115234        0.106320
FIRE:  4831 19:31:59   -20144.123047        0.106491
FIRE:  4832 19:31:59   -20144.125000        0.106704
FIRE:  4833 19:31:59   -20144.125000        0.106971
FIRE:  4834 19:32:00   -20144.121094        0.107290
FIRE:  4835 19:32:00   -20144.128906        0.107691
FIRE:  4836 19:32:00   -20144.130859        0.108189
FIRE:  4837 19:32:01   -20144.134766        0.108801
FIRE:  4838 19:32:01   -20144.132812        0.109549
FIRE:  4839 19:32:01   -20144.132812        0.110474
FIRE:  4840 19:32:02   -20144.125000        0.111609
FIRE:  4841 19:32:02   -20144.142578        0.113002
FIRE:  4842 19:32:02   -20144.138672        0.114709
FIRE:  4843 19:32:03   -20144.146484        0.116810
FIRE:  4844 19:32:03   -20144.156250        0.119364
FIRE:  4845 19:32:03   -20144.166016        0.122467
FIRE:  4846 19:32:04   -20144.187500        0.126207
FIRE:  4847 19:32:04   -20144.197266        0.130677
FIRE:  4848 19:32:04   -20144.208984        0.135921
FIRE:  4849 19:32:05   -20144.216797        0.141945
FIRE:  4850 19:32:05   -20144.238281        0.148689
FIRE:  4851 19:32:05   -20144.255859        0.156046
FIRE:  4852 19:32:06   -20144.289062        0.163851
FIRE:  4853 19:32:06   -20144.322266        0.238301
FIRE:  4854 19:32:06   -20144.357422        0.787164
FIRE:  4855 19:32:07   -20144.419922        2.227836
FIRE:  4856 19:32:07   -20144.462891        0.175997
FIRE:  4857 19:32:07   -20144.427734        2.616972
FIRE:  4858 19:32:08   -20144.445312        1.728143
FIRE:  4859 19:32:08   -20144.468750        0.396309
FIRE:  4860 19:32:08   -20144.472656        0.851268
FIRE:  4861 19:32:09   -20144.476562        0.798167
FIRE:  4862 19:32:09   -20144.478516        0.694349
FIRE:  4863 19:32:09   -20144.482422        0.544992
FIRE:  4864 19:32:10   -20144.470703        0.357735
FIRE:  4865 19:32:10   -20144.474609        0.171303
FIRE:  4866 19:32:10   -20144.476562        0.171018
FIRE:  4867 19:32:11   -20144.486328        0.260538
FIRE:  4868 19:32:11   -20144.482422        0.408573
FIRE:  4869 19:32:11   -20144.478516        0.489517
FIRE:  4870 19:32:12   -20144.480469        0.479597
FIRE:  4871 19:32:12   -20144.492188        0.365661
FIRE:  4872 19:32:12   -20144.478516        0.167556
FIRE:  4873 19:32:13   -20144.488281        0.166526
FIRE:  4874 19:32:13   -20144.486328        0.316599
FIRE:  4875 19:32:13   -20144.486328        0.368792
FIRE:  4876 19:32:14   -20144.488281        0.218805
FIRE:  4877 19:32:14   -20144.488281        0.159760
FIRE:  4878 19:32:14   -20144.503906        0.327173
FIRE:  4879 19:32:15   -20144.511719        0.211141
FIRE:  4880 19:32:15   -20144.500000        0.182965
FIRE:  4881 19:32:15   -20144.509766        0.276079
FIRE:  4882 19:32:16   -20144.533203        0.140101
FIRE:  4883 19:32:16   -20144.541016        0.222393
FIRE:  4884 19:32:17   -20144.546875        0.318796
FIRE:  4885 19:32:17   -20144.587891        0.157151
FIRE:  4886 19:32:17   -20144.634766        0.085199
FIRE:  4887 19:32:18   -20144.636719        0.084726
FIRE:  4888 19:32:18   -20144.677734        0.273959
FIRE:  4889 19:32:18   -20144.722656        1.214403
FIRE:  4890 19:32:19   -20144.576172        6.368494
FIRE:  4891 19:32:19   -20144.681641        3.153450
FIRE:  4892 19:32:19   -20144.726562        2.419732
FIRE:  4893 19:32:20   -20144.781250        0.866096
FIRE:  4894 19:32:20   -20144.771484        1.400711
FIRE:  4895 19:32:20   -20144.771484        1.262352
FIRE:  4896 19:32:21   -20144.763672        1.004410
FIRE:  4897 19:32:21   -20144.785156        0.660130
FIRE:  4898 19:32:21   -20144.787109        0.270201
FIRE:  4899 19:32:22   -20144.783203        0.119164
FIRE:  4900 19:32:22   -20144.779297        0.116654
FIRE:  4901 19:32:22   -20144.783203        0.111776
FIRE:  4902 19:32:23   -20144.781250        0.104385
FIRE:  4903 19:32:23   -20144.785156        0.097625
FIRE:  4904 19:32:23   -20144.783203        0.097614
FIRE:  4905 19:32:24   -20144.783203        0.097631
FIRE:  4906 19:32:24   -20144.779297        0.097637
FIRE:  4907 19:32:24   -20144.787109        0.097649
FIRE:  4908 19:32:25   -20144.781250        0.097648
FIRE:  4909 19:32:25   -20144.783203        0.097662
FIRE:  4910 19:32:25   -20144.792969        0.097683
FIRE:  4911 19:32:26   -20144.785156        0.097704
FIRE:  4912 19:32:26   -20144.779297        0.097728
FIRE:  4913 19:32:26   -20144.783203        0.097750
FIRE:  4914 19:32:27   -20144.789062        0.097787
FIRE:  4915 19:32:27   -20144.791016        0.097817
FIRE:  4916 19:32:27   -20144.794922        0.097877
FIRE:  4917 19:32:28   -20144.789062        0.097916
FIRE:  4918 19:32:28   -20144.798828        0.097961
FIRE:  4919 19:32:28   -20144.798828        0.098001
FIRE:  4920 19:32:29   -20144.787109        0.098026
FIRE:  4921 19:32:29   -20144.806641        0.098006
FIRE:  4922 19:32:29   -20144.810547        0.097917
FIRE:  4923 19:32:30   -20144.812500        0.097682
FIRE:  4924 19:32:30   -20144.820312        0.097238
FIRE:  4925 19:32:30   -20144.810547        0.096408
FIRE:  4926 19:32:31   -20144.835938        0.094997
FIRE:  4927 19:32:31   -20144.851562        0.092650
FIRE:  4928 19:32:31   -20144.859375        0.088831
FIRE:  4929 19:32:32   -20144.884766        0.082799
FIRE:  4930 19:32:32   -20144.937500        0.078737
FIRE:  4931 19:32:32   -20144.949219        0.091757
FIRE:  4932 19:32:33   -20144.980469        0.264339
FIRE:  4933 19:32:33   -20144.996094        0.841387
FIRE:  4934 19:32:33   -20144.970703        2.907138
FIRE:  4935 19:32:34   -20145.013672        0.704526
FIRE:  4936 19:32:34   -20145.027344        0.520708
FIRE:  4937 19:32:34   -20145.025391        0.192205
FIRE:  4938 19:32:35   -20145.017578        0.194305
FIRE:  4939 19:32:35   -20145.021484        0.180480
FIRE:  4940 19:32:35   -20145.027344        0.153867
FIRE:  4941 19:32:36   -20145.011719        0.116735
FIRE:  4942 19:32:36   -20145.023438        0.078925
FIRE:  4943 19:32:36   -20145.021484        0.078917
FIRE:  4944 19:32:37   -20145.019531        0.078909
FIRE:  4945 19:32:37   -20145.015625        0.078900
FIRE:  4946 19:32:37   -20145.021484        0.087741
FIRE:  4947 19:32:38   -20145.013672        0.102180
FIRE:  4948 19:32:38   -20145.011719        0.095838
FIRE:  4949 19:32:38   -20145.011719        0.078829
FIRE:  4950 19:32:39   -20145.017578        0.078800
FIRE:  4951 19:32:39   -20145.017578        0.078761
FIRE:  4952 19:32:39   -20145.023438        0.078714
FIRE:  4953 19:32:40   -20145.035156        0.078657
FIRE:  4954 19:32:40   -20145.027344        0.078581
FIRE:  4955 19:32:40   -20145.046875        0.078489
FIRE:  4956 19:32:41   -20145.033203        0.078371
FIRE:  4957 19:32:41   -20145.041016        0.078221
FIRE:  4958 19:32:41   -20145.046875        0.078030
FIRE:  4959 19:32:42   -20145.068359        0.077785
FIRE:  4960 19:32:42   -20145.082031        0.077477
FIRE:  4961 19:32:43   -20145.087891        0.077076
FIRE:  4962 19:32:43   -20145.105469        0.076557
FIRE:  4963 19:32:43   -20145.136719        0.101230
FIRE:  4964 19:32:44   -20145.144531        0.212395
FIRE:  4965 19:32:44   -20145.146484        0.520038
FIRE:  4966 19:32:44   -20145.169922        1.421280
FIRE:  4967 19:32:45   -20145.191406        0.073049
FIRE:  4968 19:32:45   -20145.189453        0.073041
FIRE:  4969 19:32:45   -20145.199219        0.073031
FIRE:  4970 19:32:46   -20145.193359        0.073014
FIRE:  4971 19:32:46   -20145.201172        0.072992
FIRE:  4972 19:32:46   -20145.197266        0.072968
FIRE:  4973 19:32:47   -20145.193359        0.072933
FIRE:  4974 19:32:47   -20145.189453        0.072895
FIRE:  4975 19:32:47   -20145.187500        0.072844
FIRE:  4976 19:32:48   -20145.193359        0.072786
FIRE:  4977 19:32:48   -20145.183594        0.072706
FIRE:  4978 19:32:48   -20145.201172        0.072611
FIRE:  4979 19:32:49   -20145.203125        0.072493
FIRE:  4980 19:32:49   -20145.201172        0.072352
FIRE:  4981 19:32:49   -20145.218750        0.072174
FIRE:  4982 19:32:50   -20145.208984        0.071962
FIRE:  4983 19:32:50   -20145.216797        0.071704
FIRE:  4984 19:32:50   -20145.238281        0.071390
FIRE:  4985 19:32:51   -20145.257812        0.071009
FIRE:  4986 19:32:51   -20145.275391        0.070527
FIRE:  4987 19:32:51   -20145.304688        0.106915
FIRE:  4988 19:32:52   -20145.330078        0.384999
FIRE:  4989 19:32:52   -20145.320312        1.275199
FIRE:  4990 19:32:52   -20145.337891        0.067823
FIRE:  4991 19:32:53   -20145.322266        1.315321
FIRE:  4992 19:32:53   -20145.332031        0.928758
FIRE:  4993 19:32:53   -20145.343750        0.302862
FIRE:  4994 19:32:54   -20145.339844        0.351852
FIRE:  4995 19:32:54   -20145.341797        0.329641
FIRE:  4996 19:32:54   -20145.335938        0.286683
FIRE:  4997 19:32:55   -20145.337891        0.225535
FIRE:  4998 19:32:55   -20145.345703        0.150283
FIRE:  4999 19:32:55   -20145.326172        0.067642
FIRE:  5000 19:32:56   -20145.339844        0.067626
FIRE:  5001 19:32:56   -20145.341797        0.091070
FIRE:  5002 19:32:56   -20145.339844        0.151737
FIRE:  5003 19:32:57   -20145.341797        0.187792
FIRE:  5004 19:32:57   -20145.333984        0.188584
FIRE:  5005 19:32:57   -20145.341797        0.147804
FIRE:  5006 19:32:58   -20145.343750        0.067431
FIRE:  5007 19:32:58   -20145.351562        0.067366
FIRE:  5008 19:32:58   -20145.351562        0.123791
FIRE:  5009 19:32:59   -20145.355469        0.147897
FIRE:  5010 19:32:59   -20145.351562        0.085482
FIRE:  5011 19:32:59   -20145.357422        0.066917
FIRE:  5012 19:33:00   -20145.363281        0.131027
FIRE:  5013 19:33:00   -20145.373047        0.079257
FIRE:  5014 19:33:00   -20145.367188        0.077751
FIRE:  5015 19:33:01   -20145.382812        0.108964
FIRE:  5016 19:33:01   -20145.390625        0.068014
FIRE:  5017 19:33:02   -20145.406250        0.084278
FIRE:  5018 19:33:02   -20145.423828        0.138344
FIRE:  5019 19:33:02   -20145.425781        0.093880
FIRE:  5020 19:33:03   -20145.423828        0.061426
FIRE:  5021 19:33:03   -20145.453125        0.087899
FIRE:  5022 19:33:03   -20145.458984        0.290463
FIRE:  5023 19:33:04   -20145.490234        1.197939
FIRE:  5024 19:33:04   -20145.398438        3.516195
FIRE:  5025 19:33:04   -20145.525391        0.093933
FIRE:  5026 19:33:05   -20145.527344        0.063006
FIRE:  5027 19:33:05   -20145.523438        0.053351
FIRE:  5028 19:33:05   -20145.525391        0.053570
FIRE:  5029 19:33:06   -20145.521484        0.067067
FIRE:  5030 19:33:06   -20145.529297        0.062713
FIRE:  5031 19:33:06   -20145.523438        0.054579
FIRE:  5032 19:33:07   -20145.537109        0.055023
FIRE:  5033 19:33:07   -20145.533203        0.055671
FIRE:  5034 19:33:07   -20145.541016        0.056473
FIRE:  5035 19:33:08   -20145.548828        0.057498
FIRE:  5036 19:33:08   -20145.552734        0.058782
FIRE:  5037 19:33:08   -20145.564453        0.060409
FIRE:  5038 19:33:09   -20145.560547        0.062444
FIRE:  5039 19:33:09   -20145.576172        0.064812
FIRE:  5040 19:33:09   -20145.583984        0.067562
FIRE:  5041 19:33:10   -20145.597656        0.070191
FIRE:  5042 19:33:10   -20145.617188        0.072021
FIRE:  5043 19:33:10   -20145.626953        0.071181
FIRE:  5044 19:33:11   -20145.669922        0.121610
FIRE:  5045 19:33:11   -20145.677734        0.378741
FIRE:  5046 19:33:11   -20145.658203        1.218826
FIRE:  5047 19:33:12   -20145.687500        0.185502
FIRE:  5048 19:33:12   -20145.687500        0.136698
FIRE:  5049 19:33:12   -20145.685547        0.052282
FIRE:  5050 19:33:13   -20145.685547        0.046360
