      Step     Time          Energy          fmax
FIRE:    0 18:52:44    77229.906250     5321.113770
FIRE:    1 18:52:45    71298.539062     5253.803711
FIRE:    2 18:52:45    65825.625000     4225.074707
FIRE:    3 18:52:46    60723.972656     4098.314941
FIRE:    4 18:52:47    56024.746094     3606.534180
FIRE:    5 18:52:47    51732.265625     3183.844482
FIRE:    6 18:52:47    47763.582031     3091.928223
FIRE:    7 18:52:48    44129.421875     3137.258301
FIRE:    8 18:52:48    40824.988281     2924.073975
FIRE:    9 18:52:49    37807.847656     2594.653320
FIRE:   10 18:52:49    35046.953125     2509.914062
FIRE:   11 18:52:49    32516.064453     2261.856201
FIRE:   12 18:52:50    30198.701172     2013.526978
FIRE:   13 18:52:50    28080.273438     1731.616455
FIRE:   14 18:52:51    26145.669922     1419.895264
FIRE:   15 18:52:51    24380.066406     1135.504517
FIRE:   16 18:52:51    22761.900391      900.937988
FIRE:   17 18:52:52    21272.107422      729.824097
FIRE:   18 18:52:52    19891.017578      606.575684
FIRE:   19 18:52:53    18604.083984      524.319214
FIRE:   20 18:52:53    17399.554688      460.402313
FIRE:   21 18:52:53    16268.534180      411.106323
FIRE:   22 18:52:54    15203.782227      375.114990
FIRE:   23 18:52:54    14199.052734      360.829620
FIRE:   24 18:52:55    13249.131836      348.729218
FIRE:   25 18:52:55    12349.583984      336.667877
FIRE:   26 18:52:55    11496.586914      324.689301
FIRE:   27 18:52:56    10686.749023      313.035370
FIRE:   28 18:52:56     9916.961914      301.711578
FIRE:   29 18:52:57     9184.449219      290.479858
FIRE:   30 18:52:57     8486.700195      279.317505
FIRE:   31 18:52:57     7821.397461      268.268616
FIRE:   32 18:52:58     7186.543945      257.169373
FIRE:   33 18:52:58     6580.217773      245.750916
FIRE:   34 18:52:58     6000.684082      234.039474
FIRE:   35 18:52:59     5446.256836      222.011597
FIRE:   36 18:52:59     4915.410645      209.879990
FIRE:   37 18:53:00     4406.704590      197.931061
FIRE:   38 18:53:00     3918.722656      186.326767
FIRE:   39 18:53:01     3450.208008      175.150894
FIRE:   40 18:53:01     2999.982666      164.448303
FIRE:   41 18:53:02     2566.989258      154.262451
FIRE:   42 18:53:02     2150.248047      144.642441
FIRE:   43 18:53:02     1748.857910      135.614883
FIRE:   44 18:53:03     1361.974121      127.154655
FIRE:   45 18:53:03      988.846008      119.514297
FIRE:   46 18:53:04      628.734009      115.381409
FIRE:   47 18:53:04      280.998291      111.428261
FIRE:   48 18:53:05      -54.996475      107.603523
FIRE:   49 18:53:05     -379.816162      103.850739
FIRE:   50 18:53:06     -693.987549      100.127342
FIRE:   51 18:53:06     -997.999146       96.417854
FIRE:   52 18:53:07    -1292.299072       92.728844
FIRE:   53 18:53:07    -1577.296875       89.079292
      Step     Time          Energy          fmax
FIRE:    0 18:58:08    77229.898438     5321.112305
FIRE:    1 18:58:08    71298.546875     5253.804199
FIRE:    2 18:58:09    65825.585938     4225.074707
FIRE:    3 18:58:10    60723.972656     4098.245605
FIRE:    4 18:58:10    56024.726562     3606.533691
FIRE:    5 18:58:11    51732.289062     3183.852783
FIRE:    6 18:58:11    47763.585938     3091.919678
FIRE:    7 18:58:11    44129.449219     3137.263184
FIRE:    8 18:58:12    40824.984375     2924.091064
FIRE:    9 18:58:12    37807.855469     2594.651123
FIRE:   10 18:58:13    35046.933594     2509.910400
FIRE:   11 18:58:13    32516.072266     2261.877930
FIRE:   12 18:58:13    30198.699219     2013.533569
FIRE:   13 18:58:14    28080.265625     1731.629883
FIRE:   14 18:58:14    26145.662109     1419.913452
FIRE:   15 18:58:15    24380.060547     1135.509644
FIRE:   16 18:58:15    22761.896484      900.940735
FIRE:   17 18:58:15    21272.101562      729.825562
FIRE:   18 18:58:16    19891.019531      606.582520
FIRE:   19 18:58:16    18604.074219      524.319702
FIRE:   20 18:58:16    17399.554688      460.404694
FIRE:   21 18:58:17    16268.529297      411.106567
FIRE:   22 18:58:17    15203.783203      375.116211
FIRE:   23 18:58:18    14199.056641      360.829620
FIRE:   24 18:58:18    13249.134766      348.729156
FIRE:   25 18:58:18    12349.586914      336.667877
FIRE:   26 18:58:19    11496.590820      324.689331
FIRE:   27 18:58:19    10686.750000      313.035400
FIRE:   28 18:58:20     9916.960938      301.711578
FIRE:   29 18:58:20     9184.456055      290.479858
FIRE:   30 18:58:20     8486.698242      279.317505
FIRE:   31 18:58:21     7821.400879      268.268616
FIRE:   32 18:58:21     7186.545898      257.169373
FIRE:   33 18:58:21     6580.219238      245.750900
FIRE:   34 18:58:22     6000.682617      234.039459
FIRE:   35 18:58:22     5446.260254      222.011566
FIRE:   36 18:58:23     4915.409180      209.879990
FIRE:   37 18:58:23     4406.703125      197.931061
FIRE:   38 18:58:23     3918.722656      186.326782
FIRE:   39 18:58:24     3450.206299      175.150925
FIRE:   40 18:58:24     2999.982910      164.448303
FIRE:   41 18:58:24     2566.989990      154.262451
FIRE:   42 18:58:25     2150.248291      144.642410
FIRE:   43 18:58:25     1748.858154      135.614883
FIRE:   44 18:58:26     1361.976807      127.154320
FIRE:   45 18:58:26      988.845947      119.514381
FIRE:   46 18:58:26      628.735657      115.381416
FIRE:   47 18:58:27      280.998901      111.428268
FIRE:   48 18:58:27      -54.996117      107.603531
FIRE:   49 18:58:28     -379.815613      103.850739
FIRE:   50 18:58:28     -693.987854      100.127243
FIRE:   51 18:58:28     -997.999023       96.417854
FIRE:   52 18:58:29    -1292.298340       92.728844
FIRE:   53 18:58:29    -1577.297607       89.079292
FIRE:   54 18:58:29    -1853.377197       85.488785
FIRE:   55 18:58:30    -2120.885254       81.975067
FIRE:   56 18:58:30    -2380.145264       78.555984
FIRE:   57 18:58:31    -2631.475342       75.244507
FIRE:   58 18:58:31    -2875.151367       72.052277
FIRE:   59 18:58:31    -3111.455078       69.386307
FIRE:   60 18:58:32    -3340.655762       67.791229
FIRE:   61 18:58:32    -3563.005615       66.107994
FIRE:   62 18:58:32    -3778.753418       64.771500
FIRE:   63 18:58:33    -3988.150391       63.333096
FIRE:   64 18:58:33    -4191.411133       62.039566
FIRE:   65 18:58:34    -4388.770020       60.771057
FIRE:   66 18:58:34    -4580.437500       59.472275
FIRE:   67 18:58:34    -4766.621582       58.165333
FIRE:   68 18:58:35    -4947.536133       56.994049
FIRE:   69 18:58:35    -5123.355469       55.881470
FIRE:   70 18:58:36    -5294.262695       54.756775
FIRE:   71 18:58:36    -5460.464355       53.606113
FIRE:   72 18:58:36    -5622.092773       52.409084
FIRE:   73 18:58:37    -5779.375488       51.148994
FIRE:   74 18:58:37    -5932.409180       49.821663
FIRE:   75 18:58:37    -6081.382324       48.436745
FIRE:   76 18:58:38    -6226.447266       47.011868
FIRE:   77 18:58:38    -6367.741211       45.566101
FIRE:   78 18:58:39    -6505.395020       44.115395
FIRE:   79 18:58:39    -6639.545898       42.671982
FIRE:   80 18:58:39    -6770.355469       41.243744
FIRE:   81 18:58:40    -6897.935059       39.836906
FIRE:   82 18:58:40    -7022.400391       38.455338
FIRE:   83 18:58:40    -7143.831055       37.101913
FIRE:   84 18:58:41    -7262.384766       35.778458
FIRE:   85 18:58:41    -7378.157715       34.485710
FIRE:   86 18:58:42    -7491.241211       33.224728
FIRE:   87 18:58:42    -7601.755859       31.995567
FIRE:   88 18:58:42    -7709.779297       30.798914
FIRE:   89 18:58:43    -7815.413086       29.635189
FIRE:   90 18:58:43    -7918.739258       28.504631
FIRE:   91 18:58:44    -8019.835449       27.407278
FIRE:   92 18:58:44    -8118.782715       26.384991
FIRE:   93 18:58:44    -8215.654297       25.860823
FIRE:   94 18:58:45    -8310.541016       25.337969
FIRE:   95 18:58:45    -8403.493164       24.818493
FIRE:   96 18:58:45    -8494.577148       24.303905
FIRE:   97 18:58:46    -8583.861328       23.795753
FIRE:   98 18:58:46    -8671.419922       23.295399
FIRE:   99 18:58:47    -8757.268555       22.803888
FIRE:  100 18:58:47    -8841.503906       22.322168
FIRE:  101 18:58:47    -8924.165039       21.850868
FIRE:  102 18:58:48    -9005.299805       21.390585
FIRE:  103 18:58:48    -9084.933594       20.941420
FIRE:  104 18:58:49    -9163.137695       20.503603
FIRE:  105 18:58:49    -9239.965820       20.077082
FIRE:  106 18:58:49    -9315.398438       19.661613
FIRE:  107 18:58:50    -9389.557617       19.257017
FIRE:  108 18:58:50    -9462.422852       18.862804
FIRE:  109 18:58:50    -9534.020508       18.478687
FIRE:  110 18:58:51    -9604.464844       18.103893
FIRE:  111 18:58:51    -9673.666992       17.738485
FIRE:  112 18:58:52    -9741.750977       17.381626
FIRE:  113 18:58:52    -9808.707031       17.032999
FIRE:  114 18:58:52    -9874.588867       16.692188
FIRE:  115 18:58:53    -9939.404297       16.358904
FIRE:  116 18:58:53   -10003.166016       16.032703
FIRE:  117 18:58:53   -10065.922852       15.713280
FIRE:  118 18:58:54   -10127.708008       15.400380
FIRE:  119 18:58:54   -10188.548828       15.094114
FIRE:  120 18:58:55   -10248.400391       14.811727
FIRE:  121 18:58:55   -10307.340820       14.659277
FIRE:  122 18:58:55   -10365.412109       14.493398
FIRE:  123 18:58:56   -10422.585938       14.314148
FIRE:  124 18:58:56   -10478.922852       14.121782
FIRE:  125 18:58:57   -10534.389648       13.977237
FIRE:  126 18:58:57   -10589.069336       14.077945
FIRE:  127 18:58:57   -10642.957031       14.165721
FIRE:  128 18:58:58   -10696.046875       14.237924
FIRE:  129 18:58:58   -10748.365234       14.291976
FIRE:  130 18:58:58   -10799.957031       14.325600
FIRE:  131 18:58:59   -10850.806641       14.336729
FIRE:  132 18:58:59   -10900.977539       14.323501
FIRE:  133 18:59:00   -10950.431641       14.284356
FIRE:  134 18:59:00   -10999.196289       14.217912
FIRE:  135 18:59:00   -11047.305664       14.123299
FIRE:  136 18:59:01   -11094.769531       14.000078
FIRE:  137 18:59:01   -11141.581055       13.848265
FIRE:  138 18:59:01   -11187.780273       13.668236
FIRE:  139 18:59:02   -11233.366211       13.460712
FIRE:  140 18:59:02   -11278.363281       13.226707
FIRE:  141 18:59:03   -11322.787109       12.967380
FIRE:  142 18:59:03   -11366.603516       12.683933
FIRE:  143 18:59:03   -11409.873047       12.377649
FIRE:  144 18:59:04   -11452.594727       12.049733
FIRE:  145 18:59:04   -11494.796875       11.701372
FIRE:  146 18:59:04   -11536.469727       11.333917
FIRE:  147 18:59:05   -11577.621094       10.948670
FIRE:  148 18:59:05   -11618.255859       10.547283
FIRE:  149 18:59:06   -11658.403320       10.157811
FIRE:  150 18:59:06   -11698.070312        9.959568
FIRE:  151 18:59:06   -11737.281250        9.749655
FIRE:  152 18:59:07   -11775.981445        9.841389
FIRE:  153 18:59:07   -11814.231445        9.892014
FIRE:  154 18:59:07   -11852.041016        9.901138
FIRE:  155 18:59:08   -11889.397461        9.869983
FIRE:  156 18:59:08   -11926.324219        9.800127
FIRE:  157 18:59:09   -11962.807617        9.692681
FIRE:  158 18:59:09   -11998.901367        9.549757
FIRE:  159 18:59:09   -12034.549805        9.374318
FIRE:  160 18:59:10   -12069.806641        9.244274
FIRE:  161 18:59:10   -12104.643555        9.241260
FIRE:  162 18:59:11   -12139.132812        9.226611
FIRE:  163 18:59:11   -12173.204102        9.199848
FIRE:  164 18:59:11   -12206.909180        9.160243
FIRE:  165 18:59:12   -12240.249023        9.107225
FIRE:  166 18:59:12   -12273.231445        9.040188
FIRE:  167 18:59:12   -12305.817383        8.958437
FIRE:  168 18:59:13   -12338.090820        8.861433
FIRE:  169 18:59:13   -12370.051758        8.748583
FIRE:  170 18:59:14   -12401.607422        8.619301
FIRE:  171 18:59:14   -12432.896484        8.717856
FIRE:  172 18:59:14   -12463.816406        8.869144
FIRE:  173 18:59:15   -12494.419922        8.987537
FIRE:  174 18:59:15   -12524.703125        9.072531
FIRE:  175 18:59:15   -12554.679688        9.123947
FIRE:  176 18:59:16   -12584.366211        9.141735
FIRE:  177 18:59:16   -12613.727539        9.126363
FIRE:  178 18:59:17   -12642.845703        9.078777
FIRE:  179 18:59:17   -12671.636719        8.999860
FIRE:  180 18:59:17   -12700.134766        8.891059
FIRE:  181 18:59:18   -12728.354492        8.753889
FIRE:  182 18:59:18   -12756.319336        8.590302
FIRE:  183 18:59:18   -12783.976562        8.402146
FIRE:  184 18:59:19   -12811.372070        8.191716
FIRE:  185 18:59:19   -12838.493164        8.138381
FIRE:  186 18:59:20   -12865.339844        8.106768
FIRE:  187 18:59:20   -12891.951172        8.073998
FIRE:  188 18:59:20   -12918.298828        8.418032
FIRE:  189 18:59:21   -12944.359375        8.773540
FIRE:  190 18:59:21   -12970.187500        9.083514
FIRE:  191 18:59:21   -12995.772461        9.344431
FIRE:  192 18:59:22   -13021.103516        9.554179
FIRE:  193 18:59:22   -13046.166016        9.709080
FIRE:  194 18:59:22   -13070.986328        9.809612
FIRE:  195 18:59:23   -13095.596680        9.854166
FIRE:  196 18:59:23   -13119.916016        9.843229
FIRE:  197 18:59:24   -13144.053711        9.778634
FIRE:  198 18:59:24   -13167.910156        9.661400
FIRE:  199 18:59:24   -13191.541016        9.921752
FIRE:  200 18:59:25   -13214.954102       10.410306
FIRE:  201 18:59:25   -13238.111328       10.861235
FIRE:  202 18:59:25   -13261.045898       11.270003
FIRE:  203 18:59:26   -13283.769531       11.677524
FIRE:  204 18:59:26   -13306.253906       12.199339
FIRE:  205 18:59:27   -13328.515625       12.671646
FIRE:  206 18:59:27   -13350.534180       13.088178
FIRE:  207 18:59:27   -13372.347656       13.443814
FIRE:  208 18:59:28   -13393.941406       13.732885
FIRE:  209 18:59:28   -13415.310547       13.952688
FIRE:  210 18:59:28   -13436.474609       14.099749
FIRE:  211 18:59:29   -13457.414062       14.173201
FIRE:  212 18:59:29   -13478.162109       14.172664
FIRE:  213 18:59:30   -13498.691406       14.099575
FIRE:  214 18:59:30   -13518.996094       13.955501
FIRE:  215 18:59:30   -13539.114258       13.744431
FIRE:  216 18:59:31   -13559.013672       14.282203
FIRE:  217 18:59:31   -13578.743164       14.829125
FIRE:  218 18:59:31   -13598.226562       15.306482
FIRE:  219 18:59:32   -13617.574219       15.709222
FIRE:  220 18:59:32   -13636.679688       16.031397
FIRE:  221 18:59:32   -13655.593750       16.269039
FIRE:  222 18:59:33   -13674.354492       16.420965
FIRE:  223 18:59:33   -13692.940430       16.486017
FIRE:  224 18:59:34   -13711.301758       16.464613
FIRE:  225 18:59:34   -13729.512695       16.358261
FIRE:  226 18:59:34   -13747.593750       16.170366
FIRE:  227 18:59:35   -13765.445312       15.905969
FIRE:  228 18:59:35   -13783.180664       15.570924
FIRE:  229 18:59:35   -13800.708984       15.527800
FIRE:  230 18:59:36   -13818.138672       15.500569
FIRE:  231 18:59:36   -13835.370117       15.872357
FIRE:  232 18:59:37   -13852.479492       16.376516
FIRE:  233 18:59:37   -13869.420898       17.103128
FIRE:  234 18:59:37   -13886.261719       17.827135
FIRE:  235 18:59:38   -13902.959961       18.490021
FIRE:  236 18:59:38   -13919.520508       19.085077
FIRE:  237 18:59:38   -13935.927734       19.605099
FIRE:  238 18:59:39   -13952.230469       20.043741
FIRE:  239 18:59:39   -13968.417969       20.396526
FIRE:  240 18:59:39   -13984.473633       20.660290
FIRE:  241 18:59:40   -14000.416016       20.832367
FIRE:  242 18:59:40   -14016.231445       20.912222
FIRE:  243 18:59:41   -14031.965820       20.899660
FIRE:  244 18:59:41   -14047.571289       20.796656
FIRE:  245 18:59:41   -14063.075195       20.606205
FIRE:  246 18:59:42   -14078.439453       20.331415
FIRE:  247 18:59:42   -14093.706055       19.977287
FIRE:  248 18:59:42   -14108.887695       19.549978
FIRE:  249 18:59:43   -14123.922852       19.055494
FIRE:  250 18:59:43   -14138.880859       18.563419
FIRE:  251 18:59:44   -14153.750000       19.064514
FIRE:  252 18:59:44   -14168.484375       19.501760
FIRE:  253 18:59:44   -14183.131836       19.871588
FIRE:  254 18:59:45   -14197.673828       20.170345
FIRE:  255 18:59:45   -14212.098633       20.395321
FIRE:  256 18:59:45   -14226.426758       20.544884
FIRE:  257 18:59:46   -14240.679688       20.618347
FIRE:  258 18:59:46   -14254.798828       20.615841
FIRE:  259 18:59:46   -14268.850586       20.538061
FIRE:  260 18:59:47   -14282.764648       20.386679
FIRE:  261 18:59:47   -14296.600586       20.165157
FIRE:  262 18:59:48   -14310.326172       20.751539
FIRE:  263 18:59:48   -14323.958008       21.598948
FIRE:  264 18:59:48   -14337.466797       22.383322
FIRE:  265 18:59:49   -14350.893555       23.095707
FIRE:  266 18:59:49   -14364.179688       23.730124
FIRE:  267 18:59:49   -14377.376953       24.278322
FIRE:  268 18:59:50   -14390.475586       24.735836
FIRE:  269 18:59:50   -14403.432617       25.096292
FIRE:  270 18:59:50   -14416.264648       25.357691
FIRE:  271 18:59:51   -14428.971680       25.516214
FIRE:  272 18:59:51   -14441.583008       25.572332
FIRE:  273 18:59:52   -14453.993164       25.524679
FIRE:  274 18:59:52   -14466.346680       25.374758
FIRE:  275 18:59:52   -14478.518555       25.125990
FIRE:  276 18:59:53   -14490.541992       24.782131
FIRE:  277 18:59:53   -14502.426758       24.347637
FIRE:  278 18:59:53   -14514.166016       23.828564
FIRE:  279 18:59:54   -14525.714844       23.232344
FIRE:  280 18:59:54   -14537.129883       22.564636
FIRE:  281 18:59:54   -14548.374023       21.834768
FIRE:  282 18:59:55   -14559.438477       22.753342
FIRE:  283 18:59:55   -14570.368164       24.714951
FIRE:  284 18:59:56   -14581.128906       26.682169
FIRE:  285 18:59:56   -14591.732422       28.631866
FIRE:  286 18:59:56   -14602.128906       30.543764
FIRE:  287 18:59:57   -14612.402344       32.395176
FIRE:  288 18:59:57   -14622.507812       34.165134
FIRE:  289 18:59:57   -14632.483398       35.831276
FIRE:  290 18:59:58   -14642.274414       37.377525
FIRE:  291 18:59:58   -14651.922852       38.782925
FIRE:  292 18:59:58   -14661.433594       40.035130
FIRE:  293 18:59:59   -14670.791992       41.119236
FIRE:  294 18:59:59   -14680.006836       42.022533
FIRE:  295 19:00:00   -14689.104492       42.736889
FIRE:  296 19:00:00   -14698.065430       43.255653
FIRE:  297 19:00:00   -14706.880859       43.573284
FIRE:  298 19:00:01   -14715.540039       43.689938
FIRE:  299 19:00:01   -14724.097656       43.607765
FIRE:  300 19:00:01   -14732.543945       43.326591
FIRE:  301 19:00:02   -14740.835938       42.856281
FIRE:  302 19:00:02   -14748.956055       42.203022
FIRE:  303 19:00:02   -14757.000000       41.378567
FIRE:  304 19:00:03   -14764.852539       40.395714
FIRE:  305 19:00:03   -14772.588867       39.266243
FIRE:  306 19:00:04   -14780.166016       38.007538
FIRE:  307 19:00:04   -14787.602539       36.631672
FIRE:  308 19:00:04   -14794.909180       35.156761
FIRE:  309 19:00:05   -14802.049805       33.600132
FIRE:  310 19:00:05   -14809.048828       31.978193
FIRE:  311 19:00:05   -14815.900391       30.307257
FIRE:  312 19:00:06   -14822.591797       30.143230
FIRE:  313 19:00:06   -14829.118164       31.858484
FIRE:  314 19:00:06   -14835.479492       33.536903
FIRE:  315 19:00:07   -14841.722656       35.165836
FIRE:  316 19:00:07   -14847.811523       36.734116
FIRE:  317 19:00:08   -14853.712891       38.228363
FIRE:  318 19:00:08   -14859.492188       39.638214
FIRE:  319 19:00:08   -14865.125000       40.953541
FIRE:  320 19:00:09   -14870.632812       42.162918
FIRE:  321 19:00:09   -14875.989258       43.256466
FIRE:  322 19:00:09   -14881.199219       44.224937
FIRE:  323 19:00:10   -14886.312500       45.061733
FIRE:  324 19:00:10   -14891.331055       45.760120
FIRE:  325 19:00:10   -14896.200195       46.314938
FIRE:  326 19:00:11   -14900.958984       46.720570
FIRE:  327 19:00:11   -14905.611328       46.976440
FIRE:  328 19:00:12   -14910.170898       47.080803
FIRE:  329 19:00:12   -14914.672852       47.427467
FIRE:  330 19:00:12   -14919.048828       49.364567
FIRE:  331 19:00:13   -14923.367188       51.174240
FIRE:  332 19:00:13   -14927.569336       52.839607
FIRE:  333 19:00:13   -14931.735352       54.346775
FIRE:  334 19:00:14   -14935.815430       55.679420
FIRE:  335 19:00:14   -14939.822266       56.827194
FIRE:  336 19:00:14   -14943.780273       57.778221
FIRE:  337 19:00:15   -14947.677734       58.524063
FIRE:  338 19:00:15   -14951.486328       59.056599
FIRE:  339 19:00:16   -14955.235352       59.373615
FIRE:  340 19:00:16   -14958.940430       59.469936
FIRE:  341 19:00:16   -14962.574219       59.348763
FIRE:  342 19:00:17   -14966.145508       59.010803
FIRE:  343 19:00:17   -14969.618164       58.463207
FIRE:  344 19:00:17   -14973.042969       57.712906
FIRE:  345 19:00:18   -14976.401367       56.768723
FIRE:  346 19:00:18   -14979.650391       55.643490
FIRE:  347 19:00:18   -14982.855469       54.347492
FIRE:  348 19:00:19   -14985.971680       52.896393
FIRE:  349 19:00:19   -14988.974609       51.302982
FIRE:  350 19:00:19   -14991.912109       49.584698
FIRE:  351 19:00:20   -14994.731445       47.755375
FIRE:  352 19:00:20   -14997.511719       45.831715
FIRE:  353 19:00:21   -15000.125000       43.831070
FIRE:  354 19:00:21   -15002.673828       41.768574
FIRE:  355 19:00:21   -15005.131836       39.706745
FIRE:  356 19:00:22   -15007.441406       41.500584
FIRE:  357 19:00:22   -15009.671875       43.241547
FIRE:  358 19:00:22   -15011.834961       44.916454
FIRE:  359 19:00:23   -15013.868164       46.512348
FIRE:  360 19:00:23   -15015.791992       48.016220
FIRE:  361 19:00:23   -15017.640625       49.413147
FIRE:  362 19:00:24   -15019.367188       50.694149
FIRE:  363 19:00:24   -15021.001953       51.844540
FIRE:  364 19:00:25   -15022.586914       52.854744
FIRE:  365 19:00:25   -15024.056641       53.717804
FIRE:  366 19:00:25   -15025.451172       54.423252
FIRE:  367 19:00:26   -15026.763672       54.965443
FIRE:  368 19:00:26   -15027.986328       55.341286
FIRE:  369 19:00:26   -15029.164062       55.546829
FIRE:  370 19:00:27   -15030.248047       55.580158
FIRE:  371 19:00:27   -15031.321289       55.445686
FIRE:  372 19:00:27   -15032.286133       55.139874
FIRE:  373 19:00:28   -15033.251953       54.673233
FIRE:  374 19:00:28   -15034.148438       55.031750
FIRE:  375 19:00:28   -15034.993164       57.275192
FIRE:  376 19:00:29   -15035.818359       59.406876
FIRE:  377 19:00:29   -15036.606445       61.408577
FIRE:  378 19:00:30   -15037.353516       63.263920
FIRE:  379 19:00:30   -15038.065430       64.956749
FIRE:  380 19:00:30   -15038.787109       66.473328
FIRE:  381 19:00:31   -15039.464844       67.799194
FIRE:  382 19:00:31   -15040.155273       68.923683
FIRE:  383 19:00:31   -15040.804688       69.835350
FIRE:  384 19:00:32   -15041.417969       70.525986
FIRE:  385 19:00:32   -15042.004883       70.989250
FIRE:  386 19:00:32   -15042.622070       71.220657
FIRE:  387 19:00:33   -15043.197266       71.218300
FIRE:  388 19:00:33   -15043.772461       70.983437
FIRE:  389 19:00:33   -15044.296875       70.518784
FIRE:  390 19:00:34   -15044.832031       69.830246
FIRE:  391 19:00:34   -15045.333008       68.924774
FIRE:  392 19:00:35   -15045.795898       67.813004
FIRE:  393 19:00:35   -15046.250000       66.506279
FIRE:  394 19:00:35   -15046.630859       65.016533
FIRE:  395 19:00:36   -15047.070312       63.358749
FIRE:  396 19:00:36   -15047.390625       61.547417
FIRE:  397 19:00:36   -15047.706055       59.598923
FIRE:  398 19:00:37   -15047.987305       57.529556
FIRE:  399 19:00:37   -15048.201172       55.357101
FIRE:  400 19:00:37   -15048.397461       53.098392
FIRE:  401 19:00:38   -15105.040039       33.782284
FIRE:  402 19:00:38   -15154.763672       25.272326
FIRE:  403 19:00:38   -15199.451172       19.836594
FIRE:  404 19:00:39   -15240.360352       17.308483
FIRE:  405 19:00:39   -15278.136719       15.120082
FIRE:  406 19:00:40   -15313.438477       13.219625
FIRE:  407 19:00:40   -15346.578125       11.569983
FIRE:  408 19:00:40   -15377.936523       10.778498
FIRE:  409 19:00:41   -15407.672852       10.115337
FIRE:  410 19:00:41   -15436.083984        9.461487
FIRE:  411 19:00:41   -15463.256836        8.826787
FIRE:  412 19:00:42   -15489.321289        8.537781
FIRE:  413 19:00:42   -15514.440430        8.416629
FIRE:  414 19:00:42   -15538.653320        8.294278
FIRE:  415 19:00:43   -15562.064453        8.255357
FIRE:  416 19:00:43   -15584.698242        8.237506
FIRE:  417 19:00:43   -15606.633789        8.194559
FIRE:  418 19:00:44   -15627.898438        8.119818
FIRE:  419 19:00:44   -15648.532227        8.005608
FIRE:  420 19:00:45   -15668.552734        7.843128
FIRE:  421 19:00:45   -15688.049805        7.823415
FIRE:  422 19:00:45   -15706.988281        7.918890
FIRE:  423 19:00:46   -15725.459961        8.007712
FIRE:  424 19:00:46   -15743.417969        8.086861
FIRE:  425 19:00:46   -15760.937500        8.152699
FIRE:  426 19:00:47   -15778.033203        8.200809
FIRE:  427 19:00:47   -15794.716797        8.225735
FIRE:  428 19:00:47   -15810.993164        8.220828
FIRE:  429 19:00:48   -15826.924805        8.178246
FIRE:  430 19:00:48   -15842.486328        8.088431
FIRE:  431 19:00:48   -15857.740234        7.940451
FIRE:  432 19:00:49   -15872.690430        7.721987
FIRE:  433 19:00:49   -15887.381836        7.420035
FIRE:  434 19:00:49   -15901.840820        7.021912
FIRE:  435 19:00:50   -15916.054688        6.516552
FIRE:  436 19:00:50   -15930.080078        6.087539
FIRE:  437 19:00:51   -15944.017578        6.296881
FIRE:  438 19:00:51   -15957.807617        6.620864
FIRE:  439 19:00:51   -15971.489258        6.956619
FIRE:  440 19:00:52   -15985.040039        7.290098
FIRE:  441 19:00:52   -15998.558594        7.600469
FIRE:  442 19:00:52   -16011.975586        7.861037
FIRE:  443 19:00:53   -16025.327148        8.042822
FIRE:  444 19:00:53   -16038.621094        8.123280
FIRE:  445 19:00:53   -16051.838867        8.097579
FIRE:  446 19:00:54   -16064.988281        7.982540
FIRE:  447 19:00:54   -16078.056641        7.984918
FIRE:  448 19:00:54   -16091.061523        8.139978
FIRE:  449 19:00:55   -16103.957031        8.235165
FIRE:  450 19:00:55   -16116.793945        8.267452
FIRE:  451 19:00:56   -16129.466797        8.239383
FIRE:  452 19:00:56   -16141.993164        8.157054
FIRE:  453 19:00:56   -16154.380859        8.026590
FIRE:  454 19:00:57   -16166.618164        7.850971
FIRE:  455 19:00:57   -16178.669922        7.628232
FIRE:  456 19:00:57   -16190.567383        7.351072
FIRE:  457 19:00:58   -16202.246094        7.007460
FIRE:  458 19:00:58   -16213.842773        6.582021
FIRE:  459 19:00:58   -16225.280273        6.058255
FIRE:  460 19:00:59   -16236.599609        6.412715
FIRE:  461 19:00:59   -16247.938477        8.083201
FIRE:  462 19:00:59   -16259.183594        9.445918
FIRE:  463 19:01:00   -16270.434570       10.368023
FIRE:  464 19:01:00   -16281.742188       10.765957
FIRE:  465 19:01:01   -16293.081055       10.624208
FIRE:  466 19:01:01   -16304.346680        9.994599
FIRE:  467 19:01:01   -16315.598633        8.981049
FIRE:  468 19:01:02   -16326.872070        7.712835
FIRE:  469 19:01:02   -16338.009766        7.959258
FIRE:  470 19:01:02   -16349.109375        8.878364
FIRE:  471 19:01:03   -16360.083984        9.508096
FIRE:  472 19:01:03   -16371.014648        9.803973
FIRE:  473 19:01:03   -16381.883789        9.755981
FIRE:  474 19:01:04   -16392.652344        9.388940
FIRE:  475 19:01:04   -16403.376953        8.755665
FIRE:  476 19:01:04   -16414.003906        7.925277
FIRE:  477 19:01:05   -16424.578125        6.970713
FIRE:  478 19:01:05   -16435.109375        6.709047
FIRE:  479 19:01:05   -16445.546875        6.773503
FIRE:  480 19:01:06   -16455.953125        6.796688
FIRE:  481 19:01:06   -16466.300781        6.773978
FIRE:  482 19:01:07   -16476.529297        6.702367
FIRE:  483 19:01:07   -16486.740234        6.579586
FIRE:  484 19:01:07   -16496.904297        6.403107
FIRE:  485 19:01:08   -16507.005859        6.452472
FIRE:  486 19:01:08   -16517.099609        6.554798
FIRE:  487 19:01:08   -16527.066406        6.639825
FIRE:  488 19:01:09   -16537.009766        6.706197
FIRE:  489 19:01:09   -16546.935547        6.751761
FIRE:  490 19:01:09   -16556.781250        6.826958
FIRE:  491 19:01:10   -16566.568359        6.901439
FIRE:  492 19:01:10   -16576.326172        6.997676
FIRE:  493 19:01:10   -16585.970703        8.072109
FIRE:  494 19:01:11   -16595.611328        8.999587
FIRE:  495 19:01:11   -16605.125000        9.709249
FIRE:  496 19:01:11   -16614.607422       10.147083
FIRE:  497 19:01:12   -16624.021484       10.280091
FIRE:  498 19:01:12   -16633.292969       10.104450
FIRE:  499 19:01:13   -16642.521484        9.641418
FIRE:  500 19:01:13   -16651.544922        8.935744
FIRE:  501 19:01:13   -16660.531250        8.439467
FIRE:  502 19:01:14   -16669.363281        8.993830
FIRE:  503 19:01:14   -16678.085938       11.267670
FIRE:  504 19:01:14   -16686.755859       14.911912
FIRE:  505 19:01:15   -16695.449219       18.026134
FIRE:  506 19:01:15   -16704.146484       20.181299
FIRE:  507 19:01:15   -16712.933594       21.076773
FIRE:  508 19:01:16   -16721.771484       20.614405
FIRE:  509 19:01:16   -16730.681641       18.920486
FIRE:  510 19:01:16   -16739.589844       16.301041
FIRE:  511 19:01:17   -16748.406250       13.153769
FIRE:  512 19:01:17   -16757.074219        9.868547
FIRE:  513 19:01:18   -16765.609375        9.730803
FIRE:  514 19:01:18   -16774.000000       10.589721
FIRE:  515 19:01:18   -16782.246094       11.127269
FIRE:  516 19:01:19   -16790.345703       11.306315
FIRE:  517 19:01:19   -16798.306641       11.125806
FIRE:  518 19:01:19   -16806.195312       10.914371
FIRE:  519 19:01:20   -16814.060547       13.084943
FIRE:  520 19:01:20   -16821.896484       14.945009
FIRE:  521 19:01:20   -16829.816406       16.316711
FIRE:  522 19:01:21   -16837.796875       17.135353
FIRE:  523 19:01:21   -16845.845703       17.119539
FIRE:  524 19:01:21   -16853.972656       16.480843
FIRE:  525 19:01:22   -16862.103516       15.253577
FIRE:  526 19:01:22   -16870.267578       13.574232
FIRE:  527 19:01:22   -16878.322266       11.613153
FIRE:  528 19:01:23   -16886.306641        9.536938
FIRE:  529 19:01:23   -16894.070312        7.744535
FIRE:  530 19:01:24   -16901.703125        7.872703
FIRE:  531 19:01:24   -16909.167969        7.855901
FIRE:  532 19:01:24   -16916.439453        7.698876
FIRE:  533 19:01:25   -16923.546875        7.414225
FIRE:  534 19:01:25   -16930.560547        7.844595
FIRE:  535 19:01:25   -16937.404297       10.553553
FIRE:  536 19:01:26   -16944.210938       13.284426
FIRE:  537 19:01:26   -16950.914062       15.825027
FIRE:  538 19:01:27   -16957.689453       17.945391
FIRE:  539 19:01:27   -16964.521484       19.438255
FIRE:  540 19:01:27   -16971.447266       20.155975
FIRE:  541 19:01:28   -16978.455078       20.035650
FIRE:  542 19:01:28   -16985.601562       19.113588
FIRE:  543 19:01:28   -16992.798828       17.510618
FIRE:  544 19:01:29   -17000.042969       15.407115
FIRE:  545 19:01:29   -17007.339844       13.006824
FIRE:  546 19:01:29   -17014.531250       11.243786
FIRE:  547 19:01:30   -17021.695312       11.156198
FIRE:  548 19:01:30   -17028.787109       11.428786
FIRE:  549 19:01:31   -17035.816406       11.474891
FIRE:  550 19:01:31   -17042.777344       11.291582
FIRE:  551 19:01:31   -17049.617188       10.892571
FIRE:  552 19:01:32   -17056.412109       10.307845
FIRE:  553 19:01:32   -17063.164062        9.577733
FIRE:  554 19:01:32   -17069.916016        9.390503
FIRE:  555 19:01:33   -17076.578125        9.900904
FIRE:  556 19:01:33   -17083.316406       10.066691
FIRE:  557 19:01:33   -17089.992188        9.884570
FIRE:  558 19:01:34   -17096.705078        9.379086
FIRE:  559 19:01:34   -17103.455078        8.598062
FIRE:  560 19:01:34   -17110.146484        9.058983
FIRE:  561 19:01:35   -17116.904297       10.073612
FIRE:  562 19:01:35   -17123.628906       10.954310
FIRE:  563 19:01:35   -17130.333984       11.644995
FIRE:  564 19:01:36   -17137.070312       12.098202
FIRE:  565 19:01:36   -17143.755859       12.282008
FIRE:  566 19:01:37   -17150.396484       12.182737
FIRE:  567 19:01:37   -17156.982422       11.807125
FIRE:  568 19:01:37   -17163.535156       11.180363
FIRE:  569 19:01:38   -17169.984375       10.342296
FIRE:  570 19:01:38   -17176.361328        9.342623
FIRE:  571 19:01:38   -17182.556641        8.234603
FIRE:  572 19:01:39   -17188.683594        7.916799
FIRE:  573 19:01:39   -17194.697266        9.682775
FIRE:  574 19:01:39   -17200.544922       11.511529
FIRE:  575 19:01:40   -17206.349609       13.334710
FIRE:  576 19:01:40   -17212.068359       15.066264
FIRE:  577 19:01:40   -17217.755859       16.608347
FIRE:  578 19:01:41   -17223.476562       17.862675
FIRE:  579 19:01:41   -17229.242188       18.743095
FIRE:  580 19:01:41   -17235.023438       19.186085
FIRE:  581 19:01:42   -17240.921875       19.159836
FIRE:  582 19:01:42   -17246.914062       18.667618
FIRE:  583 19:01:43   -17252.941406       17.747017
FIRE:  584 19:01:43   -17259.019531       16.464443
FIRE:  585 19:01:43   -17265.054688       14.905532
FIRE:  586 19:01:44   -17271.123047       13.164274
FIRE:  587 19:01:44   -17277.115234       11.331563
FIRE:  588 19:01:44   -17283.080078        9.487150
FIRE:  589 19:01:45   -17288.929688        9.786944
FIRE:  590 19:01:45   -17294.697266        9.988596
FIRE:  591 19:01:45   -17300.365234       10.033346
FIRE:  592 19:01:46   -17306.005859        9.920147
FIRE:  593 19:01:46   -17311.550781        9.654755
FIRE:  594 19:01:46   -17317.105469        9.250177
FIRE:  595 19:01:47   -17322.554688        8.996195
FIRE:  596 19:01:47   -17328.005859        9.141644
FIRE:  597 19:01:47   -17333.466797        9.792907
FIRE:  598 19:01:48   -17338.896484       10.251638
FIRE:  599 19:01:48   -17344.380859       10.499488
FIRE:  600 19:01:49   -17349.863281       10.526971
FIRE:  601 19:01:49   -17355.343750       10.338022
FIRE:  602 19:01:49   -17360.865234        9.946265
FIRE:  603 19:01:50   -17366.359375        9.376566
FIRE:  604 19:01:50   -17371.916016        8.659814
FIRE:  605 19:01:50   -17377.451172        7.831104
FIRE:  606 19:01:51   -17382.978516        8.058378
FIRE:  607 19:01:51   -17388.509766        8.244869
FIRE:  608 19:01:51   -17394.054688        8.390389
FIRE:  609 19:01:52   -17399.603516        8.498487
FIRE:  610 19:01:52   -17405.109375        8.572334
FIRE:  611 19:01:52   -17410.658203        8.614334
FIRE:  612 19:01:53   -17416.154297        8.626658
FIRE:  613 19:01:53   -17421.634766        8.610765
FIRE:  614 19:01:53   -17427.146484        8.567960
FIRE:  615 19:01:54   -17432.609375        8.499297
FIRE:  616 19:01:54   -17438.021484        8.405549
FIRE:  617 19:01:55   -17443.427734        8.287374
FIRE:  618 19:01:55   -17448.796875        8.145386
FIRE:  619 19:01:55   -17454.167969        7.980264
FIRE:  620 19:01:56   -17459.437500        7.792477
FIRE:  621 19:01:56   -17464.695312        7.582536
FIRE:  622 19:01:56   -17469.888672        7.350910
FIRE:  623 19:01:57   -17475.054688        7.098280
FIRE:  624 19:01:57   -17480.117188        7.128015
FIRE:  625 19:01:57   -17485.140625        7.689020
FIRE:  626 19:01:58   -17490.095703        8.135345
FIRE:  627 19:01:58   -17495.001953        8.450420
FIRE:  628 19:01:58   -17499.857422        8.699050
FIRE:  629 19:01:59   -17504.623047        9.517553
FIRE:  630 19:01:59   -17509.324219       10.259948
FIRE:  631 19:02:00   -17514.060547       12.015826
FIRE:  632 19:02:00   -17518.693359       13.965175
FIRE:  633 19:02:00   -17523.316406       15.838436
FIRE:  634 19:02:01   -17527.943359       17.542973
FIRE:  635 19:02:01   -17532.601562       18.981750
FIRE:  636 19:02:01   -17537.253906       20.064922
FIRE:  637 19:02:02   -17541.943359       20.720568
FIRE:  638 19:02:02   -17546.654297       20.904831
FIRE:  639 19:02:02   -17551.412109       20.608152
FIRE:  640 19:02:03   -17556.195312       19.855509
FIRE:  641 19:02:03   -17560.984375       18.702507
FIRE:  642 19:02:03   -17565.748047       17.227146
FIRE:  643 19:02:04   -17570.525391       15.518793
FIRE:  644 19:02:04   -17575.296875       13.668658
FIRE:  645 19:02:04   -17580.019531       11.758869
FIRE:  646 19:02:05   -17584.656250        9.858212
FIRE:  647 19:02:05   -17589.248047        9.366709
FIRE:  648 19:02:06   -17593.837891        9.000519
FIRE:  649 19:02:06   -17598.320312        9.287083
FIRE:  650 19:02:06   -17602.718750        9.910711
FIRE:  651 19:02:07   -17607.070312       10.434617
FIRE:  652 19:02:07   -17611.394531       10.842694
FIRE:  653 19:02:07   -17615.689453       11.122042
FIRE:  654 19:02:08   -17619.869141       11.264528
FIRE:  655 19:02:08   -17624.072266       11.266450
FIRE:  656 19:02:08   -17628.195312       11.129522
FIRE:  657 19:02:09   -17632.265625       10.860950
FIRE:  658 19:02:09   -17636.351562       11.081297
FIRE:  659 19:02:09   -17640.347656       11.444394
FIRE:  660 19:02:10   -17644.322266       11.639295
FIRE:  661 19:02:10   -17648.250000       11.659526
FIRE:  662 19:02:10   -17652.210938       11.506113
FIRE:  663 19:02:11   -17656.136719       11.498001
FIRE:  664 19:02:11   -17659.984375       11.554628
FIRE:  665 19:02:11   -17663.851562       11.476182
FIRE:  666 19:02:12   -17667.720703       12.427348
FIRE:  667 19:02:12   -17671.566406       14.320078
FIRE:  668 19:02:13   -17675.429688       16.143181
FIRE:  669 19:02:13   -17679.328125       17.816870
FIRE:  670 19:02:13   -17683.193359       19.259438
FIRE:  671 19:02:14   -17687.099609       20.392370
FIRE:  672 19:02:14   -17691.101562       21.150627
FIRE:  673 19:02:14   -17695.074219       21.489601
FIRE:  674 19:02:15   -17699.191406       21.391239
FIRE:  675 19:02:15   -17703.292969       20.865070
FIRE:  676 19:02:15   -17707.437500       19.948757
FIRE:  677 19:02:16   -17711.595703       18.700144
FIRE:  678 19:02:16   -17715.802734       17.192253
FIRE:  679 19:02:16   -17719.925781       15.504208
FIRE:  680 19:02:17   -17724.085938       13.714140
FIRE:  681 19:02:17   -17728.177734       13.339979
FIRE:  682 19:02:17   -17732.210938       13.175300
FIRE:  683 19:02:18   -17736.146484       12.898045
FIRE:  684 19:02:18   -17740.070312       12.518319
FIRE:  685 19:02:19   -17743.841797       12.047359
FIRE:  686 19:02:19   -17747.548828       12.607510
FIRE:  687 19:02:19   -17751.195312       14.663306
FIRE:  688 19:02:20   -17754.796875       16.712856
FIRE:  689 19:02:20   -17758.283203       18.844477
FIRE:  690 19:02:20   -17761.816406       20.985514
FIRE:  691 19:02:21   -17765.369141       22.898109
FIRE:  692 19:02:21   -17768.916016       24.480942
      Step     Time          Energy          fmax
FIRE:    0 19:03:49    77229.898438     5321.106445
FIRE:    1 19:03:49    71298.554688     5253.818848
FIRE:    2 19:03:50    65825.656250     4225.074219
FIRE:    3 19:03:51    60723.980469     4098.233887
FIRE:    4 19:03:52    56024.726562     3606.484131
FIRE:    5 19:03:52    51732.281250     3183.838623
FIRE:    6 19:03:53    47763.593750     3091.928223
FIRE:    7 19:03:53    44129.437500     3137.254883
FIRE:    8 19:03:53    40824.992188     2924.074219
FIRE:    9 19:03:54    37807.863281     2594.653076
FIRE:   10 19:03:54    35046.964844     2509.929688
FIRE:   11 19:03:55    32516.068359     2261.854004
FIRE:   12 19:03:55    30198.701172     2013.509277
FIRE:   13 19:03:55    28080.277344     1731.617065
FIRE:   14 19:03:56    26145.677734     1419.895752
FIRE:   15 19:03:56    24380.058594     1135.505005
FIRE:   16 19:03:57    22761.902344      900.938110
FIRE:   17 19:03:57    21272.109375      729.819214
FIRE:   18 19:03:58    19891.019531      606.575684
      Step     Time          Energy          fmax
FIRE:    0 19:04:18    77229.890625     5321.104980
FIRE:    1 19:04:19    71298.539062     5253.854980
FIRE:    2 19:04:19    65825.585938     4225.074707
FIRE:    3 19:04:20    60723.937500     4098.203613
FIRE:    4 19:04:21    56024.722656     3606.533447
FIRE:    5 19:04:21    51732.285156     3183.843994
FIRE:    6 19:04:22    47763.582031     3091.921631
FIRE:    7 19:04:22    44129.449219     3137.263428
FIRE:    8 19:04:23    40825.000000     2924.090088
FIRE:    9 19:04:23    37807.835938     2594.648438
FIRE:   10 19:04:23    35046.949219     2509.915771
FIRE:   11 19:04:24    32516.070312     2261.873535
FIRE:   12 19:04:24    30198.707031     2013.529663
FIRE:   13 19:04:25    28080.265625     1731.626587
FIRE:   14 19:04:25    26145.673828     1419.906250
FIRE:   15 19:04:25    24380.066406     1135.505737
FIRE:   16 19:04:26    22761.890625      900.937683
FIRE:   17 19:04:26    21272.119141      729.827393
FIRE:   18 19:04:27    19891.023438      606.581055
FIRE:   19 19:04:27    18604.074219      524.318542
FIRE:   20 19:04:27    17399.552734      460.403839
FIRE:   21 19:04:28    16268.531250      411.106293
FIRE:   22 19:04:28    15203.783203      375.115784
FIRE:   23 19:04:29    14199.058594      360.829620
FIRE:   24 19:04:29    13249.129883      348.729126
FIRE:   25 19:04:30    12349.583984      336.667908
FIRE:   26 19:04:30    11496.586914      324.689331
FIRE:   27 19:04:30    10686.746094      313.035370
FIRE:   28 19:04:31     9916.961914      301.711639
FIRE:   29 19:04:31     9184.453125      290.479858
FIRE:   30 19:04:32     8486.697266      279.317505
FIRE:   31 19:04:32     7821.402344      268.268646
FIRE:   32 19:04:33     7186.542969      257.169373
FIRE:   33 19:04:33     6580.217285      245.750916
FIRE:   34 19:04:34     6000.682129      234.039505
FIRE:   35 19:04:34     5446.258789      222.011581
FIRE:   36 19:04:35     4915.408691      209.880005
FIRE:   37 19:04:35     4406.702148      197.931061
FIRE:   38 19:04:36     3918.722900      186.326782
FIRE:   39 19:04:36     3450.207520      175.150925
FIRE:   40 19:04:36     2999.982910      164.448318
FIRE:   41 19:04:37     2566.989746      154.262466
FIRE:   42 19:04:37     2150.247559      144.642441
FIRE:   43 19:04:38     1748.858154      135.614883
FIRE:   44 19:04:38     1361.974854      127.154327
FIRE:   45 19:04:38      988.845581      119.514374
FIRE:   46 19:04:39      628.734802      115.381416
FIRE:   47 19:04:39      280.997345      111.428261
FIRE:   48 19:04:40      -54.996590      107.603523
FIRE:   49 19:04:40     -379.815826      103.850739
FIRE:   50 19:04:40     -693.988098      100.127342
FIRE:   51 19:04:41     -997.999451       96.417854
FIRE:   52 19:04:41    -1292.298950       92.728851
FIRE:   53 19:04:42    -1577.296631       89.079285
FIRE:   54 19:04:42    -1853.378174       85.488792
FIRE:   55 19:04:43    -2120.885986       81.975082
FIRE:   56 19:04:43    -2380.143555       78.555992
FIRE:   57 19:04:43    -2631.474854       75.244514
FIRE:   58 19:04:44    -2875.150146       72.052277
FIRE:   59 19:04:44    -3111.455322       69.386299
FIRE:   60 19:04:45    -3340.655762       67.791222
FIRE:   61 19:04:45    -3563.005371       66.108017
FIRE:   62 19:04:45    -3778.753906       64.771500
FIRE:   63 19:04:46    -3988.149902       63.333096
FIRE:   64 19:04:46    -4191.410645       62.039570
FIRE:   65 19:04:47    -4388.770020       60.771053
FIRE:   66 19:04:47    -4580.436523       59.472286
FIRE:   67 19:04:48    -4766.619141       58.165333
FIRE:   68 19:04:48    -4947.539062       56.994061
FIRE:   69 19:04:48    -5123.355469       55.881481
FIRE:   70 19:04:49    -5294.262695       54.756775
FIRE:   71 19:04:49    -5460.461914       53.606117
FIRE:   72 19:04:50    -5622.092773       52.409088
FIRE:   73 19:04:50    -5779.374512       51.149010
FIRE:   74 19:04:51    -5932.406738       49.821671
FIRE:   75 19:04:51    -6081.382324       48.436745
FIRE:   76 19:04:51    -6226.445312       47.011864
FIRE:   77 19:04:52    -6367.740234       45.566086
FIRE:   78 19:04:52    -6505.395020       44.115391
FIRE:   79 19:04:53    -6639.546875       42.671978
FIRE:   80 19:04:53    -6770.354492       41.243740
FIRE:   81 19:04:53    -6897.935547       39.836906
FIRE:   82 19:04:54    -7022.397461       38.455338
FIRE:   83 19:04:54    -7143.831543       37.101917
FIRE:   84 19:04:55    -7262.385254       35.778461
FIRE:   85 19:04:55    -7378.162109       34.485710
FIRE:   86 19:04:55    -7491.241699       33.224724
FIRE:   87 19:04:56    -7601.757324       31.995565
FIRE:   88 19:04:56    -7709.779297       30.798914
FIRE:   89 19:04:57    -7815.414062       29.635193
FIRE:   90 19:04:57    -7918.740723       28.504629
FIRE:   91 19:04:57    -8019.836426       27.407284
FIRE:   92 19:04:58    -8118.782227       26.384993
FIRE:   93 19:04:58    -8215.652344       25.860823
FIRE:   94 19:04:59    -8310.536133       25.337969
FIRE:   95 19:04:59    -8403.494141       24.818491
FIRE:   96 19:04:59    -8494.577148       24.303905
FIRE:   97 19:05:00    -8583.863281       23.795753
FIRE:   98 19:05:00    -8671.420898       23.295401
FIRE:   99 19:05:01    -8757.269531       22.803886
FIRE:  100 19:05:01    -8841.503906       22.322166
FIRE:  101 19:05:02    -8924.166016       21.850864
FIRE:  102 19:05:02    -9005.300781       21.390585
FIRE:  103 19:05:02    -9084.937500       20.941328
FIRE:  104 19:05:03    -9163.139648       20.503603
FIRE:  105 19:05:03    -9239.967773       20.077080
FIRE:  106 19:05:04    -9315.397461       19.661619
FIRE:  107 19:05:04    -9389.556641       19.257015
FIRE:  108 19:05:04    -9462.418945       18.862804
FIRE:  109 19:05:05    -9534.022461       18.478685
FIRE:  110 19:05:05    -9604.467773       18.103893
FIRE:  111 19:05:06    -9673.664062       17.738487
FIRE:  112 19:05:06    -9741.752930       17.381624
FIRE:  113 19:05:06    -9808.709961       17.033001
FIRE:  114 19:05:07    -9874.587891       16.692188
FIRE:  115 19:05:07    -9939.401367       16.358904
FIRE:  116 19:05:08   -10003.161133       16.032707
FIRE:  117 19:05:08   -10065.929688       15.713297
FIRE:  118 19:05:08   -10127.708984       15.400382
FIRE:  119 19:05:09   -10188.550781       15.094115
FIRE:  120 19:05:09   -10248.395508       14.811723
FIRE:  121 19:05:10   -10307.337891       14.659276
FIRE:  122 19:05:10   -10365.414062       14.493401
FIRE:  123 19:05:10   -10422.585938       14.314152
FIRE:  124 19:05:11   -10478.920898       14.121778
FIRE:  125 19:05:11   -10534.394531       13.977238
FIRE:  126 19:05:12   -10589.070312       14.077946
FIRE:  127 19:05:12   -10642.957031       14.165721
FIRE:  128 19:05:12   -10696.047852       14.237925
FIRE:  129 19:05:13   -10748.366211       14.291975
FIRE:  130 19:05:13   -10799.955078       14.325600
FIRE:  131 19:05:14   -10850.814453       14.336729
FIRE:  132 19:05:14   -10900.980469       14.323499
FIRE:  133 19:05:15   -10950.428711       14.284358
FIRE:  134 19:05:15   -10999.194336       14.217913
FIRE:  135 19:05:15   -11047.304688       14.123291
FIRE:  136 19:05:16   -11094.772461       14.000077
FIRE:  137 19:05:16   -11141.576172       13.848264
FIRE:  138 19:05:17   -11187.781250       13.668235
FIRE:  139 19:05:17   -11233.362305       13.460713
FIRE:  140 19:05:17   -11278.365234       13.226707
FIRE:  141 19:05:18   -11322.787109       12.967381
FIRE:  142 19:05:18   -11366.608398       12.683933
FIRE:  143 19:05:19   -11409.872070       12.377649
FIRE:  144 19:05:19   -11452.595703       12.049733
FIRE:  145 19:05:19   -11494.796875       11.701370
FIRE:  146 19:05:20   -11536.463867       11.333917
FIRE:  147 19:05:20   -11577.618164       10.948670
FIRE:  148 19:05:21   -11618.251953       10.547283
FIRE:  149 19:05:21   -11658.406250       10.157813
FIRE:  150 19:05:21   -11698.072266        9.959570
FIRE:  151 19:05:22   -11737.276367        9.749654
FIRE:  152 19:05:22   -11775.970703        9.841388
FIRE:  153 19:05:23   -11814.223633        9.892010
FIRE:  154 19:05:23   -11852.037109        9.901140
FIRE:  155 19:05:23   -11889.401367        9.869985
FIRE:  156 19:05:24   -11926.324219        9.800127
FIRE:  157 19:05:24   -11962.814453        9.692680
FIRE:  158 19:05:25   -11998.905273        9.549756
FIRE:  159 19:05:25   -12034.549805        9.374326
FIRE:  160 19:05:25   -12069.807617        9.244267
FIRE:  161 19:05:26   -12104.644531        9.241259
FIRE:  162 19:05:26   -12139.128906        9.226611
FIRE:  163 19:05:27   -12173.203125        9.199853
FIRE:  164 19:05:27   -12206.906250        9.160240
FIRE:  165 19:05:27   -12240.250000        9.107227
FIRE:  166 19:05:28   -12273.229492        9.040188
FIRE:  167 19:05:28   -12305.817383        8.958438
FIRE:  168 19:05:29   -12338.093750        8.861433
FIRE:  169 19:05:29   -12370.049805        8.748580
FIRE:  170 19:05:29   -12401.606445        8.619301
FIRE:  171 19:05:30   -12432.896484        8.717855
FIRE:  172 19:05:30   -12463.819336        8.869142
FIRE:  173 19:05:31   -12494.418945        8.987557
FIRE:  174 19:05:31   -12524.701172        9.072514
FIRE:  175 19:05:31   -12554.681641        9.123945
FIRE:  176 19:05:32   -12584.358398        9.141748
FIRE:  177 19:05:32   -12613.737305        9.126359
FIRE:  178 19:05:33   -12642.843750        9.078778
FIRE:  179 19:05:33   -12671.636719        8.999860
FIRE:  180 19:05:33   -12700.127930        8.891056
FIRE:  181 19:05:34   -12728.358398        8.753889
FIRE:  182 19:05:34   -12756.316406        8.590302
FIRE:  183 19:05:35   -12783.978516        8.402160
FIRE:  184 19:05:35   -12811.376953        8.191715
FIRE:  185 19:05:35   -12838.492188        8.138378
FIRE:  186 19:05:36   -12865.339844        8.106769
FIRE:  187 19:05:36   -12891.949219        8.073998
FIRE:  188 19:05:37   -12918.296875        8.418033
FIRE:  189 19:05:37   -12944.361328        8.773538
FIRE:  190 19:05:37   -12970.183594        9.083515
FIRE:  191 19:05:38   -12995.774414        9.344430
FIRE:  192 19:05:38   -13021.109375        9.554179
FIRE:  193 19:05:39   -13046.166992        9.709080
FIRE:  194 19:05:39   -13070.985352        9.809614
FIRE:  195 19:05:39   -13095.598633        9.854166
FIRE:  196 19:05:40   -13119.921875        9.843227
FIRE:  197 19:05:40   -13144.053711        9.778631
FIRE:  198 19:05:41   -13167.906250        9.661400
FIRE:  199 19:05:41   -13191.543945        9.921747
FIRE:  200 19:05:41   -13214.954102       10.410305
FIRE:  201 19:05:42   -13238.115234       10.861232
FIRE:  202 19:05:42   -13261.041992       11.270001
FIRE:  203 19:05:42   -13283.762695       11.677525
FIRE:  204 19:05:43   -13306.255859       12.199342
FIRE:  205 19:05:43   -13328.513672       12.671649
FIRE:  206 19:05:44   -13350.527344       13.088176
FIRE:  207 19:05:44   -13372.353516       13.443812
FIRE:  208 19:05:44   -13393.942383       13.732882
FIRE:  209 19:05:45   -13415.309570       13.952690
FIRE:  210 19:05:45   -13436.472656       14.099749
FIRE:  211 19:05:46   -13457.415039       14.173203
FIRE:  212 19:05:46   -13478.159180       14.172661
FIRE:  213 19:05:46   -13498.687500       14.099575
FIRE:  214 19:05:47   -13518.990234       13.955499
FIRE:  215 19:05:47   -13539.113281       13.744433
FIRE:  216 19:05:48   -13559.012695       14.282202
FIRE:  217 19:05:48   -13578.745117       14.829124
FIRE:  218 19:05:48   -13598.225586       15.306495
FIRE:  219 19:05:49   -13617.566406       15.709226
FIRE:  220 19:05:49   -13636.674805       16.031063
FIRE:  221 19:05:49   -13655.587891       16.269041
FIRE:  222 19:05:50   -13674.356445       16.420992
FIRE:  223 19:05:50   -13692.937500       16.486010
FIRE:  224 19:05:51   -13711.309570       16.464605
FIRE:  225 19:05:51   -13729.514648       16.358255
FIRE:  226 19:05:51   -13747.594727       16.170364
FIRE:  227 19:05:52   -13765.443359       15.906392
FIRE:  228 19:05:52   -13783.184570       15.570923
FIRE:  229 19:05:53   -13800.703125       15.527795
FIRE:  230 19:05:53   -13818.135742       15.500571
FIRE:  231 19:05:53   -13835.366211       15.872358
FIRE:  232 19:05:54   -13852.477539       16.376518
FIRE:  233 19:05:54   -13869.422852       17.103127
FIRE:  234 19:05:54   -13886.262695       17.827131
FIRE:  235 19:05:55   -13902.960938       18.490019
FIRE:  236 19:05:55   -13919.520508       19.085081
FIRE:  237 19:05:56   -13935.928711       19.605101
FIRE:  238 19:05:56   -13952.227539       20.043758
FIRE:  239 19:05:56   -13968.423828       20.396542
FIRE:  240 19:05:57   -13984.473633       20.660275
FIRE:  241 19:05:57   -14000.416992       20.832361
FIRE:  242 19:05:58   -14016.227539       20.911924
FIRE:  243 19:05:58   -14031.967773       20.899624
FIRE:  244 19:05:58   -14047.571289       20.796661
FIRE:  245 19:05:59   -14063.068359       20.606230
FIRE:  246 19:05:59   -14078.444336       20.331448
FIRE:  247 19:05:59   -14093.705078       19.976974
FIRE:  248 19:06:00   -14108.880859       19.550091
FIRE:  249 19:06:00   -14123.919922       19.055500
FIRE:  250 19:06:01   -14138.886719       18.563417
FIRE:  251 19:06:01   -14153.752930       19.064507
FIRE:  252 19:06:01   -14168.488281       19.501755
FIRE:  253 19:06:02   -14183.136719       19.871578
FIRE:  254 19:06:02   -14197.668945       20.170357
FIRE:  255 19:06:03   -14212.110352       20.395319
FIRE:  256 19:06:03   -14226.426758       20.544830
FIRE:  257 19:06:03   -14240.681641       20.618351
FIRE:  258 19:06:04   -14254.790039       20.615845
FIRE:  259 19:06:04   -14268.858398       20.538061
FIRE:  260 19:06:05   -14282.762695       20.386679
FIRE:  261 19:06:05   -14296.595703       20.165140
FIRE:  262 19:06:05   -14310.322266       20.751537
FIRE:  263 19:06:06   -14323.961914       21.598944
FIRE:  264 19:06:06   -14337.468750       22.383320
FIRE:  265 19:06:06   -14350.895508       23.095707
FIRE:  266 19:06:07   -14364.183594       23.730120
FIRE:  267 19:06:07   -14377.375000       24.278326
FIRE:  268 19:06:08   -14390.464844       24.735838
FIRE:  269 19:06:08   -14403.433594       25.096294
FIRE:  270 19:06:08   -14416.267578       25.357687
FIRE:  271 19:06:09   -14428.972656       25.516216
FIRE:  272 19:06:09   -14441.580078       25.572329
FIRE:  273 19:06:10   -14453.995117       25.524681
FIRE:  274 19:06:10   -14466.348633       25.374767
FIRE:  275 19:06:10   -14478.521484       25.125990
FIRE:  276 19:06:11   -14490.546875       24.782125
FIRE:  277 19:06:11   -14502.417969       24.347635
FIRE:  278 19:06:11   -14514.169922       23.828568
FIRE:  279 19:06:12   -14525.714844       23.232347
FIRE:  280 19:06:12   -14537.127930       22.564632
FIRE:  281 19:06:13   -14548.370117       21.834768
FIRE:  282 19:06:13   -14559.433594       22.753313
FIRE:  283 19:06:13   -14570.360352       24.714949
FIRE:  284 19:06:14   -14581.130859       26.682169
FIRE:  285 19:06:14   -14591.732422       28.631870
FIRE:  286 19:06:15   -14602.132812       30.543762
FIRE:  287 19:06:15   -14612.404297       32.395180
FIRE:  288 19:06:15   -14622.502930       34.165131
FIRE:  289 19:06:16   -14632.483398       35.831276
FIRE:  290 19:06:16   -14642.275391       37.377522
FIRE:  291 19:06:16   -14651.925781       38.782925
FIRE:  292 19:06:17   -14661.437500       40.035130
FIRE:  293 19:06:17   -14670.789062       41.119232
FIRE:  294 19:06:18   -14680.011719       42.022541
FIRE:  295 19:06:18   -14689.108398       42.736835
FIRE:  296 19:06:18   -14698.064453       43.255653
FIRE:  297 19:06:19   -14706.891602       43.573292
FIRE:  298 19:06:19   -14715.543945       43.689941
FIRE:  299 19:06:19   -14724.102539       43.607761
FIRE:  300 19:06:20   -14732.544922       43.326588
FIRE:  301 19:06:20   -14740.843750       42.856285
FIRE:  302 19:06:21   -14748.956055       42.203022
FIRE:  303 19:06:21   -14757.000000       41.378567
FIRE:  304 19:06:21   -14764.857422       40.395714
FIRE:  305 19:06:22   -14772.587891       39.266239
FIRE:  306 19:06:22   -14780.165039       38.007538
FIRE:  307 19:06:22   -14787.604492       36.631672
FIRE:  308 19:06:23   -14794.911133       35.156761
FIRE:  309 19:06:23   -14802.053711       33.600132
FIRE:  310 19:06:24   -14809.054688       31.978193
FIRE:  311 19:06:24   -14815.900391       30.307255
FIRE:  312 19:06:24   -14822.589844       30.143229
FIRE:  313 19:06:25   -14829.116211       31.858482
FIRE:  314 19:06:25   -14835.482422       33.536903
FIRE:  315 19:06:25   -14841.725586       35.165825
FIRE:  316 19:06:26   -14847.812500       36.734127
FIRE:  317 19:06:26   -14853.714844       38.228367
FIRE:  318 19:06:26   -14859.490234       39.638172
FIRE:  319 19:06:27   -14865.129883       40.953541
FIRE:  320 19:06:27   -14870.631836       42.162922
FIRE:  321 19:06:28   -14875.991211       43.256458
FIRE:  322 19:06:28   -14881.197266       44.224937
FIRE:  323 19:06:28   -14886.315430       45.061733
FIRE:  324 19:06:29   -14891.325195       45.760128
FIRE:  325 19:06:29   -14896.199219       46.314938
FIRE:  326 19:06:29   -14900.957031       46.720566
FIRE:  327 19:06:30   -14905.607422       46.976440
FIRE:  328 19:06:30   -14910.167969       47.080826
FIRE:  329 19:06:31   -14914.667969       47.427467
FIRE:  330 19:06:31   -14919.047852       49.364567
FIRE:  331 19:06:31   -14923.369141       51.174232
FIRE:  332 19:06:32   -14927.577148       52.839619
FIRE:  333 19:06:32   -14931.733398       54.346779
FIRE:  334 19:06:32   -14935.813477       55.679424
FIRE:  335 19:06:33   -14939.821289       56.827194
FIRE:  336 19:06:33   -14943.779297       57.778225
FIRE:  337 19:06:33   -14947.678711       58.524063
FIRE:  338 19:06:34   -14951.482422       59.057209
FIRE:  339 19:06:34   -14955.238281       59.373619
FIRE:  340 19:06:35   -14958.941406       59.469936
FIRE:  341 19:06:35   -14962.576172       59.348763
FIRE:  342 19:06:35   -14966.146484       59.010807
FIRE:  343 19:06:36   -14969.629883       58.463802
FIRE:  344 19:06:36   -14973.041992       57.712894
FIRE:  345 19:06:36   -14976.406250       56.768726
FIRE:  346 19:06:37   -14979.653320       55.643482
FIRE:  347 19:06:37   -14982.845703       54.347496
FIRE:  348 19:06:37   -14985.968750       52.896358
FIRE:  349 19:06:38   -14988.978516       51.302982
FIRE:  350 19:06:38   -14991.908203       49.584698
FIRE:  351 19:06:39   -14994.731445       47.755383
FIRE:  352 19:06:39   -14997.511719       45.831715
FIRE:  353 19:06:39   -15000.121094       43.831074
FIRE:  354 19:06:40   -15002.669922       41.768574
FIRE:  355 19:06:40   -15005.133789       39.706745
FIRE:  356 19:06:40   -15007.447266       41.500584
FIRE:  357 19:06:41   -15009.669922       43.241547
FIRE:  358 19:06:41   -15011.827148       44.916454
FIRE:  359 19:06:41   -15013.866211       46.512356
FIRE:  360 19:06:42   -15015.791992       48.016216
FIRE:  361 19:06:42   -15017.647461       49.413155
FIRE:  362 19:06:43   -15019.369141       50.694149
FIRE:  363 19:06:43   -15021.000000       51.844540
FIRE:  364 19:06:43   -15022.580078       52.854744
FIRE:  365 19:06:44   -15024.057617       53.717800
FIRE:  366 19:06:44   -15025.449219       54.423267
FIRE:  367 19:06:44   -15026.763672       54.965439
FIRE:  368 19:06:45   -15027.992188       55.341267
FIRE:  369 19:06:45   -15029.167969       55.546825
FIRE:  370 19:06:46   -15030.248047       55.580151
FIRE:  371 19:06:46   -15031.315430       55.445694
FIRE:  372 19:06:46   -15032.285156       55.139877
FIRE:  373 19:06:47   -15033.251953       54.673233
FIRE:  374 19:06:47   -15034.146484       55.031750
FIRE:  375 19:06:47   -15034.995117       57.275284
FIRE:  376 19:06:48   -15035.811523       59.406879
FIRE:  377 19:06:48   -15036.608398       61.408581
FIRE:  378 19:06:48   -15037.358398       63.263988
FIRE:  379 19:06:49   -15038.062500       64.956741
FIRE:  380 19:06:49   -15038.790039       66.473328
FIRE:  381 19:06:50   -15039.462891       67.799194
FIRE:  382 19:06:50   -15040.162109       68.923691
FIRE:  383 19:06:50   -15040.805664       69.835350
FIRE:  384 19:06:51   -15041.416016       70.525986
FIRE:  385 19:06:51   -15042.004883       70.989250
FIRE:  386 19:06:51   -15042.617188       71.220428
FIRE:  387 19:06:52   -15043.196289       71.218300
FIRE:  388 19:06:52   -15043.774414       70.983459
FIRE:  389 19:06:52   -15044.304688       70.518761
FIRE:  390 19:06:53   -15044.834961       69.830238
FIRE:  391 19:06:53   -15045.333984       68.924774
FIRE:  392 19:06:53   -15045.796875       67.813042
FIRE:  393 19:06:54   -15046.250000       66.506287
FIRE:  394 19:06:54   -15046.629883       65.016548
FIRE:  395 19:06:55   -15047.072266       63.358795
FIRE:  396 19:06:55   -15047.391602       61.547432
FIRE:  397 19:06:55   -15047.701172       59.598927
FIRE:  398 19:06:56   -15047.980469       57.529545
FIRE:  399 19:06:56   -15048.198242       55.357109
FIRE:  400 19:06:56   -15048.397461       53.098415
FIRE:  401 19:06:57   -15105.046875       33.782276
FIRE:  402 19:06:57   -15154.758789       25.272324
FIRE:  403 19:06:57   -15199.448242       19.836563
FIRE:  404 19:06:58   -15240.353516       17.308500
FIRE:  405 19:06:58   -15278.131836       15.120050
FIRE:  406 19:06:59   -15313.430664       13.219590
FIRE:  407 19:06:59   -15346.579102       11.570008
FIRE:  408 19:06:59   -15377.941406       10.778497
FIRE:  409 19:07:00   -15407.671875       10.115333
FIRE:  410 19:07:00   -15436.082031        9.461482
FIRE:  411 19:07:00   -15463.256836        8.826808
FIRE:  412 19:07:01   -15489.323242        8.537768
FIRE:  413 19:07:01   -15514.436523        8.416624
FIRE:  414 19:07:01   -15538.648438        8.294277
FIRE:  415 19:07:02   -15562.068359        8.255356
FIRE:  416 19:07:02   -15584.702148        8.237494
FIRE:  417 19:07:02   -15606.630859        8.194556
FIRE:  418 19:07:03   -15627.894531        8.119831
FIRE:  419 19:07:03   -15648.531250        8.005605
FIRE:  420 19:07:04   -15668.555664        7.843128
FIRE:  421 19:07:04   -15688.048828        7.823415
FIRE:  422 19:07:04   -15706.994141        7.918906
FIRE:  423 19:07:05   -15725.462891        8.007714
FIRE:  424 19:07:05   -15743.415039        8.086862
FIRE:  425 19:07:05   -15760.938477        8.152701
FIRE:  426 19:07:06   -15778.030273        8.200804
FIRE:  427 19:07:06   -15794.711914        8.225736
FIRE:  428 19:07:06   -15810.994141        8.220827
FIRE:  429 19:07:07   -15826.923828        8.178246
FIRE:  430 19:07:07   -15842.486328        8.088428
FIRE:  431 19:07:08   -15857.739258        7.940450
FIRE:  432 19:07:08   -15872.689453        7.721986
FIRE:  433 19:07:08   -15887.377930        7.420035
FIRE:  434 19:07:09   -15901.835938        7.021934
FIRE:  435 19:07:09   -15916.063477        6.516552
FIRE:  436 19:07:09   -15930.084961        6.087541
FIRE:  437 19:07:10   -15944.015625        6.296885
FIRE:  438 19:07:10   -15957.794922        6.620864
FIRE:  439 19:07:10   -15971.487305        6.956619
FIRE:  440 19:07:11   -15985.039062        7.290078
FIRE:  441 19:07:11   -15998.553711        7.600471
FIRE:  442 19:07:11   -16011.975586        7.861036
FIRE:  443 19:07:12   -16025.330078        8.042825
FIRE:  444 19:07:12   -16038.622070        8.123280
FIRE:  445 19:07:13   -16051.836914        8.097579
FIRE:  446 19:07:13   -16064.996094        7.982536
FIRE:  447 19:07:13   -16078.057617        7.984919
FIRE:  448 19:07:14   -16091.055664        8.139977
FIRE:  449 19:07:14   -16103.953125        8.235171
FIRE:  450 19:07:14   -16116.799805        8.267457
FIRE:  451 19:07:15   -16129.466797        8.239380
FIRE:  452 19:07:15   -16141.989258        8.157062
FIRE:  453 19:07:15   -16154.379883        8.026591
FIRE:  454 19:07:16   -16166.628906        7.850945
FIRE:  455 19:07:16   -16178.673828        7.628232
FIRE:  456 19:07:17   -16190.570312        7.351085
FIRE:  457 19:07:17   -16202.246094        7.007447
FIRE:  458 19:07:17   -16213.842773        6.582004
FIRE:  459 19:07:18   -16225.285156        6.058257
FIRE:  460 19:07:18   -16236.604492        6.412717
FIRE:  461 19:07:18   -16247.935547        8.083201
FIRE:  462 19:07:19   -16259.180664        9.445922
FIRE:  463 19:07:19   -16270.434570       10.367957
FIRE:  464 19:07:19   -16281.738281       10.765960
FIRE:  465 19:07:20   -16293.079102       10.624214
FIRE:  466 19:07:20   -16304.343750        9.994364
FIRE:  467 19:07:20   -16315.598633        8.980995
FIRE:  468 19:07:21   -16326.865234        7.712834
FIRE:  469 19:07:21   -16338.011719        7.959345
FIRE:  470 19:07:21   -16349.111328        8.878437
FIRE:  471 19:07:22   -16360.082031        9.508113
FIRE:  472 19:07:22   -16371.023438        9.804023
FIRE:  473 19:07:23   -16381.884766        9.755985
FIRE:  474 19:07:23   -16392.646484        9.388831
FIRE:  475 19:07:23   -16403.375000        8.755688
FIRE:  476 19:07:24   -16414.009766        7.925289
FIRE:  477 19:07:24   -16424.578125        6.970715
FIRE:  478 19:07:24   -16435.109375        6.709059
FIRE:  479 19:07:25   -16445.542969        6.773494
FIRE:  480 19:07:25   -16455.949219        6.796700
FIRE:  481 19:07:25   -16466.304688        6.773978
FIRE:  482 19:07:26   -16476.527344        6.702350
FIRE:  483 19:07:26   -16486.738281        6.579584
FIRE:  484 19:07:27   -16496.898438        6.403094
FIRE:  485 19:07:27   -16507.003906        6.452472
FIRE:  486 19:07:27   -16517.099609        6.554798
FIRE:  487 19:07:28   -16527.060547        6.639824
FIRE:  488 19:07:28   -16537.017578        6.706198
FIRE:  489 19:07:28   -16546.935547        6.751761
FIRE:  490 19:07:29   -16556.777344        6.826938
FIRE:  491 19:07:29   -16566.572266        6.901198
FIRE:  492 19:07:29   -16576.322266        6.997672
FIRE:  493 19:07:30   -16585.976562        8.072104
FIRE:  494 19:07:30   -16595.611328        8.999331
FIRE:  495 19:07:30   -16605.121094        9.709382
FIRE:  496 19:07:31   -16614.611328       10.147084
FIRE:  497 19:07:31   -16624.025391       10.279932
FIRE:  498 19:07:32   -16633.294922       10.104443
FIRE:  499 19:07:32   -16642.525391        9.641422
FIRE:  500 19:07:32   -16651.550781        8.935736
FIRE:  501 19:07:33   -16660.533203        8.439429
FIRE:  502 19:07:33   -16669.369141        8.993852
FIRE:  503 19:07:33   -16678.087891       11.267686
FIRE:  504 19:07:34   -16686.759766       14.911916
FIRE:  505 19:07:34   -16695.449219       18.026138
FIRE:  506 19:07:34   -16704.144531       20.181303
FIRE:  507 19:07:35   -16712.923828       21.076752
FIRE:  508 19:07:35   -16721.779297       20.614405
FIRE:  509 19:07:35   -16730.673828       18.920462
FIRE:  510 19:07:36   -16739.587891       16.301016
FIRE:  511 19:07:36   -16748.404297       13.153724
FIRE:  512 19:07:37   -16757.076172        9.868548
FIRE:  513 19:07:37   -16765.617188        9.730780
FIRE:  514 19:07:37   -16774.000000       10.589736
FIRE:  515 19:07:38   -16782.240234       11.127284
FIRE:  516 19:07:38   -16790.337891       11.306330
FIRE:  517 19:07:38   -16798.308594       11.125569
FIRE:  518 19:07:39   -16806.199219       10.914376
FIRE:  519 19:07:39   -16814.062500       13.084944
FIRE:  520 19:07:39   -16821.898438       14.945012
FIRE:  521 19:07:40   -16829.812500       16.316690
FIRE:  522 19:07:40   -16837.791016       17.135376
FIRE:  523 19:07:40   -16845.857422       17.119537
FIRE:  524 19:07:41   -16853.955078       16.480841
FIRE:  525 19:07:41   -16862.103516       15.253565
FIRE:  526 19:07:42   -16870.261719       13.574220
FIRE:  527 19:07:42   -16878.326172       11.613151
FIRE:  528 19:07:42   -16886.310547        9.536551
FIRE:  529 19:07:43   -16894.058594        7.744643
FIRE:  530 19:07:43   -16901.705078        7.872820
FIRE:  531 19:07:43   -16909.169922        7.855903
FIRE:  532 19:07:44   -16916.445312        7.698741
FIRE:  533 19:07:44   -16923.550781        7.414111
FIRE:  534 19:07:44   -16930.558594        7.844571
FIRE:  535 19:07:45   -16937.410156       10.553446
FIRE:  536 19:07:45   -16944.210938       13.284502
FIRE:  537 19:07:45   -16950.916016       15.824616
FIRE:  538 19:07:46   -16957.679688       17.945250
FIRE:  539 19:07:46   -16964.521484       19.438387
FIRE:  540 19:07:47   -16971.443359       20.156116
FIRE:  541 19:07:47   -16978.458984       20.036175
FIRE:  542 19:07:47   -16985.601562       19.114111
FIRE:  543 19:07:48   -16992.800781       17.510752
FIRE:  544 19:07:48   -17000.031250       15.407256
FIRE:  545 19:07:48   -17007.333984       13.007342
FIRE:  546 19:07:49   -17014.527344       11.243663
FIRE:  547 19:07:49   -17021.701172       11.156213
FIRE:  548 19:07:49   -17028.783203       11.428723
FIRE:  549 19:07:50   -17035.822266       11.474874
FIRE:  550 19:07:50   -17042.779297       11.291546
FIRE:  551 19:07:50   -17049.619141       10.892541
FIRE:  552 19:07:51   -17056.406250       10.307834
FIRE:  553 19:07:51   -17063.160156        9.577447
FIRE:  554 19:07:52   -17069.912109        9.390520
FIRE:  555 19:07:52   -17076.578125        9.900908
FIRE:  556 19:07:52   -17083.298828       10.066688
FIRE:  557 19:07:53   -17089.998047        9.884593
FIRE:  558 19:07:53   -17096.701172        9.379086
FIRE:  559 19:07:53   -17103.457031        8.598064
FIRE:  560 19:07:54   -17110.148438        9.058979
FIRE:  561 19:07:54   -17116.906250       10.073573
FIRE:  562 19:07:54   -17123.630859       10.954274
FIRE:  563 19:07:55   -17130.345703       11.644964
FIRE:  564 19:07:55   -17137.066406       12.098176
FIRE:  565 19:07:55   -17143.759766       12.281963
FIRE:  566 19:07:56   -17150.380859       12.182716
FIRE:  567 19:07:56   -17156.980469       11.807180
FIRE:  568 19:07:57   -17163.533203       11.180423
FIRE:  569 19:07:57   -17169.988281       10.342357
FIRE:  570 19:07:57   -17176.353516        9.342665
FIRE:  571 19:07:58   -17182.562500        8.234594
FIRE:  572 19:07:58   -17188.681641        7.916795
FIRE:  573 19:07:58   -17194.695312        9.682937
FIRE:  574 19:07:59   -17200.542969       11.511595
FIRE:  575 19:07:59   -17206.351562       13.334712
FIRE:  576 19:07:59   -17212.068359       15.066318
FIRE:  577 19:08:00   -17217.759766       16.608358
FIRE:  578 19:08:00   -17223.474609       17.862673
FIRE:  579 19:08:01   -17229.238281       18.743093
FIRE:  580 19:08:01   -17235.023438       19.185822
FIRE:  581 19:08:01   -17240.923828       19.159592
FIRE:  582 19:08:02   -17246.914062       18.667629
FIRE:  583 19:08:02   -17252.941406       17.747011
FIRE:  584 19:08:02   -17259.019531       16.464441
FIRE:  585 19:08:03   -17265.054688       14.905540
FIRE:  586 19:08:03   -17271.132812       13.164274
FIRE:  587 19:08:03   -17277.113281       11.331350
FIRE:  588 19:08:04   -17283.085938        9.487191
FIRE:  589 19:08:04   -17288.925781        9.786904
FIRE:  590 19:08:04   -17294.691406        9.988592
FIRE:  591 19:08:05   -17300.361328       10.033356
FIRE:  592 19:08:05   -17306.007812        9.920142
FIRE:  593 19:08:06   -17311.548828        9.654770
FIRE:  594 19:08:06   -17317.101562        9.250116
FIRE:  595 19:08:06   -17322.546875        8.996401
FIRE:  596 19:08:07   -17328.009766        9.141497
FIRE:  597 19:08:07   -17333.457031        9.793041
FIRE:  598 19:08:07   -17338.894531       10.251969
FIRE:  599 19:08:08   -17344.382812       10.499507
FIRE:  600 19:08:08   -17349.878906       10.527291
FIRE:  601 19:08:08   -17355.332031       10.338201
FIRE:  602 19:08:09   -17360.861328        9.946562
FIRE:  603 19:08:09   -17366.363281        9.376895
FIRE:  604 19:08:09   -17371.916016        8.659967
FIRE:  605 19:08:10   -17377.445312        7.831376
FIRE:  606 19:08:10   -17382.978516        8.058394
FIRE:  607 19:08:11   -17388.509766        8.244882
FIRE:  608 19:08:11   -17394.058594        8.390351
FIRE:  609 19:08:11   -17399.591797        8.498486
FIRE:  610 19:08:12   -17405.101562        8.572321
FIRE:  611 19:08:12   -17410.656250        8.614324
FIRE:  612 19:08:12   -17416.154297        8.626612
FIRE:  613 19:08:13   -17421.636719        8.610744
FIRE:  614 19:08:13   -17427.142578        8.567965
FIRE:  615 19:08:13   -17432.611328        8.499283
FIRE:  616 19:08:14   -17438.027344        8.405549
FIRE:  617 19:08:14   -17443.421875        8.287357
FIRE:  618 19:08:14   -17448.796875        8.145374
FIRE:  619 19:08:15   -17454.171875        7.980255
FIRE:  620 19:08:15   -17459.437500        7.792490
FIRE:  621 19:08:15   -17464.693359        7.582512
FIRE:  622 19:08:16   -17469.894531        7.350920
FIRE:  623 19:08:16   -17475.052734        7.098273
FIRE:  624 19:08:17   -17480.103516        7.127903
FIRE:  625 19:08:17   -17485.156250        7.688908
FIRE:  626 19:08:17   -17490.089844        8.135151
FIRE:  627 19:08:18   -17495.003906        8.450407
FIRE:  628 19:08:18   -17499.853516        8.699251
FIRE:  629 19:08:18   -17504.626953        9.517796
FIRE:  630 19:08:19   -17509.326172       10.260021
FIRE:  631 19:08:19   -17514.056641       12.015119
FIRE:  632 19:08:19   -17518.693359       13.964437
FIRE:  633 19:08:20   -17523.312500       15.837768
FIRE:  634 19:08:20   -17527.937500       17.542364
FIRE:  635 19:08:20   -17532.591797       18.981316
FIRE:  636 19:08:21   -17537.251953       20.064484
FIRE:  637 19:08:21   -17541.947266       20.720322
FIRE:  638 19:08:22   -17546.648438       20.904898
FIRE:  639 19:08:22   -17551.414062       20.608505
FIRE:  640 19:08:22   -17556.195312       19.855957
FIRE:  641 19:08:23   -17560.980469       18.702993
FIRE:  642 19:08:23   -17565.746094       17.227686
FIRE:  643 19:08:23   -17570.525391       15.519497
FIRE:  644 19:08:24   -17575.302734       13.669365
FIRE:  645 19:08:24   -17580.011719       11.759495
FIRE:  646 19:08:24   -17584.656250        9.858812
FIRE:  647 19:08:25   -17589.244141        9.366706
FIRE:  648 19:08:25   -17593.835938        9.000521
FIRE:  649 19:08:25   -17598.328125        9.287102
FIRE:  650 19:08:26   -17602.722656        9.910758
FIRE:  651 19:08:26   -17607.080078       10.434637
FIRE:  652 19:08:27   -17611.396484       10.842675
FIRE:  653 19:08:27   -17615.683594       11.122232
FIRE:  654 19:08:27   -17619.865234       11.264559
FIRE:  655 19:08:28   -17624.076172       11.266453
FIRE:  656 19:08:28   -17628.210938       11.129518
FIRE:  657 19:08:28   -17632.263672       10.860976
FIRE:  658 19:08:29   -17636.343750       11.081062
FIRE:  659 19:08:29   -17640.349609       11.444556
FIRE:  660 19:08:29   -17644.332031       11.639279
FIRE:  661 19:08:30   -17648.251953       11.659475
FIRE:  662 19:08:30   -17652.216797       11.506307
FIRE:  663 19:08:30   -17656.136719       11.497705
FIRE:  664 19:08:31   -17659.984375       11.554624
FIRE:  665 19:08:31   -17663.839844       11.476203
FIRE:  666 19:08:31   -17667.718750       12.427790
FIRE:  667 19:08:32   -17671.568359       14.320665
FIRE:  668 19:08:32   -17675.421875       16.143272
FIRE:  669 19:08:33   -17679.312500       17.817450
FIRE:  670 19:08:33   -17683.189453       19.259689
FIRE:  671 19:08:33   -17687.099609       20.392481
FIRE:  672 19:08:34   -17691.099609       21.150604
FIRE:  673 19:08:34   -17695.074219       21.489605
FIRE:  674 19:08:34   -17699.189453       21.390999
FIRE:  675 19:08:35   -17703.302734       20.865194
FIRE:  676 19:08:35   -17707.447266       19.948544
FIRE:  677 19:08:35   -17711.601562       18.699617
FIRE:  678 19:08:36   -17715.800781       17.191700
FIRE:  679 19:08:36   -17719.937500       15.503793
FIRE:  680 19:08:36   -17724.074219       13.713617
FIRE:  681 19:08:37   -17728.156250       13.339984
FIRE:  682 19:08:37   -17732.208984       13.175039
FIRE:  683 19:08:38   -17736.158203       12.898039
FIRE:  684 19:08:38   -17740.066406       12.517828
FIRE:  685 19:08:38   -17743.835938       12.047335
FIRE:  686 19:08:39   -17747.550781       12.607643
FIRE:  687 19:08:39   -17751.199219       14.663131
FIRE:  688 19:08:39   -17754.798828       16.713047
FIRE:  689 19:08:40   -17758.294922       18.844490
FIRE:  690 19:08:40   -17761.810547       20.984999
FIRE:  691 19:08:40   -17765.373047       22.898119
FIRE:  692 19:08:41   -17768.902344       24.480402
FIRE:  693 19:08:41   -17772.576172       25.644688
FIRE:  694 19:08:41   -17776.265625       26.319658
FIRE:  695 19:08:42   -17780.113281       26.467363
FIRE:  696 19:08:42   -17784.023438       26.076578
FIRE:  697 19:08:42   -17788.001953       25.174212
FIRE:  698 19:08:43   -17792.082031       23.814232
FIRE:  699 19:08:43   -17796.146484       22.074316
FIRE:  700 19:08:44   -17800.228516       20.047384
FIRE:  701 19:08:44   -17804.320312       17.832977
FIRE:  702 19:08:44   -17808.345703       15.527141
FIRE:  703 19:08:45   -17812.296875       14.449480
FIRE:  704 19:08:45   -17816.171875       15.048643
FIRE:  705 19:08:45   -17819.941406       15.491608
FIRE:  706 19:08:46   -17823.564453       15.758036
FIRE:  707 19:08:46   -17827.107422       15.834291
FIRE:  708 19:08:46   -17830.552734       15.714830
FIRE:  709 19:08:47   -17833.816406       15.401993
FIRE:  710 19:08:47   -17837.003906       14.906294
FIRE:  711 19:08:47   -17840.007812       15.653018
FIRE:  712 19:08:48   -17842.892578       17.039343
FIRE:  713 19:08:48   -17845.626953       18.243629
FIRE:  714 19:08:48   -17848.255859       19.210991
FIRE:  715 19:08:49   -17850.736328       19.895067
FIRE:  716 19:08:49   -17853.164062       20.262770
FIRE:  717 19:08:50   -17855.513672       24.012205
FIRE:  718 19:08:50   -17857.835938       27.828022
FIRE:  719 19:08:50   -17860.216797       31.302414
FIRE:  720 19:08:51   -17862.642578       34.210926
FIRE:  721 19:08:51   -17865.191406       36.339363
FIRE:  722 19:08:51   -17867.957031       37.517086
FIRE:  723 19:08:52   -17870.867188       37.643753
FIRE:  724 19:08:52   -17874.001953       36.711311
FIRE:  725 19:08:52   -17877.324219       34.805954
FIRE:  726 19:08:53   -17880.804688       32.090607
FIRE:  727 19:08:53   -17884.425781       28.776506
FIRE:  728 19:08:53   -17888.123047       25.090464
FIRE:  729 19:08:54   -17891.835938       21.253777
FIRE:  730 19:08:54   -17895.505859       17.461487
FIRE:  731 19:08:55   -17899.160156       15.128279
FIRE:  732 19:08:55   -17902.736328       14.520224
FIRE:  733 19:08:55   -17906.238281       13.764986
FIRE:  734 19:08:56   -17909.652344       12.889458
FIRE:  735 19:08:56   -17913.019531       11.922763
FIRE:  736 19:08:56   -17916.242188       10.893715
FIRE:  737 19:08:57   -17919.398438       10.574151
FIRE:  738 19:08:57   -17922.482422       10.493488
FIRE:  739 19:08:57   -17925.498047       10.718824
FIRE:  740 19:08:58   -17928.447266       11.000962
FIRE:  741 19:08:58   -17931.349609       11.189687
FIRE:  742 19:08:58   -17934.169922       11.279946
FIRE:  743 19:08:59   -17936.986328       11.280309
FIRE:  744 19:08:59   -17939.712891       11.185034
FIRE:  745 19:08:59   -17942.488281       10.994538
FIRE:  746 19:09:00   -17945.242188       10.715254
FIRE:  747 19:09:00   -17947.945312       10.354633
FIRE:  748 19:09:01   -17950.697266        9.923342
FIRE:  749 19:09:01   -17953.435547        9.638908
FIRE:  750 19:09:01   -17956.179688       10.562208
FIRE:  751 19:09:02   -17958.945312       11.467438
FIRE:  752 19:09:02   -17961.720703       12.323440
FIRE:  753 19:09:02   -17964.531250       13.097797
FIRE:  754 19:09:03   -17967.353516       13.760376
FIRE:  755 19:09:03   -17970.197266       14.283446
FIRE:  756 19:09:03   -17973.093750       14.644161
FIRE:  757 19:09:04   -17976.000000       14.826438
FIRE:  758 19:09:04   -17978.955078       14.820621
FIRE:  759 19:09:04   -17981.900391       14.903007
FIRE:  760 19:09:05   -17984.876953       15.013276
FIRE:  761 19:09:05   -17987.843750       14.964684
FIRE:  762 19:09:05   -17990.787109       14.757135
FIRE:  763 19:09:06   -17993.800781       14.393759
FIRE:  764 19:09:06   -17996.693359       13.885406
FIRE:  765 19:09:07   -17999.640625       13.245792
FIRE:  766 19:09:07   -18002.476562       12.491919
FIRE:  767 19:09:07   -18005.341797       11.643407
FIRE:  768 19:09:08   -18008.076172       10.720971
FIRE:  769 19:09:08   -18010.775391       10.957417
FIRE:  770 19:09:08   -18013.466797       12.224671
FIRE:  771 19:09:09   -18016.037109       13.439388
FIRE:  772 19:09:09   -18018.560547       14.566441
FIRE:  773 19:09:09   -18021.052734       15.570762
FIRE:  774 19:09:10   -18023.427734       16.418158
FIRE:  775 19:09:10   -18025.789062       17.077221
FIRE:  776 19:09:10   -18028.101562       17.523109
FIRE:  777 19:09:11   -18030.361328       17.738564
FIRE:  778 19:09:11   -18032.617188       17.715916
FIRE:  779 19:09:11   -18034.798828       17.457067
FIRE:  780 19:09:12   -18036.966797       16.973486
FIRE:  781 19:09:12   -18039.123047       16.635462
FIRE:  782 19:09:12   -18041.257812       17.966175
FIRE:  783 19:09:13   -18043.412109       19.137573
FIRE:  784 19:09:13   -18045.558594       20.101168
FIRE:  785 19:09:14   -18047.716797       20.814713
FIRE:  786 19:09:14   -18049.892578       21.244654
FIRE:  787 19:09:14   -18052.095703       21.370611
FIRE:  788 19:09:15   -18054.380859       21.185143
FIRE:  789 19:09:15   -18056.656250       20.695488
FIRE:  790 19:09:15   -18059.017578       19.922894
FIRE:  791 19:09:16   -18061.363281       18.899250
FIRE:  792 19:09:16   -18063.816406       17.665854
FIRE:  793 19:09:16   -18066.234375       16.320652
FIRE:  794 19:09:17   -18068.660156       16.323721
FIRE:  795 19:09:17   -18071.177734       16.143660
FIRE:  796 19:09:17   -18073.630859       15.788728
FIRE:  797 19:09:18   -18076.117188       15.271883
FIRE:  798 19:09:18   -18078.611328       14.611910
FIRE:  799 19:09:19   -18081.042969       13.831406
FIRE:  800 19:09:19   -18083.505859       12.954433
FIRE:  801 19:09:19   -18085.884766       13.142277
FIRE:  802 19:09:20   -18088.296875       13.349040
FIRE:  803 19:09:20   -18090.625000       13.409793
FIRE:  804 19:09:20   -18092.917969       14.109862
FIRE:  805 19:09:21   -18095.162109       14.878292
FIRE:  806 19:09:21   -18097.367188       15.489079
FIRE:  807 19:09:21   -18099.468750       15.922960
FIRE:  808 19:09:22   -18101.556641       16.166069
FIRE:  809 19:09:22   -18103.560547       16.211824
FIRE:  810 19:09:22   -18105.441406       16.058655
FIRE:  811 19:09:23   -18107.273438       15.714593
FIRE:  812 19:09:23   -18109.000000       15.193223
FIRE:  813 19:09:23   -18110.593750       14.512489
FIRE:  814 19:09:24   -18112.113281       13.696610
FIRE:  815 19:09:24   -18113.560547       12.770941
FIRE:  816 19:09:25   -18114.871094       13.039282
FIRE:  817 19:09:25   -18116.068359       14.845871
FIRE:  818 19:09:25   -18117.130859       16.646929
FIRE:  819 19:09:26   -18118.101562       18.382660
FIRE:  820 19:09:26   -18119.050781       19.984861
FIRE:  821 19:09:26   -18119.921875       21.383257
FIRE:  822 19:09:27   -18120.720703       22.510647
FIRE:  823 19:09:27   -18121.541016       23.310095
FIRE:  824 19:09:27   -18122.365234       23.739645
FIRE:  825 19:09:28   -18123.222656       23.774849
FIRE:  826 19:09:28   -18124.189453       23.413977
FIRE:  827 19:09:28   -18125.224609       25.351671
FIRE:  828 19:09:29   -18126.300781       27.393051
FIRE:  829 19:09:29   -18127.601562       29.033545
FIRE:  830 19:09:29   -18128.996094       30.184067
FIRE:  831 19:09:30   -18130.550781       30.779408
FIRE:  832 19:09:30   -18132.271484       30.785831
FIRE:  833 19:09:30   -18134.076172       30.205061
FIRE:  834 19:09:31   -18136.013672       29.073198
FIRE:  835 19:09:31   -18138.023438       27.458321
FIRE:  836 19:09:32   -18140.064453       25.449354
FIRE:  837 19:09:32   -18142.187500       23.149961
FIRE:  838 19:09:32   -18144.304688       20.667547
FIRE:  839 19:09:33   -18146.443359       18.103598
FIRE:  840 19:09:33   -18148.517578       15.549216
FIRE:  841 19:09:33   -18150.576172       15.131793
FIRE:  842 19:09:34   -18152.611328       15.147268
FIRE:  843 19:09:34   -18154.574219       15.033248
FIRE:  844 19:09:34   -18156.535156       14.792730
FIRE:  845 19:09:35   -18158.435547       14.432746
FIRE:  846 19:09:35   -18160.287109       14.018390
FIRE:  847 19:09:35   -18162.111328       13.881538
FIRE:  848 19:09:36   -18163.900391       13.670041
FIRE:  849 19:09:36   -18165.671875       13.388110
FIRE:  850 19:09:36   -18167.404297       13.040611
FIRE:  851 19:09:37   -18169.138672       12.633205
FIRE:  852 19:09:37   -18170.837891       12.356678
FIRE:  853 19:09:37   -18172.554688       12.177572
FIRE:  854 19:09:38   -18174.248047       11.909053
FIRE:  855 19:09:38   -18175.949219       11.556922
FIRE:  856 19:09:39   -18177.634766       11.385730
FIRE:  857 19:09:39   -18179.339844       11.936330
FIRE:  858 19:09:39   -18181.001953       12.443089
FIRE:  859 19:09:40   -18182.699219       12.895795
FIRE:  860 19:09:40   -18184.363281       13.285031
FIRE:  861 19:09:40   -18186.101562       13.602150
FIRE:  862 19:09:41   -18187.789062       13.838882
FIRE:  863 19:09:41   -18189.470703       13.988273
FIRE:  864 19:09:41   -18191.164062       14.045912
FIRE:  865 19:09:42   -18192.876953       14.007901
FIRE:  866 19:09:42   -18194.542969       14.076281
FIRE:  867 19:09:42   -18196.218750       14.152888
FIRE:  868 19:09:43   -18197.876953       14.142509
FIRE:  869 19:09:43   -18199.564453       14.044987
FIRE:  870 19:09:43   -18201.134766       13.861634
FIRE:  871 19:09:44   -18202.751953       13.595272
FIRE:  872 19:09:44   -18204.361328       14.118449
FIRE:  873 19:09:44   -18205.935547       15.021008
FIRE:  874 19:09:45   -18207.535156       15.780429
FIRE:  875 19:09:45   -18209.060547       16.373428
FIRE:  876 19:09:46   -18210.634766       16.852932
FIRE:  877 19:09:46   -18212.212891       18.114660
FIRE:  878 19:09:46   -18213.759766       19.128555
FIRE:  879 19:09:47   -18215.361328       19.845085
FIRE:  880 19:09:47   -18216.986328       20.223957
FIRE:  881 19:09:47   -18218.591797       20.245333
FIRE:  882 19:09:48   -18220.255859       19.907063
FIRE:  883 19:09:48   -18221.890625       19.229422
FIRE:  884 19:09:48   -18223.566406       18.247330
FIRE:  885 19:09:49   -18225.208984       17.012613
FIRE:  886 19:09:49   -18226.867188       15.580935
FIRE:  887 19:09:49   -18228.529297       14.642943
FIRE:  888 19:09:50   -18230.136719       15.003887
FIRE:  889 19:09:50   -18231.732422       15.213696
FIRE:  890 19:09:50   -18233.304688       15.266556
FIRE:  891 19:09:51   -18234.892578       15.160876
FIRE:  892 19:09:51   -18236.408203       14.901160
FIRE:  893 19:09:51   -18237.917969       14.495318
FIRE:  894 19:09:52   -18239.439453       14.276880
FIRE:  895 19:09:52   -18240.908203       14.562492
FIRE:  896 19:09:53   -18242.375000       14.700994
FIRE:  897 19:09:53   -18243.849609       14.688778
FIRE:  898 19:09:53   -18245.302734       14.526665
FIRE:  899 19:09:54   -18246.708984       14.280261
FIRE:  900 19:09:54   -18248.156250       13.895607
FIRE:  901 19:09:54   -18249.599609       13.383496
FIRE:  902 19:09:55   -18251.074219       13.151776
FIRE:  903 19:09:55   -18252.519531       13.507964
FIRE:  904 19:09:55   -18253.957031       13.747680
FIRE:  905 19:09:56   -18255.423828       13.862700
FIRE:  906 19:09:56   -18256.855469       13.850065
FIRE:  907 19:09:56   -18258.333984       13.709517
FIRE:  908 19:09:57   -18259.824219       13.444542
FIRE:  909 19:09:57   -18261.283203       13.078214
FIRE:  910 19:09:57   -18262.742188       12.603891
FIRE:  911 19:09:58   -18264.212891       12.032883
FIRE:  912 19:09:58   -18265.740234       11.626827
FIRE:  913 19:09:58   -18267.224609       12.112794
FIRE:  914 19:09:59   -18268.705078       12.498928
FIRE:  915 19:09:59   -18270.138672       12.774824
FIRE:  916 19:10:00   -18271.642578       12.933689
FIRE:  917 19:10:00   -18273.091797       12.971115
FIRE:  918 19:10:00   -18274.548828       12.886124
FIRE:  919 19:10:01   -18276.031250       13.576252
FIRE:  920 19:10:01   -18277.507812       14.545721
FIRE:  921 19:10:01   -18278.927734       15.409315
FIRE:  922 19:10:02   -18280.412109       16.136635
FIRE:  923 19:10:02   -18281.884766       16.706146
FIRE:  924 19:10:02   -18283.363281       17.080519
FIRE:  925 19:10:03   -18284.865234       17.244898
FIRE:  926 19:10:03   -18286.386719       17.628704
FIRE:  927 19:10:03   -18287.892578       18.117086
FIRE:  928 19:10:04   -18289.398438       18.440699
FIRE:  929 19:10:04   -18290.906250       18.587603
FIRE:  930 19:10:04   -18292.400391       18.551966
FIRE:  931 19:10:05   -18293.958984       18.332930
FIRE:  932 19:10:05   -18295.470703       17.936659
FIRE:  933 19:10:05   -18296.972656       17.374674
FIRE:  934 19:10:06   -18298.402344       16.663185
FIRE:  935 19:10:06   -18299.869141       15.822652
FIRE:  936 19:10:06   -18301.257812       14.876738
FIRE:  937 19:10:07   -18302.648438       13.851084
FIRE:  938 19:10:07   -18303.974609       13.147016
FIRE:  939 19:10:08   -18305.271484       13.673415
FIRE:  940 19:10:08   -18306.537109       14.089939
FIRE:  941 19:10:08   -18307.751953       14.385002
FIRE:  942 19:10:09   -18308.912109       14.550992
FIRE:  943 19:10:09   -18310.023438       14.582743
FIRE:  944 19:10:09   -18311.123047       14.479897
FIRE:  945 19:10:10   -18312.128906       14.244462
FIRE:  946 19:10:10   -18313.132812       13.883205
FIRE:  947 19:10:10   -18314.068359       14.929850
FIRE:  948 19:10:11   -18315.015625       16.835274
FIRE:  949 19:10:11   -18315.917969       18.724669
FIRE:  950 19:10:11   -18316.806641       20.542543
FIRE:  951 19:10:12   -18317.693359       22.229641
FIRE:  952 19:10:12   -18318.640625       23.724981
FIRE:  953 19:10:12   -18319.560547       24.971403
FIRE:  954 19:10:13   -18320.580078       25.917782
FIRE:  955 19:10:13   -18321.623047       26.523609
FIRE:  956 19:10:13   -18322.718750       26.762817
FIRE:  957 19:10:14   -18323.923828       26.624739
FIRE:  958 19:10:14   -18325.169922       26.115177
FIRE:  959 19:10:14   -18326.490234       25.256998
FIRE:  960 19:10:15   -18327.859375       24.087454
FIRE:  961 19:10:15   -18329.320312       22.654482
FIRE:  962 19:10:16   -18330.849609       21.013645
FIRE:  963 19:10:16   -18332.333984       19.225166
FIRE:  964 19:10:16   -18333.843750       17.348040
FIRE:  965 19:10:17   -18335.388672       15.438585
FIRE:  966 19:10:17   -18336.955078       14.637000
FIRE:  967 19:10:17   -18338.417969       14.413617
FIRE:  968 19:10:18   -18339.859375       14.066202
FIRE:  969 19:10:18   -18341.328125       13.605511
FIRE:  970 19:10:18   -18342.667969       13.044621
FIRE:  971 19:10:19   -18343.988281       12.398980
FIRE:  972 19:10:19   -18345.216797       11.685343
FIRE:  973 19:10:19   -18346.388672       10.920378
FIRE:  974 19:10:20   -18347.478516       10.570463
FIRE:  975 19:10:20   -18348.472656       10.276952
FIRE:  976 19:10:20   -18349.427734        9.922657
FIRE:  977 19:10:21   -18350.289062        9.581697
FIRE:  978 19:10:21   -18351.031250        9.890131
FIRE:  979 19:10:21   -18351.750000       10.161150
FIRE:  980 19:10:22   -18352.408203       10.567078
FIRE:  981 19:10:22   -18352.980469       11.670021
FIRE:  982 19:10:22   -18353.509766       12.750154
FIRE:  983 19:10:23   -18353.978516       13.781949
FIRE:  984 19:10:23   -18354.492188       14.739367
FIRE:  985 19:10:24   -18354.919922       15.596610
FIRE:  986 19:10:24   -18355.410156       16.329044
FIRE:  987 19:10:24   -18355.921875       16.943460
FIRE:  988 19:10:25   -18356.458984       18.306507
FIRE:  989 19:10:25   -18357.050781       19.463591
FIRE:  990 19:10:25   -18357.724609       20.368683
FIRE:  991 19:10:26   -18358.486328       20.983324
FIRE:  992 19:10:26   -18359.320312       21.282076
FIRE:  993 19:10:26   -18360.261719       21.251064
FIRE:  994 19:10:27   -18361.257812       20.892530
FIRE:  995 19:10:27   -18362.388672       20.222731
FIRE:  996 19:10:27   -18363.529297       19.272417
FIRE:  997 19:10:28   -18364.773438       18.080816
FIRE:  998 19:10:28   -18366.097656       16.695271
FIRE:  999 19:10:28   -18367.460938       15.166075
FIRE:  1000 19:10:29   -18368.857422       13.543244
FIRE:  1001 19:10:29   -18370.218750       12.110338
FIRE:  1002 19:10:29   -18371.683594       11.830511
FIRE:  1003 19:10:30   -18373.093750       11.615942
FIRE:  1004 19:10:30   -18374.525391       11.402599
FIRE:  1005 19:10:30   -18375.957031       11.338090
FIRE:  1006 19:10:31   -18377.369141       12.103887
FIRE:  1007 19:10:31   -18378.714844       12.802588
FIRE:  1008 19:10:31   -18380.125000       13.419305
FIRE:  1009 19:10:32   -18381.542969       13.940223
FIRE:  1010 19:10:32   -18382.863281       14.352291
FIRE:  1011 19:10:33   -18384.195312       14.645713
FIRE:  1012 19:10:33   -18385.513672       14.812837
FIRE:  1013 19:10:33   -18386.849609       14.849059
FIRE:  1014 19:10:34   -18388.164062       14.754130
FIRE:  1015 19:10:34   -18389.425781       14.530514
FIRE:  1016 19:10:34   -18390.789062       14.183336
FIRE:  1017 19:10:35   -18392.119141       13.721936
FIRE:  1018 19:10:35   -18393.439453       13.157530
FIRE:  1019 19:10:35   -18394.740234       12.817218
FIRE:  1020 19:10:36   -18396.132812       12.992719
FIRE:  1021 19:10:36   -18397.496094       13.069834
FIRE:  1022 19:10:36   -18398.884766       13.046959
FIRE:  1023 19:10:37   -18400.300781       13.562734
FIRE:  1024 19:10:37   -18401.701172       14.116803
FIRE:  1025 19:10:37   -18403.210938       14.556342
FIRE:  1026 19:10:38   -18404.650391       14.868923
FIRE:  1027 19:10:38   -18406.152344       15.045533
FIRE:  1028 19:10:38   -18407.667969       15.080762
FIRE:  1029 19:10:39   -18409.208984       14.972411
FIRE:  1030 19:10:39   -18410.744141       14.724579
FIRE:  1031 19:10:39   -18412.328125       14.343206
FIRE:  1032 19:10:40   -18413.886719       13.839063
FIRE:  1033 19:10:40   -18415.480469       13.225098
FIRE:  1034 19:10:40   -18417.039062       12.516130
FIRE:  1035 19:10:41   -18418.615234       11.729880
FIRE:  1036 19:10:41   -18420.154297       10.883033
FIRE:  1037 19:10:42   -18421.701172        9.993725
FIRE:  1038 19:10:42   -18423.222656        9.379356
FIRE:  1039 19:10:42   -18424.712891        9.234857
FIRE:  1040 19:10:43   -18426.195312        9.104403
FIRE:  1041 19:10:43   -18427.587891        9.128711
FIRE:  1042 19:10:43   -18429.033203        9.969870
FIRE:  1043 19:10:44   -18430.392578       10.776243
FIRE:  1044 19:10:44   -18431.748047       11.533374
FIRE:  1045 19:10:44   -18433.062500       12.226607
FIRE:  1046 19:10:45   -18434.378906       12.841510
FIRE:  1047 19:10:45   -18435.648438       13.363986
FIRE:  1048 19:10:45   -18436.908203       13.782268
FIRE:  1049 19:10:46   -18438.105469       14.086493
FIRE:  1050 19:10:46   -18439.306641       14.268671
FIRE:  1051 19:10:46   -18440.509766       14.324861
FIRE:  1052 19:10:47   -18441.689453       14.253442
FIRE:  1053 19:10:47   -18442.800781       14.056808
FIRE:  1054 19:10:47   -18443.904297       13.740320
FIRE:  1055 19:10:48   -18444.976562       13.312297
FIRE:  1056 19:10:48   -18446.015625       13.905269
FIRE:  1057 19:10:49   -18447.083984       14.842931
FIRE:  1058 19:10:49   -18448.095703       15.715915
FIRE:  1059 19:10:49   -18449.089844       16.504898
FIRE:  1060 19:10:50   -18450.009766       17.190636
FIRE:  1061 19:10:50   -18450.939453       17.755655
FIRE:  1062 19:10:50   -18451.820312       18.184366
FIRE:  1063 19:10:51   -18452.675781       18.465179
FIRE:  1064 19:10:51   -18453.478516       18.589458
FIRE:  1065 19:10:51   -18454.269531       18.553692
FIRE:  1066 19:10:52   -18455.027344       18.358625
FIRE:  1067 19:10:52   -18455.753906       18.009453
FIRE:  1068 19:10:52   -18456.458984       17.515249
FIRE:  1069 19:10:53   -18457.140625       16.889332
FIRE:  1070 19:10:53   -18457.753906       17.018764
FIRE:  1071 19:10:53   -18458.353516       18.310177
FIRE:  1072 19:10:54   -18458.970703       19.526037
FIRE:  1073 19:10:54   -18459.603516       20.634071
FIRE:  1074 19:10:54   -18460.277344       21.651787
FIRE:  1075 19:10:55   -18460.933594       23.026537
FIRE:  1076 19:10:55   -18461.640625       24.163097
FIRE:  1077 19:10:55   -18462.410156       25.020012
FIRE:  1078 19:10:56   -18463.220703       25.563286
FIRE:  1079 19:10:56   -18464.111328       25.772345
FIRE:  1080 19:10:56   -18465.052734       25.639009
FIRE:  1081 19:10:57   -18466.005859       25.169699
FIRE:  1082 19:10:57   -18467.048828       24.384119
FIRE:  1083 19:10:57   -18468.117188       23.315002
FIRE:  1084 19:10:58   -18469.250000       22.003185
FIRE:  1085 19:10:58   -18470.402344       20.496435
FIRE:  1086 19:10:58   -18471.521484       18.845741
FIRE:  1087 19:10:59   -18472.691406       17.838623
FIRE:  1088 19:10:59   -18473.857422       19.166254
FIRE:  1089 19:10:59   -18474.966797       20.396055
FIRE:  1090 19:11:00   -18476.115234       21.491844
FIRE:  1091 19:11:00   -18477.183594       22.419273
FIRE:  1092 19:11:01   -18478.275391       23.146185
FIRE:  1093 19:11:01   -18479.316406       23.647829
FIRE:  1094 19:11:01   -18480.392578       23.904976
FIRE:  1095 19:11:02   -18481.423828       23.908842
FIRE:  1096 19:11:02   -18482.433594       23.658970
FIRE:  1097 19:11:02   -18483.443359       23.165827
FIRE:  1098 19:11:03   -18484.458984       22.447359
FIRE:  1099 19:11:03   -18485.433594       21.529516
FIRE:  1100 19:11:03   -18486.394531       20.443438
FIRE:  1101 19:11:04   -18487.371094       20.105621
FIRE:  1102 19:11:04   -18488.337891       20.125275
FIRE:  1103 19:11:04   -18489.296875       19.923750
FIRE:  1104 19:11:05   -18490.314453       19.507042
FIRE:  1105 19:11:05   -18491.269531       18.889151
FIRE:  1106 19:11:05   -18492.189453       18.941629
FIRE:  1107 19:11:06   -18493.169922       19.410524
FIRE:  1108 19:11:06   -18494.140625       19.617474
FIRE:  1109 19:11:06   -18495.019531       19.554611
FIRE:  1110 19:11:07   -18495.953125       19.224831
FIRE:  1111 19:11:07   -18496.880859       18.640512
FIRE:  1112 19:11:07   -18497.806641       17.824114
FIRE:  1113 19:11:08   -18498.710938       16.805426
FIRE:  1114 19:11:08   -18499.554688       16.657187
FIRE:  1115 19:11:08   -18500.437500       17.356108
FIRE:  1116 19:11:09   -18501.250000       17.928272
FIRE:  1117 19:11:09   -18502.097656       18.359695
FIRE:  1118 19:11:09   -18502.857422       18.639624
FIRE:  1119 19:11:10   -18503.658203       18.762049
FIRE:  1120 19:11:10   -18504.402344       18.725073
FIRE:  1121 19:11:10   -18505.130859       18.531496
FIRE:  1122 19:11:11   -18505.830078       18.188086
FIRE:  1123 19:11:11   -18506.539062       17.705397
FIRE:  1124 19:11:11   -18507.203125       17.097937
FIRE:  1125 19:11:12   -18507.796875       16.381441
FIRE:  1126 19:11:12   -18508.490234       15.573867
FIRE:  1127 19:11:13   -18509.011719       14.694369
FIRE:  1128 19:11:13   -18509.625000       13.761212
FIRE:  1129 19:11:13   -18510.197266       12.792230
FIRE:  1130 19:11:14   -18510.734375       11.804932
FIRE:  1131 19:11:14   -18511.298828       11.847933
FIRE:  1132 19:11:14   -18511.835938       12.179146
FIRE:  1133 19:11:15   -18512.347656       12.522293
FIRE:  1134 19:11:15   -18512.888672       12.783918
FIRE:  1135 19:11:15   -18513.423828       12.959380
FIRE:  1136 19:11:16   -18513.980469       13.045284
FIRE:  1137 19:11:16   -18514.570312       13.276283
FIRE:  1138 19:11:16   -18515.138672       13.588661
FIRE:  1139 19:11:17   -18515.750000       13.809476
FIRE:  1140 19:11:17   -18516.328125       13.932748
FIRE:  1141 19:11:17   -18516.992188       13.955953
FIRE:  1142 19:11:18   -18517.662109       13.879628
FIRE:  1143 19:11:18   -18518.332031       13.704378
FIRE:  1144 19:11:18   -18519.044922       13.435557
FIRE:  1145 19:11:19   -18519.751953       13.079015
FIRE:  1146 19:11:19   -18520.466797       12.642569
FIRE:  1147 19:11:19   -18521.212891       12.136235
FIRE:  1148 19:11:20   -18521.958984       11.755758
FIRE:  1149 19:11:20   -18522.722656       12.147587
FIRE:  1150 19:11:20   -18523.476562       12.465374
FIRE:  1151 19:11:21   -18524.251953       12.702508
FIRE:  1152 19:11:21   -18525.044922       12.853368
FIRE:  1153 19:11:21   -18525.824219       12.914867
FIRE:  1154 19:11:22   -18526.583984       12.884530
FIRE:  1155 19:11:22   -18527.388672       12.762682
FIRE:  1156 19:11:22   -18528.218750       12.652637
FIRE:  1157 19:11:23   -18529.041016       13.422243
FIRE:  1158 19:11:23   -18529.845703       14.221436
FIRE:  1159 19:11:24   -18530.734375       14.962861
FIRE:  1160 19:11:24   -18531.611328       15.630871
FIRE:  1161 19:11:24   -18532.501953       16.210255
FIRE:  1162 19:11:25   -18533.433594       16.687025
FIRE:  1163 19:11:25   -18534.400391       17.049152
FIRE:  1164 19:11:25   -18535.402344       17.287176
FIRE:  1165 19:11:26   -18536.402344       17.394800
FIRE:  1166 19:11:26   -18537.402344       17.369230
FIRE:  1167 19:11:26   -18538.478516       17.211315
FIRE:  1168 19:11:27   -18539.541016       16.925482
FIRE:  1169 19:11:27   -18540.585938       16.519411
FIRE:  1170 19:11:27   -18541.712891       16.003887
FIRE:  1171 19:11:28   -18542.781250       15.391715
FIRE:  1172 19:11:28   -18543.818359       14.697180
FIRE:  1173 19:11:28   -18544.837891       13.935622
FIRE:  1174 19:11:29   -18545.871094       13.122337
FIRE:  1175 19:11:29   -18546.853516       12.973758
FIRE:  1176 19:11:29   -18547.830078       13.013862
FIRE:  1177 19:11:30   -18548.710938       12.993963
FIRE:  1178 19:11:30   -18549.587891       12.914520
FIRE:  1179 19:11:30   -18550.410156       12.776831
FIRE:  1180 19:11:31   -18551.166016       12.583109
FIRE:  1181 19:11:31   -18551.830078       12.336077
FIRE:  1182 19:11:31   -18552.488281       12.039035
FIRE:  1183 19:11:32   -18553.097656       11.696526
FIRE:  1184 19:11:32   -18553.607422       11.312647
FIRE:  1185 19:11:32   -18554.037109       12.078197
FIRE:  1186 19:11:33   -18554.458984       13.080266
FIRE:  1187 19:11:33   -18554.769531       14.062363
FIRE:  1188 19:11:33   -18555.072266       15.005478
FIRE:  1189 19:11:34   -18555.314453       15.890537
FIRE:  1190 19:11:34   -18555.470703       16.697342
FIRE:  1191 19:11:35   -18555.619141       17.406382
FIRE:  1192 19:11:35   -18574.136719       10.488271
FIRE:  1193 19:11:35   -18590.753906        7.242641
FIRE:  1194 19:11:36   -18605.845703        6.370501
FIRE:  1195 19:11:36   -18619.707031        5.739402
FIRE:  1196 19:11:36   -18632.492188        5.643174
FIRE:  1197 19:11:37   -18644.322266        5.481468
FIRE:  1198 19:11:37   -18655.361328        5.247113
FIRE:  1199 19:11:37   -18665.718750        4.932730
FIRE:  1200 19:11:38   -18675.474609        4.616529
FIRE:  1201 19:11:38   -18684.736328        4.641736
FIRE:  1202 19:11:38   -18693.601562        4.659965
FIRE:  1203 19:11:39   -18702.066406        4.665781
FIRE:  1204 19:11:39   -18710.185547        4.652148
FIRE:  1205 19:11:39   -18718.093750        4.609865
FIRE:  1206 19:11:40   -18725.759766        4.527441
FIRE:  1207 19:11:40   -18733.205078        4.390788
FIRE:  1208 19:11:40   -18740.376953        4.183535
FIRE:  1209 19:11:41   -18747.345703        3.887890
FIRE:  1210 19:11:41   -18754.093750        3.486736
FIRE:  1211 19:11:41   -18760.650391        3.254798
FIRE:  1212 19:11:42   -18767.070312        3.357908
FIRE:  1213 19:11:42   -18773.255859        3.449209
FIRE:  1214 19:11:42   -18779.230469        3.511524
FIRE:  1215 19:11:43   -18785.048828        3.520250
FIRE:  1216 19:11:43   -18790.724609        3.453602
FIRE:  1217 19:11:43   -18796.238281        3.307194
FIRE:  1218 19:11:44   -18801.636719        3.259143
FIRE:  1219 19:11:44   -18806.851562        3.655881
FIRE:  1220 19:11:44   -18812.056641        3.747951
FIRE:  1221 19:11:45   -18817.095703        3.549257
FIRE:  1222 19:11:45   -18822.085938        3.577025
FIRE:  1223 19:11:46   -18826.908203        3.756894
FIRE:  1224 19:11:46   -18831.636719        3.874971
FIRE:  1225 19:11:46   -18836.312500        3.910851
FIRE:  1226 19:11:47   -18840.890625        3.863613
FIRE:  1227 19:11:47   -18845.357422        3.741710
FIRE:  1228 19:11:47   -18849.759766        3.559689
FIRE:  1229 19:11:48   -18854.037109        3.338675
FIRE:  1230 19:11:48   -18858.298828        3.129953
FIRE:  1231 19:11:48   -18862.394531        3.144437
FIRE:  1232 19:11:49   -18866.492188        3.110140
FIRE:  1233 19:11:49   -18870.466797        3.015712
FIRE:  1234 19:11:49   -18874.419922        2.849206
FIRE:  1235 19:11:50   -18878.275391        2.684000
FIRE:  1236 19:11:50   -18882.056641        2.829129
FIRE:  1237 19:11:50   -18885.802734        2.977850
FIRE:  1238 19:11:51   -18889.414062        3.100666
FIRE:  1239 19:11:51   -18893.031250        3.172268
FIRE:  1240 19:11:51   -18896.531250        3.186282
FIRE:  1241 19:11:52   -18900.005859        3.472548
FIRE:  1242 19:11:52   -18903.404297        3.761537
FIRE:  1243 19:11:52   -18906.757812        3.767599
FIRE:  1244 19:11:53   -18910.072266        3.483300
FIRE:  1245 19:11:53   -18913.406250        3.193867
FIRE:  1246 19:11:53   -18916.646484        3.235634
FIRE:  1247 19:11:54   -18919.818359        3.222504
FIRE:  1248 19:11:54   -18923.054688        3.119221
FIRE:  1249 19:11:54   -18926.181641        2.913734
FIRE:  1250 19:11:55   -18929.269531        2.621862
FIRE:  1251 19:11:55   -18932.281250        2.283496
FIRE:  1252 19:11:56   -18935.261719        1.954092
FIRE:  1253 19:11:56   -18938.259766        1.952205
FIRE:  1254 19:11:56   -18941.210938        1.965327
FIRE:  1255 19:11:57   -18944.119141        1.911404
FIRE:  1256 19:11:57   -18946.986328        1.884971
FIRE:  1257 19:11:57   -18949.796875        1.912518
FIRE:  1258 19:11:58   -18952.615234        1.916277
FIRE:  1259 19:11:58   -18955.396484        1.888578
FIRE:  1260 19:11:58   -18958.146484        1.821126
FIRE:  1261 19:11:59   -18960.869141        1.750498
FIRE:  1262 19:11:59   -18963.562500        1.758144
FIRE:  1263 19:11:59   -18966.203125        1.761934
FIRE:  1264 19:12:00   -18968.861328        1.760793
FIRE:  1265 19:12:00   -18971.439453        1.752779
FIRE:  1266 19:12:00   -18973.986328        1.734934
FIRE:  1267 19:12:01   -18976.447266        1.703283
FIRE:  1268 19:12:01   -18978.947266        1.652813
FIRE:  1269 19:12:01   -18981.337891        1.775994
FIRE:  1270 19:12:02   -18983.785156        2.225825
FIRE:  1271 19:12:02   -18986.193359        2.588320
FIRE:  1272 19:12:03   -18988.542969        2.829528
FIRE:  1273 19:12:03   -18990.933594        2.927042
FIRE:  1274 19:12:03   -18993.265625        2.873812
FIRE:  1275 19:12:04   -18995.603516        2.678747
FIRE:  1276 19:12:04   -18997.884766        2.385969
FIRE:  1277 19:12:04   -19000.166016        2.077456
FIRE:  1278 19:12:05   -19002.433594        1.782356
FIRE:  1279 19:12:05   -19004.636719        2.123313
FIRE:  1280 19:12:05   -19006.810547        2.566583
FIRE:  1281 19:12:06   -19008.957031        2.943492
FIRE:  1282 19:12:06   -19011.144531        3.225038
FIRE:  1283 19:12:06   -19013.263672        3.389780
FIRE:  1284 19:12:07   -19015.445312        3.426828
FIRE:  1285 19:12:07   -19017.593750        3.337490
FIRE:  1286 19:12:07   -19019.789062        3.134138
FIRE:  1287 19:12:08   -19021.964844        2.837927
FIRE:  1288 19:12:08   -19024.187500        2.475126
FIRE:  1289 19:12:08   -19026.320312        2.078528
FIRE:  1290 19:12:09   -19028.501953        1.848799
FIRE:  1291 19:12:09   -19030.599609        1.849034
FIRE:  1292 19:12:09   -19032.767578        1.812477
FIRE:  1293 19:12:10   -19034.871094        1.740451
FIRE:  1294 19:12:10   -19036.927734        1.634107
FIRE:  1295 19:12:10   -19039.003906        1.612016
FIRE:  1296 19:12:11   -19041.048828        1.653378
FIRE:  1297 19:12:11   -19043.109375        1.654527
FIRE:  1298 19:12:12   -19045.101562        1.617793
FIRE:  1299 19:12:12   -19047.119141        1.609441
FIRE:  1300 19:12:12   -19049.115234        1.740967
FIRE:  1301 19:12:13   -19051.130859        1.900973
FIRE:  1302 19:12:13   -19053.078125        2.065695
FIRE:  1303 19:12:13   -19055.029297        2.234774
FIRE:  1304 19:12:14   -19057.019531        2.410445
FIRE:  1305 19:12:14   -19059.003906        2.596824
FIRE:  1306 19:12:14   -19060.966797        2.796337
FIRE:  1307 19:12:15   -19062.937500        3.002552
FIRE:  1308 19:12:15   -19064.976562        3.194458
FIRE:  1309 19:12:15   -19066.992188        3.336129
FIRE:  1310 19:12:16   -19069.005859        3.383369
FIRE:  1311 19:12:16   -19071.044922        3.294294
FIRE:  1312 19:12:16   -19073.044922        3.037091
FIRE:  1313 19:12:17   -19075.035156        2.781386
FIRE:  1314 19:12:17   -19076.958984        2.433964
FIRE:  1315 19:12:17   -19078.863281        2.383546
FIRE:  1316 19:12:18   -19080.695312        2.710528
FIRE:  1317 19:12:18   -19082.378906        3.382332
FIRE:  1318 19:12:18   -19084.074219        5.890933
FIRE:  1319 19:12:19   -19085.685547        8.786514
FIRE:  1320 19:12:19   -19087.277344       11.401866
FIRE:  1321 19:12:19   -19088.908203       13.123230
FIRE:  1322 19:12:20   -19090.716797       13.485748
FIRE:  1323 19:12:20   -19092.613281       12.390861
FIRE:  1324 19:12:20   -19094.636719       10.155383
FIRE:  1325 19:12:21   -19096.656250        7.344256
FIRE:  1326 19:12:21   -19098.646484        4.523432
FIRE:  1327 19:12:22   -19100.554688        4.380760
FIRE:  1328 19:12:22   -19102.376953        4.315739
FIRE:  1329 19:12:22   -19104.099609        4.372981
FIRE:  1330 19:12:23   -19105.699219        4.629241
FIRE:  1331 19:12:23   -19107.355469        4.995932
FIRE:  1332 19:12:23   -19108.960938        5.300099
FIRE:  1333 19:12:24   -19110.613281        5.396374
FIRE:  1334 19:12:24   -19112.296875        5.202330
FIRE:  1335 19:12:24   -19113.990234        5.226076
FIRE:  1336 19:12:25   -19115.748047        5.370461
FIRE:  1337 19:12:25   -19117.541016        5.463319
FIRE:  1338 19:12:25   -19119.298828        5.511214
FIRE:  1339 19:12:26   -19121.013672        5.514750
FIRE:  1340 19:12:26   -19122.771484        5.468364
FIRE:  1341 19:12:26   -19124.525391        5.359355
FIRE:  1342 19:12:27   -19126.255859        5.165421
FIRE:  1343 19:12:27   -19127.996094        4.850871
FIRE:  1344 19:12:27   -19129.681641        4.722845
FIRE:  1345 19:12:28   -19131.376953        5.216176
FIRE:  1346 19:12:28   -19133.095703        5.562136
FIRE:  1347 19:12:28   -19134.714844        5.764130
FIRE:  1348 19:12:29   -19136.314453        5.830793
FIRE:  1349 19:12:29   -19137.830078        5.774859
FIRE:  1350 19:12:29   -19139.261719        6.952656
FIRE:  1351 19:12:30   -19140.707031        9.726954
FIRE:  1352 19:12:30   -19142.201172       11.832984
FIRE:  1353 19:12:31   -19143.662109       12.789235
FIRE:  1354 19:12:31   -19145.277344       12.364575
FIRE:  1355 19:12:31   -19146.929688       10.673279
FIRE:  1356 19:12:32   -19148.630859        8.124367
FIRE:  1357 19:12:32   -19150.345703        5.253759
FIRE:  1358 19:12:32   -19151.865234        2.540550
FIRE:  1359 19:12:33   -19153.302734        2.572832
FIRE:  1360 19:12:33   -19154.583984        2.645416
FIRE:  1361 19:12:33   -19155.859375        2.835119
FIRE:  1362 19:12:34   -19156.996094        3.715487
FIRE:  1363 19:12:34   -19158.056641        4.366637
FIRE:  1364 19:12:34   -19159.060547        6.154593
FIRE:  1365 19:12:35   -19160.029297        8.054109
FIRE:  1366 19:12:35   -19160.998047        9.843990
FIRE:  1367 19:12:35   -19162.039062       11.258765
FIRE:  1368 19:12:36   -19163.125000       12.054442
FIRE:  1369 19:12:36   -19164.324219       12.082323
FIRE:  1370 19:12:36   -19165.578125       11.340142
FIRE:  1371 19:12:37   -19166.976562        9.970392
FIRE:  1372 19:12:37   -19168.445312        8.208669
FIRE:  1373 19:12:37   -19169.921875        6.872247
FIRE:  1374 19:12:38   -19171.376953        6.915682
FIRE:  1375 19:12:38   -19172.902344        6.688087
FIRE:  1376 19:12:38   -19174.392578        6.199723
FIRE:  1377 19:12:39   -19175.800781        5.490713
FIRE:  1378 19:12:39   -19177.201172        4.621497
FIRE:  1379 19:12:39   -19178.533203        3.660551
FIRE:  1380 19:12:40   -19179.861328        3.530033
FIRE:  1381 19:12:40   -19181.062500        4.598405
FIRE:  1382 19:12:41   -19182.345703        6.551271
FIRE:  1383 19:12:41   -19183.623047        8.162984
FIRE:  1384 19:12:41   -19184.914062        9.138929
FIRE:  1385 19:12:42   -19186.246094        9.287040
FIRE:  1386 19:12:42   -19187.648438        8.589000
FIRE:  1387 19:12:42   -19189.072266        7.206251
FIRE:  1388 19:12:43   -19190.539062        5.418046
FIRE:  1389 19:12:43   -19191.958984        4.038625
FIRE:  1390 19:12:43   -19193.378906        4.205619
FIRE:  1391 19:12:44   -19194.738281        4.417312
FIRE:  1392 19:12:44   -19196.056641        4.643550
FIRE:  1393 19:12:44   -19197.369141        4.848064
FIRE:  1394 19:12:45   -19198.660156        4.995955
FIRE:  1395 19:12:45   -19199.898438        5.059196
FIRE:  1396 19:12:45   -19201.146484        5.020080
FIRE:  1397 19:12:46   -19202.453125        4.871747
FIRE:  1398 19:12:46   -19203.701172        4.616741
FIRE:  1399 19:12:46   -19204.939453        4.390988
FIRE:  1400 19:12:47   -19206.228516        4.422644
FIRE:  1401 19:12:47   -19207.490234        4.414844
FIRE:  1402 19:12:47   -19208.755859        4.342336
FIRE:  1403 19:12:48   -19210.097656        4.283325
FIRE:  1404 19:12:48   -19211.363281        4.231775
FIRE:  1405 19:12:48   -19212.638672        4.080391
FIRE:  1406 19:12:49   -19213.896484        3.841164
FIRE:  1407 19:12:49   -19215.095703        3.530922
FIRE:  1408 19:12:50   -19216.228516        3.408119
FIRE:  1409 19:12:50   -19217.308594        4.780441
FIRE:  1410 19:12:50   -19218.371094        6.138103
FIRE:  1411 19:12:51   -19219.341797        7.378063
FIRE:  1412 19:12:51   -19220.330078        8.386224
FIRE:  1413 19:12:51   -19221.281250        9.058322
FIRE:  1414 19:12:52   -19222.224609        9.323550
FIRE:  1415 19:12:52   -19223.218750        9.161940
FIRE:  1416 19:12:52   -19224.332031        8.608117
FIRE:  1417 19:12:53   -19225.521484        8.224789
FIRE:  1418 19:12:53   -19226.773438        8.428724
FIRE:  1419 19:12:53   -19228.113281        8.189870
FIRE:  1420 19:12:54   -19229.529297        7.543268
FIRE:  1421 19:12:54   -19230.910156        6.572467
FIRE:  1422 19:12:54   -19232.308594        5.389705
FIRE:  1423 19:12:55   -19233.675781        4.112521
FIRE:  1424 19:12:55   -19234.986328        2.847916
FIRE:  1425 19:12:55   -19236.212891        2.828137
FIRE:  1426 19:12:56   -19237.375000        2.911097
FIRE:  1427 19:12:56   -19238.431641        2.966882
FIRE:  1428 19:12:56   -19239.435547        2.997080
FIRE:  1429 19:12:57   -19240.441406        3.137192
FIRE:  1430 19:12:57   -19241.488281        3.543129
FIRE:  1431 19:12:57   -19242.425781        3.897256
FIRE:  1432 19:12:58   -19243.423828        4.185837
FIRE:  1433 19:12:58   -19244.386719        4.525835
FIRE:  1434 19:12:58   -19245.419922        4.865297
FIRE:  1435 19:12:59   -19246.535156        5.093991
FIRE:  1436 19:12:59   -19247.642578        5.197147
FIRE:  1437 19:12:59   -19248.796875        5.168497
FIRE:  1438 19:13:00   -19250.031250        5.011193
FIRE:  1439 19:13:00   -19251.281250        4.737061
FIRE:  1440 19:13:01   -19252.570312        4.652724
FIRE:  1441 19:13:01   -19253.904297        4.580939
FIRE:  1442 19:13:01   -19255.208984        4.457179
FIRE:  1443 19:13:02   -19256.572266        4.271401
FIRE:  1444 19:13:02   -19257.871094        4.011608
FIRE:  1445 19:13:02   -19259.152344        3.663889
FIRE:  1446 19:13:03   -19260.414062        3.213663
FIRE:  1447 19:13:03   -19261.634766        2.943216
FIRE:  1448 19:13:03   -19262.773438        2.895941
FIRE:  1449 19:13:04   -19263.902344        2.952440
FIRE:  1450 19:13:04   -19264.875000        3.931461
FIRE:  1451 19:13:04   -19265.863281        4.796387
FIRE:  1452 19:13:05   -19266.734375        5.458630
FIRE:  1453 19:13:05   -19267.583984        6.413421
FIRE:  1454 19:13:05   -19268.375000        7.418375
FIRE:  1455 19:13:06   -19269.214844        8.251427
FIRE:  1456 19:13:06   -19270.062500        8.816784
FIRE:  1457 19:13:06   -19270.968750        9.035853
FIRE:  1458 19:13:07   -19271.921875        8.938389
FIRE:  1459 19:13:07   -19272.958984        8.627314
FIRE:  1460 19:13:07   -19274.035156        7.999767
FIRE:  1461 19:13:08   -19275.140625        7.133356
FIRE:  1462 19:13:08   -19276.240234        6.973584
FIRE:  1463 19:13:08   -19277.339844        6.557539
FIRE:  1464 19:13:09   -19278.427734        5.918331
FIRE:  1465 19:13:09   -19279.533203        6.004947
FIRE:  1466 19:13:10   -19280.556641        6.583009
FIRE:  1467 19:13:10   -19281.527344        7.018608
FIRE:  1468 19:13:10   -19282.535156        7.275476
FIRE:  1469 19:13:11   -19283.533203        7.331492
FIRE:  1470 19:13:11   -19284.562500        7.182422
FIRE:  1471 19:13:11   -19285.617188        6.842731
FIRE:  1472 19:13:12   -19286.685547        6.342942
FIRE:  1473 19:13:12   -19287.800781        6.239310
FIRE:  1474 19:13:12   -19288.984375        6.440247
FIRE:  1475 19:13:13   -19290.197266        6.540365
FIRE:  1476 19:13:13   -19291.439453        6.553488
FIRE:  1477 19:13:13   -19292.667969        6.493886
FIRE:  1478 19:13:14   -19293.904297        6.375792
FIRE:  1479 19:13:14   -19295.130859        6.212604
FIRE:  1480 19:13:14   -19296.353516        6.016718
FIRE:  1481 19:13:15   -19297.503906        5.798343
FIRE:  1482 19:13:15   -19298.548828        5.565073
FIRE:  1483 19:13:15   -19299.503906        5.320936
FIRE:  1484 19:13:16   -19300.369141        7.878753
FIRE:  1485 19:13:16   -19301.132812       10.877574
FIRE:  1486 19:13:16   -19301.806641       13.927166
FIRE:  1487 19:13:17   -19302.531250       16.627098
FIRE:  1488 19:13:17   -19303.287109       18.532440
FIRE:  1489 19:13:17   -19304.191406       19.270210
FIRE:  1490 19:13:18   -19305.189453       18.684488
FIRE:  1491 19:13:18   -19306.380859       16.900705
FIRE:  1492 19:13:18   -19307.585938       14.267448
FIRE:  1493 19:13:19   -19308.796875       11.220267
FIRE:  1494 19:13:19   -19309.916016        8.189280
FIRE:  1495 19:13:20   -19310.929688        5.965672
FIRE:  1496 19:13:20   -19311.857422        6.737286
FIRE:  1497 19:13:20   -19312.605469        7.264818
FIRE:  1498 19:13:21   -19313.275391        7.497754
FIRE:  1499 19:13:21   -19313.857422        7.413724
FIRE:  1500 19:13:21   -19314.351562        7.022763
FIRE:  1501 19:13:22   -19314.798828        7.120729
FIRE:  1502 19:13:22   -19315.201172        7.737442
FIRE:  1503 19:13:22   -19315.662109        8.103493
FIRE:  1504 19:13:23   -19316.050781        8.184387
FIRE:  1505 19:13:23   -19316.533203        7.975940
FIRE:  1506 19:13:23   -19317.035156        7.795203
FIRE:  1507 19:13:24   -19317.593750        8.017556
FIRE:  1508 19:13:24   -19318.240234        8.178229
FIRE:  1509 19:13:24   -19318.957031        8.287457
FIRE:  1510 19:13:25   -19319.832031        8.353682
FIRE:  1511 19:13:25   -19320.750000        8.383529
FIRE:  1512 19:13:25   -19321.701172        8.381332
FIRE:  1513 19:13:26   -19322.740234        8.348922
FIRE:  1514 19:13:26   -19323.828125        8.285728
FIRE:  1515 19:13:26   -19324.931641        8.189102
FIRE:  1516 19:13:27   -19326.037109        8.054188
FIRE:  1517 19:13:27   -19327.181641        7.875191
FIRE:  1518 19:13:27   -19328.310547        7.645570
FIRE:  1519 19:13:28   -19329.441406        7.359003
FIRE:  1520 19:13:28   -19330.511719        7.009365
FIRE:  1521 19:13:28   -19331.605469        6.589817
FIRE:  1522 19:13:29   -19332.625000        6.091344
FIRE:  1523 19:13:29   -19333.677734        5.500623
FIRE:  1524 19:13:29   -19334.689453        4.800708
FIRE:  1525 19:13:30   -19335.652344        4.936583
FIRE:  1526 19:13:30   -19336.525391        5.229666
FIRE:  1527 19:13:31   -19337.396484        5.460520
FIRE:  1528 19:13:31   -19338.205078        5.633731
FIRE:  1529 19:13:31   -19338.890625        5.753663
FIRE:  1530 19:13:32   -19339.552734        5.825454
FIRE:  1531 19:13:32   -19340.115234        6.643901
FIRE:  1532 19:13:32   -19340.576172        9.282307
FIRE:  1533 19:13:33   -19341.031250       12.024937
FIRE:  1534 19:13:33   -19341.500000       14.618611
FIRE:  1535 19:13:33   -19341.998047       16.743521
FIRE:  1536 19:13:34   -19342.626953       18.079531
FIRE:  1537 19:13:34   -19343.435547       18.401869
FIRE:  1538 19:13:34   -19344.400391       17.663868
FIRE:  1539 19:13:35   -19345.484375       16.014469
FIRE:  1540 19:13:35   -19346.664062       13.743873
FIRE:  1541 19:13:35   -19347.841797       11.191385
FIRE:  1542 19:13:36   -19349.042969        8.662005
FIRE:  1543 19:13:36   -19350.099609        6.505336
FIRE:  1544 19:13:36   -19351.142578        6.300254
FIRE:  1545 19:13:37   -19352.009766        6.000206
FIRE:  1546 19:13:37   -19352.767578        5.620285
FIRE:  1547 19:13:37   -19353.402344        5.178092
FIRE:  1548 19:13:38   -19353.992188        5.157643
FIRE:  1549 19:13:38   -19354.439453        5.819639
FIRE:  1550 19:13:38   -19354.863281        6.337538
FIRE:  1551 19:13:39   -19355.234375        6.680345
FIRE:  1552 19:13:39   -19355.619141        6.828178
FIRE:  1553 19:13:39   -19355.957031        6.775413
FIRE:  1554 19:13:40   -19356.402344        7.100285
FIRE:  1555 19:13:40   -19356.826172        7.696389
FIRE:  1556 19:13:40   -19357.384766        8.045527
FIRE:  1557 19:13:41   -19357.982422        8.123902
FIRE:  1558 19:13:41   -19358.712891        7.930817
FIRE:  1559 19:13:42   -19359.458984        7.490783
FIRE:  1560 19:13:42   -19360.292969        6.846519
FIRE:  1561 19:13:42   -19361.146484        6.519125
FIRE:  1562 19:13:43   -19362.052734        6.539302
FIRE:  1563 19:13:43   -19362.951172        6.552204
FIRE:  1564 19:13:43   -19363.884766        6.557554
FIRE:  1565 19:13:44   -19364.712891        6.553772
FIRE:  1566 19:13:44   -19365.626953        6.538070
FIRE:  1567 19:13:44   -19366.449219        6.506716
FIRE:  1568 19:13:45   -19367.285156        6.455000
FIRE:  1569 19:13:45   -19368.046875        6.377653
FIRE:  1570 19:13:45   -19368.814453        6.268448
FIRE:  1571 19:13:46   -19369.519531        6.120029
FIRE:  1572 19:13:46   -19370.171875        5.923303
FIRE:  1573 19:13:46   -19370.847656        5.666905
FIRE:  1574 19:13:47   -19371.507812        5.336885
FIRE:  1575 19:13:47   -19372.156250        5.818100
FIRE:  1576 19:13:48   -19372.767578        6.714086
FIRE:  1577 19:13:48   -19373.402344        7.530240
FIRE:  1578 19:13:48   -19374.027344        8.219874
FIRE:  1579 19:13:49   -19374.673828        8.739951
FIRE:  1580 19:13:49   -19375.312500        9.056048
FIRE:  1581 19:13:49   -19375.972656        9.145785
FIRE:  1582 19:13:50   -19376.593750        9.003852
FIRE:  1583 19:13:50   -19377.244141        8.640911
FIRE:  1584 19:13:50   -19377.871094        8.393863
FIRE:  1585 19:13:51   -19378.531250       10.791827
FIRE:  1586 19:13:51   -19379.152344       13.083217
FIRE:  1587 19:13:52   -19379.847656       15.015400
FIRE:  1588 19:13:52   -19380.605469       16.332346
FIRE:  1589 19:13:52   -19381.429688       16.840405
FIRE:  1590 19:13:53   -19382.324219       16.462656
FIRE:  1591 19:13:53   -19383.212891       15.265437
FIRE:  1592 19:13:54   -19384.177734       13.434601
FIRE:  1593 19:13:54   -19385.115234       11.219341
FIRE:  1594 19:13:55   -19385.988281        8.868720
FIRE:  1595 19:13:55   -19386.783203        6.591133
FIRE:  1596 19:13:55   -19387.482422        5.411862
FIRE:  1597 19:13:56   -19388.064453        6.461637
FIRE:  1598 19:13:56   -19388.585938        7.614501
FIRE:  1599 19:13:56   -19389.005859        8.751414
FIRE:  1600 19:13:57   -19389.384766        9.815617
FIRE:  1601 19:13:57   -19389.779297       10.743833
FIRE:  1602 19:13:57   -19390.123047       11.474917
FIRE:  1603 19:13:58   -19390.458984       11.955237
FIRE:  1604 19:13:58   -19390.837891       12.149108
FIRE:  1605 19:13:58   -19391.261719       12.043971
FIRE:  1606 19:13:59   -19391.718750       11.655085
FIRE:  1607 19:13:59   -19392.248047       11.042900
FIRE:  1608 19:13:59   -19392.804688       10.222328
FIRE:  1609 19:14:00   -19393.335938        9.254098
FIRE:  1610 19:14:00   -19393.941406        8.269897
FIRE:  1611 19:14:01   -19394.595703        7.313089
FIRE:  1612 19:14:01   -19395.208984        6.769061
FIRE:  1613 19:14:02   -19395.859375        6.684346
FIRE:  1614 19:14:02   -19396.490234        7.273916
FIRE:  1615 19:14:02   -19397.156250        7.803900
FIRE:  1616 19:14:03   -19397.804688        8.224639
FIRE:  1617 19:14:03   -19398.437500        8.516156
FIRE:  1618 19:14:03   -19399.093750        8.664733
FIRE:  1619 19:14:04   -19399.738281        8.663696
FIRE:  1620 19:14:04   -19400.400391        8.514350
FIRE:  1621 19:14:04   -19401.017578        8.225795
FIRE:  1622 19:14:05   -19401.703125        7.813925
FIRE:  1623 19:14:05   -19402.335938        7.299799
FIRE:  1624 19:14:05   -19403.029297        6.707600
FIRE:  1625 19:14:06   -19403.689453        6.737861
FIRE:  1626 19:14:06   -19404.375000        7.281044
FIRE:  1627 19:14:06   -19405.064453        7.732705
FIRE:  1628 19:14:07   -19405.757812        8.069722
FIRE:  1629 19:14:07   -19406.513672        8.273824
FIRE:  1630 19:14:08   -19407.207031        8.332635
FIRE:  1631 19:14:08   -19407.968750        8.303847
FIRE:  1632 19:14:08   -19408.660156        8.142200
FIRE:  1633 19:14:09   -19409.382812        7.996340
FIRE:  1634 19:14:09   -19410.023438        8.810740
FIRE:  1635 19:14:09   -19410.730469        9.404337
FIRE:  1636 19:14:10   -19411.347656        9.713911
FIRE:  1637 19:14:10   -19411.966797        9.696314
FIRE:  1638 19:14:10   -19412.578125        9.340446
FIRE:  1639 19:14:11   -19413.148438       10.748838
FIRE:  1640 19:14:11   -19413.773438       12.448442
FIRE:  1641 19:14:11   -19414.359375       13.822264
FIRE:  1642 19:14:12   -19414.984375       14.714945
FIRE:  1643 19:14:12   -19415.687500       15.016430
FIRE:  1644 19:14:13   -19416.408203       14.687359
FIRE:  1645 19:14:13   -19417.144531       13.769833
FIRE:  1646 19:14:13   -19417.972656       12.373221
FIRE:  1647 19:14:14   -19418.785156       10.647264
FIRE:  1648 19:14:14   -19419.562500        8.748805
FIRE:  1649 19:14:14   -19420.312500        6.815774
FIRE:  1650 19:14:15   -19421.037109        5.083831
FIRE:  1651 19:14:15   -19421.722656        4.997031
FIRE:  1652 19:14:15   -19422.351562        4.879624
FIRE:  1653 19:14:16   -19422.941406        5.206257
FIRE:  1654 19:14:16   -19423.462891        5.613377
FIRE:  1655 19:14:16   -19423.978516        5.956708
FIRE:  1656 19:14:17   -19424.431641        6.243047
FIRE:  1657 19:14:17   -19424.871094        6.478196
FIRE:  1658 19:14:17   -19425.275391        6.666792
FIRE:  1659 19:14:18   -19425.644531        6.812115
FIRE:  1660 19:14:18   -19425.982422        6.915913
FIRE:  1661 19:14:18   -19426.275391        6.978600
FIRE:  1662 19:14:19   -19426.611328        6.998810
FIRE:  1663 19:14:19   -19426.878906        7.798627
FIRE:  1664 19:14:20   -19427.167969        8.679349
FIRE:  1665 19:14:20   -19427.464844        9.452919
FIRE:  1666 19:14:20   -19427.765625       10.075111
FIRE:  1667 19:14:21   -19428.156250       10.506507
FIRE:  1668 19:14:21   -19428.496094       10.716848
FIRE:  1669 19:14:21   -19428.921875       10.688447
FIRE:  1670 19:14:22   -19429.435547       10.504594
FIRE:  1671 19:14:22   -19429.937500       10.155131
FIRE:  1672 19:14:22   -19430.509766        9.615993
FIRE:  1673 19:14:23   -19431.107422        8.922440
FIRE:  1674 19:14:23   -19431.707031        8.114883
FIRE:  1675 19:14:24   -19432.371094        7.235392
FIRE:  1676 19:14:24   -19432.972656        6.772905
FIRE:  1677 19:14:24   -19433.562500        6.578912
FIRE:  1678 19:14:25   -19434.162109        6.529206
FIRE:  1679 19:14:25   -19434.697266        6.315084
FIRE:  1680 19:14:25   -19435.230469        6.035621
FIRE:  1681 19:14:26   -19435.710938        7.096334
FIRE:  1682 19:14:26   -19436.152344        8.062777
FIRE:  1683 19:14:26   -19436.578125        8.867968
FIRE:  1684 19:14:27   -19437.041016        9.450468
FIRE:  1685 19:14:27   -19437.500000        9.761446
FIRE:  1686 19:14:27   -19437.906250        9.772783
FIRE:  1687 19:14:28   -19438.378906        9.483188
FIRE:  1688 19:14:28   -19438.833984        8.932915
FIRE:  1689 19:14:28   -19439.339844        8.917912
FIRE:  1690 19:14:29   -19439.808594        8.698678
FIRE:  1691 19:14:29   -19440.291016        8.690574
FIRE:  1692 19:14:29   -19440.748047       10.548178
FIRE:  1693 19:14:30   -19441.207031       12.236867
FIRE:  1694 19:14:30   -19441.693359       13.611239
FIRE:  1695 19:14:30   -19442.191406       14.534858
FIRE:  1696 19:14:31   -19442.773438       14.907156
FIRE:  1697 19:14:31   -19443.376953       14.687284
FIRE:  1698 19:14:31   -19444.052734       13.903062
FIRE:  1699 19:14:32   -19444.664062       12.646306
FIRE:  1700 19:14:32   -19445.332031       11.050297
FIRE:  1701 19:14:32   -19445.978516        9.265149
FIRE:  1702 19:14:33   -19446.546875        7.435063
FIRE:  1703 19:14:33   -19447.126953        5.690250
FIRE:  1704 19:14:33   -19447.646484        4.608336
FIRE:  1705 19:14:34   -19448.132812        4.480830
FIRE:  1706 19:14:34   -19448.562500        4.420069
FIRE:  1707 19:14:34   -19448.962891        4.595970
FIRE:  1708 19:14:35   -19449.376953        4.798822
FIRE:  1709 19:14:35   -19449.675781        5.046926
FIRE:  1710 19:14:36   -19450.048828        5.201331
FIRE:  1711 19:14:36   -19450.441406        5.376616
FIRE:  1712 19:14:36   -19450.763672        5.909837
FIRE:  1713 19:14:37   -19451.164062        6.360443
FIRE:  1714 19:14:37   -19451.576172        6.734034
FIRE:  1715 19:14:37   -19451.990234        7.037428
FIRE:  1716 19:14:38   -19452.441406        7.277822
FIRE:  1717 19:14:38   -19452.894531        7.461885
FIRE:  1718 19:14:38   -19453.367188        7.595452
FIRE:  1719 19:14:39   -19453.871094        7.683777
FIRE:  1720 19:14:39   -19454.416016        7.731155
FIRE:  1721 19:14:39   -19454.945312        7.741510
FIRE:  1722 19:14:40   -19455.541016        7.717950
FIRE:  1723 19:14:40   -19456.085938        7.663307
FIRE:  1724 19:14:40   -19456.667969        7.579961
FIRE:  1725 19:14:41   -19457.306641        7.469746
FIRE:  1726 19:14:41   -19457.992188        7.408595
FIRE:  1727 19:14:41   -19458.628906        8.014646
FIRE:  1728 19:14:42   -19459.298828        8.526641
FIRE:  1729 19:14:42   -19459.958984        8.911072
FIRE:  1730 19:14:42   -19460.593750        9.137964
FIRE:  1731 19:14:43   -19461.287109        9.184786
FIRE:  1732 19:14:43   -19461.949219        9.040446
FIRE:  1733 19:14:43   -19462.619141        8.705528
FIRE:  1734 19:14:44   -19463.226562        8.193325
FIRE:  1735 19:14:44   -19463.843750        7.621372
FIRE:  1736 19:14:44   -19464.474609        8.099678
FIRE:  1737 19:14:45   -19465.101562        8.407807
FIRE:  1738 19:14:45   -19465.660156        8.523716
FIRE:  1739 19:14:45   -19466.207031        8.510608
FIRE:  1740 19:14:46   -19466.787109        8.872865
FIRE:  1741 19:14:46   -19467.333984        9.018655
FIRE:  1742 19:14:47   -19467.849609        8.938923
FIRE:  1743 19:14:47   -19468.312500        8.639101
FIRE:  1744 19:14:47   -19468.734375        8.139353
FIRE:  1745 19:14:48   -19469.136719        7.471254
FIRE:  1746 19:14:48   -19469.492188        6.674158
FIRE:  1747 19:14:48   -19469.812500        7.361142
FIRE:  1748 19:14:49   -19470.072266        8.879352
FIRE:  1749 19:14:49   -19470.283203       10.303354
FIRE:  1750 19:14:49   -19470.527344       11.539958
FIRE:  1751 19:14:50   -19470.742188       12.493488
FIRE:  1752 19:14:50   -19471.039062       13.083009
FIRE:  1753 19:14:50   -19471.351562       13.254333
FIRE:  1754 19:14:51   -19471.785156       12.993705
FIRE:  1755 19:14:51   -19472.207031       12.327962
FIRE:  1756 19:14:51   -19472.720703       11.321075
FIRE:  1757 19:14:52   -19473.263672       10.061296
FIRE:  1758 19:14:52   -19473.867188        8.646976
FIRE:  1759 19:14:52   -19474.462891        7.173150
FIRE:  1760 19:14:53   -19475.076172        5.907132
FIRE:  1761 19:14:53   -19475.660156        5.990715
FIRE:  1762 19:14:54   -19476.246094        6.059253
FIRE:  1763 19:14:54   -19476.785156        6.112257
FIRE:  1764 19:14:54   -19477.361328        6.148441
FIRE:  1765 19:14:55   -19477.859375        6.166053
FIRE:  1766 19:14:55   -19478.376953        6.162901
FIRE:  1767 19:14:56   -19478.835938        6.136265
FIRE:  1768 19:14:56   -19479.291016        6.082803
FIRE:  1769 19:14:57   -19479.736328        5.998543
FIRE:  1770 19:14:57   -19480.171875        5.878373
FIRE:  1771 19:14:57   -19480.607422        5.716477
FIRE:  1772 19:14:58   -19481.025391        5.506178
FIRE:  1773 19:14:58   -19481.410156        5.680608
FIRE:  1774 19:14:58   -19481.830078        5.935047
FIRE:  1775 19:14:59   -19482.246094        6.152382
FIRE:  1776 19:14:59   -19482.660156        6.336473
FIRE:  1777 19:14:59   -19483.005859        6.490517
FIRE:  1778 19:15:00   -19483.451172        6.616856
FIRE:  1779 19:15:00   -19483.876953        6.717113
FIRE:  1780 19:15:00   -19484.234375        6.792428
FIRE:  1781 19:15:01   -19484.607422        6.843164
FIRE:  1782 19:15:01   -19484.990234        6.869364
FIRE:  1783 19:15:02   -19485.281250        6.870719
FIRE:  1784 19:15:02   -19485.621094        6.846346
FIRE:  1785 19:15:02   -19485.861328        6.795239
FIRE:  1786 19:15:03   -19486.093750        7.751187
FIRE:  1787 19:15:03   -19486.294922        8.948013
FIRE:  1788 19:15:03   -19486.496094        9.983916
FIRE:  1789 19:15:04   -19486.738281       10.784815
FIRE:  1790 19:15:04   -19486.957031       11.286821
FIRE:  1791 19:15:04   -19487.212891       11.447324
FIRE:  1792 19:15:05   -19487.554688       11.251528
FIRE:  1793 19:15:05   -19487.892578       10.716983
FIRE:  1794 19:15:05   -19488.333984        9.888805
FIRE:  1795 19:15:06   -19488.765625        8.831302
FIRE:  1796 19:15:06   -19489.234375        8.696483
FIRE:  1797 19:15:06   -19489.767578        8.729027
FIRE:  1798 19:15:07   -19490.273438        8.539516
FIRE:  1799 19:15:07   -19490.806641        8.140471
FIRE:  1800 19:15:07   -19491.263672        7.557668
FIRE:  1801 19:15:08   -19491.697266        6.825302
FIRE:  1802 19:15:08   -19492.107422        5.982708
FIRE:  1803 19:15:08   -19492.488281        5.069640
FIRE:  1804 19:15:09   -19492.724609        5.258713
FIRE:  1805 19:15:09   -19492.906250        6.144874
FIRE:  1806 19:15:09   -19493.076172        7.398660
FIRE:  1807 19:15:10   -19493.201172        8.639869
FIRE:  1808 19:15:10   -19499.556641        4.554524
FIRE:  1809 19:15:10   -19504.675781        2.934281
FIRE:  1810 19:15:11   -19508.923828        2.252045
FIRE:  1811 19:15:11   -19512.609375        2.681573
FIRE:  1812 19:15:11   -19515.990234        2.689027
FIRE:  1813 19:15:12   -19519.089844        2.381676
FIRE:  1814 19:15:12   -19522.042969        2.300812
FIRE:  1815 19:15:12   -19524.832031        1.985677
FIRE:  1816 19:15:13   -19527.408203        2.127091
FIRE:  1817 19:15:13   -19529.826172        2.261278
FIRE:  1818 19:15:14   -19532.191406        2.369545
FIRE:  1819 19:15:14   -19534.486328        2.438778
FIRE:  1820 19:15:14   -19536.763672        2.457707
FIRE:  1821 19:15:15   -19538.853516        2.411644
FIRE:  1822 19:15:15   -19540.925781        2.273612
FIRE:  1823 19:15:15   -19542.855469        2.007205
FIRE:  1824 19:15:16   -19544.726562        1.597207
FIRE:  1825 19:15:16   -19546.484375        1.462684
FIRE:  1826 19:15:16   -19548.136719        1.423929
FIRE:  1827 19:15:17   -19549.750000        1.385729
FIRE:  1828 19:15:17   -19551.291016        1.812912
FIRE:  1829 19:15:17   -19552.828125        2.074724
FIRE:  1830 19:15:18   -19554.332031        1.941133
FIRE:  1831 19:15:18   -19555.835938        1.488683
FIRE:  1832 19:15:18   -19557.320312        1.411828
FIRE:  1833 19:15:19   -19558.666016        1.512802
FIRE:  1834 19:15:19   -19560.126953        1.617183
FIRE:  1835 19:15:19   -19561.505859        1.721851
FIRE:  1836 19:15:20   -19562.910156        1.821997
FIRE:  1837 19:15:20   -19564.267578        1.909738
FIRE:  1838 19:15:20   -19565.671875        1.971618
FIRE:  1839 19:15:21   -19567.074219        1.986163
FIRE:  1840 19:15:21   -19568.455078        1.924297
FIRE:  1841 19:15:21   -19569.755859        1.760348
FIRE:  1842 19:15:22   -19571.093750        1.575624
FIRE:  1843 19:15:22   -19572.363281        1.349569
FIRE:  1844 19:15:22   -19573.576172        1.662258
FIRE:  1845 19:15:23   -19574.751953        2.151705
FIRE:  1846 19:15:23   -19575.867188        2.709894
FIRE:  1847 19:15:24   -19576.962891        3.151662
FIRE:  1848 19:15:24   -19578.015625        3.972202
FIRE:  1849 19:15:24   -19579.212891        4.348590
FIRE:  1850 19:15:25   -19580.437500        3.934005
FIRE:  1851 19:15:25   -19581.650391        2.910471
FIRE:  1852 19:15:25   -19582.855469        2.369175
FIRE:  1853 19:15:26   -19583.962891        1.886769
FIRE:  1854 19:15:26   -19585.058594        1.868982
FIRE:  1855 19:15:27   -19586.142578        2.261810
FIRE:  1856 19:15:27   -19587.177734        2.369862
FIRE:  1857 19:15:27   -19588.232422        2.213535
FIRE:  1858 19:15:28   -19589.298828        2.160356
FIRE:  1859 19:15:28   -19590.275391        2.009361
FIRE:  1860 19:15:28   -19591.289062        1.691581
FIRE:  1861 19:15:29   -19592.261719        1.683132
FIRE:  1862 19:15:29   -19593.183594        1.789116
FIRE:  1863 19:15:29   -19594.115234        1.871761
FIRE:  1864 19:15:30   -19595.068359        1.958931
FIRE:  1865 19:15:30   -19596.035156        2.233542
FIRE:  1866 19:15:30   -19596.996094        2.298203
FIRE:  1867 19:15:31   -19598.056641        2.680124
FIRE:  1868 19:15:31   -19599.130859        3.795338
FIRE:  1869 19:15:31   -19600.339844        4.529960
FIRE:  1870 19:15:32   -19601.576172        4.363217
FIRE:  1871 19:15:32   -19602.832031        3.955715
FIRE:  1872 19:15:32   -19604.126953        3.734133
FIRE:  1873 19:15:33   -19605.402344        2.830296
FIRE:  1874 19:15:33   -19606.498047        2.659513
FIRE:  1875 19:15:33   -19607.400391        3.989923
FIRE:  1876 19:15:34   -19608.142578        5.750219
FIRE:  1877 19:15:34   -19608.871094        6.510480
FIRE:  1878 19:15:34   -19609.734375        5.994648
FIRE:  1879 19:15:35   -19610.638672        4.576220
FIRE:  1880 19:15:35   -19611.445312        2.999359
FIRE:  1881 19:15:35   -19612.201172        2.160168
FIRE:  1882 19:15:36   -19612.884766        2.229714
FIRE:  1883 19:15:36   -19613.552734        2.722711
FIRE:  1884 19:15:36   -19614.210938        3.144219
FIRE:  1885 19:15:37   -19614.916016        3.424875
FIRE:  1886 19:15:37   -19615.712891        3.580373
FIRE:  1887 19:15:37   -19616.519531        3.629336
FIRE:  1888 19:15:38   -19617.361328        3.577042
FIRE:  1889 19:15:38   -19618.214844        3.416001
FIRE:  1890 19:15:39   -19619.054688        3.134031
FIRE:  1891 19:15:39   -19619.791016        3.066646
FIRE:  1892 19:15:39   -19620.464844        4.205320
FIRE:  1893 19:15:40   -19621.193359        6.268029
FIRE:  1894 19:15:40   -19621.906250        7.532177
FIRE:  1895 19:15:40   -19622.730469        7.267799
FIRE:  1896 19:15:41   -19623.652344        5.493793
FIRE:  1897 19:15:41   -19624.603516        2.988567
FIRE:  1898 19:15:41   -19625.410156        2.645786
FIRE:  1899 19:15:42   -19626.191406        2.156170
FIRE:  1900 19:15:42   -19626.945312        3.055719
FIRE:  1901 19:15:42   -19627.703125        3.878650
FIRE:  1902 19:15:43   -19628.500000        4.340466
FIRE:  1903 19:15:43   -19629.314453        4.472592
FIRE:  1904 19:15:43   -19630.222656        4.234223
FIRE:  1905 19:15:44   -19631.123047        3.521346
FIRE:  1906 19:15:44   -19632.013672        2.261125
FIRE:  1907 19:15:44   -19632.734375        1.972832
FIRE:  1908 19:15:45   -19633.291016        2.833144
FIRE:  1909 19:15:45   -19633.666016        4.887415
FIRE:  1910 19:15:45   -19633.972656        5.911541
FIRE:  1911 19:15:46   -19634.371094        7.183555
FIRE:  1912 19:15:46   -19634.964844        8.301478
FIRE:  1913 19:15:46   -19635.724609        8.140219
FIRE:  1914 19:15:47   -19636.666016        6.791402
FIRE:  1915 19:15:47   -19637.613281        4.887862
FIRE:  1916 19:15:47   -19638.507812        3.087480
FIRE:  1917 19:15:48   -19639.285156        3.577892
FIRE:  1918 19:15:48   -19639.957031        3.638450
FIRE:  1919 19:15:48   -19640.603516        3.292327
FIRE:  1920 19:15:49   -19641.193359        2.533863
FIRE:  1921 19:15:49   -19641.816406        2.699607
FIRE:  1922 19:15:49   -19642.402344        2.901428
FIRE:  1923 19:15:50   -19642.986328        3.016955
FIRE:  1924 19:15:50   -19643.603516        3.566849
FIRE:  1925 19:15:50   -19644.193359        4.126883
FIRE:  1926 19:15:51   -19644.888672        3.678777
FIRE:  1927 19:15:51   -19645.654297        2.967667
FIRE:  1928 19:15:52   -19646.398438        2.813029
FIRE:  1929 19:15:52   -19647.111328        2.591880
FIRE:  1930 19:15:52   -19647.837891        2.304674
FIRE:  1931 19:15:53   -19648.593750        2.555775
FIRE:  1932 19:15:53   -19649.347656        2.869930
FIRE:  1933 19:15:53   -19650.136719        2.834384
FIRE:  1934 19:15:54   -19650.943359        2.460666
FIRE:  1935 19:15:54   -19651.693359        1.751777
FIRE:  1936 19:15:54   -19652.388672        1.639245
FIRE:  1937 19:15:55   -19653.023438        2.413518
FIRE:  1938 19:15:55   -19653.681641        3.161187
FIRE:  1939 19:15:55   -19654.324219        3.764139
FIRE:  1940 19:15:56   -19655.035156        4.115381
FIRE:  1941 19:15:56   -19655.771484        4.135720
FIRE:  1942 19:15:56   -19656.537109        3.798626
FIRE:  1943 19:15:57   -19657.296875        3.141760
FIRE:  1944 19:15:57   -19657.984375        2.265221
FIRE:  1945 19:15:57   -19658.656250        2.258389
FIRE:  1946 19:15:58   -19659.201172        3.004738
FIRE:  1947 19:15:58   -19659.826172        3.592922
FIRE:  1948 19:15:58   -19660.451172        3.911000
FIRE:  1949 19:15:59   -19661.062500        3.898690
FIRE:  1950 19:15:59   -19661.728516        3.569521
FIRE:  1951 19:15:59   -19662.402344        3.578943
FIRE:  1952 19:16:00   -19663.082031        3.602938
FIRE:  1953 19:16:00   -19663.802734        3.373884
FIRE:  1954 19:16:00   -19664.511719        3.331643
FIRE:  1955 19:16:01   -19665.189453        3.606411
FIRE:  1956 19:16:01   -19665.851562        3.721765
FIRE:  1957 19:16:01   -19666.566406        3.598516
FIRE:  1958 19:16:02   -19667.275391        3.226756
FIRE:  1959 19:16:02   -19667.988281        2.682875
FIRE:  1960 19:16:02   -19668.625000        2.059978
FIRE:  1961 19:16:03   -19669.285156        2.041415
FIRE:  1962 19:16:03   -19669.876953        2.458094
FIRE:  1963 19:16:03   -19670.449219        2.741217
FIRE:  1964 19:16:04   -19671.150391        2.878659
FIRE:  1965 19:16:04   -19671.830078        2.868380
FIRE:  1966 19:16:05   -19672.597656        2.718267
FIRE:  1967 19:16:05   -19673.406250        2.479122
FIRE:  1968 19:16:05   -19674.197266        2.420989
FIRE:  1969 19:16:06   -19674.980469        2.309519
FIRE:  1970 19:16:06   -19675.787109        2.162978
FIRE:  1971 19:16:06   -19676.544922        1.993147
FIRE:  1972 19:16:07   -19677.341797        1.896664
FIRE:  1973 19:16:07   -19678.136719        1.962910
FIRE:  1974 19:16:07   -19678.955078        1.917788
FIRE:  1975 19:16:08   -19679.714844        2.090760
FIRE:  1976 19:16:08   -19680.458984        2.284092
FIRE:  1977 19:16:08   -19681.250000        2.478338
FIRE:  1978 19:16:09   -19682.007812        2.614769
FIRE:  1979 19:16:09   -19682.736328        2.571980
FIRE:  1980 19:16:09   -19683.539062        2.470140
FIRE:  1981 19:16:10   -19684.285156        2.487585
FIRE:  1982 19:16:10   -19684.984375        2.806303
FIRE:  1983 19:16:10   -19685.513672        2.994843
FIRE:  1984 19:16:11   -19685.886719        5.783161
FIRE:  1985 19:16:11   -19686.183594        9.314647
FIRE:  1986 19:16:11   -19686.447266       12.399470
FIRE:  1987 19:16:12   -19686.972656       13.732442
FIRE:  1988 19:16:12   -19687.792969       12.600814
FIRE:  1989 19:16:12   -19688.859375        9.522018
FIRE:  1990 19:16:13   -19689.964844        6.165771
FIRE:  1991 19:16:13   -19690.908203        3.289811
FIRE:  1992 19:16:13   -19691.607422        2.971546
FIRE:  1993 19:16:14   -19692.144531        4.501926
FIRE:  1994 19:16:14   -19692.542969        6.419136
FIRE:  1995 19:16:14   -19692.968750        7.583638
FIRE:  1996 19:16:15   -19693.333984        8.049964
FIRE:  1997 19:16:15   -19693.783203        7.893543
FIRE:  1998 19:16:15   -19694.255859        7.253541
FIRE:  1999 19:16:16   -19694.750000        6.323672
FIRE:  2000 19:16:16   -19695.330078        6.644174
FIRE:  2001 19:16:16   -19695.958984        7.394303
FIRE:  2002 19:16:17   -19696.707031        7.290101
FIRE:  2003 19:16:17   -19697.541016        6.380173
FIRE:  2004 19:16:17   -19698.373047        4.945976
FIRE:  2005 19:16:18   -19699.123047        3.344917
FIRE:  2006 19:16:18   -19699.875000        3.149286
FIRE:  2007 19:16:19   -19700.519531        3.260218
FIRE:  2008 19:16:19   -19701.050781        3.323786
FIRE:  2009 19:16:19   -19701.574219        4.740872
FIRE:  2010 19:16:20   -19702.083984        6.161006
FIRE:  2011 19:16:20   -19702.603516        7.127007
FIRE:  2012 19:16:20   -19703.232422        7.338618
FIRE:  2013 19:16:21   -19703.896484        6.702233
FIRE:  2014 19:16:21   -19704.560547        5.390759
FIRE:  2015 19:16:21   -19705.294922        3.754505
FIRE:  2016 19:16:22   -19705.878906        2.914592
FIRE:  2017 19:16:22   -19706.384766        2.942828
FIRE:  2018 19:16:22   -19706.832031        3.397257
FIRE:  2019 19:16:23   -19707.197266        4.163946
FIRE:  2020 19:16:23   -19707.585938        4.787386
FIRE:  2021 19:16:23   -19707.976562        5.175156
FIRE:  2022 19:16:24   -19708.437500        5.262339
FIRE:  2023 19:16:24   -19708.898438        5.028947
FIRE:  2024 19:16:24   -19709.474609        4.507604
FIRE:  2025 19:16:25   -19710.033203        4.078753
FIRE:  2026 19:16:25   -19710.601562        4.067089
FIRE:  2027 19:16:25   -19711.123047        3.927774
FIRE:  2028 19:16:26   -19711.677734        3.617473
FIRE:  2029 19:16:26   -19712.191406        3.496039
FIRE:  2030 19:16:26   -19712.667969        4.076517
FIRE:  2031 19:16:27   -19713.060547        4.429154
FIRE:  2032 19:16:27   -19713.509766        4.388531
FIRE:  2033 19:16:27   -19713.828125        3.974002
FIRE:  2034 19:16:28   -19714.158203        5.033622
FIRE:  2035 19:16:28   -19714.402344        6.912361
FIRE:  2036 19:16:28   -19714.755859        8.003115
FIRE:  2037 19:16:29   -19715.251953        7.928513
FIRE:  2038 19:16:29   -19715.828125        6.738052
FIRE:  2039 19:16:29   -19716.443359        4.859243
FIRE:  2040 19:16:30   -19717.068359        4.498012
FIRE:  2041 19:16:30   -19717.652344        4.046842
FIRE:  2042 19:16:30   -19718.123047        3.449510
FIRE:  2043 19:16:31   -19718.505859        2.922375
FIRE:  2044 19:16:31   -19718.902344        2.980329
FIRE:  2045 19:16:31   -19719.273438        3.695955
FIRE:  2046 19:16:32   -19719.617188        4.214319
FIRE:  2047 19:16:32   -19720.062500        4.563067
FIRE:  2048 19:16:32   -19720.458984        4.757532
FIRE:  2049 19:16:33   -19720.951172        4.799553
FIRE:  2050 19:16:33   -19721.503906        4.679440
FIRE:  2051 19:16:34   -19722.048828        4.379578
FIRE:  2052 19:16:34   -19722.689453        3.879791
FIRE:  2053 19:16:34   -19723.304688        3.162672
FIRE:  2054 19:16:35   -19723.900391        2.882810
FIRE:  2055 19:16:35   -19724.394531        2.771325
FIRE:  2056 19:16:35   -19724.882812        2.572426
FIRE:  2057 19:16:36   -19725.324219        2.592952
FIRE:  2058 19:16:36   -19725.666016        3.567802
FIRE:  2059 19:16:36   -19726.003906        4.867888
FIRE:  2060 19:16:37   -19726.369141        5.820601
FIRE:  2061 19:16:37   -19726.750000        6.145951
FIRE:  2062 19:16:37   -19727.265625        5.784029
FIRE:  2063 19:16:38   -19727.800781        4.849243
FIRE:  2064 19:16:38   -19728.392578        3.571667
FIRE:  2065 19:16:38   -19728.902344        3.336711
FIRE:  2066 19:16:39   -19729.419922        3.124935
FIRE:  2067 19:16:39   -19729.912109        2.940483
FIRE:  2068 19:16:39   -19730.347656        2.708966
FIRE:  2069 19:16:40   -19730.789062        2.705369
FIRE:  2070 19:16:40   -19731.232422        3.247011
FIRE:  2071 19:16:40   -19731.695312        3.616175
FIRE:  2072 19:16:41   -19732.189453        3.849213
FIRE:  2073 19:16:41   -19732.738281        3.972530
FIRE:  2074 19:16:41   -19733.294922        4.000738
FIRE:  2075 19:16:42   -19733.855469        3.936579
FIRE:  2076 19:16:42   -19734.408203        3.771806
FIRE:  2077 19:16:42   -19735.046875        3.488873
FIRE:  2078 19:16:43   -19735.611328        3.064459
FIRE:  2079 19:16:43   -19736.193359        2.474671
FIRE:  2080 19:16:43   -19736.687500        2.106669
FIRE:  2081 19:16:44   -19737.222656        2.515694
FIRE:  2082 19:16:44   -19737.679688        2.864075
FIRE:  2083 19:16:44   -19738.083984        3.122581
FIRE:  2084 19:16:45   -19738.460938        4.099306
FIRE:  2085 19:16:45   -19738.794922        4.985656
FIRE:  2086 19:16:45   -19739.181641        5.529207
FIRE:  2087 19:16:46   -19739.550781        5.608578
FIRE:  2088 19:16:46   -19739.943359        5.189936
FIRE:  2089 19:16:47   -19740.312500        4.339612
FIRE:  2090 19:16:47   -19740.681641        3.197233
FIRE:  2091 19:16:47   -19740.982422        2.941028
FIRE:  2092 19:16:48   -19741.238281        4.117457
FIRE:  2093 19:16:48   -19741.435547        5.327903
FIRE:  2094 19:16:48   -19741.638672        6.417460
FIRE:  2095 19:16:49   -19741.855469        7.203967
FIRE:  2096 19:16:49   -19742.146484        7.516725
FIRE:  2097 19:16:49   -19742.531250        7.256243
FIRE:  2098 19:16:50   -19742.914062        6.441156
FIRE:  2099 19:16:50   -19743.390625        5.203084
FIRE:  2100 19:16:50   -19743.871094        4.422436
FIRE:  2101 19:16:51   -19744.386719        4.237150
FIRE:  2102 19:16:51   -19744.876953        3.856010
FIRE:  2103 19:16:51   -19745.347656        3.263827
FIRE:  2104 19:16:52   -19745.751953        2.780169
FIRE:  2105 19:16:52   -19746.140625        3.004641
FIRE:  2106 19:16:52   -19746.539062        3.637599
FIRE:  2107 19:16:53   -19746.906250        4.170702
FIRE:  2108 19:16:53   -19747.273438        4.522842
FIRE:  2109 19:16:53   -19747.705078        4.696951
FIRE:  2110 19:16:54   -19748.181641        5.436619
FIRE:  2111 19:16:54   -19748.707031        5.908843
FIRE:  2112 19:16:54   -19749.312500        5.756609
FIRE:  2113 19:16:55   -19749.933594        5.028682
FIRE:  2114 19:16:55   -19750.494141        3.896896
FIRE:  2115 19:16:55   -19750.912109        4.769910
FIRE:  2116 19:16:56   -19751.132812        7.610987
FIRE:  2117 19:16:56   -19751.240234       10.538233
FIRE:  2118 19:16:56   -19753.207031        2.545566
FIRE:  2119 19:16:57   -19754.244141        3.007005
FIRE:  2120 19:16:57   -19755.177734        2.784819
FIRE:  2121 19:16:57   -19756.021484        2.547769
FIRE:  2122 19:16:58   -19756.646484        3.978177
FIRE:  2123 19:16:58   -19757.333984        3.946853
FIRE:  2124 19:16:58   -19758.160156        1.984435
FIRE:  2125 19:16:59   -19758.845703        1.101705
FIRE:  2126 19:16:59   -19759.371094        1.238846
FIRE:  2127 19:16:59   -19759.916016        1.666871
FIRE:  2128 19:17:00   -19760.443359        1.712473
FIRE:  2129 19:17:00   -19760.958984        1.368788
FIRE:  2130 19:17:01   -19761.507812        0.855907
FIRE:  2131 19:17:01   -19762.052734        0.549162
FIRE:  2132 19:17:01   -19762.570312        0.989384
FIRE:  2133 19:17:02   -19763.058594        1.175481
FIRE:  2134 19:17:02   -19763.589844        0.915278
FIRE:  2135 19:17:02   -19764.097656        0.665992
FIRE:  2136 19:17:03   -19764.535156        0.627654
FIRE:  2137 19:17:03   -19765.066406        0.621945
FIRE:  2138 19:17:03   -19765.525391        0.687617
FIRE:  2139 19:17:04   -19766.062500        0.635365
FIRE:  2140 19:17:04   -19766.529297        0.495451
FIRE:  2141 19:17:04   -19766.994141        0.451558
FIRE:  2142 19:17:05   -19767.500000        0.459549
FIRE:  2143 19:17:05   -19767.929688        0.486368
FIRE:  2144 19:17:05   -19768.435547        0.459921
FIRE:  2145 19:17:06   -19768.890625        0.505265
FIRE:  2146 19:17:06   -19769.396484        0.559780
FIRE:  2147 19:17:06   -19769.837891        0.623199
FIRE:  2148 19:17:07   -19770.308594        0.693460
FIRE:  2149 19:17:07   -19770.750000        0.766168
FIRE:  2150 19:17:07   -19771.269531        0.833695
FIRE:  2151 19:17:08   -19771.744141        0.884367
FIRE:  2152 19:17:08   -19772.285156        0.902232
FIRE:  2153 19:17:08   -19772.775391        0.867877
FIRE:  2154 19:17:09   -19773.291016        0.761889
FIRE:  2155 19:17:09   -19773.751953        0.571183
FIRE:  2156 19:17:09   -19774.232422        0.473914
FIRE:  2157 19:17:10   -19774.693359        0.501158
FIRE:  2158 19:17:10   -19775.154297        0.794804
FIRE:  2159 19:17:10   -19775.570312        1.186770
FIRE:  2160 19:17:11   -19775.976562        1.431213
FIRE:  2161 19:17:11   -19776.494141        1.428472
FIRE:  2162 19:17:11   -19776.976562        1.212539
FIRE:  2163 19:17:12   -19777.433594        1.024878
FIRE:  2164 19:17:12   -19777.914062        0.943859
FIRE:  2165 19:17:12   -19778.380859        0.698193
FIRE:  2166 19:17:13   -19778.826172        0.624267
FIRE:  2167 19:17:13   -19779.269531        0.569784
FIRE:  2168 19:17:14   -19779.693359        0.766852
FIRE:  2169 19:17:14   -19780.101562        0.991740
FIRE:  2170 19:17:14   -19780.560547        1.081509
FIRE:  2171 19:17:15   -19781.017578        0.998992
FIRE:  2172 19:17:15   -19781.460938        0.769780
FIRE:  2173 19:17:15   -19781.935547        0.514149
FIRE:  2174 19:17:16   -19782.357422        0.494310
FIRE:  2175 19:17:16   -19782.802734        0.537320
FIRE:  2176 19:17:16   -19783.210938        0.514447
FIRE:  2177 19:17:17   -19783.646484        0.504014
FIRE:  2178 19:17:17   -19784.005859        0.544130
FIRE:  2179 19:17:17   -19784.423828        0.521170
FIRE:  2180 19:17:18   -19784.820312        0.521675
FIRE:  2181 19:17:18   -19785.216797        0.571768
FIRE:  2182 19:17:18   -19785.619141        0.630726
FIRE:  2183 19:17:19   -19786.027344        0.733212
FIRE:  2184 19:17:19   -19786.400391        0.764957
FIRE:  2185 19:17:19   -19786.806641        0.724243
FIRE:  2186 19:17:20   -19787.220703        0.623993
FIRE:  2187 19:17:20   -19787.664062        0.517500
FIRE:  2188 19:17:20   -19788.031250        0.460761
FIRE:  2189 19:17:21   -19788.449219        0.427764
FIRE:  2190 19:17:21   -19788.894531        0.386084
FIRE:  2191 19:17:21   -19789.269531        0.388314
FIRE:  2192 19:17:22   -19789.671875        0.394635
FIRE:  2193 19:17:22   -19790.017578        0.374048
FIRE:  2194 19:17:22   -19790.402344        0.386773
FIRE:  2195 19:17:23   -19790.765625        0.435744
FIRE:  2196 19:17:23   -19791.126953        0.499016
FIRE:  2197 19:17:23   -19791.509766        0.534695
FIRE:  2198 19:17:24   -19791.816406        0.574634
FIRE:  2199 19:17:24   -19792.166016        0.643896
FIRE:  2200 19:17:24   -19792.589844        0.662222
FIRE:  2201 19:17:25   -19792.978516        0.631568
FIRE:  2202 19:17:25   -19793.361328        0.561607
FIRE:  2203 19:17:25   -19793.785156        0.564478
FIRE:  2204 19:17:26   -19794.173828        0.584913
FIRE:  2205 19:17:26   -19794.582031        0.612713
FIRE:  2206 19:17:26   -19794.990234        0.647864
FIRE:  2207 19:17:27   -19795.410156        0.688190
FIRE:  2208 19:17:27   -19795.832031        0.731134
FIRE:  2209 19:17:28   -19796.257812        0.775837
FIRE:  2210 19:17:28   -19796.693359        0.824428
FIRE:  2211 19:17:28   -19797.136719        0.880923
FIRE:  2212 19:17:29   -19797.587891        0.948172
FIRE:  2213 19:17:29   -19798.072266        1.024379
FIRE:  2214 19:17:29   -19798.542969        1.101954
FIRE:  2215 19:17:30   -19799.025391        1.168680
FIRE:  2216 19:17:30   -19799.529297        1.212542
FIRE:  2217 19:17:30   -19800.015625        1.210610
FIRE:  2218 19:17:31   -19800.515625        1.122437
FIRE:  2219 19:17:31   -19801.019531        0.890295
FIRE:  2220 19:17:31   -19801.476562        0.689052
FIRE:  2221 19:17:32   -19801.867188        0.783980
FIRE:  2222 19:17:32   -19802.144531        1.546577
FIRE:  2223 19:17:32   -19802.375000        2.973408
FIRE:  2224 19:17:33   -19802.544922        4.394265
FIRE:  2225 19:17:33   -19802.734375        5.337934
FIRE:  2226 19:17:33   -19803.099609        5.436526
FIRE:  2227 19:17:34   -19803.576172        4.677630
FIRE:  2228 19:17:34   -19804.099609        3.371749
FIRE:  2229 19:17:34   -19804.601562        1.982954
FIRE:  2230 19:17:35   -19805.000000        1.651896
FIRE:  2231 19:17:35   -19805.460938        1.754058
FIRE:  2232 19:17:35   -19805.851562        2.330939
FIRE:  2233 19:17:36   -19806.318359        2.949338
FIRE:  2234 19:17:36   -19806.841797        3.356085
FIRE:  2235 19:17:36   -19807.386719        3.957993
FIRE:  2236 19:17:37   -19807.908203        4.519281
FIRE:  2237 19:17:37   -19808.224609        5.880804
FIRE:  2238 19:17:37   -19808.285156       11.274424
FIRE:  2239 19:17:38   -19809.359375        3.717579
FIRE:  2240 19:17:38   -19810.166016        4.452352
FIRE:  2241 19:17:38   -19810.544922        2.467217
FIRE:  2242 19:17:39   -19810.882812        3.841866
FIRE:  2243 19:17:39   -19811.578125        1.439708
FIRE:  2244 19:17:39   -19811.900391        3.638197
FIRE:  2245 19:17:40   -19812.398438        1.645226
FIRE:  2246 19:17:40   -19812.802734        1.894255
FIRE:  2247 19:17:40   -19813.173828        2.103386
FIRE:  2248 19:17:41   -19813.595703        0.565137
FIRE:  2249 19:17:41   -19813.876953        2.285007
FIRE:  2250 19:17:41   -19814.312500        0.656699
FIRE:  2251 19:17:42   -19814.667969        1.392885
FIRE:  2252 19:17:42   -19815.093750        1.067803
FIRE:  2253 19:17:42   -19815.470703        0.888355
FIRE:  2254 19:17:43   -19815.919922        1.187043
FIRE:  2255 19:17:43   -19816.406250        0.912390
FIRE:  2256 19:17:44   -19816.882812        0.926059
FIRE:  2257 19:17:44   -19817.408203        1.030748
FIRE:  2258 19:17:44   -19817.914062        1.149640
FIRE:  2259 19:17:45   -19818.455078        1.189835
FIRE:  2260 19:17:45   -19818.937500        1.088727
FIRE:  2261 19:17:45   -19819.345703        0.878803
FIRE:  2262 19:17:46   -19819.712891        1.350971
FIRE:  2263 19:17:46   -19820.054688        1.360886
FIRE:  2264 19:17:46   -19820.449219        1.371686
FIRE:  2265 19:17:47   -19820.855469        1.161722
FIRE:  2266 19:17:47   -19821.271484        1.176646
FIRE:  2267 19:17:47   -19821.716797        0.814902
FIRE:  2268 19:17:48   -19822.062500        0.619476
FIRE:  2269 19:17:48   -19822.441406        0.613040
FIRE:  2270 19:17:48   -19822.781250        0.859940
FIRE:  2271 19:17:49   -19823.152344        0.855570
FIRE:  2272 19:17:49   -19823.537109        0.639484
FIRE:  2273 19:17:49   -19823.925781        0.449415
FIRE:  2274 19:17:50   -19824.324219        0.336376
FIRE:  2275 19:17:50   -19824.699219        0.491320
FIRE:  2276 19:17:50   -19825.083984        0.549383
FIRE:  2277 19:17:51   -19825.470703        0.531798
FIRE:  2278 19:17:51   -19825.849609        0.463029
FIRE:  2279 19:17:51   -19826.257812        0.487213
FIRE:  2280 19:17:52   -19826.648438        0.509324
FIRE:  2281 19:17:52   -19827.017578        0.517970
FIRE:  2282 19:17:52   -19827.394531        0.499653
FIRE:  2283 19:17:53   -19827.773438        0.466334
FIRE:  2284 19:17:53   -19828.109375        0.424681
FIRE:  2285 19:17:53   -19828.476562        0.343951
FIRE:  2286 19:17:54   -19828.839844        0.341777
FIRE:  2287 19:17:54   -19829.201172        0.383296
FIRE:  2288 19:17:54   -19829.541016        0.408297
FIRE:  2289 19:17:55   -19829.888672        0.421817
FIRE:  2290 19:17:55   -19830.244141        0.420805
FIRE:  2291 19:17:55   -19830.605469        0.392315
FIRE:  2292 19:17:56   -19830.966797        0.358276
FIRE:  2293 19:17:56   -19831.343750        0.388966
FIRE:  2294 19:17:56   -19831.673828        0.408051
FIRE:  2295 19:17:57   -19832.001953        0.410156
FIRE:  2296 19:17:57   -19832.412109        0.400508
FIRE:  2297 19:17:57   -19832.755859        0.394689
FIRE:  2298 19:17:58   -19833.109375        0.402926
FIRE:  2299 19:17:58   -19833.460938        0.421115
FIRE:  2300 19:17:59   -19833.845703        0.447783
FIRE:  2301 19:17:59   -19834.216797        0.472968
FIRE:  2302 19:17:59   -19834.572266        0.494431
FIRE:  2303 19:18:00   -19834.988281        0.509598
FIRE:  2304 19:18:00   -19835.359375        0.515857
FIRE:  2305 19:18:00   -19835.824219        0.510027
FIRE:  2306 19:18:01   -19836.187500        0.512817
FIRE:  2307 19:18:01   -19836.628906        0.555922
FIRE:  2308 19:18:01   -19837.048828        0.598610
FIRE:  2309 19:18:02   -19837.490234        0.637717
FIRE:  2310 19:18:02   -19837.863281        0.666645
FIRE:  2311 19:18:02   -19838.226562        0.674130
FIRE:  2312 19:18:03   -19838.583984        0.887912
FIRE:  2313 19:18:03   -19838.937500        1.127098
FIRE:  2314 19:18:03   -19839.253906        1.144463
FIRE:  2315 19:18:04   -19839.634766        0.946243
FIRE:  2316 19:18:04   -19839.962891        1.029320
FIRE:  2317 19:18:04   -19840.255859        0.979352
FIRE:  2318 19:18:05   -19840.527344        1.034215
FIRE:  2319 19:18:05   -19840.814453        1.418482
FIRE:  2320 19:18:05   -19841.001953        1.653679
FIRE:  2321 19:18:06   -19841.275391        1.683664
FIRE:  2322 19:18:06   -19841.552734        1.523955
FIRE:  2323 19:18:06   -19841.849609        1.245185
FIRE:  2324 19:18:07   -19842.150391        1.186514
FIRE:  2325 19:18:07   -19842.441406        1.091992
FIRE:  2326 19:18:07   -19842.785156        0.994598
FIRE:  2327 19:18:08   -19843.138672        0.832251
FIRE:  2328 19:18:08   -19843.433594        0.641923
FIRE:  2329 19:18:08   -19843.720703        0.480260
FIRE:  2330 19:18:09   -19844.000000        0.688089
FIRE:  2331 19:18:09   -19844.314453        0.842315
FIRE:  2332 19:18:09   -19844.636719        0.912356
FIRE:  2333 19:18:10   -19844.923828        0.907039
FIRE:  2334 19:18:10   -19845.261719        0.834044
FIRE:  2335 19:18:10   -19845.507812        0.699668
FIRE:  2336 19:18:11   -19845.810547        0.521812
FIRE:  2337 19:18:11   -19846.105469        0.522948
FIRE:  2338 19:18:11   -19846.429688        0.594759
FIRE:  2339 19:18:12   -19846.699219        0.640864
FIRE:  2340 19:18:12   -19846.964844        0.631178
FIRE:  2341 19:18:12   -19847.281250        0.578822
FIRE:  2342 19:18:13   -19847.572266        0.611975
FIRE:  2343 19:18:13   -19847.890625        0.557985
FIRE:  2344 19:18:14   -19848.193359        0.468657
FIRE:  2345 19:18:14   -19848.523438        0.406935
FIRE:  2346 19:18:14   -19848.857422        0.611934
FIRE:  2347 19:18:15   -19849.136719        0.718030
FIRE:  2348 19:18:15   -19849.429688        0.696094
FIRE:  2349 19:18:15   -19849.750000        0.567649
FIRE:  2350 19:18:16   -19850.062500        0.483004
FIRE:  2351 19:18:16   -19850.376953        0.473249
FIRE:  2352 19:18:16   -19850.708984        0.439480
FIRE:  2353 19:18:17   -19850.990234        0.475534
FIRE:  2354 19:18:17   -19851.316406        0.536241
FIRE:  2355 19:18:17   -19851.628906        0.586352
FIRE:  2356 19:18:18   -19851.939453        0.594687
FIRE:  2357 19:18:18   -19852.259766        0.631232
FIRE:  2358 19:18:18   -19852.625000        0.658896
FIRE:  2359 19:18:19   -19852.957031        0.669434
FIRE:  2360 19:18:19   -19853.289062        0.651113
FIRE:  2361 19:18:19   -19853.595703        0.588165
FIRE:  2362 19:18:20   -19853.939453        0.461085
FIRE:  2363 19:18:20   -19854.218750        0.490182
FIRE:  2364 19:18:20   -19854.535156        0.516691
FIRE:  2365 19:18:21   -19854.796875        0.732543
FIRE:  2366 19:18:21   -19855.062500        1.228726
FIRE:  2367 19:18:21   -19855.281250        1.696217
FIRE:  2368 19:18:22   -19855.482422        2.014658
FIRE:  2369 19:18:22   -19855.759766        2.097164
FIRE:  2370 19:18:22   -19856.005859        1.865535
FIRE:  2371 19:18:23   -19856.291016        1.431879
FIRE:  2372 19:18:23   -19856.531250        1.301455
FIRE:  2373 19:18:23   -19856.822266        1.296923
FIRE:  2374 19:18:24   -19857.044922        1.388275
FIRE:  2375 19:18:24   -19857.314453        1.649644
FIRE:  2376 19:18:24   -19857.578125        1.630634
FIRE:  2377 19:18:25   -19857.859375        1.386535
FIRE:  2378 19:18:25   -19858.144531        1.150470
FIRE:  2379 19:18:25   -19858.421875        1.048869
FIRE:  2380 19:18:26   -19858.660156        1.066127
FIRE:  2381 19:18:26   -19858.933594        1.148681
FIRE:  2382 19:18:26   -19859.156250        1.061910
FIRE:  2383 19:18:27   -19859.423828        0.873395
FIRE:  2384 19:18:27   -19859.697266        0.903355
FIRE:  2385 19:18:28   -19859.919922        0.866182
FIRE:  2386 19:18:28   -19860.177734        0.789988
FIRE:  2387 19:18:28   -19860.408203        0.757349
FIRE:  2388 19:18:29   -19860.644531        0.804303
FIRE:  2389 19:18:29   -19860.917969        0.846796
FIRE:  2390 19:18:29   -19861.191406        0.881693
FIRE:  2391 19:18:30   -19861.447266        0.905068
FIRE:  2392 19:18:30   -19861.730469        0.913028
FIRE:  2393 19:18:30   -19862.046875        0.921962
FIRE:  2394 19:18:31   -19862.404297        0.903931
FIRE:  2395 19:18:31   -19862.730469        0.852906
FIRE:  2396 19:18:31   -19863.046875        1.028419
FIRE:  2397 19:18:32   -19863.439453        1.322642
FIRE:  2398 19:18:32   -19863.753906        1.644319
FIRE:  2399 19:18:32   -19864.125000        1.938662
FIRE:  2400 19:18:33   -19864.523438        2.119815
FIRE:  2401 19:18:33   -19864.968750        2.125897
FIRE:  2402 19:18:33   -19865.423828        1.989371
FIRE:  2403 19:18:34   -19865.873047        2.047204
FIRE:  2404 19:18:34   -19866.353516        2.251588
FIRE:  2405 19:18:34   -19866.830078        2.332240
FIRE:  2406 19:18:35   -19867.306641        2.811657
FIRE:  2407 19:18:35   -19867.763672        3.366565
FIRE:  2408 19:18:35   -19868.308594        3.735110
FIRE:  2409 19:18:36   -19868.865234        3.430133
FIRE:  2410 19:18:36   -19869.386719        2.743445
FIRE:  2411 19:18:36   -19869.933594        2.480448
FIRE:  2412 19:18:37   -19870.427734        2.425464
FIRE:  2413 19:18:37   -19870.882812        2.644550
FIRE:  2414 19:18:37   -19871.302734        2.830425
FIRE:  2415 19:18:38   -19871.724609        2.739444
FIRE:  2416 19:18:38   -19872.056641        2.626027
FIRE:  2417 19:18:38   -19872.287109        2.851905
FIRE:  2418 19:18:39   -19872.464844        3.531576
FIRE:  2419 19:18:39   -19872.611328        3.727786
FIRE:  2420 19:18:39   -19872.742188        3.326370
FIRE:  2421 19:18:40   -19872.810547        2.531715
FIRE:  2422 19:18:40   -19872.919922        3.465093
FIRE:  2423 19:18:40   -19872.998047        4.189322
FIRE:  2424 19:18:41   -19873.074219        4.582656
FIRE:  2425 19:18:41   -19873.248047        4.621785
FIRE:  2426 19:18:41   -19873.437500        4.331617
FIRE:  2427 19:18:42   -19873.689453        3.787796
FIRE:  2428 19:18:42   -19873.966797        3.114210
FIRE:  2429 19:18:42   -19874.242188        2.474023
FIRE:  2430 19:18:43   -19874.501953        2.161318
FIRE:  2431 19:18:43   -19874.736328        2.312796
FIRE:  2432 19:18:43   -19874.916016        2.359693
FIRE:  2433 19:18:44   -19875.115234        2.300840
FIRE:  2434 19:18:44   -19875.261719        2.209309
FIRE:  2435 19:18:44   -19875.439453        2.691073
FIRE:  2436 19:18:45   -19875.625000        3.026412
FIRE:  2437 19:18:45   -19875.912109        2.928797
FIRE:  2438 19:18:46   -19876.220703        2.445719
FIRE:  2439 19:18:46   -19876.509766        2.328957
FIRE:  2440 19:18:46   -19876.837891        2.566581
FIRE:  2441 19:18:47   -19877.203125        2.660887
FIRE:  2442 19:18:47   -19877.519531        2.535455
FIRE:  2443 19:18:47   -19877.828125        2.187016
FIRE:  2444 19:18:48   -19878.058594        1.675263
FIRE:  2445 19:18:48   -19878.285156        1.646082
FIRE:  2446 19:18:48   -19878.447266        1.809778
FIRE:  2447 19:18:49   -19878.630859        2.001003
FIRE:  2448 19:18:49   -19878.771484        2.798949
FIRE:  2449 19:18:49   -19878.933594        3.325119
FIRE:  2450 19:18:50   -19879.123047        3.438413
FIRE:  2451 19:18:50   -19879.312500        3.122546
FIRE:  2452 19:18:50   -19879.609375        2.499250
FIRE:  2453 19:18:51   -19879.880859        1.766002
FIRE:  2454 19:18:51   -19880.103516        1.629885
FIRE:  2455 19:18:51   -19880.281250        1.653353
FIRE:  2456 19:18:52   -19880.548828        1.657050
FIRE:  2457 19:18:52   -19880.689453        1.663363
FIRE:  2458 19:18:52   -19880.912109        1.713440
FIRE:  2459 19:18:53   -19881.101562        1.891595
FIRE:  2460 19:18:53   -19881.308594        1.925072
FIRE:  2461 19:18:53   -19881.554688        1.756339
FIRE:  2462 19:18:54   -19881.830078        1.756882
FIRE:  2463 19:18:54   -19882.076172        1.768660
FIRE:  2464 19:18:54   -19882.371094        1.752762
FIRE:  2465 19:18:55   -19882.695312        1.704815
FIRE:  2466 19:18:55   -19883.009766        1.627820
FIRE:  2467 19:18:55   -19883.322266        1.637414
FIRE:  2468 19:18:56   -19883.636719        1.616362
FIRE:  2469 19:18:56   -19883.976562        1.540754
FIRE:  2470 19:18:56   -19884.310547        1.439086
FIRE:  2471 19:18:57   -19884.597656        1.439394
FIRE:  2472 19:18:57   -19884.865234        1.649786
FIRE:  2473 19:18:57   -19885.099609        2.112583
FIRE:  2474 19:18:58   -19885.330078        2.655471
FIRE:  2475 19:18:58   -19885.480469        3.092492
FIRE:  2476 19:18:58   -19885.671875        3.281436
FIRE:  2477 19:18:59   -19885.869141        3.163810
FIRE:  2478 19:18:59   -19886.119141        2.776183
FIRE:  2479 19:18:59   -19886.353516        2.774805
FIRE:  2480 19:19:00   -19886.625000        2.976457
FIRE:  2481 19:19:00   -19886.832031        2.902253
FIRE:  2482 19:19:00   -19887.087891        2.531016
FIRE:  2483 19:19:01   -19887.326172        1.897090
FIRE:  2484 19:19:01   -19887.544922        1.465773
FIRE:  2485 19:19:02   -19887.746094        1.786700
FIRE:  2486 19:19:02   -19887.957031        2.045588
FIRE:  2487 19:19:02   -19888.171875        2.159405
FIRE:  2488 19:19:03   -19888.457031        2.161586
FIRE:  2489 19:19:03   -19888.720703        2.559525
FIRE:  2490 19:19:03   -19889.064453        2.701009
FIRE:  2491 19:19:04   -19889.453125        2.589237
FIRE:  2492 19:19:04   -19889.828125        2.272228
FIRE:  2493 19:19:04   -19890.201172        1.827895
FIRE:  2494 19:19:05   -19890.546875        1.340122
FIRE:  2495 19:19:05   -19890.906250        0.998528
FIRE:  2496 19:19:05   -19891.193359        0.863399
FIRE:  2497 19:19:06   -19891.449219        0.928300
FIRE:  2498 19:19:06   -19891.710938        1.119625
FIRE:  2499 19:19:06   -19891.876953        1.542487
FIRE:  2500 19:19:07   -19892.099609        1.936300
FIRE:  2501 19:19:07   -19892.367188        2.202073
FIRE:  2502 19:19:07   -19892.607422        2.282559
FIRE:  2503 19:19:08   -19892.902344        2.164488
FIRE:  2504 19:19:08   -19893.207031        1.882470
FIRE:  2505 19:19:08   -19893.562500        1.514800
FIRE:  2506 19:19:09   -19893.878906        1.277846
FIRE:  2507 19:19:09   -19894.140625        1.215593
FIRE:  2508 19:19:09   -19894.462891        1.146182
FIRE:  2509 19:19:10   -19894.746094        1.456717
FIRE:  2510 19:19:10   -19894.996094        1.796125
FIRE:  2511 19:19:10   -19895.222656        2.147408
FIRE:  2512 19:19:11   -19895.437500        2.481323
FIRE:  2513 19:19:11   -19895.689453        2.753563
FIRE:  2514 19:19:11   -19895.931641        2.915615
FIRE:  2515 19:19:12   -19896.191406        2.942925
FIRE:  2516 19:19:12   -19896.474609        2.858703
FIRE:  2517 19:19:12   -19896.775391        2.716995
FIRE:  2518 19:19:13   -19897.060547        2.562185
FIRE:  2519 19:19:13   -19897.351562        2.406473
FIRE:  2520 19:19:13   -19897.679688        2.222799
FIRE:  2521 19:19:14   -19898.021484        1.998752
FIRE:  2522 19:19:14   -19898.339844        1.779405
FIRE:  2523 19:19:14   -19898.697266        1.602771
FIRE:  2524 19:19:15   -19899.037109        1.461720
FIRE:  2525 19:19:15   -19899.365234        1.450214
FIRE:  2526 19:19:15   -19899.652344        1.398691
FIRE:  2527 19:19:16   -19899.869141        1.358920
FIRE:  2528 19:19:16   -19900.158203        1.433406
FIRE:  2529 19:19:16   -19900.314453        1.476268
FIRE:  2530 19:19:17   -19900.501953        1.813850
FIRE:  2531 19:19:17   -19900.650391        2.229872
FIRE:  2532 19:19:17   -19900.814453        2.585093
FIRE:  2533 19:19:18   -19900.982422        2.831408
FIRE:  2534 19:19:18   -19901.138672        2.932686
FIRE:  2535 19:19:19   -19901.347656        2.876290
FIRE:  2536 19:19:19   -19901.556641        2.677088
FIRE:  2537 19:19:19   -19901.822266        2.455935
FIRE:  2538 19:19:20   -19902.080078        2.570578
FIRE:  2539 19:19:20   -19902.390625        2.656108
FIRE:  2540 19:19:20   -19902.707031        2.691538
FIRE:  2541 19:19:21   -19903.029297        2.661190
FIRE:  2542 19:19:21   -19903.421875        2.559796
FIRE:  2543 19:19:21   -19903.814453        2.394397
FIRE:  2544 19:19:22   -19904.175781        2.181800
FIRE:  2545 19:19:22   -19904.605469        1.942057
FIRE:  2546 19:19:22   -19904.964844        2.055965
FIRE:  2547 19:19:23   -19905.285156        2.353350
FIRE:  2548 19:19:23   -19905.576172        2.545407
FIRE:  2549 19:19:23   -19905.798828        2.598408
FIRE:  2550 19:19:24   -19905.962891        2.950540
FIRE:  2551 19:19:24   -19906.044922        4.187374
FIRE:  2552 19:19:24   -19906.169922        5.225294
FIRE:  2553 19:19:25   -19906.283203        5.700661
FIRE:  2554 19:19:25   -19906.494141        5.412229
FIRE:  2555 19:19:25   -19906.736328        4.551350
FIRE:  2556 19:19:26   -19906.962891        3.264813
FIRE:  2557 19:19:26   -19907.158203        1.996248
FIRE:  2558 19:19:26   -19907.275391        2.223403
FIRE:  2559 19:19:27   -19907.347656        2.774102
FIRE:  2560 19:19:27   -19907.451172        3.642651
FIRE:  2561 19:19:27   -19907.525391        4.221695
FIRE:  2562 19:19:28   -19907.656250        4.498560
FIRE:  2563 19:19:28   -19907.849609        4.495570
FIRE:  2564 19:19:28   -19908.111328        4.249305
FIRE:  2565 19:19:29   -19908.367188        3.803649
FIRE:  2566 19:19:29   -19908.666016        3.266363
FIRE:  2567 19:19:29   -19909.001953        3.008985
FIRE:  2568 19:19:30   -19909.273438        2.632358
FIRE:  2569 19:19:30   -19909.607422        2.189703
FIRE:  2570 19:19:30   -19909.902344        1.873914
FIRE:  2571 19:19:31   -19910.103516        2.639396
FIRE:  2572 19:19:31   -19910.335938        3.688519
FIRE:  2573 19:19:31   -19910.451172        4.570657
FIRE:  2574 19:19:32   -19910.595703        5.061908
FIRE:  2575 19:19:32   -19910.796875        5.020929
FIRE:  2576 19:19:32   -19911.015625        4.444796
FIRE:  2577 19:19:33   -19911.220703        3.468292
FIRE:  2578 19:19:33   -19911.419922        2.359776
FIRE:  2579 19:19:33   -19911.605469        2.635731
FIRE:  2580 19:19:34   -19911.730469        2.800457
FIRE:  2581 19:19:34   -19911.898438        2.838975
FIRE:  2582 19:19:34   -19912.142578        2.751990
FIRE:  2583 19:19:35   -19912.298828        2.555570
FIRE:  2584 19:19:35   -19912.509766        2.913629
FIRE:  2585 19:19:35   -19912.746094        3.169131
FIRE:  2586 19:19:36   -19912.980469        3.305529
FIRE:  2587 19:19:36   -19913.236328        3.333509
FIRE:  2588 19:19:36   -19913.501953        3.260755
FIRE:  2589 19:19:37   -19913.748047        3.095231
FIRE:  2590 19:19:37   -19913.957031        2.850801
FIRE:  2591 19:19:38   -19914.226562        2.725021
FIRE:  2592 19:19:38   -19914.466797        2.607460
FIRE:  2593 19:19:38   -19914.697266        2.380771
FIRE:  2594 19:19:39   -19914.935547        2.069968
FIRE:  2595 19:19:39   -19915.117188        2.499865
FIRE:  2596 19:19:39   -19915.330078        2.803072
FIRE:  2597 19:19:40   -19915.523438        2.917828
FIRE:  2598 19:19:40   -19915.703125        2.838542
FIRE:  2599 19:19:40   -19915.925781        2.839207
FIRE:  2600 19:19:41   -19916.091797        2.744629
FIRE:  2601 19:19:41   -19916.287109        2.654688
FIRE:  2602 19:19:41   -19916.453125        2.624684
FIRE:  2603 19:19:42   -19916.601562        2.436445
FIRE:  2604 19:19:42   -19916.775391        2.111973
FIRE:  2605 19:19:42   -19916.910156        1.699414
FIRE:  2606 19:19:43   -19917.005859        1.574142
FIRE:  2607 19:19:43   -19917.107422        1.746671
FIRE:  2608 19:19:43   -19917.212891        1.943367
FIRE:  2609 19:19:44   -19917.341797        2.218844
FIRE:  2610 19:19:44   -19917.474609        2.459966
FIRE:  2611 19:19:44   -19917.615234        2.627786
FIRE:  2612 19:19:45   -19917.771484        2.700032
FIRE:  2613 19:19:45   -19917.923828        2.663584
FIRE:  2614 19:19:45   -19918.164062        2.510637
FIRE:  2615 19:19:46   -19918.390625        2.236815
FIRE:  2616 19:19:46   -19918.623047        1.885029
FIRE:  2617 19:19:46   -19918.847656        1.740498
FIRE:  2618 19:19:47   -19919.070312        1.543595
FIRE:  2619 19:19:47   -19919.316406        1.725513
FIRE:  2620 19:19:47   -19919.507812        2.057540
FIRE:  2621 19:19:48   -19919.705078        2.343067
FIRE:  2622 19:19:48   -19919.830078        2.639578
FIRE:  2623 19:19:48   -19920.039062        3.313684
FIRE:  2624 19:19:49   -19920.179688        3.795018
FIRE:  2625 19:19:49   -19920.447266        4.017193
FIRE:  2626 19:19:49   -19920.693359        3.943936
FIRE:  2627 19:19:50   -19920.968750        3.579170
FIRE:  2628 19:19:50   -19921.259766        2.967331
FIRE:  2629 19:19:50   -19921.507812        2.313037
FIRE:  2630 19:19:51   -19921.751953        1.853150
FIRE:  2631 19:19:51   -19921.953125        1.405441
FIRE:  2632 19:19:51   -19922.130859        1.498626
FIRE:  2633 19:19:52   -19922.271484        1.675749
FIRE:  2634 19:19:52   -19922.384766        2.012666
FIRE:  2635 19:19:52   -19922.511719        2.519347
FIRE:  2636 19:19:53   -19922.582031        2.910280
FIRE:  2637 19:19:53   -19922.701172        3.187655
FIRE:  2638 19:19:53   -19922.802734        3.356904
FIRE:  2639 19:19:54   -19922.929688        3.422722
FIRE:  2640 19:19:54   -19923.052734        3.387944
FIRE:  2641 19:19:54   -19923.216797        3.253417
FIRE:  2642 19:19:55   -19923.414062        3.019282
FIRE:  2643 19:19:55   -19923.640625        2.687684
FIRE:  2644 19:19:56   -19923.806641        2.270120
FIRE:  2645 19:19:56   -19923.994141        1.804866
FIRE:  2646 19:19:56   -19924.105469        1.562737
FIRE:  2647 19:19:57   -19924.308594        1.668251
FIRE:  2648 19:19:57   -19924.431641        1.818023
FIRE:  2649 19:19:57   -19924.542969        2.382478
FIRE:  2650 19:19:58   -19924.677734        3.063368
FIRE:  2651 19:19:58   -19924.822266        3.638837
FIRE:  2652 19:19:58   -19924.974609        4.016374
FIRE:  2653 19:19:59   -19925.095703        4.138247
FIRE:  2654 19:19:59   -19925.261719        3.985162
FIRE:  2655 19:19:59   -19925.472656        3.579309
FIRE:  2656 19:20:00   -19925.615234        2.979665
FIRE:  2657 19:20:00   -19925.841797        2.272112
FIRE:  2658 19:20:00   -19925.986328        2.597606
FIRE:  2659 19:20:01   -19926.164062        2.911404
FIRE:  2660 19:20:01   -19926.294922        3.170903
FIRE:  2661 19:20:01   -19926.425781        3.353997
FIRE:  2662 19:20:02   -19926.587891        3.443929
FIRE:  2663 19:20:02   -19926.710938        3.432757
FIRE:  2664 19:20:02   -19926.867188        3.322661
FIRE:  2665 19:20:03   -19927.064453        3.125540
FIRE:  2666 19:20:03   -19927.285156        2.860158
FIRE:  2667 19:20:03   -19927.537109        2.549194
FIRE:  2668 19:20:04   -19927.818359        2.242640
FIRE:  2669 19:20:04   -19928.080078        2.120985
FIRE:  2670 19:20:04   -19928.363281        1.968075
FIRE:  2671 19:20:05   -19928.611328        1.891330
FIRE:  2672 19:20:05   -19928.886719        1.893692
FIRE:  2673 19:20:05   -19929.121094        2.163912
FIRE:  2674 19:20:06   -19929.328125        2.501275
FIRE:  2675 19:20:06   -19929.556641        2.804551
FIRE:  2676 19:20:06   -19929.697266        2.991566
FIRE:  2677 19:20:07   -19929.912109        3.010824
FIRE:  2678 19:20:07   -19930.087891        2.847392
FIRE:  2679 19:20:07   -19930.283203        2.523036
FIRE:  2680 19:20:08   -19930.470703        2.094583
FIRE:  2681 19:20:08   -19930.654297        1.912187
FIRE:  2682 19:20:08   -19930.777344        1.991105
FIRE:  2683 19:20:09   -19930.910156        2.003988
FIRE:  2684 19:20:09   -19931.033203        1.948446
FIRE:  2685 19:20:09   -19931.179688        1.907572
FIRE:  2686 19:20:10   -19931.341797        2.120983
FIRE:  2687 19:20:10   -19931.435547        2.326082
FIRE:  2688 19:20:10   -19931.603516        2.506015
FIRE:  2689 19:20:11   -19931.779297        2.620476
FIRE:  2690 19:20:11   -19931.972656        2.677203
FIRE:  2691 19:20:12   -19932.152344        2.686280
FIRE:  2692 19:20:12   -19932.337891        2.656536
FIRE:  2693 19:20:12   -19932.498047        2.593868
FIRE:  2694 19:20:13   -19932.656250        2.500897
FIRE:  2695 19:20:13   -19932.851562        2.377425
FIRE:  2696 19:20:13   -19932.974609        2.222611
FIRE:  2697 19:20:14   -19933.177734        2.037922
FIRE:  2698 19:20:14   -19933.283203        1.831334
FIRE:  2699 19:20:14   -19933.416016        1.679510
FIRE:  2700 19:20:15   -19933.511719        1.736264
FIRE:  2701 19:20:15   -19933.650391        1.732485
FIRE:  2702 19:20:15   -19933.798828        1.745251
FIRE:  2703 19:20:16   -19933.951172        2.090797
FIRE:  2704 19:20:16   -19934.148438        2.497397
FIRE:  2705 19:20:16   -19934.285156        2.804158
FIRE:  2706 19:20:17   -19934.482422        2.980654
FIRE:  2707 19:20:17   -19934.705078        3.005916
FIRE:  2708 19:20:17   -19934.867188        2.873448
FIRE:  2709 19:20:18   -19935.093750        2.594028
FIRE:  2710 19:20:18   -19935.271484        2.193305
FIRE:  2711 19:20:18   -19935.470703        1.870402
FIRE:  2712 19:20:19   -19935.634766        2.165520
FIRE:  2713 19:20:19   -19935.798828        2.444440
FIRE:  2714 19:20:19   -19935.949219        2.688596
FIRE:  2715 19:20:20   -19936.091797        2.880292
FIRE:  2716 19:20:20   -19936.210938        3.004242
FIRE:  2717 19:20:20   -19936.332031        3.049628
FIRE:  2718 19:20:21   -19936.455078        3.011846
FIRE:  2719 19:20:21   -19936.601562        2.893822
FIRE:  2720 19:20:21   -19936.716797        2.704819
FIRE:  2721 19:20:22   -19936.869141        2.459180
FIRE:  2722 19:20:22   -19937.003906        2.208654
FIRE:  2723 19:20:22   -19937.140625        2.416881
FIRE:  2724 19:20:23   -19937.267578        2.675241
FIRE:  2725 19:20:23   -19937.371094        2.874814
FIRE:  2726 19:20:23   -19937.501953        2.997635
FIRE:  2727 19:20:24   -19937.597656        3.034427
FIRE:  2728 19:20:24   -19937.685547        2.983339
FIRE:  2729 19:20:24   -19937.736328        2.850326
FIRE:  2730 19:20:25   -19937.843750        2.648082
FIRE:  2731 19:20:25   -19937.851562        2.531698
FIRE:  2732 19:20:25   -19939.478516        1.385198
FIRE:  2733 19:20:26   -19940.669922        1.087803
FIRE:  2734 19:20:26   -19941.597656        1.014865
FIRE:  2735 19:20:26   -19942.417969        0.691551
FIRE:  2736 19:20:27   -19943.070312        0.600670
FIRE:  2737 19:20:27   -19943.689453        0.704800
FIRE:  2738 19:20:28   -19944.191406        0.567893
FIRE:  2739 19:20:28   -19944.712891        0.466154
FIRE:  2740 19:20:28   -19945.105469        0.450665
FIRE:  2741 19:20:29   -19945.568359        0.532290
FIRE:  2742 19:20:29   -19946.035156        0.500952
FIRE:  2743 19:20:29   -19946.408203        0.546055
FIRE:  2744 19:20:30   -19946.779297        0.593863
FIRE:  2745 19:20:30   -19947.183594        0.639531
FIRE:  2746 19:20:30   -19947.578125        0.674584
FIRE:  2747 19:20:31   -19947.941406        0.684529
FIRE:  2748 19:20:31   -19948.275391        0.649515
FIRE:  2749 19:20:31   -19948.652344        0.558362
FIRE:  2750 19:20:32   -19949.007812        0.662005
FIRE:  2751 19:20:32   -19949.369141        0.751631
FIRE:  2752 19:20:32   -19949.677734        0.763782
FIRE:  2753 19:20:33   -19949.968750        0.745960
FIRE:  2754 19:20:33   -19950.269531        0.727498
FIRE:  2755 19:20:33   -19950.605469        0.681963
FIRE:  2756 19:20:34   -19950.861328        0.726086
FIRE:  2757 19:20:34   -19951.166016        0.849593
FIRE:  2758 19:20:34   -19951.476562        1.114253
FIRE:  2759 19:20:35   -19951.798828        1.403599
FIRE:  2760 19:20:35   -19952.279297        2.162531
FIRE:  2761 19:20:35   -19952.832031        2.935780
FIRE:  2762 19:20:36   -19953.519531        3.177949
FIRE:  2763 19:20:36   -19954.400391        2.950934
FIRE:  2764 19:20:36   -19954.947266        4.379485
FIRE:  2765 19:20:37   -19955.314453        5.137675
FIRE:  2766 19:20:37   -19955.773438        1.939356
FIRE:  2767 19:20:37   -19955.949219        2.355123
FIRE:  2768 19:20:38   -19955.466797       11.992747
FIRE:  2769 19:20:38   -19956.017578        4.304409
FIRE:  2770 19:20:38   -19956.365234        0.447797
FIRE:  2771 19:20:39   -19956.126953        7.321953
FIRE:  2772 19:20:39   -19956.388672        3.290187
FIRE:  2773 19:20:39   -19956.488281        1.300128
FIRE:  2774 19:20:40   -19956.484375        1.223517
FIRE:  2775 19:20:40   -19956.500000        1.074344
FIRE:  2776 19:20:40   -19956.500000        0.862687
FIRE:  2777 19:20:41   -19956.501953        0.606959
FIRE:  2778 19:20:41   -19956.531250        0.353703
FIRE:  2779 19:20:41   -19956.537109        0.568309
FIRE:  2780 19:20:42   -19956.546875        0.762894
FIRE:  2781 19:20:42   -19956.568359        0.873375
FIRE:  2782 19:20:42   -19956.593750        0.854047
FIRE:  2783 19:20:43   -19956.646484        0.682768
FIRE:  2784 19:20:43   -19956.693359        0.388742
FIRE:  2785 19:20:43   -19956.724609        0.525401
FIRE:  2786 19:20:44   -19956.757812        0.714284
FIRE:  2787 19:20:44   -19956.880859        0.665007
FIRE:  2788 19:20:45   -19956.976562        0.347346
FIRE:  2789 19:20:45   -19957.093750        0.563247
FIRE:  2790 19:20:45   -19957.210938        0.593997
FIRE:  2791 19:20:46   -19957.375000        0.302006
FIRE:  2792 19:20:46   -19957.548828        0.581444
FIRE:  2793 19:20:46   -19957.767578        0.305833
FIRE:  2794 19:20:47   -19958.054688        0.542100
FIRE:  2795 19:20:47   -19958.273438        0.386900
FIRE:  2796 19:20:47   -19958.564453        0.364226
FIRE:  2797 19:20:48   -19958.812500        0.427099
FIRE:  2798 19:20:48   -19959.085938        0.374328
FIRE:  2799 19:20:48   -19959.330078        0.370648
FIRE:  2800 19:20:49   -19959.601562        0.369290
FIRE:  2801 19:20:49   -19959.859375        0.351343
FIRE:  2802 19:20:49   -19960.128906        0.315937
FIRE:  2803 19:20:50   -19960.408203        0.280397
FIRE:  2804 19:20:50   -19960.640625        0.261123
FIRE:  2805 19:20:50   -19960.886719        0.286192
FIRE:  2806 19:20:51   -19961.175781        0.328695
FIRE:  2807 19:20:51   -19961.447266        0.356590
FIRE:  2808 19:20:51   -19961.714844        0.367129
FIRE:  2809 19:20:52   -19961.996094        0.373841
FIRE:  2810 19:20:52   -19962.263672        0.391219
FIRE:  2811 19:20:52   -19962.482422        0.420434
FIRE:  2812 19:20:53   -19962.759766        0.452901
FIRE:  2813 19:20:53   -19963.033203        0.486092
FIRE:  2814 19:20:53   -19963.330078        0.527744
FIRE:  2815 19:20:54   -19963.597656        0.583380
FIRE:  2816 19:20:54   -19963.853516        0.640736
FIRE:  2817 19:20:54   -19964.160156        0.671835
FIRE:  2818 19:20:55   -19964.421875        0.655806
FIRE:  2819 19:20:55   -19964.720703        0.589843
FIRE:  2820 19:20:55   -19964.939453        0.459791
FIRE:  2821 19:20:56   -19965.222656        0.300956
FIRE:  2822 19:20:56   -19965.435547        0.309513
FIRE:  2823 19:20:56   -19965.640625        0.534396
FIRE:  2824 19:20:57   -19965.847656        0.908132
FIRE:  2825 19:20:57   -19966.056641        1.132571
FIRE:  2826 19:20:57   -19966.304688        1.112971
FIRE:  2827 19:20:58   -19966.546875        0.883997
FIRE:  2828 19:20:58   -19966.789062        0.570104
FIRE:  2829 19:20:58   -19967.039062        0.551815
FIRE:  2830 19:20:59   -19967.341797        0.643884
FIRE:  2831 19:20:59   -19967.548828        0.735356
FIRE:  2832 19:20:59   -19967.843750        0.803583
FIRE:  2833 19:21:00   -19968.154297        0.816283
FIRE:  2834 19:21:00   -19968.404297        0.728813
FIRE:  2835 19:21:00   -19968.652344        0.602842
FIRE:  2836 19:21:01   -19968.900391        0.680849
FIRE:  2837 19:21:01   -19969.078125        1.087515
FIRE:  2838 19:21:02   -19969.181641        2.001747
FIRE:  2839 19:21:02   -19969.310547        2.614786
FIRE:  2840 19:21:02   -19969.546875        2.384941
FIRE:  2841 19:21:03   -19969.830078        1.879508
FIRE:  2842 19:21:03   -19970.054688        2.003280
FIRE:  2843 19:21:03   -19970.302734        1.470800
FIRE:  2844 19:21:04   -19970.550781        0.965717
FIRE:  2845 19:21:04   -19970.765625        0.854260
FIRE:  2846 19:21:04   -19970.933594        0.903563
FIRE:  2847 19:21:05   -19971.101562        1.160066
FIRE:  2848 19:21:05   -19971.347656        1.260395
FIRE:  2849 19:21:05   -19971.591797        1.202441
FIRE:  2850 19:21:06   -19971.847656        1.000485
FIRE:  2851 19:21:06   -19972.125000        0.651661
FIRE:  2852 19:21:06   -19972.394531        0.487009
FIRE:  2853 19:21:07   -19972.609375        0.579664
FIRE:  2854 19:21:07   -19972.826172        0.867624
FIRE:  2855 19:21:07   -19973.023438        1.109959
FIRE:  2856 19:21:08   -19973.244141        1.054699
FIRE:  2857 19:21:08   -19973.458984        0.805165
FIRE:  2858 19:21:08   -19973.697266        0.793778
FIRE:  2859 19:21:09   -19973.894531        0.839879
FIRE:  2860 19:21:09   -19974.062500        0.927210
FIRE:  2861 19:21:09   -19974.281250        0.903073
FIRE:  2862 19:21:10   -19974.472656        0.784831
FIRE:  2863 19:21:10   -19974.654297        0.609884
FIRE:  2864 19:21:10   -19974.941406        0.681791
FIRE:  2865 19:21:11   -19975.177734        0.719691
FIRE:  2866 19:21:11   -19975.371094        0.668888
FIRE:  2867 19:21:11   -19975.599609        0.611008
FIRE:  2868 19:21:12   -19975.781250        0.424455
FIRE:  2869 19:21:12   -19975.968750        0.411115
FIRE:  2870 19:21:12   -19976.126953        0.583642
FIRE:  2871 19:21:13   -19976.277344        0.750032
FIRE:  2872 19:21:13   -19976.468750        0.861553
FIRE:  2873 19:21:13   -19976.640625        0.858471
FIRE:  2874 19:21:14   -19976.869141        0.787885
FIRE:  2875 19:21:14   -19977.050781        0.666817
FIRE:  2876 19:21:14   -19977.275391        0.522815
FIRE:  2877 19:21:15   -19977.484375        0.490622
FIRE:  2878 19:21:15   -19977.636719        0.555239
FIRE:  2879 19:21:15   -19977.833984        0.529401
FIRE:  2880 19:21:16   -19977.984375        0.522526
FIRE:  2881 19:21:16   -19978.187500        0.513513
FIRE:  2882 19:21:16   -19978.357422        0.499072
FIRE:  2883 19:21:17   -19978.501953        0.491767
FIRE:  2884 19:21:17   -19978.697266        0.505736
FIRE:  2885 19:21:18   -19978.869141        0.524625
FIRE:  2886 19:21:18   -19979.039062        0.638911
FIRE:  2887 19:21:18   -19979.216797        0.711422
FIRE:  2888 19:21:19   -19979.398438        0.727767
FIRE:  2889 19:21:19   -19979.576172        0.685706
FIRE:  2890 19:21:19   -19979.787109        0.660614
FIRE:  2891 19:21:20   -19979.958984        0.629918
FIRE:  2892 19:21:20   -19980.156250        0.494923
FIRE:  2893 19:21:20   -19980.373047        0.489574
FIRE:  2894 19:21:21   -19980.560547        0.533066
FIRE:  2895 19:21:21   -19980.777344        0.565848
FIRE:  2896 19:21:21   -19980.978516        0.572276
FIRE:  2897 19:21:22   -19981.212891        0.536133
FIRE:  2898 19:21:22   -19981.423828        0.454246
FIRE:  2899 19:21:22   -19981.632812        0.449856
FIRE:  2900 19:21:23   -19981.888672        0.612695
FIRE:  2901 19:21:23   -19982.076172        0.949936
FIRE:  2902 19:21:23   -19982.222656        1.208928
FIRE:  2903 19:21:24   -19982.406250        1.279814
FIRE:  2904 19:21:24   -19982.595703        1.109079
FIRE:  2905 19:21:24   -19982.783203        0.760529
FIRE:  2906 19:21:25   -19982.960938        0.611738
FIRE:  2907 19:21:25   -19983.074219        0.756222
FIRE:  2908 19:21:25   -19983.230469        0.954287
FIRE:  2909 19:21:26   -19983.365234        1.059168
FIRE:  2910 19:21:26   -19983.544922        1.052570
FIRE:  2911 19:21:26   -19983.697266        0.950981
FIRE:  2912 19:21:27   -19983.888672        0.795466
FIRE:  2913 19:21:27   -19984.052734        0.640308
FIRE:  2914 19:21:27   -19984.189453        0.749886
FIRE:  2915 19:21:28   -19984.359375        0.788304
FIRE:  2916 19:21:28   -19984.539062        0.759017
FIRE:  2917 19:21:28   -19984.693359        0.670313
FIRE:  2918 19:21:29   -19984.847656        0.533979
FIRE:  2919 19:21:29   -19985.044922        0.506822
FIRE:  2920 19:21:29   -19985.179688        0.477001
FIRE:  2921 19:21:30   -19985.320312        0.438178
FIRE:  2922 19:21:30   -19985.417969        0.436331
FIRE:  2923 19:21:30   -19985.576172        0.518707
FIRE:  2924 19:21:31   -19985.740234        0.530181
FIRE:  2925 19:21:31   -19985.847656        0.492743
FIRE:  2926 19:21:31   -19986.011719        0.453941
FIRE:  2927 19:21:32   -19986.128906        0.484644
FIRE:  2928 19:21:32   -19986.304688        0.557408
FIRE:  2929 19:21:32   -19986.402344        0.599115
FIRE:  2930 19:21:33   -19986.501953        0.666804
FIRE:  2931 19:21:33   -19986.619141        0.665063
FIRE:  2932 19:21:34   -19986.755859        0.548761
FIRE:  2933 19:21:34   -19986.902344        0.541013
FIRE:  2934 19:21:34   -19987.003906        0.552147
FIRE:  2935 19:21:35   -19987.144531        0.535736
FIRE:  2936 19:21:35   -19987.285156        0.497519
FIRE:  2937 19:21:35   -19987.398438        0.564857
FIRE:  2938 19:21:36   -19987.511719        0.591338
FIRE:  2939 19:21:36   -19987.675781        0.536009
FIRE:  2940 19:21:36   -19987.796875        0.446486
FIRE:  2941 19:21:37   -19987.921875        0.424087
FIRE:  2942 19:21:37   -19988.064453        0.376636
FIRE:  2943 19:21:37   -19988.201172        0.383946
FIRE:  2944 19:21:38   -19988.318359        0.400491
FIRE:  2945 19:21:38   -19988.414062        0.443529
FIRE:  2946 19:21:38   -19988.546875        0.452223
FIRE:  2947 19:21:39   -19988.664062        0.405779
FIRE:  2948 19:21:39   -19988.771484        0.390165
FIRE:  2949 19:21:39   -19988.919922        0.408620
FIRE:  2950 19:21:40   -19989.013672        0.415784
FIRE:  2951 19:21:40   -19989.148438        0.412150
FIRE:  2952 19:21:40   -19989.275391        0.398616
FIRE:  2953 19:21:41   -19989.375000        0.376356
FIRE:  2954 19:21:41   -19989.537109        0.346808
FIRE:  2955 19:21:41   -19989.660156        0.366908
FIRE:  2956 19:21:42   -19989.794922        0.372461
FIRE:  2957 19:21:42   -19989.929688        0.363759
FIRE:  2958 19:21:42   -19990.056641        0.321284
FIRE:  2959 19:21:43   -19990.222656        0.305034
FIRE:  2960 19:21:43   -19990.345703        0.318163
FIRE:  2961 19:21:43   -19990.478516        0.297912
FIRE:  2962 19:21:44   -19990.595703        0.293692
FIRE:  2963 19:21:44   -19990.744141        0.329320
FIRE:  2964 19:21:44   -19990.894531        0.335253
FIRE:  2965 19:21:45   -19991.078125        0.310134
FIRE:  2966 19:21:45   -19991.216797        0.324887
FIRE:  2967 19:21:45   -19991.392578        0.322898
FIRE:  2968 19:21:46   -19991.554688        0.338529
FIRE:  2969 19:21:46   -19991.710938        0.363894
FIRE:  2970 19:21:46   -19991.888672        0.389717
FIRE:  2971 19:21:47   -19992.062500        0.414373
FIRE:  2972 19:21:47   -19992.240234        0.435524
FIRE:  2973 19:21:47   -19992.392578        0.450275
FIRE:  2974 19:21:48   -19992.615234        0.455532
FIRE:  2975 19:21:48   -19992.818359        0.448303
FIRE:  2976 19:21:49   -19992.998047        0.425730
FIRE:  2977 19:21:49   -19993.203125        0.384264
FIRE:  2978 19:21:49   -19993.378906        0.398901
FIRE:  2979 19:21:50   -19993.566406        0.433743
FIRE:  2980 19:21:50   -19993.755859        0.470290
FIRE:  2981 19:21:50   -19993.941406        0.507677
FIRE:  2982 19:21:51   -19994.107422        0.544595
FIRE:  2983 19:21:51   -19994.267578        0.793770
FIRE:  2984 19:21:51   -19994.433594        1.091952
FIRE:  2985 19:21:52   -19994.617188        1.347345
FIRE:  2986 19:21:52   -19994.804688        1.511003
FIRE:  2987 19:21:52   -19994.990234        1.550487
FIRE:  2988 19:21:53   -19995.162109        1.462947
FIRE:  2989 19:21:53   -19995.431641        1.274891
FIRE:  2990 19:21:53   -19995.628906        1.028479
FIRE:  2991 19:21:54   -19995.857422        0.774280
FIRE:  2992 19:21:54   -19996.107422        0.733572
FIRE:  2993 19:21:54   -19996.291016        1.085353
FIRE:  2994 19:21:55   -19996.460938        1.430417
FIRE:  2995 19:21:55   -19996.591797        1.690388
FIRE:  2996 19:21:55   -19996.787109        1.872321
FIRE:  2997 19:21:56   -19996.921875        1.937266
FIRE:  2998 19:21:56   -19997.148438        1.797048
FIRE:  2999 19:21:56   -19997.291016        1.500240
FIRE:  3000 19:21:57   -19997.441406        1.125150
FIRE:  3001 19:21:57   -19997.611328        0.900432
FIRE:  3002 19:21:57   -19997.791016        1.164471
FIRE:  3003 19:21:58   -19997.931641        1.490734
FIRE:  3004 19:21:58   -19998.142578        1.622332
FIRE:  3005 19:21:58   -19998.326172        1.576639
FIRE:  3006 19:21:59   -19998.541016        1.571277
FIRE:  3007 19:21:59   -19998.718750        1.670858
FIRE:  3008 19:21:59   -19998.947266        1.648895
FIRE:  3009 19:22:00   -19999.162109        1.513401
FIRE:  3010 19:22:00   -19999.351562        1.296380
FIRE:  3011 19:22:00   -19999.548828        1.042928
FIRE:  3012 19:22:01   -19999.685547        1.260247
FIRE:  3013 19:22:01   -19999.806641        1.511906
FIRE:  3014 19:22:01   -19999.945312        1.692708
FIRE:  3015 19:22:02   -20000.085938        1.766919
FIRE:  3016 19:22:02   -20000.242188        1.719787
FIRE:  3017 19:22:03   -20000.384766        1.563015
FIRE:  3018 19:22:03   -20000.486328        1.331075
FIRE:  3019 19:22:03   -20000.656250        1.285401
FIRE:  3020 19:22:04   -20000.779297        1.449114
FIRE:  3021 19:22:04   -20000.949219        1.514501
FIRE:  3022 19:22:04   -20001.107422        1.463641
FIRE:  3023 19:22:05   -20001.275391        1.303908
FIRE:  3024 19:22:05   -20001.412109        1.064871
FIRE:  3025 19:22:05   -20001.617188        0.985257
FIRE:  3026 19:22:06   -20001.791016        1.104366
FIRE:  3027 19:22:06   -20001.943359        1.153070
FIRE:  3028 19:22:06   -20002.134766        1.122570
FIRE:  3029 19:22:07   -20002.318359        1.019291
FIRE:  3030 19:22:07   -20002.482422        0.951309
FIRE:  3031 19:22:07   -20002.646484        0.923089
FIRE:  3032 19:22:08   -20002.833984        0.863194
FIRE:  3033 19:22:08   -20003.023438        0.910042
FIRE:  3034 19:22:08   -20003.212891        0.921423
FIRE:  3035 19:22:09   -20003.363281        0.939979
FIRE:  3036 19:22:09   -20003.519531        1.001019
FIRE:  3037 19:22:09   -20003.666016        1.022571
FIRE:  3038 19:22:10   -20003.800781        1.014562
FIRE:  3039 19:22:10   -20003.865234        1.819581
FIRE:  3040 19:22:10   -20003.880859        3.252990
FIRE:  3041 19:22:11   -20004.546875        0.697046
FIRE:  3042 19:22:11   -20004.816406        1.516680
FIRE:  3043 19:22:11   -20005.015625        1.185630
FIRE:  3044 19:22:12   -20005.238281        0.732089
FIRE:  3045 19:22:12   -20005.447266        0.825889
FIRE:  3046 19:22:12   -20005.650391        0.879555
FIRE:  3047 19:22:13   -20005.888672        1.049167
FIRE:  3048 19:22:13   -20006.152344        0.552834
FIRE:  3049 19:22:13   -20006.347656        0.564260
FIRE:  3050 19:22:14   -20006.521484        0.919480
FIRE:  3051 19:22:14   -20006.712891        1.479127
FIRE:  3052 19:22:14   -20006.910156        2.072598
FIRE:  3053 19:22:15   -20007.109375        2.524955
FIRE:  3054 19:22:15   -20006.291016        6.680614
FIRE:  3055 19:22:15   -20007.208984        4.282285
FIRE:  3056 19:22:16   -20007.320312        3.025256
FIRE:  3057 19:22:16   -20007.402344        2.140023
FIRE:  3058 19:22:16   -20007.519531        1.005727
FIRE:  3059 19:22:17   -20007.509766        2.069604
FIRE:  3060 19:22:17   -20007.529297        1.805403
FIRE:  3061 19:22:17   -20007.535156        1.327695
FIRE:  3062 19:22:18   -20007.562500        0.943718
FIRE:  3063 19:22:18   -20007.574219        0.931547
FIRE:  3064 19:22:18   -20007.570312        0.916293
FIRE:  3065 19:22:19   -20007.582031        0.899220
FIRE:  3066 19:22:19   -20007.609375        1.064606
FIRE:  3067 19:22:20   -20007.632812        1.092120
FIRE:  3068 19:22:20   -20007.679688        0.904192
FIRE:  3069 19:22:20   -20007.720703        0.839599
FIRE:  3070 19:22:21   -20007.761719        0.841745
FIRE:  3071 19:22:21   -20007.806641        0.864497
FIRE:  3072 19:22:21   -20007.876953        0.927607
FIRE:  3073 19:22:22   -20007.992188        1.003752
FIRE:  3074 19:22:22   -20008.099609        1.126417
FIRE:  3075 19:22:22   -20008.228516        1.266322
FIRE:  3076 19:22:23   -20008.412109        1.359799
FIRE:  3077 19:22:23   -20008.666016        1.300934
FIRE:  3078 19:22:23   -20008.919922        1.039362
FIRE:  3079 19:22:24   -20009.224609        0.671351
FIRE:  3080 19:22:24   -20009.488281        0.700449
FIRE:  3081 19:22:24   -20009.697266        0.788558
FIRE:  3082 19:22:25   -20009.826172        1.184874
FIRE:  3083 19:22:25   -20009.982422        1.450678
FIRE:  3084 19:22:25   -20010.179688        1.123712
FIRE:  3085 19:22:26   -20010.388672        0.665506
FIRE:  3086 19:22:26   -20010.552734        0.601759
FIRE:  3087 19:22:26   -20010.744141        0.504326
FIRE:  3088 19:22:27   -20010.939453        0.715321
FIRE:  3089 19:22:27   -20011.121094        0.615540
FIRE:  3090 19:22:27   -20011.304688        0.770077
FIRE:  3091 19:22:28   -20011.496094        1.193990
FIRE:  3092 19:22:28   -20011.656250        1.533257
FIRE:  3093 19:22:28   -20011.816406        1.686764
FIRE:  3094 19:22:29   -20011.992188        1.716511
FIRE:  3095 19:22:29   -20010.980469       11.395905
FIRE:  3096 19:22:29   -20011.703125        4.570526
FIRE:  3097 19:22:30   -20011.886719        3.818318
FIRE:  3098 19:22:30   -20012.080078        1.976441
FIRE:  3099 19:22:30   -20012.103516        1.445361
FIRE:  3100 19:22:31   -20012.111328        1.303070
FIRE:  3101 19:22:31   -20012.111328        1.037923
FIRE:  3102 19:22:31   -20012.132812        0.685160
FIRE:  3103 19:22:32   -20012.136719        0.399967
FIRE:  3104 19:22:32   -20012.140625        0.400604
FIRE:  3105 19:22:32   -20012.148438        0.423098
FIRE:  3106 19:22:33   -20012.162109        0.637901
FIRE:  3107 19:22:33   -20012.150391        0.753011
FIRE:  3108 19:22:33   -20012.162109        0.744828
FIRE:  3109 19:22:34   -20012.173828        0.592117
FIRE:  3110 19:22:34   -20012.201172        0.407701
FIRE:  3111 19:22:34   -20012.220703        0.409658
FIRE:  3112 19:22:35   -20012.240234        0.516531
FIRE:  3113 19:22:35   -20012.263672        0.623866
FIRE:  3114 19:22:35   -20012.285156        0.416810
FIRE:  3115 19:22:36   -20012.328125        0.419070
FIRE:  3116 19:22:36   -20012.375000        0.512341
FIRE:  3117 19:22:37   -20012.435547        0.420617
FIRE:  3118 19:22:37   -20012.501953        0.417574
FIRE:  3119 19:22:37   -20012.601562        0.452859
FIRE:  3120 19:22:38   -20012.699219        0.392828
FIRE:  3121 19:22:38   -20012.759766        0.364544
FIRE:  3122 19:22:38   -20012.880859        0.559221
FIRE:  3123 19:22:39   -20013.005859        0.352531
FIRE:  3124 19:22:39   -20013.152344        0.257027
FIRE:  3125 19:22:39   -20013.398438        0.426687
FIRE:  3126 19:22:40   -20013.531250        1.002562
FIRE:  3127 19:22:40   -20013.644531        1.737167
FIRE:  3128 19:22:40   -20013.722656        0.282639
FIRE:  3129 19:22:41   -20013.722656        0.280881
FIRE:  3130 19:22:41   -20013.730469        0.277399
FIRE:  3131 19:22:41   -20013.724609        0.272227
FIRE:  3132 19:22:42   -20013.734375        0.265490
FIRE:  3133 19:22:42   -20013.744141        0.257351
FIRE:  3134 19:22:42   -20013.751953        0.247995
FIRE:  3135 19:22:43   -20013.761719        0.237593
FIRE:  3136 19:22:43   -20013.783203        0.225057
FIRE:  3137 19:22:43   -20013.816406        0.211523
FIRE:  3138 19:22:44   -20013.855469        0.212378
FIRE:  3139 19:22:44   -20013.884766        0.213462
FIRE:  3140 19:22:44   -20013.914062        0.214749
FIRE:  3141 19:22:45   -20013.951172        0.216102
FIRE:  3142 19:22:45   -20013.988281        0.217200
FIRE:  3143 19:22:45   -20014.058594        0.217269
FIRE:  3144 19:22:46   -20014.175781        0.214751
FIRE:  3145 19:22:46   -20014.287109        0.206565
FIRE:  3146 19:22:46   -20014.429688        0.301521
FIRE:  3147 19:22:47   -20014.613281        0.637822
FIRE:  3148 19:22:47   -20014.687500        1.563415
FIRE:  3149 19:22:47   -20014.759766        2.505041
FIRE:  3150 19:22:48   -20014.859375        0.404219
FIRE:  3151 19:22:48   -20014.792969        2.925040
FIRE:  3152 19:22:48   -20014.839844        1.955078
FIRE:  3153 19:22:49   -20014.900391        0.519628
FIRE:  3154 19:22:49   -20014.894531        0.797498
FIRE:  3155 19:22:49   -20014.908203        0.751000
FIRE:  3156 19:22:50   -20014.908203        0.659954
FIRE:  3157 19:22:50   -20014.906250        0.528536
FIRE:  3158 19:22:50   -20014.904297        0.364240
FIRE:  3159 19:22:51   -20014.912109        0.178226
FIRE:  3160 19:22:51   -20014.910156        0.143927
FIRE:  3161 19:22:51   -20014.904297        0.190772
FIRE:  3162 19:22:52   -20014.912109        0.339446
FIRE:  3163 19:22:52   -20014.923828        0.433417
FIRE:  3164 19:22:52   -20014.919922        0.444857
FIRE:  3165 19:22:53   -20014.917969        0.355403
FIRE:  3166 19:22:53   -20014.925781        0.168485
FIRE:  3167 19:22:53   -20014.949219        0.145552
FIRE:  3168 19:22:54   -20014.957031        0.277385
FIRE:  3169 19:22:54   -20014.953125        0.341837
FIRE:  3170 19:22:54   -20014.986328        0.211875
FIRE:  3171 19:22:55   -20015.021484        0.152036
FIRE:  3172 19:22:55   -20015.046875        0.304746
FIRE:  3173 19:22:56   -20015.066406        0.198480
FIRE:  3174 19:22:56   -20015.085938        0.170772
FIRE:  3175 19:22:56   -20015.132812        0.261898
FIRE:  3176 19:22:57   -20015.230469        0.188494
FIRE:  3177 19:22:57   -20015.296875        0.221602
FIRE:  3178 19:22:57   -20015.345703        0.311294
FIRE:  3179 19:22:58   -20015.476562        0.236224
FIRE:  3180 19:22:58   -20015.578125        0.249300
FIRE:  3181 19:22:58   -20015.755859        0.309754
FIRE:  3182 19:22:59   -20015.916016        0.918624
FIRE:  3183 19:22:59   -20016.050781        1.919678
FIRE:  3184 19:22:59   -20016.167969        3.193108
FIRE:  3185 19:23:00   -20016.271484        1.391628
FIRE:  3186 19:23:00   -20016.294922        0.983933
FIRE:  3187 19:23:00   -20016.308594        0.243727
FIRE:  3188 19:23:01   -20016.300781        0.604533
FIRE:  3189 19:23:01   -20016.298828        0.551217
FIRE:  3190 19:23:01   -20016.306641        0.450322
FIRE:  3191 19:23:02   -20016.306641        0.312711
FIRE:  3192 19:23:02   -20016.308594        0.227528
FIRE:  3193 19:23:02   -20016.312500        0.227797
FIRE:  3194 19:23:03   -20016.322266        0.228123
FIRE:  3195 19:23:03   -20016.328125        0.255417
FIRE:  3196 19:23:03   -20016.326172        0.317298
FIRE:  3197 19:23:04   -20016.328125        0.319004
FIRE:  3198 19:23:04   -20016.351562        0.248200
FIRE:  3199 19:23:04   -20016.361328        0.231136
FIRE:  3200 19:23:05   -20016.378906        0.232196
FIRE:  3201 19:23:05   -20016.392578        0.233480
FIRE:  3202 19:23:05   -20016.392578        0.252845
FIRE:  3203 19:23:06   -20016.382812        0.236797
FIRE:  3204 19:23:06   -20016.406250        0.238887
FIRE:  3205 19:23:06   -20016.447266        0.241277
FIRE:  3206 19:23:07   -20016.472656        0.243913
FIRE:  3207 19:23:07   -20016.511719        0.246769
FIRE:  3208 19:23:07   -20016.583984        0.249718
FIRE:  3209 19:23:08   -20016.617188        0.252642
FIRE:  3210 19:23:08   -20016.712891        0.255231
FIRE:  3211 19:23:08   -20016.822266        0.256927
FIRE:  3212 19:23:09   -20016.906250        0.357803
FIRE:  3213 19:23:09   -20017.050781        0.539035
FIRE:  3214 19:23:09   -20017.218750        1.077854
FIRE:  3215 19:23:10   -20017.347656        2.363909
FIRE:  3216 19:23:10   -20017.392578        0.201436
FIRE:  3217 19:23:10   -20017.369141        1.780198
FIRE:  3218 19:23:11   -20017.394531        1.429472
FIRE:  3219 19:23:11   -20017.410156        0.757234
FIRE:  3220 19:23:12   -20017.421875        0.198908
FIRE:  3221 19:23:12   -20017.421875        0.959517
FIRE:  3222 19:23:12   -20017.429688        0.897528
FIRE:  3223 19:23:13   -20017.427734        0.778557
FIRE:  3224 19:23:13   -20017.433594        0.612483
FIRE:  3225 19:23:13   -20017.435547        0.413121
FIRE:  3226 19:23:14   -20017.431641        0.197520
FIRE:  3227 19:23:14   -20017.443359        0.197259
FIRE:  3228 19:23:14   -20017.455078        0.203377
FIRE:  3229 19:23:15   -20017.441406        0.356891
FIRE:  3230 19:23:15   -20017.457031        0.457307
FIRE:  3231 19:23:15   -20017.455078        0.484705
FIRE:  3232 19:23:16   -20017.462891        0.423007
FIRE:  3233 19:23:16   -20017.470703        0.263593
FIRE:  3234 19:23:16   -20017.480469        0.192566
FIRE:  3235 19:23:17   -20017.480469        0.236890
FIRE:  3236 19:23:17   -20017.494141        0.383864
FIRE:  3237 19:23:17   -20017.519531        0.323259
FIRE:  3238 19:23:18   -20017.511719        0.184480
FIRE:  3239 19:23:18   -20017.535156        0.257207
FIRE:  3240 19:23:18   -20017.556641        0.315837
FIRE:  3241 19:23:19   -20017.582031        0.171600
FIRE:  3242 19:23:19   -20017.630859        0.316733
FIRE:  3243 19:23:19   -20017.662109        0.156415
FIRE:  3244 19:23:20   -20017.714844        0.327522
FIRE:  3245 19:23:20   -20017.775391        0.144866
FIRE:  3246 19:23:20   -20017.855469        0.313821
FIRE:  3247 19:23:21   -20017.919922        0.511138
FIRE:  3248 19:23:21   -20018.027344        0.698964
FIRE:  3249 19:23:21   -20018.148438        1.199529
FIRE:  3250 19:23:22   -20018.207031        2.949260
FIRE:  3251 19:23:22   -20018.287109        0.303353
FIRE:  3252 19:23:22   -20018.285156        0.231334
FIRE:  3253 19:23:23   -20018.281250        0.173042
FIRE:  3254 19:23:23   -20018.298828        0.173047
FIRE:  3255 19:23:23   -20018.298828        0.173037
FIRE:  3256 19:23:24   -20018.300781        0.215347
FIRE:  3257 19:23:24   -20018.318359        0.183547
FIRE:  3258 19:23:24   -20018.335938        0.172985
FIRE:  3259 19:23:25   -20018.341797        0.172926
FIRE:  3260 19:23:25   -20018.363281        0.172821
FIRE:  3261 19:23:25   -20018.380859        0.172644
FIRE:  3262 19:23:26   -20018.357422        0.172313
FIRE:  3263 19:23:26   -20018.412109        0.171779
FIRE:  3264 19:23:26   -20018.402344        0.170910
FIRE:  3265 19:23:27   -20018.437500        0.169513
FIRE:  3266 19:23:27   -20018.488281        0.167321
FIRE:  3267 19:23:27   -20018.511719        0.164019
FIRE:  3268 19:23:28   -20018.552734        0.159243
FIRE:  3269 19:23:28   -20018.595703        0.152602
FIRE:  3270 19:23:28   -20018.691406        0.269196
FIRE:  3271 19:23:29   -20018.810547        0.660437
FIRE:  3272 19:23:29   -20018.933594        1.920439
FIRE:  3273 19:23:30   -20018.908203        3.953450
FIRE:  3274 19:23:30   -20019.078125        0.848875
FIRE:  3275 19:23:30   -20018.929688        5.233234
FIRE:  3276 19:23:31   -20019.029297        3.252739
FIRE:  3277 19:23:31   -20019.107422        0.564870
FIRE:  3278 19:23:31   -20019.074219        1.648799
FIRE:  3279 19:23:32   -20019.087891        1.556968
FIRE:  3280 19:23:32   -20019.078125        1.375446
FIRE:  3281 19:23:32   -20019.095703        1.108875
FIRE:  3282 19:23:33   -20019.109375        0.766766
FIRE:  3283 19:23:33   -20019.121094        0.365421
FIRE:  3284 19:23:33   -20019.105469        0.108162
FIRE:  3285 19:23:34   -20019.123047        0.456235
FIRE:  3286 19:23:34   -20019.109375        0.448358
FIRE:  3287 19:23:34   -20019.117188        0.432706
FIRE:  3288 19:23:35   -20019.111328        0.409498
FIRE:  3289 19:23:35   -20019.093750        0.379268
FIRE:  3290 19:23:35   -20019.111328        0.342957
FIRE:  3291 19:23:36   -20019.117188        0.301205
FIRE:  3292 19:23:36   -20019.117188        0.255152
FIRE:  3293 19:23:36   -20019.117188        0.200694
FIRE:  3294 19:23:37   -20019.119141        0.138428
FIRE:  3295 19:23:37   -20019.123047        0.108863
FIRE:  3296 19:23:37   -20019.115234        0.108995
FIRE:  3297 19:23:38   -20019.117188        0.109161
FIRE:  3298 19:23:38   -20019.117188        0.140445
FIRE:  3299 19:23:38   -20019.115234        0.187659
FIRE:  3300 19:23:39   -20019.105469        0.209924
FIRE:  3301 19:23:39   -20019.121094        0.199571
FIRE:  3302 19:23:39   -20019.115234        0.151277
FIRE:  3303 19:23:40   -20019.128906        0.111362
FIRE:  3304 19:23:40   -20019.148438        0.112066
FIRE:  3305 19:23:40   -20019.162109        0.131780
FIRE:  3306 19:23:41   -20019.177734        0.167906
FIRE:  3307 19:23:41   -20019.179688        0.118291
FIRE:  3308 19:23:41   -20019.197266        0.116748
FIRE:  3309 19:23:42   -20019.212891        0.124779
FIRE:  3310 19:23:42   -20019.238281        0.132289
FIRE:  3311 19:23:42   -20019.242188        0.122762
FIRE:  3312 19:23:43   -20019.279297        0.136973
FIRE:  3313 19:23:43   -20019.300781        0.142845
FIRE:  3314 19:23:43   -20019.324219        0.158237
FIRE:  3315 19:23:44   -20019.355469        0.179162
FIRE:  3316 19:23:44   -20019.429688        0.208239
FIRE:  3317 19:23:44   -20019.505859        0.249532
FIRE:  3318 19:23:45   -20019.626953        0.309634
FIRE:  3319 19:23:45   -20019.740234        0.399736
FIRE:  3320 19:23:45   -20019.888672        0.928709
FIRE:  3321 19:23:46   -20020.041016        2.222821
FIRE:  3322 19:23:46   -20020.162109        4.612156
FIRE:  3323 19:23:47   -20020.265625        1.865523
FIRE:  3324 19:23:47   -20020.285156        1.372188
FIRE:  3325 19:23:47   -20020.306641        1.000059
FIRE:  3326 19:23:48   -20020.312500        1.016889
FIRE:  3327 19:23:48   -20020.316406        1.457269
FIRE:  3328 19:23:48   -20020.355469        1.509284
FIRE:  3329 19:23:49   -20020.384766        1.106571
FIRE:  3330 19:23:49   -20020.433594        1.147154
FIRE:  3331 19:23:49   -20020.457031        1.195844
FIRE:  3332 19:23:50   -20020.521484        1.244195
FIRE:  3333 19:23:50   -20020.615234        1.271444
FIRE:  3334 19:23:50   -20020.699219        1.225134
FIRE:  3335 19:23:51   -20020.818359        1.003502
FIRE:  3336 19:23:51   -20020.941406        0.426583
FIRE:  3337 19:23:51   -20020.955078        1.200245
FIRE:  3338 19:23:52   -20020.964844        1.103633
FIRE:  3339 19:23:52   -20020.978516        0.924003
FIRE:  3340 19:23:52   -20020.996094        0.686331
FIRE:  3341 19:23:53   -20021.005859        0.593186
FIRE:  3342 19:23:53   -20021.013672        0.605339
FIRE:  3343 19:23:53   -20021.041016        0.466234
FIRE:  3344 19:23:54   -20021.033203        0.524996
FIRE:  3345 19:23:54   -20021.068359        0.545735
FIRE:  3346 19:23:54   -20021.070312        0.515466
FIRE:  3347 19:23:55   -20021.087891        0.437647
FIRE:  3348 19:23:55   -20021.132812        0.352306
FIRE:  3349 19:23:55   -20021.158203        0.450273
FIRE:  3350 19:23:56   -20021.171875        0.486214
FIRE:  3351 19:23:56   -20021.216797        0.402583
FIRE:  3352 19:23:56   -20021.283203        0.224563
FIRE:  3353 19:23:57   -20021.359375        0.217385
FIRE:  3354 19:23:57   -20021.433594        0.528425
FIRE:  3355 19:23:57   -20021.517578        0.714125
FIRE:  3356 19:23:58   -20021.595703        1.070073
FIRE:  3357 19:23:58   -20021.701172        2.361207
FIRE:  3358 19:23:58   -20021.740234        0.210334
FIRE:  3359 19:23:59   -20021.736328        1.734194
FIRE:  3360 19:23:59   -20021.736328        1.407755
FIRE:  3361 19:23:59   -20021.763672        0.782164
FIRE:  3362 19:24:00   -20021.771484        0.212472
FIRE:  3363 19:24:00   -20021.763672        0.855156
FIRE:  3364 19:24:00   -20021.748047        0.803191
FIRE:  3365 19:24:01   -20021.757812        0.702962
FIRE:  3366 19:24:01   -20021.763672        0.562148
FIRE:  3367 19:24:01   -20021.761719        0.392017
FIRE:  3368 19:24:02   -20021.777344        0.223935
FIRE:  3369 19:24:02   -20021.773438        0.226743
FIRE:  3370 19:24:03   -20021.779297        0.230249
FIRE:  3371 19:24:03   -20021.767578        0.288537
FIRE:  3372 19:24:03   -20021.789062        0.389824
FIRE:  3373 19:24:04   -20021.779297        0.429499
FIRE:  3374 19:24:04   -20021.781250        0.391118
FIRE:  3375 19:24:04   -20021.789062        0.274651
FIRE:  3376 19:24:05   -20021.798828        0.294622
FIRE:  3377 19:24:05   -20021.794922        0.322807
FIRE:  3378 19:24:05   -20021.791016        0.362966
FIRE:  3379 19:24:06   -20021.814453        0.420156
FIRE:  3380 19:24:06   -20021.837891        0.502503
FIRE:  3381 19:24:06   -20021.855469        0.622479
FIRE:  3382 19:24:07   -20021.894531        0.793378
FIRE:  3383 19:24:07   -20021.958984        1.077920
FIRE:  3384 19:24:07   -20022.080078        1.454902
FIRE:  3385 19:24:08   -20022.259766        1.647132
FIRE:  3386 19:24:08   -20022.556641        1.490318
FIRE:  3387 19:24:08   -20022.941406        1.509857
FIRE:  3388 19:24:09   -20023.380859        2.108411
FIRE:  3389 19:24:09   -20023.714844        1.906392
FIRE:  3390 19:24:09   -20024.025391        1.380543
FIRE:  3391 19:24:10   -20024.251953        1.568221
FIRE:  3392 19:24:10   -20024.406250        1.111992
FIRE:  3393 19:24:10   -20024.492188        1.429670
FIRE:  3394 19:24:11   -20024.587891        1.281620
FIRE:  3395 19:24:11   -20024.734375        0.996923
FIRE:  3396 19:24:11   -20024.890625        1.049203
FIRE:  3397 19:24:12   -20025.068359        1.135096
FIRE:  3398 19:24:12   -20025.234375        0.594997
FIRE:  3399 19:24:12   -20025.371094        0.706607
FIRE:  3400 19:24:13   -20025.492188        0.878687
FIRE:  3401 19:24:13   -20025.607422        1.897802
FIRE:  3402 19:24:13   -20025.603516        3.652075
FIRE:  3403 19:24:14   -20023.675781       24.397871
FIRE:  3404 19:24:14   -20025.621094        4.408880
FIRE:  3405 19:24:14   -20025.714844        3.408198
FIRE:  3406 19:24:15   -20025.816406        1.091368
FIRE:  3407 19:24:15   -20025.794922        2.565612
FIRE:  3408 19:24:15   -20025.804688        2.253790
FIRE:  3409 19:24:16   -20025.814453        1.689267
FIRE:  3410 19:24:16   -20025.837891        0.968882
FIRE:  3411 19:24:16   -20025.849609        0.290329
FIRE:  3412 19:24:17   -20025.865234        0.477487
FIRE:  3413 19:24:17   -20025.861328        0.466376
FIRE:  3414 19:24:17   -20025.863281        0.444362
FIRE:  3415 19:24:18   -20025.863281        0.412028
FIRE:  3416 19:24:18   -20025.851562        0.370088
FIRE:  3417 19:24:19   -20025.855469        0.319789
FIRE:  3418 19:24:19   -20025.859375        0.275272
FIRE:  3419 19:24:19   -20025.869141        0.273094
FIRE:  3420 19:24:20   -20025.865234        0.270306
FIRE:  3421 19:24:20   -20025.859375        0.266828
FIRE:  3422 19:24:20   -20025.873047        0.262491
FIRE:  3423 19:24:21   -20025.859375        0.257135
FIRE:  3424 19:24:21   -20025.857422        0.250622
FIRE:  3425 19:24:21   -20025.873047        0.242807
FIRE:  3426 19:24:22   -20025.878906        0.233485
FIRE:  3427 19:24:22   -20025.880859        0.222556
FIRE:  3428 19:24:22   -20025.878906        0.209843
FIRE:  3429 19:24:23   -20025.906250        0.195268
FIRE:  3430 19:24:23   -20025.919922        0.180018
FIRE:  3431 19:24:23   -20025.925781        0.180482
FIRE:  3432 19:24:24   -20025.943359        0.161350
FIRE:  3433 19:24:24   -20025.968750        0.149319
FIRE:  3434 19:24:24   -20025.980469        0.135138
FIRE:  3435 19:24:25   -20025.988281        0.145144
FIRE:  3436 19:24:25   -20026.027344        0.102328
FIRE:  3437 19:24:25   -20026.050781        0.151722
FIRE:  3438 19:24:26   -20026.072266        0.111349
FIRE:  3439 19:24:26   -20026.097656        0.156926
FIRE:  3440 19:24:26   -20026.166016        0.113012
FIRE:  3441 19:24:27   -20026.232422        0.129682
FIRE:  3442 19:24:27   -20026.306641        0.222080
FIRE:  3443 19:24:27   -20026.373047        0.330461
FIRE:  3444 19:24:28   -20026.470703        0.681395
FIRE:  3445 19:24:28   -20026.542969        1.591416
FIRE:  3446 19:24:28   -20026.597656        4.450687
FIRE:  3447 19:24:29   -20026.699219        0.948981
FIRE:  3448 19:24:29   -20026.710938        0.720803
FIRE:  3449 19:24:29   -20026.714844        0.306911
FIRE:  3450 19:24:30   -20026.710938        0.191646
FIRE:  3451 19:24:30   -20026.697266        0.583505
FIRE:  3452 19:24:30   -20026.707031        0.727105
FIRE:  3453 19:24:31   -20026.726562        0.591967
FIRE:  3454 19:24:31   -20026.732422        0.248153
FIRE:  3455 19:24:31   -20026.724609        0.205012
FIRE:  3456 19:24:32   -20026.746094        0.511509
FIRE:  3457 19:24:32   -20026.757812        0.478252
FIRE:  3458 19:24:32   -20026.761719        0.122345
FIRE:  3459 19:24:33   -20026.783203        0.449833
FIRE:  3460 19:24:33   -20026.787109        0.377404
FIRE:  3461 19:24:33   -20026.824219        0.279259
FIRE:  3462 19:24:34   -20026.839844        0.382337
FIRE:  3463 19:24:34   -20026.871094        0.377865
FIRE:  3464 19:24:34   -20026.972656        0.141563
FIRE:  3465 19:24:35   -20027.023438        0.505843
FIRE:  3466 19:24:35   -20027.097656        0.852016
FIRE:  3467 19:24:36   -20027.138672        1.325796
FIRE:  3468 19:24:36   -20027.193359        2.858307
FIRE:  3469 19:24:36   -20027.242188        0.194914
FIRE:  3470 19:24:37   -20027.257812        0.175694
FIRE:  3471 19:24:37   -20027.269531        0.175908
FIRE:  3472 19:24:37   -20027.271484        0.176234
FIRE:  3473 19:24:38   -20027.279297        0.176661
FIRE:  3474 19:24:38   -20027.273438        0.177199
FIRE:  3475 19:24:38   -20027.287109        0.177843
FIRE:  3476 19:24:39   -20027.292969        0.178592
FIRE:  3477 19:24:39   -20027.291016        0.179539
FIRE:  3478 19:24:39   -20027.304688        0.180735
FIRE:  3479 19:24:40   -20027.322266        0.182222
FIRE:  3480 19:24:40   -20027.322266        0.184055
FIRE:  3481 19:24:40   -20027.332031        0.186313
FIRE:  3482 19:24:41   -20027.353516        0.189039
FIRE:  3483 19:24:41   -20027.373047        0.192295
FIRE:  3484 19:24:41   -20027.400391        0.196088
FIRE:  3485 19:24:42   -20027.425781        0.200376
FIRE:  3486 19:24:42   -20027.480469        0.205044
FIRE:  3487 19:24:42   -20027.539062        0.209868
FIRE:  3488 19:24:43   -20027.617188        0.213742
FIRE:  3489 19:24:43   -20027.736328        0.434329
FIRE:  3490 19:24:43   -20027.828125        1.325106
FIRE:  3491 19:24:44   -20027.884766        3.241534
FIRE:  3492 19:24:44   -20027.972656        0.591075
FIRE:  3493 19:24:44   -20027.884766        3.875040
FIRE:  3494 19:24:45   -20027.955078        2.554756
FIRE:  3495 19:24:45   -20027.974609        0.632934
FIRE:  3496 19:24:45   -20027.972656        1.107620
FIRE:  3497 19:24:46   -20027.972656        1.044009
FIRE:  3498 19:24:46   -20027.964844        0.919096
FIRE:  3499 19:24:46   -20027.988281        0.738175
FIRE:  3500 19:24:47   -20027.974609        0.509927
FIRE:  3501 19:24:47   -20027.984375        0.248378
FIRE:  3502 19:24:47   -20027.992188        0.224358
FIRE:  3503 19:24:48   -20027.990234        0.273333
FIRE:  3504 19:24:48   -20027.996094        0.483186
FIRE:  3505 19:24:48   -20027.990234        0.615477
FIRE:  3506 19:24:49   -20027.992188        0.634936
FIRE:  3507 19:24:49   -20028.007812        0.517727
FIRE:  3508 19:24:49   -20028.003906        0.265893
FIRE:  3509 19:24:50   -20028.021484        0.227288
FIRE:  3510 19:24:50   -20028.009766        0.363028
FIRE:  3511 19:24:50   -20028.025391        0.480816
FIRE:  3512 19:24:51   -20028.033203        0.343114
FIRE:  3513 19:24:51   -20028.044922        0.231619
FIRE:  3514 19:24:51   -20028.083984        0.396363
FIRE:  3515 19:24:52   -20028.113281        0.346368
FIRE:  3516 19:24:52   -20028.152344        0.236209
FIRE:  3517 19:24:52   -20028.181641        0.390773
FIRE:  3518 19:24:53   -20028.232422        0.236881
FIRE:  3519 19:24:53   -20028.281250        0.398580
FIRE:  3520 19:24:54   -20028.337891        0.273556
FIRE:  3521 19:24:54   -20028.396484        0.203471
FIRE:  3522 19:24:54   -20028.507812        0.427118
FIRE:  3523 19:24:55   -20028.601562        0.957438
FIRE:  3524 19:24:55   -20028.732422        2.315451
FIRE:  3525 19:24:55   -20028.724609        4.124144
FIRE:  3526 19:24:56   -20028.912109        0.955905
FIRE:  3527 19:24:56   -20028.765625        5.444858
FIRE:  3528 19:24:56   -20028.859375        3.360197
FIRE:  3529 19:24:57   -20028.919922        0.557865
FIRE:  3530 19:24:57   -20028.896484        1.705468
FIRE:  3531 19:24:57   -20028.908203        1.611066
FIRE:  3532 19:24:58   -20028.908203        1.424201
FIRE:  3533 19:24:58   -20028.914062        1.149927
FIRE:  3534 19:24:58   -20028.921875        0.798294
FIRE:  3535 19:24:59   -20028.929688        0.386692
FIRE:  3536 19:24:59   -20028.941406        0.322684
FIRE:  3537 19:24:59   -20028.943359        0.456246
FIRE:  3538 19:25:00   -20028.943359        0.795871
FIRE:  3539 19:25:00   -20028.937500        1.004550
FIRE:  3540 19:25:00   -20028.943359        1.023005
FIRE:  3541 19:25:01   -20028.968750        0.814287
FIRE:  3542 19:25:01   -20028.972656        0.390414
FIRE:  3543 19:25:01   -20028.972656        0.310405
FIRE:  3544 19:25:02   -20028.992188        0.598487
FIRE:  3545 19:25:02   -20028.984375        0.756803
FIRE:  3546 19:25:02   -20029.005859        0.521838
FIRE:  3547 19:25:03   -20029.031250        0.282566
FIRE:  3548 19:25:03   -20029.066406        0.650066
FIRE:  3549 19:25:03   -20029.121094        0.522870
FIRE:  3550 19:25:04   -20029.156250        0.269207
FIRE:  3551 19:25:04   -20029.205078        0.594777
FIRE:  3552 19:25:04   -20029.279297        0.229171
FIRE:  3553 19:25:05   -20029.326172        0.575114
FIRE:  3554 19:25:05   -20029.419922        0.518343
FIRE:  3555 19:25:05   -20029.474609        0.249566
FIRE:  3556 19:25:06   -20029.609375        0.403645
FIRE:  3557 19:25:06   -20029.738281        1.160526
FIRE:  3558 19:25:06   -20029.824219        3.126429
FIRE:  3559 19:25:07   -20029.886719        0.189003
FIRE:  3560 19:25:07   -20029.884766        0.184735
FIRE:  3561 19:25:07   -20029.892578        0.177328
FIRE:  3562 19:25:08   -20029.888672        0.167468
FIRE:  3563 19:25:08   -20029.902344        0.154876
FIRE:  3564 19:25:08   -20029.912109        0.140183
FIRE:  3565 19:25:09   -20029.917969        0.131741
FIRE:  3566 19:25:09   -20029.904297        0.129989
FIRE:  3567 19:25:09   -20029.939453        0.127760
FIRE:  3568 19:25:10   -20029.947266        0.124882
FIRE:  3569 19:25:10   -20029.943359        0.121232
FIRE:  3570 19:25:11   -20029.957031        0.116624
FIRE:  3571 19:25:11   -20029.970703        0.111658
FIRE:  3572 19:25:11   -20029.978516        0.111526
FIRE:  3573 19:25:12   -20030.023438        0.111213
FIRE:  3574 19:25:12   -20030.050781        0.110656
FIRE:  3575 19:25:12   -20030.101562        0.109667
FIRE:  3576 19:25:13   -20030.156250        0.108009
FIRE:  3577 19:25:13   -20030.205078        0.105344
FIRE:  3578 19:25:13   -20030.250000        0.142184
FIRE:  3579 19:25:14   -20030.330078        0.316571
FIRE:  3580 19:25:14   -20030.437500        0.999018
FIRE:  3581 19:25:14   -20030.505859        2.636332
FIRE:  3582 19:25:15   -20030.576172        0.441530
FIRE:  3583 19:25:15   -20030.537109        2.898941
FIRE:  3584 19:25:15   -20030.560547        1.999028
FIRE:  3585 19:25:16   -20030.580078        0.618682
FIRE:  3586 19:25:16   -20030.583984        0.725982
FIRE:  3587 19:25:16   -20030.578125        0.684210
FIRE:  3588 19:25:17   -20030.582031        0.602271
FIRE:  3589 19:25:17   -20030.585938        0.484386
FIRE:  3590 19:25:17   -20030.582031        0.337481
FIRE:  3591 19:25:18   -20030.580078        0.171597
FIRE:  3592 19:25:18   -20030.582031        0.109820
FIRE:  3593 19:25:18   -20030.583984        0.158082
FIRE:  3594 19:25:19   -20030.585938        0.293256
FIRE:  3595 19:25:19   -20030.589844        0.381992
FIRE:  3596 19:25:19   -20030.593750        0.401293
FIRE:  3597 19:25:20   -20030.597656        0.333778
FIRE:  3598 19:25:20   -20030.593750        0.178927
FIRE:  3599 19:25:20   -20030.599609        0.112764
FIRE:  3600 19:25:21   -20030.599609        0.227114
FIRE:  3601 19:25:21   -20030.605469        0.308981
FIRE:  3602 19:25:21   -20030.611328        0.220949
FIRE:  3603 19:25:22   -20030.611328        0.117877
FIRE:  3604 19:25:22   -20030.615234        0.253726
FIRE:  3605 19:25:22   -20030.625000        0.218320
FIRE:  3606 19:25:23   -20030.675781        0.126102
FIRE:  3607 19:25:23   -20030.707031        0.253654
FIRE:  3608 19:25:23   -20030.744141        0.135790
FIRE:  3609 19:25:24   -20030.767578        0.250550
FIRE:  3610 19:25:24   -20030.804688        0.201301
FIRE:  3611 19:25:24   -20030.857422        0.162563
FIRE:  3612 19:25:25   -20030.943359        0.221787
FIRE:  3613 19:25:25   -20031.019531        0.564833
FIRE:  3614 19:25:25   -20031.119141        1.538862
FIRE:  3615 19:25:26   -20031.169922        3.418172
FIRE:  3616 19:25:26   -20031.292969        0.678139
FIRE:  3617 19:25:26   -20031.203125        4.143538
FIRE:  3618 19:25:27   -20031.251953        2.710250
FIRE:  3619 19:25:27   -20031.300781        0.647487
FIRE:  3620 19:25:28   -20031.292969        1.195148
FIRE:  3621 19:25:28   -20031.304688        1.127380
FIRE:  3622 19:25:28   -20031.298828        0.993945
FIRE:  3623 19:25:29   -20031.308594        0.800512
FIRE:  3624 19:25:29   -20031.304688        0.555237
FIRE:  3625 19:25:29   -20031.310547        0.272912
FIRE:  3626 19:25:30   -20031.316406        0.178392
FIRE:  3627 19:25:30   -20031.316406        0.296574
FIRE:  3628 19:25:30   -20031.298828        0.525287
FIRE:  3629 19:25:31   -20031.298828        0.670239
FIRE:  3630 19:25:31   -20031.324219        0.692949
FIRE:  3631 19:25:31   -20031.318359        0.568319
FIRE:  3632 19:25:32   -20031.324219        0.297934
FIRE:  3633 19:25:32   -20031.332031        0.172823
FIRE:  3634 19:25:32   -20031.330078        0.388151
FIRE:  3635 19:25:33   -20031.357422        0.521645
FIRE:  3636 19:25:33   -20031.351562        0.383065
FIRE:  3637 19:25:33   -20031.380859        0.158746
FIRE:  3638 19:25:34   -20031.404297        0.422538
FIRE:  3639 19:25:34   -20031.404297        0.389058
FIRE:  3640 19:25:34   -20031.423828        0.144480
FIRE:  3641 19:25:35   -20031.453125        0.423541
FIRE:  3642 19:25:35   -20031.515625        0.143658
FIRE:  3643 19:25:35   -20031.531250        0.441582
FIRE:  3644 19:25:36   -20031.619141        0.279000
FIRE:  3645 19:25:36   -20031.634766        0.131963
FIRE:  3646 19:25:36   -20031.732422        0.473434
FIRE:  3647 19:25:37   -20031.820312        1.029324
FIRE:  3648 19:25:37   -20031.869141        2.297322
FIRE:  3649 19:25:37   -20031.912109        0.145083
FIRE:  3650 19:25:38   -20031.902344        1.673747
FIRE:  3651 19:25:38   -20031.910156        1.362581
FIRE:  3652 19:25:38   -20031.917969        0.766721
FIRE:  3653 19:25:39   -20031.919922        0.118269
FIRE:  3654 19:25:39   -20031.919922        0.803624
FIRE:  3655 19:25:39   -20031.916016        0.755947
FIRE:  3656 19:25:40   -20031.923828        0.663779
FIRE:  3657 19:25:40   -20031.921875        0.534277
FIRE:  3658 19:25:40   -20031.925781        0.377068
FIRE:  3659 19:25:41   -20031.929688        0.204690
FIRE:  3660 19:25:41   -20031.914062        0.104108
FIRE:  3661 19:25:41   -20031.921875        0.127770
FIRE:  3662 19:25:42   -20031.919922        0.264352
FIRE:  3663 19:25:42   -20031.925781        0.362291
FIRE:  3664 19:25:42   -20031.921875        0.403439
FIRE:  3665 19:25:43   -20031.933594        0.372527
FIRE:  3666 19:25:43   -20031.941406        0.259686
FIRE:  3667 19:25:43   -20031.947266        0.098328
FIRE:  3668 19:25:44   -20031.951172        0.149029
FIRE:  3669 19:25:44   -20031.964844        0.302780
FIRE:  3670 19:25:45   -20031.958984        0.299954
FIRE:  3671 19:25:45   -20031.960938        0.110868
FIRE:  3672 19:25:45   -20031.994141        0.163725
FIRE:  3673 19:25:46   -20032.013672        0.279620
FIRE:  3674 19:25:46   -20032.041016        0.099311
FIRE:  3675 19:25:46   -20032.064453        0.228138
FIRE:  3676 19:25:47   -20032.068359        0.180797
FIRE:  3677 19:25:47   -20032.093750        0.224856
FIRE:  3678 19:25:47   -20032.140625        0.102982
FIRE:  3679 19:25:48   -20032.187500        0.329391
FIRE:  3680 19:25:48   -20032.261719        0.333370
FIRE:  3681 19:25:48   -20032.355469        0.327196
FIRE:  3682 19:25:49   -20032.412109        0.564276
FIRE:  3683 19:25:49   -20032.468750        1.617187
FIRE:  3684 19:25:49   -20032.468750        3.835768
FIRE:  3685 19:25:50   -20032.623047        0.646396
FIRE:  3686 19:25:50   -20032.490234        5.248864
FIRE:  3687 19:25:50   -20032.578125        3.192890
FIRE:  3688 19:25:51   -20032.630859        0.442436
FIRE:  3689 19:25:51   -20032.607422        1.771014
FIRE:  3690 19:25:51   -20032.613281        1.670312
FIRE:  3691 19:25:52   -20032.615234        1.471261
FIRE:  3692 19:25:52   -20032.625000        1.178570
FIRE:  3693 19:25:52   -20032.638672        0.801628
FIRE:  3694 19:25:53   -20032.636719        0.358566
FIRE:  3695 19:25:53   -20032.644531        0.128016
FIRE:  3696 19:25:53   -20032.650391        0.544237
FIRE:  3697 19:25:54   -20032.640625        0.534368
FIRE:  3698 19:25:54   -20032.658203        0.514733
FIRE:  3699 19:25:54   -20032.644531        0.485944
FIRE:  3700 19:25:55   -20032.650391        0.448618
FIRE:  3701 19:25:55   -20032.662109        0.403553
FIRE:  3702 19:25:55   -20032.666016        0.351849
FIRE:  3703 19:25:56   -20032.662109        0.295137
FIRE:  3704 19:25:56   -20032.660156        0.227948
FIRE:  3705 19:25:56   -20032.656250        0.151495
FIRE:  3706 19:25:57   -20032.654297        0.128362
FIRE:  3707 19:25:57   -20032.666016        0.128420
FIRE:  3708 19:25:57   -20032.677734        0.128492
FIRE:  3709 19:25:58   -20032.669922        0.180937
FIRE:  3710 19:25:58   -20032.669922        0.232079
FIRE:  3711 19:25:58   -20032.667969        0.252249
FIRE:  3712 19:25:59   -20032.673828        0.232080
FIRE:  3713 19:25:59   -20032.669922        0.166658
FIRE:  3714 19:25:59   -20032.673828        0.129522
FIRE:  3715 19:26:00   -20032.679688        0.129853
FIRE:  3716 19:26:00   -20032.693359        0.171545
FIRE:  3717 19:26:01   -20032.699219        0.199508
FIRE:  3718 19:26:01   -20032.701172        0.131240
FIRE:  3719 19:26:01   -20032.720703        0.131877
FIRE:  3720 19:26:02   -20032.730469        0.162211
FIRE:  3721 19:26:02   -20032.746094        0.142419
FIRE:  3722 19:26:02   -20032.769531        0.134110
FIRE:  3723 19:26:03   -20032.806641        0.169173
FIRE:  3724 19:26:03   -20032.816406        0.134986
FIRE:  3725 19:26:03   -20032.867188        0.168132
FIRE:  3726 19:26:04   -20032.916016        0.133147
FIRE:  3727 19:26:04   -20032.996094        0.141841
FIRE:  3728 19:26:04   -20033.029297        0.240603
FIRE:  3729 19:26:05   -20033.117188        0.355843
FIRE:  3730 19:26:05   -20033.195312        0.697822
FIRE:  3731 19:26:05   -20033.308594        1.853314
FIRE:  3732 19:26:06   -20033.275391        3.914242
FIRE:  3733 19:26:06   -20033.423828        0.759420
FIRE:  3734 19:26:06   -20033.283203        5.284069
FIRE:  3735 19:26:07   -20033.357422        3.243709
FIRE:  3736 19:26:07   -20033.425781        0.499874
FIRE:  3737 19:26:07   -20033.406250        1.735394
FIRE:  3738 19:26:08   -20033.412109        1.638270
FIRE:  3739 19:26:08   -20033.419922        1.445721
FIRE:  3740 19:26:08   -20033.423828        1.162651
FIRE:  3741 19:26:09   -20033.435547        0.798600
FIRE:  3742 19:26:09   -20033.437500        0.369851
FIRE:  3743 19:26:09   -20033.443359        0.115270
FIRE:  3744 19:26:10   -20033.437500        0.510680
FIRE:  3745 19:26:10   -20033.433594        0.501495
FIRE:  3746 19:26:10   -20033.437500        0.483483
FIRE:  3747 19:26:11   -20033.441406        0.456864
FIRE:  3748 19:26:11   -20033.433594        0.422698
FIRE:  3749 19:26:11   -20033.443359        0.381061
FIRE:  3750 19:26:12   -20033.435547        0.333492
FIRE:  3751 19:26:12   -20033.437500        0.281102
FIRE:  3752 19:26:12   -20033.443359        0.219028
FIRE:  3753 19:26:13   -20033.441406        0.147995
FIRE:  3754 19:26:13   -20033.447266        0.114154
FIRE:  3755 19:26:13   -20033.447266        0.113959
FIRE:  3756 19:26:14   -20033.455078        0.113691
FIRE:  3757 19:26:14   -20033.451172        0.165169
FIRE:  3758 19:26:14   -20033.449219        0.215333
FIRE:  3759 19:26:15   -20033.464844        0.236732
FIRE:  3760 19:26:15   -20033.464844        0.220967
FIRE:  3761 19:26:15   -20033.464844        0.163034
FIRE:  3762 19:26:16   -20033.468750        0.110605
FIRE:  3763 19:26:16   -20033.476562        0.109690
FIRE:  3764 19:26:16   -20033.482422        0.155459
FIRE:  3765 19:26:17   -20033.492188        0.188483
FIRE:  3766 19:26:17   -20033.486328        0.124345
FIRE:  3767 19:26:18   -20033.500000        0.104128
FIRE:  3768 19:26:18   -20033.525391        0.146887
FIRE:  3769 19:26:18   -20033.529297        0.141356
FIRE:  3770 19:26:19   -20033.537109        0.097471
FIRE:  3771 19:26:19   -20033.560547        0.157612
FIRE:  3772 19:26:19   -20033.599609        0.091704
FIRE:  3773 19:26:20   -20033.621094        0.155783
FIRE:  3774 19:26:20   -20033.642578        0.084982
FIRE:  3775 19:26:20   -20033.708984        0.151945
FIRE:  3776 19:26:21   -20033.720703        0.221897
FIRE:  3777 19:26:21   -20033.818359        0.293703
FIRE:  3778 19:26:21   -20033.873047        0.555211
FIRE:  3779 19:26:22   -20033.929688        1.493561
FIRE:  3780 19:26:22   -20033.951172        3.422631
FIRE:  3781 19:26:22   -20034.060547        0.563450
FIRE:  3782 19:26:23   -20033.953125        4.361450
FIRE:  3783 19:26:23   -20034.011719        2.782519
FIRE:  3784 19:26:23   -20034.056641        0.557985
FIRE:  3785 19:26:24   -20034.060547        1.374217
FIRE:  3786 19:26:24   -20034.062500        1.295006
FIRE:  3787 19:26:24   -20034.072266        1.139243
FIRE:  3788 19:26:25   -20034.068359        0.912145
FIRE:  3789 19:26:25   -20034.078125        0.623129
FIRE:  3790 19:26:25   -20034.082031        0.287682
FIRE:  3791 19:26:26   -20034.080078        0.100429
FIRE:  3792 19:26:26   -20034.083984        0.388290
FIRE:  3793 19:26:26   -20034.089844        0.381538
FIRE:  3794 19:26:27   -20034.095703        0.368220
FIRE:  3795 19:26:27   -20034.095703        0.348679
FIRE:  3796 19:26:27   -20034.089844        0.323224
FIRE:  3797 19:26:28   -20034.095703        0.292518
FIRE:  3798 19:26:28   -20034.085938        0.257352
FIRE:  3799 19:26:28   -20034.089844        0.218368
FIRE:  3800 19:26:29   -20034.089844        0.172458
FIRE:  3801 19:26:29   -20034.091797        0.119572
FIRE:  3802 19:26:29   -20034.101562        0.100621
FIRE:  3803 19:26:30   -20034.101562        0.100653
FIRE:  3804 19:26:30   -20034.097656        0.100702
FIRE:  3805 19:26:30   -20034.113281        0.119798
FIRE:  3806 19:26:31   -20034.107422        0.160135
FIRE:  3807 19:26:31   -20034.103516        0.179459
FIRE:  3808 19:26:31   -20034.115234        0.170616
FIRE:  3809 19:26:32   -20034.115234        0.129320
FIRE:  3810 19:26:32   -20034.134766        0.101257
FIRE:  3811 19:26:32   -20034.123047        0.101429
FIRE:  3812 19:26:33   -20034.136719        0.113269
FIRE:  3813 19:26:33   -20034.134766        0.143650
FIRE:  3814 19:26:34   -20034.132812        0.102180
FIRE:  3815 19:26:34   -20034.150391        0.102528
FIRE:  3816 19:26:34   -20034.156250        0.107537
FIRE:  3817 19:26:35   -20034.173828        0.112412
FIRE:  3818 19:26:35   -20034.191406        0.103923
FIRE:  3819 19:26:35   -20034.207031        0.118283
FIRE:  3820 19:26:36   -20034.238281        0.105084
FIRE:  3821 19:26:36   -20034.263672        0.116175
FIRE:  3822 19:26:36   -20034.294922        0.106158
FIRE:  3823 19:26:37   -20034.322266        0.125155
FIRE:  3824 19:26:37   -20034.367188        0.163513
FIRE:  3825 19:26:37   -20034.445312        0.203241
FIRE:  3826 19:26:38   -20034.513672        0.390072
FIRE:  3827 19:26:38   -20034.625000        1.129807
FIRE:  3828 19:26:38   -20034.644531        2.827577
FIRE:  3829 19:26:39   -20034.716797        0.370793
FIRE:  3830 19:26:39   -20034.654297        3.358639
FIRE:  3831 19:26:39   -20034.689453        2.229962
FIRE:  3832 19:26:40   -20034.716797        0.558064
FIRE:  3833 19:26:40   -20034.716797        0.993491
FIRE:  3834 19:26:40   -20034.697266        0.934748
FIRE:  3835 19:26:41   -20034.708984        0.819691
FIRE:  3836 19:26:41   -20034.720703        0.653500
FIRE:  3837 19:26:41   -20034.724609        0.444531
FIRE:  3838 19:26:42   -20034.726562        0.206026
FIRE:  3839 19:26:42   -20034.734375        0.113684
FIRE:  3840 19:26:42   -20034.744141        0.265192
FIRE:  3841 19:26:43   -20034.736328        0.447593
FIRE:  3842 19:26:43   -20034.728516        0.557975
FIRE:  3843 19:26:43   -20034.734375        0.566947
FIRE:  3844 19:26:44   -20034.742188        0.454467
FIRE:  3845 19:26:44   -20034.751953        0.223986
FIRE:  3846 19:26:44   -20034.744141        0.116556
FIRE:  3847 19:26:45   -20034.753906        0.338180
FIRE:  3848 19:26:45   -20034.750000        0.432588
FIRE:  3849 19:26:45   -20034.761719        0.296413
FIRE:  3850 19:26:46   -20034.759766        0.121628
FIRE:  3851 19:26:46   -20034.771484        0.362827
FIRE:  3852 19:26:46   -20034.781250        0.297629
FIRE:  3853 19:26:47   -20034.820312        0.143464
FIRE:  3854 19:26:47   -20034.814453        0.345397
FIRE:  3855 19:26:47   -20034.865234        0.137387
FIRE:  3856 19:26:48   -20034.890625        0.337088
FIRE:  3857 19:26:48   -20034.949219        0.277758
FIRE:  3858 19:26:48   -20034.992188        0.156916
FIRE:  3859 19:26:49   -20035.044922        0.281837
FIRE:  3860 19:26:49   -20035.107422        0.743776
FIRE:  3861 19:26:50   -20035.179688        1.946810
FIRE:  3862 19:26:50   -20035.144531        4.096694
FIRE:  3863 19:26:50   -20035.304688        0.868295
FIRE:  3864 19:26:51   -20035.164062        5.610542
FIRE:  3865 19:26:51   -20035.248047        3.407264
FIRE:  3866 19:26:51   -20035.332031        0.487038
FIRE:  3867 19:26:52   -20035.298828        1.849513
FIRE:  3868 19:26:52   -20035.308594        1.747231
FIRE:  3869 19:26:52   -20035.302734        1.544615
FIRE:  3870 19:26:53   -20035.326172        1.245728
FIRE:  3871 19:26:53   -20035.314453        0.859653
FIRE:  3872 19:26:53   -20035.341797        0.402839
FIRE:  3873 19:26:54   -20035.333984        0.172137
FIRE:  3874 19:26:54   -20035.322266        0.543979
FIRE:  3875 19:26:54   -20035.330078        0.534314
FIRE:  3876 19:26:55   -20035.333984        0.515055
FIRE:  3877 19:26:55   -20035.328125        0.486702
FIRE:  3878 19:26:55   -20035.328125        0.449842
FIRE:  3879 19:26:56   -20035.337891        0.405557
FIRE:  3880 19:26:56   -20035.335938        0.354626
FIRE:  3881 19:26:56   -20035.333984        0.298493
FIRE:  3882 19:26:57   -20035.332031        0.232081
FIRE:  3883 19:26:57   -20035.326172        0.171980
FIRE:  3884 19:26:57   -20035.347656        0.171946
FIRE:  3885 19:26:58   -20035.337891        0.171919
FIRE:  3886 19:26:58   -20035.343750        0.171873
FIRE:  3887 19:26:58   -20035.328125        0.177668
FIRE:  3888 19:26:59   -20035.337891        0.230472
FIRE:  3889 19:26:59   -20035.341797        0.252647
FIRE:  3890 19:26:59   -20035.339844        0.235583
FIRE:  3891 19:27:00   -20035.337891        0.173542
FIRE:  3892 19:27:00   -20035.339844        0.171424
FIRE:  3893 19:27:00   -20035.363281        0.171283
FIRE:  3894 19:27:01   -20035.351562        0.171103
FIRE:  3895 19:27:01   -20035.359375        0.201227
FIRE:  3896 19:27:01   -20035.380859        0.170526
FIRE:  3897 19:27:02   -20035.394531        0.170050
FIRE:  3898 19:27:02   -20035.427734        0.169298
FIRE:  3899 19:27:02   -20035.435547        0.168168
FIRE:  3900 19:27:03   -20035.449219        0.166419
FIRE:  3901 19:27:03   -20035.455078        0.167842
FIRE:  3902 19:27:03   -20035.464844        0.159768
FIRE:  3903 19:27:04   -20035.496094        0.165468
FIRE:  3904 19:27:04   -20035.554688        0.146072
FIRE:  3905 19:27:04   -20035.593750        0.167958
FIRE:  3906 19:27:05   -20035.619141        0.233832
FIRE:  3907 19:27:05   -20035.697266        0.292604
FIRE:  3908 19:27:05   -20035.773438        0.531555
FIRE:  3909 19:27:06   -20035.849609        1.417462
FIRE:  3910 19:27:06   -20035.878906        3.306446
FIRE:  3911 19:27:07   -20035.986328        0.507166
FIRE:  3912 19:27:07   -20035.898438        4.159719
FIRE:  3913 19:27:07   -20035.962891        2.669470
FIRE:  3914 19:27:08   -20036.000000        0.551851
FIRE:  3915 19:27:08   -20035.988281        1.303688
FIRE:  3916 19:27:08   -20035.992188        1.227914
FIRE:  3917 19:27:09   -20035.994141        1.078912
FIRE:  3918 19:27:09   -20036.000000        0.862297
FIRE:  3919 19:27:09   -20036.001953        0.587018
FIRE:  3920 19:27:10   -20036.005859        0.269444
FIRE:  3921 19:27:10   -20036.009766        0.186202
FIRE:  3922 19:27:10   -20036.015625        0.366013
FIRE:  3923 19:27:11   -20036.007812        0.610537
FIRE:  3924 19:27:11   -20036.005859        0.756519
FIRE:  3925 19:27:11   -20036.015625        0.764434
FIRE:  3926 19:27:12   -20035.998047        0.609443
FIRE:  3927 19:27:12   -20036.000000        0.297412
FIRE:  3928 19:27:12   -20036.011719        0.188108
FIRE:  3929 19:27:13   -20036.019531        0.449904
FIRE:  3930 19:27:13   -20036.035156        0.574951
FIRE:  3931 19:27:13   -20036.037109        0.403282
FIRE:  3932 19:27:14   -20036.044922        0.190897
FIRE:  3933 19:27:14   -20036.046875        0.477285
FIRE:  3934 19:27:14   -20036.042969        0.412542
FIRE:  3935 19:27:15   -20036.080078        0.194422
FIRE:  3936 19:27:15   -20036.113281        0.457995
FIRE:  3937 19:27:15   -20036.177734        0.197509
FIRE:  3938 19:27:16   -20036.197266        0.470194
FIRE:  3939 19:27:16   -20036.251953        0.306955
FIRE:  3940 19:27:16   -20036.281250        0.202851
FIRE:  3941 19:27:17   -20036.351562        0.512204
FIRE:  3942 19:27:17   -20036.445312        1.106076
FIRE:  3943 19:27:17   -20036.527344        2.536508
FIRE:  3944 19:27:18   -20036.560547        0.211778
FIRE:  3945 19:27:18   -20036.537109        1.859386
FIRE:  3946 19:27:18   -20036.550781        1.508355
FIRE:  3947 19:27:19   -20036.562500        0.831576
FIRE:  3948 19:27:19   -20036.578125        0.212602
FIRE:  3949 19:27:19   -20036.582031        0.951798
FIRE:  3950 19:27:20   -20036.574219        0.892233
FIRE:  3951 19:27:20   -20036.572266        0.778070
FIRE:  3952 19:27:20   -20036.576172        0.618001
FIRE:  3953 19:27:21   -20036.576172        0.425026
FIRE:  3954 19:27:21   -20036.578125        0.215068
FIRE:  3955 19:27:21   -20036.585938        0.213139
FIRE:  3956 19:27:22   -20036.583984        0.213243
FIRE:  3957 19:27:22   -20036.578125        0.336253
FIRE:  3958 19:27:22   -20036.582031        0.442569
FIRE:  3959 19:27:23   -20036.578125        0.479425
FIRE:  3960 19:27:23   -20036.566406        0.429768
FIRE:  3961 19:27:24   -20036.574219        0.283968
FIRE:  3962 19:27:24   -20036.583984        0.214667
FIRE:  3963 19:27:24   -20036.595703        0.215133
FIRE:  3964 19:27:25   -20036.605469        0.372173
FIRE:  3965 19:27:25   -20036.609375        0.340701
FIRE:  3966 19:27:25   -20036.626953        0.217267
FIRE:  3967 19:27:26   -20036.650391        0.224416
FIRE:  3968 19:27:26   -20036.669922        0.325753
FIRE:  3969 19:27:26   -20036.701172        0.226179
FIRE:  3970 19:27:27   -20036.724609        0.294263
FIRE:  3971 19:27:27   -20036.771484        0.246492
FIRE:  3972 19:27:27   -20036.794922        0.296513
FIRE:  3973 19:27:28   -20036.851562        0.272188
FIRE:  3974 19:27:28   -20036.912109        0.382145
FIRE:  3975 19:27:28   -20037.023438        0.451816
FIRE:  3976 19:27:29   -20037.105469        0.501615
FIRE:  3977 19:27:29   -20037.179688        0.875135
FIRE:  3978 19:27:29   -20037.257812        2.423914
FIRE:  3979 19:27:30   -20037.207031        4.530006
FIRE:  3980 19:27:30   -20037.421875        0.933752
FIRE:  3981 19:27:30   -20037.207031        6.859428
FIRE:  3982 19:27:31   -20037.363281        3.864310
FIRE:  3983 19:27:31   -20037.439453        0.190227
FIRE:  3984 19:27:31   -20037.394531        2.390467
FIRE:  3985 19:27:32   -20037.400391        2.260979
FIRE:  3986 19:27:32   -20037.410156        2.001672
FIRE:  3987 19:27:32   -20037.423828        1.614693
FIRE:  3988 19:27:33   -20037.437500        1.106566
FIRE:  3989 19:27:33   -20037.449219        0.493807
FIRE:  3990 19:27:33   -20037.457031        0.185126
FIRE:  3991 19:27:34   -20037.453125        0.181802
FIRE:  3992 19:27:34   -20037.451172        0.179305
FIRE:  3993 19:27:34   -20037.445312        0.179264
FIRE:  3994 19:27:35   -20037.451172        0.179204
FIRE:  3995 19:27:35   -20037.451172        0.179133
FIRE:  3996 19:27:35   -20037.462891        0.179046
FIRE:  3997 19:27:36   -20037.455078        0.178942
FIRE:  3998 19:27:36   -20037.457031        0.178812
FIRE:  3999 19:27:36   -20037.453125        0.178651
FIRE:  4000 19:27:37   -20037.460938        0.178446
FIRE:  4001 19:27:37   -20037.460938        0.178192
FIRE:  4002 19:27:37   -20037.458984        0.177883
FIRE:  4003 19:27:38   -20037.466797        0.177497
FIRE:  4004 19:27:38   -20037.468750        0.177037
FIRE:  4005 19:27:38   -20037.468750        0.176476
FIRE:  4006 19:27:39   -20037.480469        0.175801
FIRE:  4007 19:27:39   -20037.490234        0.175005
FIRE:  4008 19:27:39   -20037.490234        0.174063
FIRE:  4009 19:27:40   -20037.500000        0.172966
FIRE:  4010 19:27:40   -20037.513672        0.171700
FIRE:  4011 19:27:41   -20037.509766        0.170271
FIRE:  4012 19:27:41   -20037.500000        0.168672
FIRE:  4013 19:27:41   -20037.529297        0.166934
FIRE:  4014 19:27:42   -20037.537109        0.165089
FIRE:  4015 19:27:42   -20037.550781        0.163205
FIRE:  4016 19:27:42   -20037.587891        0.161351
FIRE:  4017 19:27:43   -20037.607422        0.159639
FIRE:  4018 19:27:43   -20037.625000        0.158178
FIRE:  4019 19:27:43   -20037.650391        0.157086
FIRE:  4020 19:27:44   -20037.720703        0.156470
FIRE:  4021 19:27:44   -20037.773438        0.156201
FIRE:  4022 19:27:44   -20037.849609        0.155573
FIRE:  4023 19:27:45   -20037.914062        0.153831
FIRE:  4024 19:27:45   -20038.021484        0.355426
FIRE:  4025 19:27:45   -20038.113281        1.304427
FIRE:  4026 19:27:46   -20038.154297        3.264056
FIRE:  4027 19:27:46   -20038.251953        0.306262
FIRE:  4028 19:27:46   -20038.164062        4.263261
FIRE:  4029 19:27:47   -20038.232422        2.648308
FIRE:  4030 19:27:47   -20038.261719        0.406270
FIRE:  4031 19:27:47   -20038.253906        1.473585
FIRE:  4032 19:27:48   -20038.261719        1.385081
FIRE:  4033 19:27:48   -20038.259766        1.210633
FIRE:  4034 19:27:48   -20038.263672        0.956351
FIRE:  4035 19:27:49   -20038.271484        0.632787
FIRE:  4036 19:27:49   -20038.279297        0.259251
FIRE:  4037 19:27:49   -20038.265625        0.187737
FIRE:  4038 19:27:50   -20038.275391        0.473577
FIRE:  4039 19:27:50   -20038.273438        0.464950
FIRE:  4040 19:27:50   -20038.273438        0.447665
FIRE:  4041 19:27:51   -20038.271484        0.422197
FIRE:  4042 19:27:51   -20038.275391        0.389381
FIRE:  4043 19:27:51   -20038.277344        0.349604
FIRE:  4044 19:27:52   -20038.269531        0.304493
FIRE:  4045 19:27:52   -20038.275391        0.254725
FIRE:  4046 19:27:52   -20038.275391        0.196054
FIRE:  4047 19:27:53   -20038.275391        0.188638
FIRE:  4048 19:27:53   -20038.281250        0.188821
FIRE:  4049 19:27:53   -20038.285156        0.188960
FIRE:  4050 19:27:54   -20038.273438        0.189209
FIRE:  4051 19:27:54   -20038.279297        0.189454
FIRE:  4052 19:27:54   -20038.271484        0.203319
FIRE:  4053 19:27:55   -20038.285156        0.219018
FIRE:  4054 19:27:55   -20038.279297        0.198706
FIRE:  4055 19:27:55   -20038.285156        0.191153
FIRE:  4056 19:27:56   -20038.292969        0.191735
FIRE:  4057 19:27:56   -20038.296875        0.192390
FIRE:  4058 19:27:57   -20038.308594        0.193129
FIRE:  4059 19:27:57   -20038.330078        0.193828
FIRE:  4060 19:27:57   -20038.332031        0.194449
FIRE:  4061 19:27:58   -20038.355469        0.194940
FIRE:  4062 19:27:58   -20038.373047        0.195157
FIRE:  4063 19:27:58   -20038.388672        0.194678
FIRE:  4064 19:27:59   -20038.404297        0.193156
FIRE:  4065 19:27:59   -20038.453125        0.190101
FIRE:  4066 19:27:59   -20038.500000        0.184658
FIRE:  4067 19:28:00   -20038.552734        0.180564
FIRE:  4068 19:28:00   -20038.605469        0.173941
FIRE:  4069 19:28:00   -20038.681641        0.163457
FIRE:  4070 19:28:01   -20038.732422        0.197750
FIRE:  4071 19:28:01   -20038.855469        0.366510
FIRE:  4072 19:28:01   -20038.935547        0.807901
FIRE:  4073 19:28:02   -20038.998047        2.213053
FIRE:  4074 19:28:02   -20038.957031        4.179256
FIRE:  4075 19:28:02   -20039.154297        0.842466
FIRE:  4076 19:28:03   -20038.964844        5.870420
FIRE:  4077 19:28:03   -20039.076172        3.494593
FIRE:  4078 19:28:03   -20039.154297        0.405789
FIRE:  4079 19:28:04   -20039.115234        1.976401
FIRE:  4080 19:28:04   -20039.115234        1.866767
FIRE:  4081 19:28:04   -20039.136719        1.649104
FIRE:  4082 19:28:05   -20039.144531        1.327601
FIRE:  4083 19:28:05   -20039.150391        0.911066
FIRE:  4084 19:28:05   -20039.166016        0.417443
FIRE:  4085 19:28:06   -20039.158203        0.244577
FIRE:  4086 19:28:06   -20039.152344        0.600955
FIRE:  4087 19:28:06   -20039.152344        0.590183
FIRE:  4088 19:28:07   -20039.160156        0.568283
FIRE:  4089 19:28:07   -20039.150391        0.536067
FIRE:  4090 19:28:07   -20039.154297        0.494535
FIRE:  4091 19:28:08   -20039.156250        0.444391
FIRE:  4092 19:28:08   -20039.152344        0.387130
FIRE:  4093 19:28:08   -20039.154297        0.324316
FIRE:  4094 19:28:09   -20039.156250        0.250157
FIRE:  4095 19:28:09   -20039.160156        0.246412
FIRE:  4096 19:28:09   -20039.166016        0.246735
FIRE:  4097 19:28:10   -20039.167969        0.247147
FIRE:  4098 19:28:10   -20039.156250        0.247660
FIRE:  4099 19:28:10   -20039.162109        0.248290
FIRE:  4100 19:28:11   -20039.169922        0.255425
FIRE:  4101 19:28:11   -20039.173828        0.277001
FIRE:  4102 19:28:11   -20039.167969        0.254283
FIRE:  4103 19:28:12   -20039.173828        0.252514
FIRE:  4104 19:28:12   -20039.185547        0.254188
FIRE:  4105 19:28:13   -20039.191406        0.256204
FIRE:  4106 19:28:13   -20039.205078        0.258643
FIRE:  4107 19:28:13   -20039.222656        0.261543
FIRE:  4108 19:28:14   -20039.214844        0.264970
FIRE:  4109 19:28:14   -20039.238281        0.268982
FIRE:  4110 19:28:14   -20039.232422        0.273617
FIRE:  4111 19:28:15   -20039.265625        0.278849
FIRE:  4112 19:28:15   -20039.267578        0.284629
FIRE:  4113 19:28:15   -20039.318359        0.290826
FIRE:  4114 19:28:16   -20039.359375        0.297134
FIRE:  4115 19:28:16   -20039.427734        0.302902
FIRE:  4116 19:28:16   -20039.503906        0.306317
FIRE:  4117 19:28:17   -20039.607422        0.302665
FIRE:  4118 19:28:17   -20039.703125        0.281381
FIRE:  4119 19:28:17   -20039.822266        0.339050
FIRE:  4120 19:28:18   -20040.013672        0.514626
FIRE:  4121 19:28:18   -20040.195312        1.236248
FIRE:  4122 19:28:18   -20040.337891        2.308344
FIRE:  4123 19:28:19   -20040.511719        3.558224
FIRE:  4124 19:28:19   -20040.595703        1.525486
FIRE:  4125 19:28:19   -20040.603516        1.090602
FIRE:  4126 19:28:20   -20040.617188        0.607475
FIRE:  4127 19:28:20   -20040.623047        0.624004
FIRE:  4128 19:28:20   -20040.644531        1.203642
FIRE:  4129 19:28:21   -20040.648438        1.168413
FIRE:  4130 19:28:21   -20040.683594        0.583370
FIRE:  4131 19:28:21   -20040.707031        0.566346
FIRE:  4132 19:28:22   -20040.730469        0.809154
FIRE:  4133 19:28:22   -20040.753906        0.837997
FIRE:  4134 19:28:22   -20040.824219        0.487939
FIRE:  4135 19:28:23   -20040.873047        0.763086
FIRE:  4136 19:28:23   -20040.947266        0.643582
FIRE:  4137 19:28:23   -20041.019531        0.527344
FIRE:  4138 19:28:24   -20041.091797        0.607602
FIRE:  4139 19:28:24   -20041.214844        0.779739
FIRE:  4140 19:28:24   -20041.357422        0.355974
FIRE:  4141 19:28:25   -20041.523438        0.633372
FIRE:  4142 19:28:25   -20041.707031        1.462592
FIRE:  4143 19:28:25   -20041.884766        2.195361
FIRE:  4144 19:28:26   -20042.097656        2.578096
FIRE:  4145 19:28:26   -20042.216797        2.607244
FIRE:  4146 19:28:26   -20042.292969        0.351940
FIRE:  4147 19:28:27   -20042.259766        3.178751
FIRE:  4148 19:28:27   -20042.304688        1.988899
FIRE:  4149 19:28:27   -20042.328125        0.353799
FIRE:  4150 19:28:28   -20042.335938        1.166735
FIRE:  4151 19:28:28   -20042.339844        1.090078
FIRE:  4152 19:28:28   -20042.333984        0.940027
FIRE:  4153 19:28:29   -20042.341797        0.723906
FIRE:  4154 19:28:29   -20042.349609        0.454616
FIRE:  4155 19:28:29   -20042.355469        0.354888
FIRE:  4156 19:28:30   -20042.369141        0.355124
FIRE:  4157 19:28:30   -20042.367188        0.404677
FIRE:  4158 19:28:31   -20042.376953        0.598940
FIRE:  4159 19:28:31   -20042.378906        0.683154
FIRE:  4160 19:28:31   -20042.382812        0.617893
FIRE:  4161 19:28:32   -20042.398438        0.391493
FIRE:  4162 19:28:32   -20042.414062        0.358009
FIRE:  4163 19:28:32   -20042.439453        0.358899
FIRE:  4164 19:28:33   -20042.460938        0.505538
FIRE:  4165 19:28:33   -20042.482422        0.429447
FIRE:  4166 19:28:33   -20042.525391        0.362843
FIRE:  4167 19:28:34   -20042.554688        0.377229
FIRE:  4168 19:28:34   -20042.619141        0.421804
FIRE:  4169 19:28:34   -20042.679688        0.371610
FIRE:  4170 19:28:35   -20042.720703        0.431721
FIRE:  4171 19:28:35   -20042.800781        0.390058
FIRE:  4172 19:28:35   -20042.904297        0.466645
FIRE:  4173 19:28:36   -20043.021484        0.450656
FIRE:  4174 19:28:36   -20043.173828        0.513929
FIRE:  4175 19:28:36   -20043.337891        0.594934
FIRE:  4176 19:28:37   -20043.572266        1.071067
FIRE:  4177 19:28:37   -20043.789062        1.695235
FIRE:  4178 19:28:37   -20043.931641        2.028003
FIRE:  4179 19:28:38   -20044.097656        2.008054
FIRE:  4180 19:28:38   -20044.203125        2.087528
FIRE:  4181 19:28:38   -20044.267578        0.834366
FIRE:  4182 19:28:39   -20044.277344        0.799327
FIRE:  4183 19:28:39   -20044.281250        0.732170
FIRE:  4184 19:28:39   -20044.310547        0.639001
FIRE:  4185 19:28:40   -20044.326172        0.577444
FIRE:  4186 19:28:40   -20044.339844        0.443303
FIRE:  4187 19:28:40   -20044.375000        0.312563
FIRE:  4188 19:28:41   -20044.394531        0.322853
FIRE:  4189 19:28:41   -20044.406250        0.462149
FIRE:  4190 19:28:41   -20044.412109        0.297089
FIRE:  4191 19:28:42   -20044.458984        0.317173
FIRE:  4192 19:28:42   -20044.480469        0.375782
FIRE:  4193 19:28:42   -20044.546875        0.403802
FIRE:  4194 19:28:43   -20044.617188        0.383938
FIRE:  4195 19:28:43   -20044.662109        0.367344
FIRE:  4196 19:28:43   -20044.728516        0.384087
FIRE:  4197 19:28:44   -20044.857422        0.493815
FIRE:  4198 19:28:44   -20044.945312        0.850381
FIRE:  4199 19:28:44   -20045.054688        1.542025
FIRE:  4200 19:28:45   -20045.132812        2.872117
FIRE:  4201 19:28:45   -20045.208984        0.746855
FIRE:  4202 19:28:45   -20045.166016        2.847698
FIRE:  4203 19:28:46   -20045.207031        2.034553
FIRE:  4204 19:28:46   -20045.218750        0.758317
FIRE:  4205 19:28:46   -20045.232422        0.534187
FIRE:  4206 19:28:47   -20045.238281        0.505304
FIRE:  4207 19:28:47   -20045.234375        0.448616
FIRE:  4208 19:28:47   -20045.240234        0.367561
FIRE:  4209 19:28:48   -20045.240234        0.266985
FIRE:  4210 19:28:48   -20045.246094        0.153187
FIRE:  4211 19:28:49   -20045.250000        0.138731
FIRE:  4212 19:28:49   -20045.240234        0.137945
FIRE:  4213 19:28:49   -20045.250000        0.180277
FIRE:  4214 19:28:50   -20045.255859        0.255107
FIRE:  4215 19:28:50   -20045.261719        0.285885
FIRE:  4216 19:28:50   -20045.267578        0.257292
FIRE:  4217 19:28:51   -20045.257812        0.164305
FIRE:  4218 19:28:51   -20045.269531        0.132893
FIRE:  4219 19:28:51   -20045.279297        0.132891
FIRE:  4220 19:28:52   -20045.291016        0.216994
FIRE:  4221 19:28:52   -20045.298828        0.187363
FIRE:  4222 19:28:52   -20045.304688        0.136173
FIRE:  4223 19:28:53   -20045.310547        0.152700
FIRE:  4224 19:28:53   -20045.347656        0.184656
FIRE:  4225 19:28:53   -20045.382812        0.138415
FIRE:  4226 19:28:54   -20045.423828        0.185433
FIRE:  4227 19:28:54   -20045.462891        0.131944
FIRE:  4228 19:28:54   -20045.511719        0.198047
FIRE:  4229 19:28:55   -20045.546875        0.121359
FIRE:  4230 19:28:55   -20045.601562        0.117514
FIRE:  4231 19:28:55   -20045.673828        0.273102
FIRE:  4232 19:28:56   -20045.728516        0.538692
FIRE:  4233 19:28:56   -20045.791016        1.247557
FIRE:  4234 19:28:56   -20045.855469        2.622679
FIRE:  4235 19:28:57   -20045.916016        0.552866
FIRE:  4236 19:28:57   -20045.875000        2.720205
FIRE:  4237 19:28:57   -20045.892578        1.923376
FIRE:  4238 19:28:58   -20045.914062        0.676723
FIRE:  4239 19:28:58   -20045.927734        0.580191
FIRE:  4240 19:28:58   -20045.923828        0.547659
FIRE:  4241 19:28:59   -20045.929688        0.484562
FIRE:  4242 19:28:59   -20045.923828        0.393568
FIRE:  4243 19:28:59   -20045.931641        0.280591
FIRE:  4244 19:29:00   -20045.935547        0.152912
FIRE:  4245 19:29:00   -20045.929688        0.104895
FIRE:  4246 19:29:00   -20045.917969        0.104806
FIRE:  4247 19:29:01   -20045.921875        0.213567
FIRE:  4248 19:29:01   -20045.927734        0.290094
FIRE:  4249 19:29:01   -20045.923828        0.315652
FIRE:  4250 19:29:02   -20045.923828        0.275213
FIRE:  4251 19:29:02   -20045.925781        0.165314
FIRE:  4252 19:29:02   -20045.923828        0.103798
FIRE:  4253 19:29:03   -20045.925781        0.157614
FIRE:  4254 19:29:03   -20045.935547        0.241612
FIRE:  4255 19:29:03   -20045.937500        0.195442
FIRE:  4256 19:29:04   -20045.951172        0.102548
FIRE:  4257 19:29:04   -20045.951172        0.180640
FIRE:  4258 19:29:04   -20045.960938        0.194242
FIRE:  4259 19:29:05   -20045.992188        0.101263
FIRE:  4260 19:29:05   -20046.003906        0.204929
FIRE:  4261 19:29:05   -20046.052734        0.100125
FIRE:  4262 19:29:06   -20046.076172        0.215778
FIRE:  4263 19:29:06   -20046.125000        0.105268
FIRE:  4264 19:29:06   -20046.158203        0.096409
FIRE:  4265 19:29:07   -20046.179688        0.277171
FIRE:  4266 19:29:07   -20046.269531        0.564504
FIRE:  4267 19:29:08   -20046.343750        1.288418
FIRE:  4268 19:29:08   -20046.373047        2.706458
FIRE:  4269 19:29:08   -20046.445312        0.500434
FIRE:  4270 19:29:09   -20046.390625        2.961771
FIRE:  4271 19:29:09   -20046.423828        2.050089
FIRE:  4272 19:29:09   -20046.449219        0.650330
FIRE:  4273 19:29:10   -20046.439453        0.722606
FIRE:  4274 19:29:10   -20046.443359        0.681434
FIRE:  4275 19:29:10   -20046.437500        0.600850
FIRE:  4276 19:29:11   -20046.441406        0.484961
FIRE:  4277 19:29:11   -20046.449219        0.340183
FIRE:  4278 19:29:11   -20046.445312        0.175691
FIRE:  4279 19:29:12   -20046.445312        0.090025
FIRE:  4280 19:29:12   -20046.445312        0.153612
FIRE:  4281 19:29:12   -20046.445312        0.288439
FIRE:  4282 19:29:13   -20046.451172        0.378830
FIRE:  4283 19:29:13   -20046.451172        0.401760
FIRE:  4284 19:29:13   -20046.451172        0.340896
FIRE:  4285 19:29:14   -20046.468750        0.193590
FIRE:  4286 19:29:14   -20046.470703        0.091384
FIRE:  4287 19:29:14   -20046.466797        0.213492
FIRE:  4288 19:29:15   -20046.500000        0.307180
FIRE:  4289 19:29:15   -20046.501953        0.237575
FIRE:  4290 19:29:15   -20046.505859        0.093667
FIRE:  4291 19:29:16   -20046.507812        0.236879
FIRE:  4292 19:29:16   -20046.529297        0.238605
FIRE:  4293 19:29:16   -20046.552734        0.097115
FIRE:  4294 19:29:17   -20046.570312        0.256297
FIRE:  4295 19:29:17   -20046.607422        0.100855
FIRE:  4296 19:29:17   -20046.615234        0.269387
FIRE:  4297 19:29:18   -20046.664062        0.137222
FIRE:  4298 19:29:18   -20046.701172        0.109844
FIRE:  4299 19:29:18   -20046.751953        0.338116
FIRE:  4300 19:29:19   -20046.794922        0.676788
FIRE:  4301 19:29:19   -20046.851562        1.480565
FIRE:  4302 19:29:19   -20046.892578        3.050364
FIRE:  4303 19:29:20   -20046.978516        0.545521
FIRE:  4304 19:29:20   -20046.890625        3.567031
FIRE:  4305 19:29:20   -20046.927734        2.387668
FIRE:  4306 19:29:21   -20046.962891        0.641460
FIRE:  4307 19:29:21   -20046.962891        0.986967
FIRE:  4308 19:29:21   -20046.968750        0.930497
FIRE:  4309 19:29:22   -20046.976562        0.819270
FIRE:  4310 19:29:22   -20046.968750        0.658556
FIRE:  4311 19:29:22   -20046.966797        0.456115
FIRE:  4312 19:29:23   -20046.978516        0.224472
FIRE:  4313 19:29:23   -20046.976562        0.133317
FIRE:  4314 19:29:23   -20046.984375        0.239084
FIRE:  4315 19:29:24   -20046.980469        0.424461
FIRE:  4316 19:29:24   -20046.974609        0.542715
FIRE:  4317 19:29:24   -20046.974609        0.564212
FIRE:  4318 19:29:25   -20046.986328        0.468101
FIRE:  4319 19:29:25   -20046.998047        0.253698
FIRE:  4320 19:29:25   -20046.996094        0.135731
FIRE:  4321 19:29:26   -20046.990234        0.308864
FIRE:  4322 19:29:26   -20047.001953        0.427583
FIRE:  4323 19:29:26   -20047.007812        0.323734
FIRE:  4324 19:29:27   -20047.011719        0.139701
FIRE:  4325 19:29:27   -20047.033203        0.334410
FIRE:  4326 19:29:28   -20047.042969        0.330517
FIRE:  4327 19:29:28   -20047.060547        0.145571
FIRE:  4328 19:29:28   -20047.074219        0.351863
FIRE:  4329 19:29:29   -20047.109375        0.151822
FIRE:  4330 19:29:29   -20047.136719        0.376884
FIRE:  4331 19:29:29   -20047.205078        0.169979
FIRE:  4332 19:29:30   -20047.234375        0.165809
FIRE:  4333 19:29:30   -20047.289062        0.493081
FIRE:  4334 19:29:30   -20047.378906        0.899667
FIRE:  4335 19:29:31   -20047.468750        1.863424
FIRE:  4336 19:29:31   -20047.468750        3.718434
FIRE:  4337 19:29:31   -20047.591797        0.758277
FIRE:  4338 19:29:32   -20047.458984        4.741560
FIRE:  4339 19:29:32   -20047.525391        3.010287
FIRE:  4340 19:29:32   -20047.589844        0.600225
FIRE:  4341 19:29:33   -20047.580078        1.457918
FIRE:  4342 19:29:33   -20047.583984        1.375827
FIRE:  4343 19:29:33   -20047.593750        1.213615
FIRE:  4344 19:29:34   -20047.601562        0.977038
FIRE:  4345 19:29:34   -20047.591797        0.675273
FIRE:  4346 19:29:34   -20047.595703        0.324174
FIRE:  4347 19:29:35   -20047.605469        0.229120
FIRE:  4348 19:29:35   -20047.603516        0.388797
FIRE:  4349 19:29:35   -20047.609375        0.671416
FIRE:  4350 19:29:36   -20047.605469        0.656983
FIRE:  4351 19:29:36   -20047.611328        0.628774
FIRE:  4352 19:29:36   -20047.613281        0.587572
FIRE:  4353 19:29:37   -20047.613281        0.534117
FIRE:  4354 19:29:37   -20047.615234        0.469860
FIRE:  4355 19:29:37   -20047.609375        0.397308
FIRE:  4356 19:29:38   -20047.613281        0.318252
FIRE:  4357 19:29:38   -20047.613281        0.230738
FIRE:  4358 19:29:38   -20047.619141        0.230932
FIRE:  4359 19:29:39   -20047.619141        0.231177
FIRE:  4360 19:29:39   -20047.625000        0.231488
FIRE:  4361 19:29:39   -20047.628906        0.231879
FIRE:  4362 19:29:40   -20047.628906        0.268832
FIRE:  4363 19:29:40   -20047.625000        0.308582
FIRE:  4364 19:29:40   -20047.626953        0.301969
FIRE:  4365 19:29:41   -20047.619141        0.240577
FIRE:  4366 19:29:41   -20047.636719        0.235545
FIRE:  4367 19:29:41   -20047.640625        0.236821
FIRE:  4368 19:29:42   -20047.642578        0.238393
FIRE:  4369 19:29:42   -20047.667969        0.249184
FIRE:  4370 19:29:42   -20047.660156        0.242618
FIRE:  4371 19:29:43   -20047.681641        0.245424
FIRE:  4372 19:29:43   -20047.703125        0.248840
FIRE:  4373 19:29:43   -20047.728516        0.252967
FIRE:  4374 19:29:44   -20047.750000        0.257918
FIRE:  4375 19:29:44   -20047.759766        0.263783
FIRE:  4376 19:29:44   -20047.804688        0.270588
FIRE:  4377 19:29:45   -20047.865234        0.278325
FIRE:  4378 19:29:45   -20047.921875        0.286766
FIRE:  4379 19:29:45   -20047.988281        0.295279
FIRE:  4380 19:29:46   -20048.052734        0.302781
FIRE:  4381 19:29:46   -20048.171875        0.305853
FIRE:  4382 19:29:46   -20048.273438        0.295678
FIRE:  4383 19:29:47   -20048.371094        0.669577
FIRE:  4384 19:29:47   -20048.460938        1.922864
FIRE:  4385 19:29:48   -20048.494141        5.070136
FIRE:  4386 19:29:48   -20048.609375        2.025527
FIRE:  4387 19:29:48   -20048.625000        1.506153
FIRE:  4388 19:29:49   -20048.646484        0.514358
FIRE:  4389 19:29:49   -20048.646484        0.737524
FIRE:  4390 19:29:49   -20048.644531        0.675531
FIRE:  4391 19:29:50   -20048.646484        0.557890
FIRE:  4392 19:29:50   -20048.664062        0.396811
FIRE:  4393 19:29:50   -20048.646484        0.210196
FIRE:  4394 19:29:51   -20048.650391        0.208039
FIRE:  4395 19:29:51   -20048.648438        0.208939
FIRE:  4396 19:29:51   -20048.646484        0.284304
FIRE:  4397 19:29:52   -20048.648438        0.369351
FIRE:  4398 19:29:52   -20048.662109        0.388244
FIRE:  4399 19:29:52   -20048.671875        0.324533
FIRE:  4400 19:29:53   -20048.677734        0.217851
FIRE:  4401 19:29:53   -20048.693359        0.221222
FIRE:  4402 19:29:53   -20048.679688        0.238425
FIRE:  4403 19:29:54   -20048.712891        0.314995
FIRE:  4404 19:29:54   -20048.724609        0.237722
FIRE:  4405 19:29:54   -20048.742188        0.246307
FIRE:  4406 19:29:55   -20048.761719        0.263854
FIRE:  4407 19:29:55   -20048.781250        0.271049
FIRE:  4408 19:29:55   -20048.816406        0.288522
FIRE:  4409 19:29:56   -20048.871094        0.310599
FIRE:  4410 19:29:56   -20048.884766        0.338071
FIRE:  4411 19:29:56   -20048.968750        0.371526
FIRE:  4412 19:29:57   -20049.060547        0.409441
FIRE:  4413 19:29:57   -20049.119141        0.444148
FIRE:  4414 19:29:57   -20049.242188        0.450537
FIRE:  4415 19:29:58   -20049.398438        0.359245
FIRE:  4416 19:29:58   -20049.527344        0.369559
FIRE:  4417 19:29:58   -20049.615234        1.436340
FIRE:  4418 19:29:59   -20049.664062        3.258843
FIRE:  4419 19:29:59   -20049.767578        0.779309
FIRE:  4420 19:29:59   -20049.765625        0.755467
FIRE:  4421 19:30:00   -20049.775391        0.709639
FIRE:  4422 19:30:00   -20049.781250        0.645318
FIRE:  4423 19:30:00   -20049.800781        0.567392
FIRE:  4424 19:30:01   -20049.800781        0.481401
FIRE:  4425 19:30:01   -20049.804688        0.392558
FIRE:  4426 19:30:01   -20049.828125        0.305312
FIRE:  4427 19:30:02   -20049.832031        0.215034
FIRE:  4428 19:30:02   -20049.853516        0.166319
FIRE:  4429 19:30:02   -20049.892578        0.189555
FIRE:  4430 19:30:03   -20049.919922        0.183862
FIRE:  4431 19:30:03   -20049.921875        0.152739
FIRE:  4432 19:30:03   -20049.958984        0.166582
FIRE:  4433 19:30:04   -20050.007812        0.197447
FIRE:  4434 19:30:04   -20050.042969        0.214255
FIRE:  4435 19:30:04   -20050.085938        0.208604
FIRE:  4436 19:30:05   -20050.144531        0.169677
FIRE:  4437 19:30:05   -20050.220703        0.240275
FIRE:  4438 19:30:05   -20050.296875        0.653007
FIRE:  4439 19:30:06   -20050.376953        2.305615
FIRE:  4440 19:30:06   -20050.414062        0.175733
FIRE:  4441 19:30:06   -20050.416016        0.173136
FIRE:  4442 19:30:07   -20050.414062        0.168025
FIRE:  4443 19:30:07   -20050.404297        0.160564
FIRE:  4444 19:30:08   -20050.406250        0.150958
FIRE:  4445 19:30:08   -20050.417969        0.139588
FIRE:  4446 19:30:08   -20050.406250        0.126836
FIRE:  4447 19:30:09   -20050.437500        0.113164
FIRE:  4448 19:30:09   -20050.437500        0.097459
FIRE:  4449 19:30:09   -20050.443359        0.096558
FIRE:  4450 19:30:10   -20050.453125        0.096048
FIRE:  4451 19:30:10   -20050.455078        0.096296
FIRE:  4452 19:30:10   -20050.478516        0.097505
FIRE:  4453 19:30:11   -20050.486328        0.099085
FIRE:  4454 19:30:11   -20050.500000        0.101224
FIRE:  4455 19:30:11   -20050.521484        0.104120
FIRE:  4456 19:30:12   -20050.550781        0.108074
FIRE:  4457 19:30:12   -20050.583984        0.113538
FIRE:  4458 19:30:12   -20050.621094        0.121060
FIRE:  4459 19:30:13   -20050.666016        0.144220
FIRE:  4460 19:30:13   -20050.728516        0.369708
FIRE:  4461 19:30:13   -20050.816406        1.220234
FIRE:  4462 19:30:14   -20050.865234        3.115136
FIRE:  4463 19:30:14   -20050.943359        0.464320
FIRE:  4464 19:30:14   -20050.869141        3.811333
FIRE:  4465 19:30:15   -20050.916016        2.488822
FIRE:  4466 19:30:15   -20050.968750        0.571491
FIRE:  4467 19:30:15   -20050.957031        1.155672
FIRE:  4468 19:30:16   -20050.949219        1.087954
FIRE:  4469 19:30:16   -20050.958984        0.955464
FIRE:  4470 19:30:16   -20050.976562        0.763142
FIRE:  4471 19:30:17   -20050.962891        0.520117
FIRE:  4472 19:30:17   -20050.964844        0.240662
FIRE:  4473 19:30:17   -20050.970703        0.174029
FIRE:  4474 19:30:18   -20050.976562        0.312968
FIRE:  4475 19:30:18   -20050.974609        0.528325
FIRE:  4476 19:30:18   -20050.984375        0.658597
FIRE:  4477 19:30:19   -20050.978516        0.669715
FIRE:  4478 19:30:19   -20050.978516        0.539310
FIRE:  4479 19:30:19   -20050.986328        0.270799
FIRE:  4480 19:30:20   -20050.998047        0.174900
FIRE:  4481 19:30:20   -20050.992188        0.387640
FIRE:  4482 19:30:20   -20050.998047        0.506151
FIRE:  4483 19:30:21   -20050.998047        0.361625
FIRE:  4484 19:30:21   -20051.003906        0.174056
FIRE:  4485 19:30:21   -20051.023438        0.412935
FIRE:  4486 19:30:22   -20051.031250        0.369499
FIRE:  4487 19:30:22   -20051.054688        0.167049
FIRE:  4488 19:30:22   -20051.082031        0.405666
FIRE:  4489 19:30:23   -20051.087891        0.150771
FIRE:  4490 19:30:23   -20051.121094        0.419487
FIRE:  4491 19:30:23   -20051.148438        0.260500
FIRE:  4492 19:30:24   -20051.199219        0.090916
FIRE:  4493 19:30:24   -20051.250000        0.457504
FIRE:  4494 19:30:24   -20051.322266        0.996800
FIRE:  4495 19:30:25   -20051.367188        2.201151
FIRE:  4496 19:30:25   -20051.390625        0.138547
FIRE:  4497 19:30:25   -20051.365234        1.634798
FIRE:  4498 19:30:26   -20051.373047        1.321910
FIRE:  4499 19:30:26   -20051.386719        0.724644
FIRE:  4500 19:30:26   -20051.398438        0.122106
FIRE:  4501 19:30:27   -20051.392578        0.817455
FIRE:  4502 19:30:27   -20051.390625        0.767763
FIRE:  4503 19:30:27   -20051.392578        0.671570
FIRE:  4504 19:30:28   -20051.404297        0.536570
FIRE:  4505 19:30:28   -20051.390625        0.372949
FIRE:  4506 19:30:29   -20051.394531        0.193463
FIRE:  4507 19:30:29   -20051.390625        0.113104
FIRE:  4508 19:30:29   -20051.400391        0.147313
FIRE:  4509 19:30:30   -20051.402344        0.284261
FIRE:  4510 19:30:30   -20051.392578        0.379146
FIRE:  4511 19:30:30   -20051.390625        0.415025
FIRE:  4512 19:30:31   -20051.388672        0.377280
FIRE:  4513 19:30:31   -20051.384766        0.256872
FIRE:  4514 19:30:31   -20051.398438        0.095616
FIRE:  4515 19:30:32   -20051.408203        0.162339
FIRE:  4516 19:30:32   -20051.414062        0.313502
FIRE:  4517 19:30:32   -20051.406250        0.302969
FIRE:  4518 19:30:33   -20051.406250        0.104950
FIRE:  4519 19:30:33   -20051.439453        0.173646
FIRE:  4520 19:30:33   -20051.437500        0.284682
FIRE:  4521 19:30:34   -20051.462891        0.112743
FIRE:  4522 19:30:34   -20051.468750        0.236994
FIRE:  4523 19:30:34   -20051.503906        0.181685
FIRE:  4524 19:30:35   -20051.523438        0.234781
FIRE:  4525 19:30:35   -20051.550781        0.122339
FIRE:  4526 19:30:35   -20051.582031        0.345461
FIRE:  4527 19:30:36   -20051.617188        0.335065
FIRE:  4528 19:30:36   -20051.666016        0.299290
FIRE:  4529 19:30:36   -20051.714844        0.494614
FIRE:  4530 19:30:37   -20051.789062        1.415141
FIRE:  4531 19:30:37   -20051.781250        3.501105
FIRE:  4532 19:30:37   -20051.892578        0.389569
FIRE:  4533 19:30:38   -20051.787109        4.778778
FIRE:  4534 19:30:38   -20051.853516        2.911674
FIRE:  4535 19:30:38   -20051.904297        0.382260
FIRE:  4536 19:30:39   -20051.875000        1.686963
FIRE:  4537 19:30:39   -20051.882812        1.587931
FIRE:  4538 19:30:39   -20051.882812        1.391738
FIRE:  4539 19:30:40   -20051.898438        1.104315
FIRE:  4540 19:30:40   -20051.908203        0.735310
FIRE:  4541 19:30:40   -20051.902344        0.303142
FIRE:  4542 19:30:41   -20051.906250        0.158728
FIRE:  4543 19:30:41   -20051.916016        0.155970
FIRE:  4544 19:30:41   -20051.908203        0.150137
FIRE:  4545 19:30:42   -20051.912109        0.142037
FIRE:  4546 19:30:42   -20051.916016        0.131370
FIRE:  4547 19:30:42   -20051.917969        0.118245
FIRE:  4548 19:30:43   -20051.916016        0.103466
FIRE:  4549 19:30:43   -20051.921875        0.102713
FIRE:  4550 19:30:43   -20051.912109        0.102721
FIRE:  4551 19:30:44   -20051.919922        0.102728
FIRE:  4552 19:30:44   -20051.914062        0.102736
FIRE:  4553 19:30:44   -20051.919922        0.102748
FIRE:  4554 19:30:45   -20051.916016        0.102764
FIRE:  4555 19:30:45   -20051.927734        0.102780
FIRE:  4556 19:30:45   -20051.931641        0.102803
FIRE:  4557 19:30:46   -20051.933594        0.102830
FIRE:  4558 19:30:46   -20051.933594        0.102861
FIRE:  4559 19:30:46   -20051.937500        0.102902
FIRE:  4560 19:30:47   -20051.931641        0.102948
FIRE:  4561 19:30:47   -20051.916016        0.103005
FIRE:  4562 19:30:47   -20051.921875        0.103072
FIRE:  4563 19:30:48   -20051.931641        0.103150
FIRE:  4564 19:30:48   -20051.947266        0.103244
FIRE:  4565 19:30:49   -20051.958984        0.103346
FIRE:  4566 19:30:49   -20051.964844        0.103460
FIRE:  4567 19:30:49   -20051.964844        0.103580
FIRE:  4568 19:30:50   -20051.962891        0.103696
FIRE:  4569 19:30:50   -20051.992188        0.103783
FIRE:  4570 19:30:50   -20052.019531        0.103810
FIRE:  4571 19:30:51   -20052.039062        0.103721
FIRE:  4572 19:30:51   -20052.064453        0.103420
FIRE:  4573 19:30:51   -20052.095703        0.102758
FIRE:  4574 19:30:52   -20052.142578        0.101511
FIRE:  4575 19:30:52   -20052.177734        0.123303
FIRE:  4576 19:30:52   -20052.242188        0.317219
FIRE:  4577 19:30:53   -20052.324219        1.090932
FIRE:  4578 19:30:53   -20052.324219        2.982448
FIRE:  4579 19:30:53   -20052.404297        0.248421
FIRE:  4580 19:30:54   -20052.339844        3.768495
FIRE:  4581 19:30:54   -20052.388672        2.397839
FIRE:  4582 19:30:54   -20052.431641        0.440562
FIRE:  4583 19:30:55   -20052.410156        1.276577
FIRE:  4584 19:30:55   -20052.412109        1.199003
FIRE:  4585 19:30:55   -20052.408203        1.046801
FIRE:  4586 19:30:56   -20052.408203        0.825688
FIRE:  4587 19:30:56   -20052.412109        0.545825
FIRE:  4588 19:30:56   -20052.425781        0.224144
FIRE:  4589 19:30:57   -20052.423828        0.112145
FIRE:  4590 19:30:57   -20052.431641        0.402920
FIRE:  4591 19:30:57   -20052.433594        0.395629
FIRE:  4592 19:30:58   -20052.427734        0.381366
FIRE:  4593 19:30:58   -20052.423828        0.360257
FIRE:  4594 19:30:58   -20052.427734        0.332436
FIRE:  4595 19:30:59   -20052.425781        0.299278
FIRE:  4596 19:30:59   -20052.437500        0.261270
FIRE:  4597 19:30:59   -20052.429688        0.219512
FIRE:  4598 19:31:00   -20052.425781        0.170073
FIRE:  4599 19:31:00   -20052.429688        0.113377
FIRE:  4600 19:31:00   -20052.431641        0.111433
FIRE:  4601 19:31:01   -20052.433594        0.111494
FIRE:  4602 19:31:01   -20052.419922        0.111584
FIRE:  4603 19:31:01   -20052.431641        0.133754
FIRE:  4604 19:31:02   -20052.423828        0.172262
FIRE:  4605 19:31:02   -20052.435547        0.187404
FIRE:  4606 19:31:03   -20052.451172        0.172146
FIRE:  4607 19:31:03   -20052.445312        0.122663
FIRE:  4608 19:31:03   -20052.441406        0.112868
FIRE:  4609 19:31:04   -20052.455078        0.113305
FIRE:  4610 19:31:04   -20052.453125        0.128422
FIRE:  4611 19:31:04   -20052.466797        0.147224
FIRE:  4612 19:31:05   -20052.480469        0.115233
FIRE:  4613 19:31:05   -20052.482422        0.116222
FIRE:  4614 19:31:05   -20052.492188        0.122352
FIRE:  4615 19:31:06   -20052.513672        0.118933
FIRE:  4616 19:31:06   -20052.515625        0.120787
FIRE:  4617 19:31:06   -20052.525391        0.126078
FIRE:  4618 19:31:07   -20052.535156        0.126200
FIRE:  4619 19:31:07   -20052.548828        0.130064
FIRE:  4620 19:31:07   -20052.611328        0.135126
FIRE:  4621 19:31:08   -20052.619141        0.141769
FIRE:  4622 19:31:08   -20052.693359        0.175733
FIRE:  4623 19:31:08   -20052.746094        0.265331
FIRE:  4624 19:31:09   -20052.833984        0.533075
FIRE:  4625 19:31:09   -20052.960938        1.470429
FIRE:  4626 19:31:09   -20052.968750        3.471756
FIRE:  4627 19:31:10   -20053.083984        0.503851
FIRE:  4628 19:31:10   -20052.986328        4.526109
FIRE:  4629 19:31:10   -20053.044922        2.836420
FIRE:  4630 19:31:11   -20053.099609        0.492496
FIRE:  4631 19:31:11   -20053.097656        1.486657
FIRE:  4632 19:31:11   -20053.097656        1.400188
FIRE:  4633 19:31:12   -20053.107422        1.229639
FIRE:  4634 19:31:12   -20053.097656        0.980509
FIRE:  4635 19:31:12   -20053.101562        0.663309
FIRE:  4636 19:31:13   -20053.115234        0.294859
FIRE:  4637 19:31:13   -20053.123047        0.265901
FIRE:  4638 19:31:13   -20053.113281        0.440817
FIRE:  4639 19:31:14   -20053.125000        0.433099
FIRE:  4640 19:31:14   -20053.119141        0.417477
FIRE:  4641 19:31:14   -20053.113281        0.394693
FIRE:  4642 19:31:15   -20053.119141        0.365029
FIRE:  4643 19:31:15   -20053.123047        0.329236
FIRE:  4644 19:31:15   -20053.119141        0.288304
FIRE:  4645 19:31:16   -20053.121094        0.267161
FIRE:  4646 19:31:16   -20053.111328        0.267339
FIRE:  4647 19:31:16   -20053.109375        0.267589
FIRE:  4648 19:31:17   -20053.125000        0.267875
FIRE:  4649 19:31:17   -20053.125000        0.268235
FIRE:  4650 19:31:18   -20053.121094        0.268717
FIRE:  4651 19:31:18   -20053.132812        0.269300
FIRE:  4652 19:31:18   -20053.125000        0.269986
FIRE:  4653 19:31:19   -20053.117188        0.270829
FIRE:  4654 19:31:19   -20053.123047        0.271860
FIRE:  4655 19:31:19   -20053.138672        0.273095
FIRE:  4656 19:31:20   -20053.136719        0.274571
FIRE:  4657 19:31:20   -20053.146484        0.276367
FIRE:  4658 19:31:20   -20053.160156        0.278515
FIRE:  4659 19:31:21   -20053.167969        0.281047
FIRE:  4660 19:31:21   -20053.158203        0.284016
FIRE:  4661 19:31:21   -20053.187500        0.287453
FIRE:  4662 19:31:22   -20053.197266        0.291372
FIRE:  4663 19:31:22   -20053.228516        0.295810
FIRE:  4664 19:31:22   -20053.230469        0.300601
FIRE:  4665 19:31:23   -20053.269531        0.305554
FIRE:  4666 19:31:23   -20053.326172        0.310156
FIRE:  4667 19:31:23   -20053.345703        0.313633
FIRE:  4668 19:31:24   -20053.421875        0.314718
FIRE:  4669 19:31:24   -20053.478516        0.311667
FIRE:  4670 19:31:24   -20053.576172        0.310972
FIRE:  4671 19:31:25   -20053.667969        0.299328
FIRE:  4672 19:31:25   -20053.794922        0.459001
FIRE:  4673 19:31:25   -20053.980469        1.403576
FIRE:  4674 19:31:26   -20054.039062        2.967134
FIRE:  4675 19:31:26   -20054.115234        0.351901
FIRE:  4676 19:31:26   -20054.050781        3.574939
FIRE:  4677 19:31:27   -20054.089844        2.330479
FIRE:  4678 19:31:27   -20054.130859        0.519015
FIRE:  4679 19:31:27   -20054.130859        1.102423
FIRE:  4680 19:31:28   -20054.128906        1.036435
FIRE:  4681 19:31:28   -20054.142578        0.907084
FIRE:  4682 19:31:28   -20054.134766        0.720122
FIRE:  4683 19:31:29   -20054.142578        0.485566
FIRE:  4684 19:31:29   -20054.144531        0.299125
FIRE:  4685 19:31:29   -20054.146484        0.301027
FIRE:  4686 19:31:30   -20054.146484        0.303308
FIRE:  4687 19:31:30   -20054.150391        0.504249
FIRE:  4688 19:31:30   -20054.158203        0.622198
FIRE:  4689 19:31:31   -20054.171875        0.618928
FIRE:  4690 19:31:31   -20054.171875        0.472978
FIRE:  4691 19:31:31   -20054.191406        0.326548
FIRE:  4692 19:31:32   -20054.201172        0.335162
FIRE:  4693 19:31:32   -20054.207031        0.410972
FIRE:  4694 19:31:32   -20054.208984        0.471569
FIRE:  4695 19:31:33   -20054.226562        0.377142
FIRE:  4696 19:31:33   -20054.267578        0.399137
FIRE:  4697 19:31:34   -20054.269531        0.435180
FIRE:  4698 19:31:34   -20054.332031        0.463088
FIRE:  4699 19:31:34   -20054.373047        0.508486
FIRE:  4700 19:31:35   -20054.398438        0.565311
FIRE:  4701 19:31:35   -20054.486328        0.633736
FIRE:  4702 19:31:35   -20054.566406        0.710994
FIRE:  4703 19:31:36   -20054.728516        0.782107
FIRE:  4704 19:31:36   -20054.929688        0.796212
FIRE:  4705 19:31:36   -20055.150391        0.590534
FIRE:  4706 19:31:37   -20055.316406        0.643343
FIRE:  4707 19:31:37   -20055.304688        2.643495
FIRE:  4708 19:31:37   -20055.412109        1.847809
FIRE:  4709 19:31:38   -20055.486328        1.079240
FIRE:  4710 19:31:38   -20055.519531        0.836267
FIRE:  4711 19:31:38   -20055.533203        0.873744
FIRE:  4712 19:31:39   -20055.539062        0.839414
FIRE:  4713 19:31:39   -20055.550781        0.772130
FIRE:  4714 19:31:39   -20055.560547        0.674631
FIRE:  4715 19:31:40   -20055.558594        0.551593
FIRE:  4716 19:31:40   -20055.580078        0.410789
FIRE:  4717 19:31:40   -20055.597656        0.295493
FIRE:  4718 19:31:41   -20055.589844        0.282690
FIRE:  4719 19:31:41   -20055.625000        0.284896
FIRE:  4720 19:31:41   -20055.648438        0.287629
FIRE:  4721 19:31:42   -20055.666016        0.380090
FIRE:  4722 19:31:42   -20055.683594        0.442869
FIRE:  4723 19:31:42   -20055.720703        0.429601
FIRE:  4724 19:31:43   -20055.738281        0.331461
FIRE:  4725 19:31:43   -20055.783203        0.309286
FIRE:  4726 19:31:43   -20055.851562        0.313925
FIRE:  4727 19:31:44   -20055.906250        0.316507
FIRE:  4728 19:31:44   -20055.972656        0.323557
FIRE:  4729 19:31:44   -20056.076172        0.307425
FIRE:  4730 19:31:45   -20056.169922        0.430033
FIRE:  4731 19:31:45   -20056.257812        0.802098
FIRE:  4732 19:31:45   -20056.310547        1.695455
FIRE:  4733 19:31:46   -20056.320312        4.700925
FIRE:  4734 19:31:46   -20056.437500        0.833873
FIRE:  4735 19:31:46   -20056.441406        0.640627
FIRE:  4736 19:31:47   -20056.451172        0.418761
FIRE:  4737 19:31:47   -20056.451172        0.401831
FIRE:  4738 19:31:47   -20056.468750        0.477550
FIRE:  4739 19:31:48   -20056.464844        0.619392
FIRE:  4740 19:31:48   -20056.482422        0.517540
FIRE:  4741 19:31:48   -20056.480469        0.297156
FIRE:  4742 19:31:49   -20056.503906        0.263194
FIRE:  4743 19:31:49   -20056.496094        0.444436
FIRE:  4744 19:31:49   -20056.500000        0.403710
FIRE:  4745 19:31:50   -20056.527344        0.143897
FIRE:  4746 19:31:50   -20056.533203        0.407747
FIRE:  4747 19:31:51   -20056.558594        0.287937
FIRE:  4748 19:31:51   -20056.585938        0.294207
FIRE:  4749 19:31:51   -20056.599609        0.305943
FIRE:  4750 19:31:52   -20056.636719        0.381539
FIRE:  4751 19:31:52   -20056.662109        0.183769
FIRE:  4752 19:31:52   -20056.728516        0.434170
FIRE:  4753 19:31:53   -20056.761719        0.710638
FIRE:  4754 19:31:53   -20056.849609        1.053591
FIRE:  4755 19:31:53   -20056.929688        2.151679
FIRE:  4756 19:31:54   -20056.919922        4.306876
FIRE:  4757 19:31:54   -20057.115234        0.985942
FIRE:  4758 19:31:54   -20056.953125        5.995912
FIRE:  4759 19:31:55   -20057.056641        3.585014
FIRE:  4760 19:31:55   -20057.115234        0.449337
FIRE:  4761 19:31:55   -20057.105469        1.977313
FIRE:  4762 19:31:56   -20057.107422        1.868999
FIRE:  4763 19:31:56   -20057.125000        1.654155
FIRE:  4764 19:31:56   -20057.123047        1.336644
FIRE:  4765 19:31:57   -20057.140625        0.924776
FIRE:  4766 19:31:57   -20057.148438        0.436844
FIRE:  4767 19:31:57   -20057.144531        0.252820
FIRE:  4768 19:31:58   -20057.160156        0.577427
FIRE:  4769 19:31:58   -20057.144531        0.566787
FIRE:  4770 19:31:58   -20057.156250        0.546139
FIRE:  4771 19:31:59   -20057.138672        0.515891
FIRE:  4772 19:31:59   -20057.146484        0.476525
FIRE:  4773 19:31:59   -20057.152344        0.429188
FIRE:  4774 19:32:00   -20057.152344        0.374963
FIRE:  4775 19:32:00   -20057.160156        0.315282
FIRE:  4776 19:32:00   -20057.162109        0.253574
FIRE:  4777 19:32:01   -20057.162109        0.253699
FIRE:  4778 19:32:01   -20057.158203        0.253849
FIRE:  4779 19:32:01   -20057.171875        0.254036
FIRE:  4780 19:32:02   -20057.171875        0.254272
FIRE:  4781 19:32:02   -20057.160156        0.254564
FIRE:  4782 19:32:02   -20057.187500        0.254908
FIRE:  4783 19:32:03   -20057.208984        0.265298
FIRE:  4784 19:32:03   -20057.193359        0.255803
FIRE:  4785 19:32:03   -20057.201172        0.256375
FIRE:  4786 19:32:04   -20057.214844        0.257814
FIRE:  4787 19:32:04   -20057.220703        0.260015
FIRE:  4788 19:32:04   -20057.226562        0.262441
FIRE:  4789 19:32:05   -20057.214844        0.265007
FIRE:  4790 19:32:05   -20057.230469        0.267556
FIRE:  4791 19:32:05   -20057.238281        0.269801
FIRE:  4792 19:32:06   -20057.255859        0.271265
FIRE:  4793 19:32:06   -20057.300781        0.271173
FIRE:  4794 19:32:07   -20057.314453        0.268427
FIRE:  4795 19:32:07   -20057.351562        0.265200
FIRE:  4796 19:32:07   -20057.392578        0.266413
FIRE:  4797 19:32:08   -20057.447266        0.268696
FIRE:  4798 19:32:08   -20057.525391        0.273586
FIRE:  4799 19:32:08   -20057.605469        0.283654
FIRE:  4800 19:32:09   -20057.693359        0.301871
FIRE:  4801 19:32:09   -20057.812500        0.338761
FIRE:  4802 19:32:09   -20057.978516        0.650765
FIRE:  4803 19:32:10   -20058.105469        1.679348
FIRE:  4804 19:32:10   -20058.193359        2.975804
FIRE:  4805 19:32:10   -20058.273438        0.443390
FIRE:  4806 19:32:11   -20058.218750        3.574590
FIRE:  4807 19:32:11   -20058.259766        2.329900
FIRE:  4808 19:32:11   -20058.296875        0.518332
FIRE:  4809 19:32:12   -20058.294922        1.096402
FIRE:  4810 19:32:12   -20058.289062        1.030802
FIRE:  4811 19:32:12   -20058.292969        0.902270
FIRE:  4812 19:32:13   -20058.300781        0.716313
FIRE:  4813 19:32:13   -20058.300781        0.483247
FIRE:  4814 19:32:13   -20058.302734        0.456048
FIRE:  4815 19:32:14   -20058.302734        0.457100
FIRE:  4816 19:32:14   -20058.310547        0.458351
FIRE:  4817 19:32:14   -20058.310547        0.498032
FIRE:  4818 19:32:15   -20058.326172        0.615686
FIRE:  4819 19:32:15   -20058.328125        0.611412
FIRE:  4820 19:32:15   -20058.339844        0.467262
FIRE:  4821 19:32:16   -20058.359375        0.470873
FIRE:  4822 19:32:16   -20058.369141        0.475361
FIRE:  4823 19:32:16   -20058.404297        0.480922
FIRE:  4824 19:32:17   -20058.392578        0.487692
FIRE:  4825 19:32:17   -20058.421875        0.495880
FIRE:  4826 19:32:17   -20058.447266        0.505849
FIRE:  4827 19:32:18   -20058.478516        0.517936
FIRE:  4828 19:32:18   -20058.525391        0.532352
FIRE:  4829 19:32:18   -20058.574219        0.549564
FIRE:  4830 19:32:19   -20058.628906        0.569708
FIRE:  4831 19:32:19   -20058.716797        0.591962
FIRE:  4832 19:32:19   -20058.833984        0.612267
FIRE:  4833 19:32:20   -20058.939453        0.617748
FIRE:  4834 19:32:20   -20059.089844        0.578168
FIRE:  4835 19:32:20   -20059.259766        0.435838
FIRE:  4836 19:32:21   -20059.427734        0.575828
FIRE:  4837 19:32:21   -20059.523438        1.360436
FIRE:  4838 19:32:21   -20059.554688        2.930821
FIRE:  4839 19:32:22   -20059.638672        1.120579
FIRE:  4840 19:32:22   -20059.646484        1.090701
FIRE:  4841 19:32:23   -20059.664062        1.033149
FIRE:  4842 19:32:23   -20059.673828        0.951875
FIRE:  4843 19:32:23   -20059.701172        0.852905
FIRE:  4844 19:32:24   -20059.712891        0.743704
FIRE:  4845 19:32:24   -20059.732422        0.631093
FIRE:  4846 19:32:24   -20059.753906        0.519970
FIRE:  4847 19:32:25   -20059.777344        0.403390
FIRE:  4848 19:32:25   -20059.787109        0.367404
FIRE:  4849 19:32:25   -20059.812500        0.185957
FIRE:  4850 19:32:26   -20059.824219        0.300149
FIRE:  4851 19:32:26   -20059.839844        0.315973
FIRE:  4852 19:32:26   -20059.861328        0.388279
FIRE:  4853 19:32:27   -20059.882812        0.432158
FIRE:  4854 19:32:27   -20059.927734        0.444786
FIRE:  4855 19:32:27   -20059.968750        0.423341
FIRE:  4856 19:32:28   -20060.066406        0.405248
FIRE:  4857 19:32:28   -20060.146484        0.486967
FIRE:  4858 19:32:28   -20060.234375        0.689348
FIRE:  4859 19:32:29   -20060.302734        1.523537
FIRE:  4860 19:32:29   -20060.316406        3.250112
FIRE:  4861 19:32:29   -20060.427734        0.683364
FIRE:  4862 19:32:30   -20060.347656        3.747177
FIRE:  4863 19:32:30   -20060.386719        2.512841
FIRE:  4864 19:32:30   -20060.417969        0.691237
FIRE:  4865 19:32:31   -20060.431641        0.995586
FIRE:  4866 19:32:31   -20060.423828        0.939474
FIRE:  4867 19:32:31   -20060.423828        0.829134
FIRE:  4868 19:32:32   -20060.425781        0.669779
FIRE:  4869 19:32:32   -20060.443359        0.468925
FIRE:  4870 19:32:32   -20060.439453        0.290697
FIRE:  4871 19:32:33   -20060.441406        0.291973
FIRE:  4872 19:32:33   -20060.443359        0.293528
FIRE:  4873 19:32:33   -20060.443359        0.412418
FIRE:  4874 19:32:34   -20060.449219        0.536937
FIRE:  4875 19:32:34   -20060.447266        0.563786
FIRE:  4876 19:32:34   -20060.457031        0.469620
FIRE:  4877 19:32:35   -20060.455078        0.308901
FIRE:  4878 19:32:35   -20060.468750        0.314347
FIRE:  4879 19:32:35   -20060.482422        0.321209
FIRE:  4880 19:32:36   -20060.484375        0.428472
FIRE:  4881 19:32:36   -20060.496094        0.339982
FIRE:  4882 19:32:36   -20060.498047        0.352728
FIRE:  4883 19:32:37   -20060.531250        0.368632
FIRE:  4884 19:32:37   -20060.570312        0.388095
FIRE:  4885 19:32:37   -20060.599609        0.412059
FIRE:  4886 19:32:38   -20060.664062        0.441911
FIRE:  4887 19:32:38   -20060.710938        0.479538
FIRE:  4888 19:32:39   -20060.761719        0.530157
FIRE:  4889 19:32:39   -20060.798828        0.605371
FIRE:  4890 19:32:39   -20060.917969        0.732814
FIRE:  4891 19:32:40   -20061.085938        0.957100
FIRE:  4892 19:32:40   -20061.302734        1.289142
FIRE:  4893 19:32:40   -20061.667969        1.383019
FIRE:  4894 19:32:41   -20061.939453        1.296092
FIRE:  4895 19:32:41   -20061.728516        4.831831
FIRE:  4896 19:32:41   -20062.023438        1.665994
FIRE:  4897 19:32:42   -20062.056641        1.416467
FIRE:  4898 19:32:42   -20062.076172        1.027120
FIRE:  4899 19:32:42   -20062.091797        0.748463
FIRE:  4900 19:32:43   -20062.087891        0.513387
FIRE:  4901 19:32:43   -20062.087891        1.051570
FIRE:  4902 19:32:43   -20062.103516        1.039639
FIRE:  4903 19:32:44   -20062.107422        0.538587
FIRE:  4904 19:32:44   -20062.117188        0.634108
FIRE:  4905 19:32:44   -20062.126953        0.707515
FIRE:  4906 19:32:45   -20062.142578        0.842437
FIRE:  4907 19:32:45   -20062.167969        0.409964
FIRE:  4908 19:32:45   -20062.199219        0.465008
FIRE:  4909 19:32:46   -20062.214844        0.756438
FIRE:  4910 19:32:46   -20062.236328        0.495604
FIRE:  4911 19:32:46   -20062.269531        0.703911
FIRE:  4912 19:32:47   -20062.296875        0.180681
FIRE:  4913 19:32:47   -20062.347656        0.822789
FIRE:  4914 19:32:47   -20062.390625        0.615535
FIRE:  4915 19:32:48   -20062.472656        0.304173
FIRE:  4916 19:32:48   -20062.542969        0.480540
FIRE:  4917 19:32:48   -20062.621094        1.440115
FIRE:  4918 19:32:49   -20062.675781        5.237649
FIRE:  4919 19:32:49   -20062.826172        1.587673
FIRE:  4920 19:32:49   -20062.832031        1.202735
FIRE:  4921 19:32:50   -20062.853516        1.023910
FIRE:  4922 19:32:50   -20062.863281        1.068716
FIRE:  4923 19:32:50   -20062.876953        1.131844
FIRE:  4924 19:32:51   -20062.892578        1.279279
FIRE:  4925 19:32:51   -20062.947266        1.311863
FIRE:  4926 19:32:51   -20062.996094        1.431474
FIRE:  4927 19:32:52   -20063.074219        1.587795
FIRE:  4928 19:32:52   -20063.164062        1.770923
FIRE:  4929 19:32:52   -20063.314453        1.911025
FIRE:  4930 19:32:53   -20063.468750        1.755479
FIRE:  4931 19:32:53   -20063.609375        0.882036
FIRE:  4932 19:32:54   -20063.564453        3.612644
FIRE:  4933 19:32:54   -20063.593750        3.208771
FIRE:  4934 19:32:54   -20063.650391        2.507889
FIRE:  4935 19:32:55   -20063.695312        1.672958
FIRE:  4936 19:32:55   -20063.732422        0.877370
FIRE:  4937 19:32:55   -20063.748047        0.637862
FIRE:  4938 19:32:56   -20063.751953        0.986444
FIRE:  4939 19:32:56   -20063.755859        0.976909
FIRE:  4940 19:32:56   -20063.763672        0.957893
FIRE:  4941 19:32:57   -20063.759766        0.929484
FIRE:  4942 19:32:57   -20063.769531        0.891545
FIRE:  4943 19:32:57   -20063.771484        0.844455
FIRE:  4944 19:32:58   -20063.773438        0.788508
FIRE:  4945 19:32:58   -20063.781250        0.724155
FIRE:  4946 19:32:58   -20063.791016        0.644703
FIRE:  4947 19:32:59   -20063.787109        0.548738
FIRE:  4948 19:32:59   -20063.789062        0.437490
FIRE:  4949 19:32:59   -20063.791016        0.349806
FIRE:  4950 19:33:00   -20063.810547        0.428368
FIRE:  4951 19:33:00   -20063.822266        0.513708
FIRE:  4952 19:33:00   -20063.828125        0.568897
FIRE:  4953 19:33:01   -20063.837891        0.560162
FIRE:  4954 19:33:01   -20063.855469        0.464485
FIRE:  4955 19:33:01   -20063.876953        0.285486
FIRE:  4956 19:33:02   -20063.884766        0.276368
FIRE:  4957 19:33:02   -20063.898438        0.281496
FIRE:  4958 19:33:02   -20063.931641        0.411634
FIRE:  4959 19:33:03   -20063.970703        0.399647
FIRE:  4960 19:33:03   -20064.007812        0.299887
FIRE:  4961 19:33:03   -20064.041016        0.335547
FIRE:  4962 19:33:04   -20064.097656        0.366765
FIRE:  4963 19:33:04   -20064.150391        0.315995
FIRE:  4964 19:33:04   -20064.242188        0.318288
FIRE:  4965 19:33:05   -20064.300781        0.312578
FIRE:  4966 19:33:05   -20064.402344        0.280241
FIRE:  4967 19:33:05   -20064.554688        0.820882
FIRE:  4968 19:33:06   -20064.626953        3.132359
FIRE:  4969 19:33:06   -20064.689453        0.745309
FIRE:  4970 19:33:06   -20064.693359        0.551736
FIRE:  4971 19:33:07   -20064.687500        0.206842
FIRE:  4972 19:33:07   -20064.687500        0.195020
FIRE:  4973 19:33:08   -20064.699219        0.486952
FIRE:  4974 19:33:08   -20064.691406        0.563882
FIRE:  4975 19:33:08   -20064.681641        0.412953
FIRE:  4976 19:33:09   -20064.693359        0.128076
FIRE:  4977 19:33:09   -20064.705078        0.247053
FIRE:  4978 19:33:09   -20064.722656        0.429161
FIRE:  4979 19:33:10   -20064.736328        0.304853
FIRE:  4980 19:33:10   -20064.748047        0.131812
FIRE:  4981 19:33:10   -20064.746094        0.395845
FIRE:  4982 19:33:11   -20064.765625        0.139550
FIRE:  4983 19:33:11   -20064.800781        0.352033
FIRE:  4984 19:33:11   -20064.837891        0.147850
FIRE:  4985 19:33:12   -20064.828125        0.455634
FIRE:  4986 19:33:12   -20064.884766        0.241576
FIRE:  4987 19:33:12   -20064.921875        0.153874
FIRE:  4988 19:33:13   -20064.994141        0.365474
FIRE:  4989 19:33:13   -20065.033203        1.051862
FIRE:  4990 19:33:13   -20065.097656        3.198252
FIRE:  4991 19:33:14   -20065.169922        0.436985
FIRE:  4992 19:33:14   -20065.160156        0.331756
FIRE:  4993 19:33:14   -20065.169922        0.178027
FIRE:  4994 19:33:15   -20065.158203        0.178486
FIRE:  4995 19:33:15   -20065.169922        0.247851
FIRE:  4996 19:33:15   -20065.171875        0.317646
FIRE:  4997 19:33:16   -20065.152344        0.265092
FIRE:  4998 19:33:16   -20065.152344        0.181265
FIRE:  4999 19:33:16   -20065.167969        0.182182
FIRE:  5000 19:33:17   -20065.167969        0.232819
FIRE:  5001 19:33:17   -20065.166016        0.213238
FIRE:  5002 19:33:17   -20065.199219        0.185931
FIRE:  5003 19:33:18   -20065.201172        0.208465
FIRE:  5004 19:33:18   -20065.220703        0.189571
FIRE:  5005 19:33:18   -20065.232422        0.191682
FIRE:  5006 19:33:19   -20065.269531        0.193955
FIRE:  5007 19:33:19   -20065.291016        0.205945
FIRE:  5008 19:33:19   -20065.343750        0.198998
FIRE:  5009 19:33:20   -20065.410156        0.200990
FIRE:  5010 19:33:20   -20065.472656        0.403515
FIRE:  5011 19:33:20   -20065.537109        0.856884
FIRE:  5012 19:33:21   -20065.593750        2.169797
FIRE:  5013 19:33:21   -20065.548828        4.463948
FIRE:  5014 19:33:21   -20065.763672        1.097804
FIRE:  5015 19:33:22   -20065.568359        6.319101
FIRE:  5016 19:33:22   -20065.689453        3.736737
FIRE:  5017 19:33:23   -20065.769531        0.425007
FIRE:  5018 19:33:23   -20065.744141        2.104724
FIRE:  5019 19:33:23   -20065.744141        1.991201
FIRE:  5020 19:33:24   -20065.750000        1.765673
FIRE:  5021 19:33:24   -20065.755859        1.431071
FIRE:  5022 19:33:24   -20065.769531        0.995043
FIRE:  5023 19:33:25   -20065.779297        0.473925
FIRE:  5024 19:33:25   -20065.775391        0.168870
FIRE:  5025 19:33:25   -20065.773438        0.623954
FIRE:  5026 19:33:26   -20065.773438        0.612655
FIRE:  5027 19:33:26   -20065.773438        0.590253
FIRE:  5028 19:33:26   -20065.779297        0.557191
FIRE:  5029 19:33:27   -20065.781250        0.514261
FIRE:  5030 19:33:27   -20065.783203        0.462678
FIRE:  5031 19:33:27   -20065.783203        0.403521
FIRE:  5032 19:33:28   -20065.787109        0.338347
FIRE:  5033 19:33:28   -20065.781250        0.261291
FIRE:  5034 19:33:28   -20065.781250        0.173286
FIRE:  5035 19:33:29   -20065.792969        0.167131
FIRE:  5036 19:33:29   -20065.785156        0.166800
FIRE:  5037 19:33:29   -20065.800781        0.166378
FIRE:  5038 19:33:30   -20065.802734        0.208032
FIRE:  5039 19:33:30   -20065.794922        0.266572
FIRE:  5040 19:33:30   -20065.800781        0.290081
FIRE:  5041 19:33:31   -20065.810547        0.268409
FIRE:  5042 19:33:31   -20065.808594        0.195591
FIRE:  5043 19:33:31   -20065.822266        0.160746
FIRE:  5044 19:33:32   -20065.837891        0.158881
FIRE:  5045 19:33:32   -20065.837891        0.192558
FIRE:  5046 19:33:32   -20065.839844        0.230282
FIRE:  5047 19:33:33   -20065.855469        0.149883
FIRE:  5048 19:33:33   -20065.861328        0.145165
FIRE:  5049 19:33:33   -20065.873047        0.180634
FIRE:  5050 19:33:34   -20065.882812        0.170835
FIRE:  5051 19:33:34   -20065.894531        0.126927
FIRE:  5052 19:33:34   -20065.880859        0.192712
FIRE:  5053 19:33:35   -20065.908203        0.111944
FIRE:  5054 19:33:35   -20065.945312        0.191141
FIRE:  5055 19:33:35   -20065.982422        0.112758
FIRE:  5056 19:33:36   -20066.046875        0.185328
FIRE:  5057 19:33:36   -20066.070312        0.270602
FIRE:  5058 19:33:36   -20066.152344        0.336018
FIRE:  5059 19:33:37   -20066.208984        0.577720
FIRE:  5060 19:33:37   -20066.287109        1.466919
FIRE:  5061 19:33:38   -20066.304688        3.381004
FIRE:  5062 19:33:38   -20066.412109        0.518183
FIRE:  5063 19:33:38   -20066.328125        4.295979
FIRE:  5064 19:33:39   -20066.396484        2.734880
FIRE:  5065 19:33:39   -20066.435547        0.535052
FIRE:  5066 19:33:39   -20066.453125        1.363257
FIRE:  5067 19:33:40   -20066.437500        1.284082
FIRE:  5068 19:33:40   -20066.439453        1.128124
FIRE:  5069 19:33:40   -20066.445312        0.900915
FIRE:  5070 19:33:41   -20066.431641        0.612463
FIRE:  5071 19:33:41   -20066.458984        0.279265
FIRE:  5072 19:33:41   -20066.445312        0.202922
FIRE:  5073 19:33:42   -20066.447266        0.385871
FIRE:  5074 19:33:42   -20066.445312        0.642831
FIRE:  5075 19:33:42   -20066.457031        0.794452
FIRE:  5076 19:33:43   -20066.458984        0.798158
FIRE:  5077 19:33:43   -20066.482422        0.628013
FIRE:  5078 19:33:43   -20066.478516        0.292849
FIRE:  5079 19:33:44   -20066.490234        0.206840
FIRE:  5080 19:33:44   -20066.507812        0.484588
FIRE:  5081 19:33:44   -20066.501953        0.600932
FIRE:  5082 19:33:45   -20066.515625        0.401068
FIRE:  5083 19:33:45   -20066.533203        0.208943
FIRE:  5084 19:33:45   -20066.548828        0.516117
FIRE:  5085 19:33:46   -20066.558594        0.402546
FIRE:  5086 19:33:46   -20066.603516        0.220983
FIRE:  5087 19:33:46   -20066.650391        0.472995
FIRE:  5088 19:33:47   -20066.671875        0.222684
FIRE:  5089 19:33:47   -20066.742188        0.455349
FIRE:  5090 19:33:47   -20066.806641        0.402053
FIRE:  5091 19:33:48   -20066.867188        0.286218
FIRE:  5092 19:33:48   -20066.941406        0.364616
FIRE:  5093 19:33:48   -20067.078125        0.978306
FIRE:  5094 19:33:49   -20067.160156        2.661159
FIRE:  5095 19:33:49   -20067.208984        0.209199
FIRE:  5096 19:33:49   -20067.183594        1.945601
FIRE:  5097 19:33:50   -20067.205078        1.579221
FIRE:  5098 19:33:50   -20067.220703        0.870000
FIRE:  5099 19:33:50   -20067.222656        0.199638
FIRE:  5100 19:33:51   -20067.224609        1.007953
FIRE:  5101 19:33:51   -20067.218750        0.944064
FIRE:  5102 19:33:51   -20067.222656        0.821560
FIRE:  5103 19:33:52   -20067.222656        0.650246
FIRE:  5104 19:33:52   -20067.228516        0.444291
FIRE:  5105 19:33:53   -20067.238281        0.220637
FIRE:  5106 19:33:53   -20067.240234        0.193776
FIRE:  5107 19:33:53   -20067.240234        0.196032
FIRE:  5108 19:33:54   -20067.248047        0.359533
FIRE:  5109 19:33:54   -20067.236328        0.469819
FIRE:  5110 19:33:54   -20067.240234        0.505790
FIRE:  5111 19:33:55   -20067.238281        0.449793
FIRE:  5112 19:33:55   -20067.257812        0.291641
FIRE:  5113 19:33:55   -20067.255859        0.177315
FIRE:  5114 19:33:56   -20067.257812        0.228511
FIRE:  5115 19:33:56   -20067.277344        0.396350
FIRE:  5116 19:33:56   -20067.289062        0.351732
FIRE:  5117 19:33:57   -20067.296875        0.169180
FIRE:  5118 19:33:57   -20067.320312        0.251355
FIRE:  5119 19:33:57   -20067.353516        0.337789
FIRE:  5120 19:33:58   -20067.373047        0.178857
FIRE:  5121 19:33:58   -20067.402344        0.323849
FIRE:  5122 19:33:58   -20067.412109        0.188286
FIRE:  5123 19:33:59   -20067.447266        0.334179
FIRE:  5124 19:33:59   -20067.488281        0.200453
FIRE:  5125 19:33:59   -20067.544922        0.376594
FIRE:  5126 19:34:00   -20067.625000        0.513752
FIRE:  5127 19:34:00   -20067.722656        0.604644
FIRE:  5128 19:34:00   -20067.839844        0.998929
FIRE:  5129 19:34:01   -20067.912109        2.566549
FIRE:  5130 19:34:01   -20067.949219        0.271610
FIRE:  5131 19:34:01   -20067.953125        0.271914
FIRE:  5132 19:34:02   -20067.955078        0.272522
FIRE:  5133 19:34:02   -20067.957031        0.273439
FIRE:  5134 19:34:02   -20067.958984        0.274645
FIRE:  5135 19:34:03   -20067.966797        0.276144
FIRE:  5136 19:34:03   -20067.970703        0.277925
FIRE:  5137 19:34:03   -20067.972656        0.279967
FIRE:  5138 19:34:04   -20067.992188        0.282543
FIRE:  5139 19:34:04   -20068.009766        0.285738
FIRE:  5140 19:34:04   -20068.021484        0.289691
FIRE:  5141 19:34:05   -20068.042969        0.294504
FIRE:  5142 19:34:05   -20068.064453        0.300308
FIRE:  5143 19:34:05   -20068.082031        0.307141
FIRE:  5144 19:34:06   -20068.128906        0.314865
FIRE:  5145 19:34:06   -20068.164062        0.322879
FIRE:  5146 19:34:06   -20068.212891        0.329598
FIRE:  5147 19:34:07   -20068.285156        0.331466
FIRE:  5148 19:34:07   -20068.363281        0.320441
FIRE:  5149 19:34:08   -20068.433594        0.277845
FIRE:  5150 19:34:08   -20068.556641        0.390032
FIRE:  5151 19:34:08   -20068.662109        1.318080
FIRE:  5152 19:34:09   -20068.683594        3.201658
FIRE:  5153 19:34:09   -20068.775391        0.533512
FIRE:  5154 19:34:09   -20068.708984        3.821109
FIRE:  5155 19:34:10   -20068.759766        2.509038
FIRE:  5156 19:34:10   -20068.798828        0.601236
FIRE:  5157 19:34:10   -20068.802734        1.113142
FIRE:  5158 19:34:11   -20068.802734        1.048371
FIRE:  5159 19:34:11   -20068.804688        0.921415
FIRE:  5160 19:34:11   -20068.802734        0.737594
FIRE:  5161 19:34:12   -20068.810547        0.506118
FIRE:  5162 19:34:12   -20068.820312        0.346861
FIRE:  5163 19:34:12   -20068.824219        0.336532
FIRE:  5164 19:34:13   -20068.830078        0.324430
FIRE:  5165 19:34:13   -20068.832031        0.489407
FIRE:  5166 19:34:13   -20068.837891        0.617939
FIRE:  5167 19:34:14   -20068.843750        0.628785
FIRE:  5168 19:34:14   -20068.855469        0.499089
FIRE:  5169 19:34:14   -20068.857422        0.233541
FIRE:  5170 19:34:15   -20068.876953        0.226131
FIRE:  5171 19:34:15   -20068.875000        0.388793
FIRE:  5172 19:34:15   -20068.882812        0.477350
FIRE:  5173 19:34:16   -20068.896484        0.300105
FIRE:  5174 19:34:16   -20068.927734        0.206048
FIRE:  5175 19:34:16   -20068.933594        0.421435
FIRE:  5176 19:34:17   -20068.958984        0.287590
FIRE:  5177 19:34:17   -20068.980469        0.219637
FIRE:  5178 19:34:17   -20068.988281        0.368448
FIRE:  5179 19:34:18   -20069.021484        0.202080
FIRE:  5180 19:34:18   -20069.064453        0.330493
FIRE:  5181 19:34:18   -20069.115234        0.371118
FIRE:  5182 19:34:19   -20069.144531        0.212109
FIRE:  5183 19:34:19   -20069.212891        0.215518
FIRE:  5184 19:34:19   -20069.312500        0.587182
FIRE:  5185 19:34:20   -20069.396484        1.830528
FIRE:  5186 19:34:20   -20069.376953        4.049233
FIRE:  5187 19:34:20   -20069.550781        0.852888
FIRE:  5188 19:34:21   -20069.410156        5.457782
FIRE:  5189 19:34:21   -20069.498047        3.344764
FIRE:  5190 19:34:21   -20069.558594        0.514694
FIRE:  5191 19:34:22   -20069.548828        1.772577
FIRE:  5192 19:34:22   -20069.556641        1.673912
FIRE:  5193 19:34:23   -20069.564453        1.478540
FIRE:  5194 19:34:23   -20069.572266        1.191207
FIRE:  5195 19:34:23   -20069.572266        0.821112
FIRE:  5196 19:34:24   -20069.580078        0.385528
FIRE:  5197 19:34:24   -20069.591797        0.233051
FIRE:  5198 19:34:24   -20069.583984        0.508057
FIRE:  5199 19:34:25   -20069.587891        0.499030
FIRE:  5200 19:34:25   -20069.589844        0.481218
FIRE:  5201 19:34:25   -20069.587891        0.454786
FIRE:  5202 19:34:26   -20069.587891        0.420541
FIRE:  5203 19:34:26   -20069.599609        0.379321
FIRE:  5204 19:34:26   -20069.589844        0.332128
FIRE:  5205 19:34:27   -20069.587891        0.280161
FIRE:  5206 19:34:27   -20069.587891        0.232809
FIRE:  5207 19:34:27   -20069.591797        0.232789
FIRE:  5208 19:34:28   -20069.587891        0.232764
FIRE:  5209 19:34:28   -20069.589844        0.232747
FIRE:  5210 19:34:28   -20069.591797        0.232721
FIRE:  5211 19:34:29   -20069.593750        0.232704
FIRE:  5212 19:34:29   -20069.593750        0.232708
FIRE:  5213 19:34:29   -20069.595703        0.233562
FIRE:  5214 19:34:30   -20069.591797        0.232802
FIRE:  5215 19:34:30   -20069.601562        0.232939
FIRE:  5216 19:34:30   -20069.603516        0.233185
FIRE:  5217 19:34:31   -20069.613281        0.233596
FIRE:  5218 19:34:31   -20069.625000        0.234240
FIRE:  5219 19:34:31   -20069.632812        0.235212
FIRE:  5220 19:34:32   -20069.642578        0.236636
FIRE:  5221 19:34:32   -20069.658203        0.238648
FIRE:  5222 19:34:32   -20069.677734        0.241433
FIRE:  5223 19:34:33   -20069.708984        0.245148
FIRE:  5224 19:34:33   -20069.728516        0.249944
FIRE:  5225 19:34:33   -20069.748047        0.255927
FIRE:  5226 19:34:34   -20069.787109        0.263001
FIRE:  5227 19:34:34   -20069.804688        0.270724
FIRE:  5228 19:34:34   -20069.867188        0.277789
FIRE:  5229 19:34:35   -20069.916016        0.281169
FIRE:  5230 19:34:35   -20070.005859        0.274546
FIRE:  5231 19:34:35   -20070.087891        0.257252
FIRE:  5232 19:34:36   -20070.187500        0.493224
FIRE:  5233 19:34:36   -20070.302734        1.467572
FIRE:  5234 19:34:36   -20070.300781        3.329823
FIRE:  5235 19:34:37   -20070.394531        0.529735
FIRE:  5236 19:34:37   -20070.326172        4.152613
FIRE:  5237 19:34:38   -20070.365234        2.675012
FIRE:  5238 19:34:38   -20070.406250        0.568207
FIRE:  5239 19:34:38   -20070.417969        1.283428
FIRE:  5240 19:34:39   -20070.412109        1.208931
FIRE:  5241 19:34:39   -20070.416016        1.062428
FIRE:  5242 19:34:39   -20070.417969        0.849386
FIRE:  5243 19:34:40   -20070.417969        0.579256
FIRE:  5244 19:34:40   -20070.417969        0.267813
FIRE:  5245 19:34:40   -20070.423828        0.200827
FIRE:  5246 19:34:41   -20070.419922        0.353042
FIRE:  5247 19:34:41   -20070.423828        0.594359
FIRE:  5248 19:34:41   -20070.423828        0.739414
FIRE:  5249 19:34:42   -20070.423828        0.749370
FIRE:  5250 19:34:42   -20070.425781        0.599192
FIRE:  5251 19:34:42   -20070.429688        0.294654
FIRE:  5252 19:34:43   -20070.435547        0.142728
FIRE:  5253 19:34:43   -20070.439453        0.438331
FIRE:  5254 19:34:43   -20070.447266        0.562780
FIRE:  5255 19:34:44   -20070.455078        0.395670
FIRE:  5256 19:34:44   -20070.470703        0.139915
FIRE:  5257 19:34:44   -20070.488281        0.465842
FIRE:  5258 19:34:45   -20070.519531        0.405071
FIRE:  5259 19:34:45   -20070.511719        0.155095
FIRE:  5260 19:34:45   -20070.562500        0.446599
FIRE:  5261 19:34:46   -20070.593750        0.141190
FIRE:  5262 19:34:46   -20070.615234        0.462027
FIRE:  5263 19:34:46   -20070.658203        0.277915
FIRE:  5264 19:34:47   -20070.707031        0.145546
FIRE:  5265 19:34:47   -20070.742188        0.535349
FIRE:  5266 19:34:47   -20070.783203        1.089105
FIRE:  5267 19:34:48   -20070.841797        2.333687
FIRE:  5268 19:34:48   -20070.878906        0.155094
FIRE:  5269 19:34:48   -20070.865234        1.726140
FIRE:  5270 19:34:49   -20070.873047        1.396171
FIRE:  5271 19:34:49   -20070.894531        0.763836
FIRE:  5272 19:34:49   -20070.894531        0.155491
FIRE:  5273 19:34:50   -20070.882812        0.874326
FIRE:  5274 19:34:50   -20070.884766        0.820194
FIRE:  5275 19:34:50   -20070.894531        0.716161
FIRE:  5276 19:34:51   -20070.894531        0.570174
FIRE:  5277 19:34:51   -20070.898438        0.393745
FIRE:  5278 19:34:52   -20070.900391        0.200626
FIRE:  5279 19:34:52   -20070.896484        0.155750
FIRE:  5280 19:34:52   -20070.902344        0.163463
FIRE:  5281 19:34:53   -20070.898438        0.308268
FIRE:  5282 19:34:53   -20070.894531        0.407447
FIRE:  5283 19:34:53   -20070.888672        0.443651
FIRE:  5284 19:34:54   -20070.898438        0.400898
FIRE:  5285 19:34:54   -20070.900391        0.270775
FIRE:  5286 19:34:54   -20070.906250        0.156480
FIRE:  5287 19:34:55   -20070.912109        0.177356
FIRE:  5288 19:34:55   -20070.912109        0.337000
FIRE:  5289 19:34:55   -20070.925781        0.322703
FIRE:  5290 19:34:56   -20070.945312        0.157760
FIRE:  5291 19:34:56   -20070.935547        0.187979
FIRE:  5292 19:34:56   -20070.949219        0.303511
FIRE:  5293 19:34:57   -20070.970703        0.159831
FIRE:  5294 19:34:57   -20070.996094        0.255061
FIRE:  5295 19:34:57   -20071.027344        0.191555
FIRE:  5296 19:34:58   -20071.025391        0.253890
FIRE:  5297 19:34:58   -20071.052734        0.166788
FIRE:  5298 19:34:58   -20071.078125        0.371509
FIRE:  5299 19:34:59   -20071.125000        0.367593
FIRE:  5300 19:34:59   -20071.195312        0.331239
FIRE:  5301 19:34:59   -20071.255859        0.542158
FIRE:  5302 19:35:00   -20071.310547        1.529988
FIRE:  5303 19:35:00   -20071.285156        3.739082
FIRE:  5304 19:35:00   -20071.421875        0.454641
FIRE:  5305 19:35:01   -20071.287109        5.231224
FIRE:  5306 19:35:01   -20071.375000        3.127320
FIRE:  5307 19:35:01   -20071.437500        0.338398
FIRE:  5308 19:35:02   -20071.402344        1.861478
FIRE:  5309 19:35:02   -20071.388672        1.753359
FIRE:  5310 19:35:02   -20071.394531        1.538683
FIRE:  5311 19:35:03   -20071.406250        1.223060
FIRE:  5312 19:35:03   -20071.412109        0.816086
FIRE:  5313 19:35:03   -20071.419922        0.336961
FIRE:  5314 19:35:04   -20071.443359        0.215251
FIRE:  5315 19:35:04   -20071.421875        0.621428
FIRE:  5316 19:35:04   -20071.429688        0.609640
FIRE:  5317 19:35:05   -20071.433594        0.586323
FIRE:  5318 19:35:05   -20071.425781        0.551733
FIRE:  5319 19:35:05   -20071.437500        0.507509
FIRE:  5320 19:35:06   -20071.435547        0.453824
FIRE:  5321 19:35:06   -20071.417969        0.392630
FIRE:  5322 19:35:07   -20071.445312        0.325494
FIRE:  5323 19:35:07   -20071.447266        0.246394
FIRE:  5324 19:35:07   -20071.435547        0.215477
FIRE:  5325 19:35:08   -20071.431641        0.215516
FIRE:  5326 19:35:08   -20071.443359        0.215567
FIRE:  5327 19:35:08   -20071.417969        0.215623
FIRE:  5328 19:35:09   -20071.441406        0.220586
FIRE:  5329 19:35:09   -20071.433594        0.273950
FIRE:  5330 19:35:09   -20071.427734        0.290088
FIRE:  5331 19:35:10   -20071.423828        0.259297
FIRE:  5332 19:35:10   -20071.419922        0.219990
FIRE:  5333 19:35:10   -20071.414062        0.224711
FIRE:  5334 19:35:11   -20071.457031        0.230654
FIRE:  5335 19:35:11   -20071.476562        0.238046
FIRE:  5336 19:35:11   -20071.486328        0.247202
FIRE:  5337 19:35:12   -20071.492188        0.258550
FIRE:  5338 19:35:12   -20071.496094        0.272808
FIRE:  5339 19:35:12   -20071.501953        0.290890
FIRE:  5340 19:35:13   -20071.513672        0.313547
FIRE:  5341 19:35:13   -20071.541016        0.341469
FIRE:  5342 19:35:13   -20071.556641        0.374706
FIRE:  5343 19:35:14   -20071.580078        0.412250
FIRE:  5344 19:35:14   -20071.642578        0.453015
FIRE:  5345 19:35:14   -20071.736328        0.496021
FIRE:  5346 19:35:15   -20071.791016        0.543693
FIRE:  5347 19:35:15   -20071.904297        0.600080
FIRE:  5348 19:35:15   -20072.074219        0.639917
FIRE:  5349 19:35:16   -20072.253906        0.557333
FIRE:  5350 19:35:16   -20072.460938        0.777565
FIRE:  5351 19:35:16   -20072.593750        1.738450
FIRE:  5352 19:35:17   -20072.664062        3.603668
FIRE:  5353 19:35:17   -20072.728516        1.679095
FIRE:  5354 19:35:17   -20072.742188        1.189757
FIRE:  5355 19:35:18   -20072.748047        0.341422
FIRE:  5356 19:35:18   -20072.761719        0.761038
FIRE:  5357 19:35:18   -20072.755859        0.691502
FIRE:  5358 19:35:19   -20072.759766        0.560929
FIRE:  5359 19:35:19   -20072.761719        0.383689
FIRE:  5360 19:35:20   -20072.757812        0.299718
FIRE:  5361 19:35:20   -20072.759766        0.297821
FIRE:  5362 19:35:20   -20072.763672        0.295500
FIRE:  5363 19:35:21   -20072.767578        0.330021
FIRE:  5364 19:35:21   -20072.767578        0.400284
FIRE:  5365 19:35:21   -20072.771484        0.393170
FIRE:  5366 19:35:22   -20072.775391        0.293730
FIRE:  5367 19:35:22   -20072.787109        0.273017
FIRE:  5368 19:35:22   -20072.777344        0.264592
FIRE:  5369 19:35:23   -20072.796875        0.304856
FIRE:  5370 19:35:23   -20072.810547        0.301535
FIRE:  5371 19:35:23   -20072.816406        0.226953
FIRE:  5372 19:35:24   -20072.845703        0.210834
FIRE:  5373 19:35:24   -20072.859375        0.276090
FIRE:  5374 19:35:24   -20072.851562        0.180251
FIRE:  5375 19:35:25   -20072.873047        0.271709
FIRE:  5376 19:35:25   -20072.917969        0.164288
FIRE:  5377 19:35:25   -20072.935547        0.284283
FIRE:  5378 19:35:26   -20072.986328        0.148388
FIRE:  5379 19:35:26   -20073.060547        0.217546
FIRE:  5380 19:35:26   -20073.121094        0.447626
FIRE:  5381 19:35:27   -20073.205078        0.756704
FIRE:  5382 19:35:27   -20073.248047        1.335316
FIRE:  5383 19:35:27   -20073.263672        3.096811
FIRE:  5384 19:35:28   -20073.318359        0.285204
FIRE:  5385 19:35:28   -20073.326172        0.218699
FIRE:  5386 19:35:28   -20073.335938        0.113023
FIRE:  5387 19:35:29   -20073.330078        0.112074
FIRE:  5388 19:35:29   -20073.326172        0.151655
FIRE:  5389 19:35:29   -20073.326172        0.201693
FIRE:  5390 19:35:30   -20073.333984        0.175818
FIRE:  5391 19:35:30   -20073.347656        0.105484
FIRE:  5392 19:35:30   -20073.347656        0.103003
FIRE:  5393 19:35:31   -20073.355469        0.145981
FIRE:  5394 19:35:31   -20073.339844        0.143830
FIRE:  5395 19:35:31   -20073.357422        0.092220
FIRE:  5396 19:35:32   -20073.363281        0.128624
FIRE:  5397 19:35:32   -20073.380859        0.106975
FIRE:  5398 19:35:33   -20073.408203        0.085382
FIRE:  5399 19:35:33   -20073.416016        0.111526
FIRE:  5400 19:35:33   -20073.437500        0.121584
FIRE:  5401 19:35:34   -20073.494141        0.082474
FIRE:  5402 19:35:34   -20073.507812        0.135462
FIRE:  5403 19:35:34   -20073.517578        0.277660
FIRE:  5404 19:35:35   -20073.597656        0.591582
FIRE:  5405 19:35:35   -20073.675781        1.474294
FIRE:  5406 19:35:35   -20073.615234        3.222103
FIRE:  5407 19:35:36   -20073.697266        0.514707
FIRE:  5408 19:35:36   -20073.625000        3.960608
FIRE:  5409 19:35:36   -20073.673828        2.587381
FIRE:  5410 19:35:37   -20073.712891        0.601531
FIRE:  5411 19:35:37   -20073.708984        1.199837
FIRE:  5412 19:35:37   -20073.697266        1.130322
FIRE:  5413 19:35:38   -20073.712891        0.993980
FIRE:  5414 19:35:38   -20073.710938        0.796369
FIRE:  5415 19:35:38   -20073.724609        0.545652
FIRE:  5416 19:35:39   -20073.722656        0.255998
FIRE:  5417 19:35:39   -20073.732422        0.091090
FIRE:  5418 19:35:39   -20073.716797        0.328560
FIRE:  5419 19:35:40   -20073.722656        0.322933
FIRE:  5420 19:35:40   -20073.724609        0.312005
FIRE:  5421 19:35:40   -20073.710938        0.296051
FIRE:  5422 19:35:41   -20073.724609        0.275143
FIRE:  5423 19:35:41   -20073.712891        0.249743
FIRE:  5424 19:35:41   -20073.724609        0.220720
FIRE:  5425 19:35:42   -20073.718750        0.188375
FIRE:  5426 19:35:42   -20073.724609        0.150332
FIRE:  5427 19:35:42   -20073.728516        0.106187
FIRE:  5428 19:35:43   -20073.722656        0.091202
FIRE:  5429 19:35:43   -20073.724609        0.091229
FIRE:  5430 19:35:43   -20073.714844        0.091260
FIRE:  5431 19:35:44   -20073.734375        0.099927
FIRE:  5432 19:35:44   -20073.742188        0.135014
FIRE:  5433 19:35:44   -20073.742188        0.153080
FIRE:  5434 19:35:45   -20073.744141        0.147607
FIRE:  5435 19:35:45   -20073.748047        0.115300
FIRE:  5436 19:35:45   -20073.750000        0.091642
FIRE:  5437 19:35:46   -20073.755859        0.091753
FIRE:  5438 19:35:46   -20073.761719        0.093127
FIRE:  5439 19:35:47   -20073.748047        0.123301
FIRE:  5440 19:35:47   -20073.777344        0.092891
FIRE:  5441 19:35:47   -20073.796875        0.092646
FIRE:  5442 19:35:48   -20073.781250        0.093017
FIRE:  5443 19:35:48   -20073.789062        0.101292
FIRE:  5444 19:35:48   -20073.787109        0.094038
FIRE:  5445 19:35:49   -20073.794922        0.098401
FIRE:  5446 19:35:49   -20073.800781        0.095649
FIRE:  5447 19:35:49   -20073.828125        0.096783
FIRE:  5448 19:35:50   -20073.869141        0.098202
FIRE:  5449 19:35:50   -20073.890625        0.115782
FIRE:  5450 19:35:50   -20073.914062        0.124375
FIRE:  5451 19:35:51   -20073.976562        0.125637
FIRE:  5452 19:35:51   -20074.037109        0.215283
FIRE:  5453 19:35:51   -20074.076172        0.634306
FIRE:  5454 19:35:52   -20074.103516        1.843049
FIRE:  5455 19:35:52   -20074.132812        0.141541
FIRE:  5456 19:35:52   -20074.119141        1.956918
FIRE:  5457 19:35:53   -20074.123047        1.370087
FIRE:  5458 19:35:53   -20074.140625        0.438153
FIRE:  5459 19:35:53   -20074.146484        0.517632
FIRE:  5460 19:35:54   -20074.142578        0.486238
FIRE:  5461 19:35:54   -20074.148438        0.424842
FIRE:  5462 19:35:54   -20074.146484        0.337665
FIRE:  5463 19:35:55   -20074.144531        0.229728
FIRE:  5464 19:35:55   -20074.142578        0.119117
FIRE:  5465 19:35:55   -20074.146484        0.119182
FIRE:  5466 19:35:56   -20074.154297        0.130126
FIRE:  5467 19:35:56   -20074.152344        0.220839
FIRE:  5468 19:35:56   -20074.156250        0.276680
FIRE:  5469 19:35:57   -20074.150391        0.281725
FIRE:  5470 19:35:57   -20074.152344        0.224844
FIRE:  5471 19:35:57   -20074.166016        0.120086
FIRE:  5472 19:35:58   -20074.169922        0.120387
FIRE:  5473 19:35:58   -20074.169922        0.180495
FIRE:  5474 19:35:58   -20074.171875        0.220611
FIRE:  5475 19:35:59   -20074.167969        0.135765
FIRE:  5476 19:35:59   -20074.181641        0.122456
FIRE:  5477 19:36:00   -20074.207031        0.194359
FIRE:  5478 19:36:00   -20074.205078        0.127932
FIRE:  5479 19:36:00   -20074.203125        0.125568
FIRE:  5480 19:36:01   -20074.214844        0.168372
FIRE:  5481 19:36:01   -20074.222656        0.128909
FIRE:  5482 19:36:01   -20074.250000        0.140137
FIRE:  5483 19:36:02   -20074.291016        0.200537
FIRE:  5484 19:36:02   -20074.326172        0.136720
FIRE:  5485 19:36:02   -20074.351562        0.140134
FIRE:  5486 19:36:03   -20074.396484        0.143629
FIRE:  5487 19:36:03   -20074.451172        0.146306
FIRE:  5488 19:36:03   -20074.535156        0.327378
FIRE:  5489 19:36:04   -20074.607422        1.688530
FIRE:  5490 19:36:04   -20074.318359        9.394643
FIRE:  5491 19:36:04   -20074.378906        5.388738
FIRE:  5492 19:36:05   -20074.537109        4.398978
FIRE:  5493 19:36:05   -20074.705078        1.866431
FIRE:  5494 19:36:05   -20074.691406        2.825926
FIRE:  5495 19:36:06   -20074.695312        2.478555
FIRE:  5496 19:36:06   -20074.707031        1.851053
FIRE:  5497 19:36:06   -20074.726562        1.054157
FIRE:  5498 19:36:07   -20074.740234        0.208845
FIRE:  5499 19:36:07   -20074.734375        0.565016
FIRE:  5500 19:36:07   -20074.732422        0.552166
FIRE:  5501 19:36:08   -20074.728516        0.526610
FIRE:  5502 19:36:08   -20074.728516        0.489013
FIRE:  5503 19:36:08   -20074.730469        0.440000
FIRE:  5504 19:36:09   -20074.724609        0.380872
FIRE:  5505 19:36:09   -20074.722656        0.313113
FIRE:  5506 19:36:09   -20074.724609        0.238847
FIRE:  5507 19:36:10   -20074.724609        0.154010
FIRE:  5508 19:36:10   -20074.730469        0.154080
FIRE:  5509 19:36:10   -20074.736328        0.154158
FIRE:  5510 19:36:11   -20074.738281        0.155503
FIRE:  5511 19:36:11   -20074.738281        0.234403
FIRE:  5512 19:36:11   -20074.744141        0.282376
FIRE:  5513 19:36:12   -20074.759766        0.286978
FIRE:  5514 19:36:12   -20074.757812        0.238935
FIRE:  5515 19:36:13   -20074.755859        0.155420
FIRE:  5516 19:36:13   -20074.761719        0.155845
FIRE:  5517 19:36:13   -20074.759766        0.156378
FIRE:  5518 19:36:14   -20074.761719        0.220967
FIRE:  5519 19:36:14   -20074.753906        0.193196
FIRE:  5520 19:36:14   -20074.753906        0.159044
FIRE:  5521 19:36:15   -20074.769531        0.160471
FIRE:  5522 19:36:15   -20074.765625        0.199704
FIRE:  5523 19:36:15   -20074.763672        0.164722
FIRE:  5524 19:36:16   -20074.769531        0.167808
FIRE:  5525 19:36:16   -20074.798828        0.171800
FIRE:  5526 19:36:16   -20074.798828        0.176906
FIRE:  5527 19:36:17   -20074.832031        0.183331
FIRE:  5528 19:36:17   -20074.875000        0.216043
FIRE:  5529 19:36:17   -20074.927734        0.200377
FIRE:  5530 19:36:18   -20074.939453        0.210372
FIRE:  5531 19:36:18   -20075.025391        0.220889
FIRE:  5532 19:36:18   -20075.087891        0.231876
FIRE:  5533 19:36:19   -20075.191406        0.241949
FIRE:  5534 19:36:19   -20075.271484        1.128804
FIRE:  5535 19:36:19   -20075.087891        4.982471
FIRE:  5536 19:36:20   -20075.306641        2.999363
FIRE:  5537 19:36:20   -20075.355469        2.159319
FIRE:  5538 19:36:20   -20075.392578        0.451873
FIRE:  5539 19:36:21   -20075.361328        1.812039
FIRE:  5540 19:36:21   -20075.373047        1.609679
FIRE:  5541 19:36:21   -20075.382812        1.236676
FIRE:  5542 19:36:22   -20075.398438        0.749760
FIRE:  5543 19:36:22   -20075.400391        0.258034
FIRE:  5544 19:36:22   -20075.394531        0.298981
FIRE:  5545 19:36:23   -20075.390625        0.292145
FIRE:  5546 19:36:23   -20075.394531        0.278603
FIRE:  5547 19:36:23   -20075.394531        0.258745
FIRE:  5548 19:36:24   -20075.390625        0.258311
FIRE:  5549 19:36:24   -20075.394531        0.258346
FIRE:  5550 19:36:24   -20075.398438        0.258389
FIRE:  5551 19:36:25   -20075.402344        0.258438
FIRE:  5552 19:36:25   -20075.398438        0.258503
FIRE:  5553 19:36:25   -20075.400391        0.258586
FIRE:  5554 19:36:26   -20075.402344        0.258687
FIRE:  5555 19:36:26   -20075.406250        0.258822
FIRE:  5556 19:36:27   -20075.400391        0.258982
FIRE:  5557 19:36:27   -20075.414062        0.259184
FIRE:  5558 19:36:27   -20075.414062        0.259431
FIRE:  5559 19:36:28   -20075.416016        0.259742
FIRE:  5560 19:36:28   -20075.416016        0.260117
FIRE:  5561 19:36:28   -20075.423828        0.260580
FIRE:  5562 19:36:29   -20075.429688        0.261147
FIRE:  5563 19:36:29   -20075.429688        0.261833
FIRE:  5564 19:36:29   -20075.458984        0.262665
FIRE:  5565 19:36:30   -20075.460938        0.263660
FIRE:  5566 19:36:30   -20075.449219        0.264837
FIRE:  5567 19:36:30   -20075.458984        0.266215
FIRE:  5568 19:36:31   -20075.488281        0.267736
FIRE:  5569 19:36:31   -20075.533203        0.268889
FIRE:  5570 19:36:31   -20075.552734        0.269042
FIRE:  5571 19:36:32   -20075.562500        0.267448
FIRE:  5572 19:36:32   -20075.593750        0.263419
FIRE:  5573 19:36:32   -20075.660156        0.257130
FIRE:  5574 19:36:33   -20075.750000        0.266392
FIRE:  5575 19:36:33   -20075.818359        0.271698
FIRE:  5576 19:36:33   -20075.916016        0.267142
FIRE:  5577 19:36:34   -20076.033203        0.247424
FIRE:  5578 19:36:34   -20076.164062        0.869549
FIRE:  5579 19:36:34   -20076.169922        2.558517
FIRE:  5580 19:36:35   -20076.261719        0.275754
FIRE:  5581 19:36:35   -20076.257812        0.216446
FIRE:  5582 19:36:35   -20076.261719        0.212682
FIRE:  5583 19:36:36   -20076.267578        0.207034
FIRE:  5584 19:36:36   -20076.259766        0.199666
FIRE:  5585 19:36:36   -20076.277344        0.198504
FIRE:  5586 19:36:37   -20076.273438        0.187752
FIRE:  5587 19:36:37   -20076.277344        0.185400
FIRE:  5588 19:36:37   -20076.289062        0.182632
FIRE:  5589 19:36:38   -20076.292969        0.179474
FIRE:  5590 19:36:38   -20076.308594        0.178502
FIRE:  5591 19:36:38   -20076.333984        0.183615
FIRE:  5592 19:36:39   -20076.332031        0.189570
FIRE:  5593 19:36:39   -20076.355469        0.194856
FIRE:  5594 19:36:39   -20076.378906        0.197290
FIRE:  5595 19:36:40   -20076.416016        0.196677
FIRE:  5596 19:36:40   -20076.439453        0.195045
FIRE:  5597 19:36:41   -20076.507812        0.195277
FIRE:  5598 19:36:41   -20076.554688        0.304278
FIRE:  5599 19:36:41   -20076.591797        0.637153
FIRE:  5600 19:36:42   -20076.667969        1.511197
FIRE:  5601 19:36:42   -20076.685547        0.202057
FIRE:  5602 19:36:42   -20076.685547        1.148194
FIRE:  5603 19:36:43   -20076.707031        0.923065
FIRE:  5604 19:36:43   -20076.716797        0.498209
FIRE:  5605 19:36:43   -20076.710938        0.192518
FIRE:  5606 19:36:44   -20076.707031        0.192501
FIRE:  5607 19:36:44   -20076.714844        0.192451
FIRE:  5608 19:36:44   -20076.710938        0.192393
FIRE:  5609 19:36:45   -20076.707031        0.192316
FIRE:  5610 19:36:45   -20076.703125        0.192237
FIRE:  5611 19:36:45   -20076.707031        0.192142
FIRE:  5612 19:36:46   -20076.707031        0.192036
FIRE:  5613 19:36:46   -20076.707031        0.191935
FIRE:  5614 19:36:46   -20076.707031        0.191857
FIRE:  5615 19:36:47   -20076.689453        0.191765
FIRE:  5616 19:36:47   -20076.697266        0.191720
FIRE:  5617 19:36:47   -20076.720703        0.191758
FIRE:  5618 19:36:48   -20076.705078        0.191897
FIRE:  5619 19:36:48   -20076.712891        0.192224
FIRE:  5620 19:36:48   -20076.714844        0.192836
FIRE:  5621 19:36:49   -20076.716797        0.193734
FIRE:  5622 19:36:49   -20076.732422        0.195062
FIRE:  5623 19:36:49   -20076.736328        0.196858
FIRE:  5624 19:36:50   -20076.757812        0.199152
FIRE:  5625 19:36:50   -20076.769531        0.201798
FIRE:  5626 19:36:50   -20076.789062        0.204871
FIRE:  5627 19:36:51   -20076.810547        0.208180
FIRE:  5628 19:36:51   -20076.841797        0.212098
FIRE:  5629 19:36:51   -20076.873047        0.216884
FIRE:  5630 19:36:52   -20076.884766        0.222957
FIRE:  5631 19:36:52   -20076.968750        0.229541
FIRE:  5632 19:36:52   -20077.033203        0.233481
FIRE:  5633 19:36:53   -20077.103516        0.415297
FIRE:  5634 19:36:53   -20077.160156        1.249277
FIRE:  5635 19:36:54   -20077.085938        4.474798
FIRE:  5636 19:36:54   -20077.234375        1.385785
FIRE:  5637 19:36:54   -20077.250000        1.035855
FIRE:  5638 19:36:55   -20077.250000        0.390295
FIRE:  5639 19:36:55   -20077.244141        0.422689
FIRE:  5640 19:36:55   -20077.248047        0.391642
FIRE:  5641 19:36:56   -20077.248047        0.332232
FIRE:  5642 19:36:56   -20077.251953        0.249778
FIRE:  5643 19:36:56   -20077.246094        0.152215
FIRE:  5644 19:36:57   -20077.251953        0.129667
FIRE:  5645 19:36:57   -20077.263672        0.129257
FIRE:  5646 19:36:57   -20077.240234        0.147181
FIRE:  5647 19:36:58   -20077.251953        0.204367
FIRE:  5648 19:36:58   -20077.250000        0.228303
FIRE:  5649 19:36:58   -20077.257812        0.208115
FIRE:  5650 19:36:59   -20077.261719        0.138724
FIRE:  5651 19:36:59   -20077.265625        0.124723
FIRE:  5652 19:36:59   -20077.265625        0.122497
FIRE:  5653 19:37:00   -20077.271484        0.180793
FIRE:  5654 19:37:00   -20077.259766        0.153926
FIRE:  5655 19:37:00   -20077.292969        0.106770
FIRE:  5656 19:37:01   -20077.300781        0.132989
FIRE:  5657 19:37:01   -20077.300781        0.147048
FIRE:  5658 19:37:01   -20077.328125        0.106829
FIRE:  5659 19:37:02   -20077.371094        0.157059
FIRE:  5660 19:37:02   -20077.369141        0.111360
FIRE:  5661 19:37:02   -20077.388672        0.158563
FIRE:  5662 19:37:03   -20077.371094        0.105376
FIRE:  5663 19:37:03   -20077.427734        0.099507
FIRE:  5664 19:37:03   -20077.425781        0.188669
FIRE:  5665 19:37:04   -20077.474609        0.414101
FIRE:  5666 19:37:04   -20077.517578        0.922434
FIRE:  5667 19:37:04   -20077.544922        2.397686
FIRE:  5668 19:37:05   -20077.578125        0.236924
FIRE:  5669 19:37:05   -20077.568359        0.182143
FIRE:  5670 19:37:05   -20077.574219        0.086255
FIRE:  5671 19:37:06   -20077.572266        0.078705
FIRE:  5672 19:37:06   -20077.582031        0.135518
FIRE:  5673 19:37:07   -20077.587891        0.171971
FIRE:  5674 19:37:07   -20077.574219        0.146229
FIRE:  5675 19:37:07   -20077.587891        0.079023
FIRE:  5676 19:37:08   -20077.585938        0.079140
FIRE:  5677 19:37:08   -20077.582031        0.130378
FIRE:  5678 19:37:08   -20077.589844        0.119642
FIRE:  5679 19:37:09   -20077.601562        0.079616
FIRE:  5680 19:37:09   -20077.621094        0.118031
FIRE:  5681 19:37:09   -20077.626953        0.085865
FIRE:  5682 19:37:10   -20077.644531        0.089592
FIRE:  5683 19:37:10   -20077.662109        0.087892
FIRE:  5684 19:37:10   -20077.671875        0.119731
FIRE:  5685 19:37:11   -20077.689453        0.079608
FIRE:  5686 19:37:11   -20077.708984        0.090178
FIRE:  5687 19:37:11   -20077.736328        0.208524
FIRE:  5688 19:37:12   -20077.796875        0.489046
FIRE:  5689 19:37:12   -20077.806641        1.328183
FIRE:  5690 19:37:12   -20077.824219        3.078818
FIRE:  5691 19:37:13   -20077.900391        0.375652
FIRE:  5692 19:37:13   -20077.816406        3.869760
FIRE:  5693 19:37:13   -20077.871094        2.501186
FIRE:  5694 19:37:14   -20077.900391        0.532166
FIRE:  5695 19:37:14   -20077.900391        1.253392
FIRE:  5696 19:37:14   -20077.904297        1.179854
FIRE:  5697 19:37:15   -20077.886719        1.035262
FIRE:  5698 19:37:15   -20077.898438        0.825145
FIRE:  5699 19:37:15   -20077.902344        0.558838
FIRE:  5700 19:37:16   -20077.904297        0.251352
FIRE:  5701 19:37:16   -20077.902344        0.097056
FIRE:  5702 19:37:16   -20077.900391        0.381081
FIRE:  5703 19:37:17   -20077.902344        0.374603
FIRE:  5704 19:37:17   -20077.902344        0.361941
FIRE:  5705 19:37:17   -20077.906250        0.343017
FIRE:  5706 19:37:18   -20077.902344        0.318343
FIRE:  5707 19:37:18   -20077.906250        0.288916
FIRE:  5708 19:37:18   -20077.908203        0.254837
FIRE:  5709 19:37:19   -20077.910156        0.217248
FIRE:  5710 19:37:19   -20077.912109        0.172619
FIRE:  5711 19:37:19   -20077.906250        0.121292
FIRE:  5712 19:37:20   -20077.906250        0.095412
FIRE:  5713 19:37:20   -20077.904297        0.095445
FIRE:  5714 19:37:21   -20077.902344        0.095495
FIRE:  5715 19:37:21   -20077.902344        0.130279
FIRE:  5716 19:37:21   -20077.902344        0.167649
FIRE:  5717 19:37:22   -20077.902344        0.184404
FIRE:  5718 19:37:22   -20077.900391        0.173899
FIRE:  5719 19:37:22   -20077.910156        0.132723
FIRE:  5720 19:37:23   -20077.912109        0.096106
FIRE:  5721 19:37:23   -20077.914062        0.096303
FIRE:  5722 19:37:23   -20077.919922        0.122170
FIRE:  5723 19:37:24   -20077.923828        0.149008
FIRE:  5724 19:37:24   -20077.919922        0.105629
FIRE:  5725 19:37:24   -20077.923828        0.097586
FIRE:  5726 19:37:25   -20077.935547        0.115873
FIRE:  5727 19:37:25   -20077.953125        0.117749
FIRE:  5728 19:37:25   -20077.949219        0.099460
FIRE:  5729 19:37:26   -20077.966797        0.124955
FIRE:  5730 19:37:26   -20077.984375        0.101594
FIRE:  5731 19:37:26   -20077.996094        0.123425
FIRE:  5732 19:37:27   -20077.998047        0.104980
FIRE:  5733 19:37:27   -20078.041016        0.131134
FIRE:  5734 19:37:27   -20078.062500        0.165955
FIRE:  5735 19:37:28   -20078.078125        0.193292
FIRE:  5736 19:37:28   -20078.093750        0.340850
FIRE:  5737 19:37:28   -20078.134766        0.913768
FIRE:  5738 19:37:29   -20078.158203        2.312899
FIRE:  5739 19:37:29   -20078.207031        0.189804
FIRE:  5740 19:37:29   -20078.171875        2.637889
FIRE:  5741 19:37:30   -20078.205078        1.788114
FIRE:  5742 19:37:30   -20078.216797        0.489149
FIRE:  5743 19:37:30   -20078.220703        0.792769
FIRE:  5744 19:37:31   -20078.228516        0.744806
FIRE:  5745 19:37:31   -20078.214844        0.651524
FIRE:  5746 19:37:31   -20078.220703        0.517393
FIRE:  5747 19:37:32   -20078.216797        0.349923
FIRE:  5748 19:37:32   -20078.226562        0.160711
FIRE:  5749 19:37:32   -20078.214844        0.130761
FIRE:  5750 19:37:33   -20078.230469        0.229359
FIRE:  5751 19:37:33   -20078.230469        0.367362
FIRE:  5752 19:37:33   -20078.232422        0.448024
FIRE:  5753 19:37:34   -20078.234375        0.449822
FIRE:  5754 19:37:34   -20078.230469        0.358156
FIRE:  5755 19:37:35   -20078.234375        0.175836
FIRE:  5756 19:37:35   -20078.232422        0.131420
FIRE:  5757 19:37:35   -20078.238281        0.283703
FIRE:  5758 19:37:36   -20078.255859        0.349964
FIRE:  5759 19:37:36   -20078.257812        0.233030
FIRE:  5760 19:37:36   -20078.267578        0.132238
FIRE:  5761 19:37:37   -20078.291016        0.299662
FIRE:  5762 19:37:37   -20078.283203        0.231686
FIRE:  5763 19:37:37   -20078.285156        0.141297
FIRE:  5764 19:37:38   -20078.275391        0.277688
FIRE:  5765 19:37:38   -20078.285156        0.132958
FIRE:  5766 19:37:38   -20078.310547        0.257179
FIRE:  5767 19:37:39   -20078.355469        0.252078
FIRE:  5768 19:37:39   -20078.378906        0.131664
FIRE:  5769 19:37:39   -20078.423828        0.156984
FIRE:  5770 19:37:40   -20078.462891        0.469672
FIRE:  5771 19:37:40   -20078.537109        1.354373
FIRE:  5772 19:37:40   -20078.498047        3.205210
FIRE:  5773 19:37:41   -20078.589844        0.368611
FIRE:  5774 19:37:41   -20078.507812        4.123794
FIRE:  5775 19:37:41   -20078.566406        2.620525
FIRE:  5776 19:37:42   -20078.607422        0.494705
FIRE:  5777 19:37:42   -20078.597656        1.385362
FIRE:  5778 19:37:42   -20078.601562        1.303827
FIRE:  5779 19:37:43   -20078.605469        1.143492
FIRE:  5780 19:37:43   -20078.599609        0.910020
FIRE:  5781 19:37:43   -20078.597656        0.613309
FIRE:  5782 19:37:44   -20078.617188        0.269375
FIRE:  5783 19:37:44   -20078.601562        0.137692
FIRE:  5784 19:37:44   -20078.599609        0.437402
FIRE:  5785 19:37:45   -20078.595703        0.429853
FIRE:  5786 19:37:45   -20078.601562        0.414974
FIRE:  5787 19:37:45   -20078.597656        0.392830
FIRE:  5788 19:37:46   -20078.593750        0.364055
FIRE:  5789 19:37:46   -20078.607422        0.329258
FIRE:  5790 19:37:46   -20078.611328        0.289546
FIRE:  5791 19:37:47   -20078.601562        0.245715
FIRE:  5792 19:37:47   -20078.607422        0.193571
FIRE:  5793 19:37:47   -20078.615234        0.137172
FIRE:  5794 19:37:48   -20078.619141        0.137081
FIRE:  5795 19:37:48   -20078.617188        0.136999
FIRE:  5796 19:37:49   -20078.615234        0.136830
FIRE:  5797 19:37:49   -20078.619141        0.153699
FIRE:  5798 19:37:49   -20078.615234        0.194909
FIRE:  5799 19:37:50   -20078.621094        0.211738
FIRE:  5800 19:37:50   -20078.628906        0.197020
FIRE:  5801 19:37:50   -20078.615234        0.146720
FIRE:  5802 19:37:51   -20078.626953        0.134740
FIRE:  5803 19:37:51   -20078.626953        0.133998
FIRE:  5804 19:37:51   -20078.626953        0.145097
FIRE:  5805 19:37:52   -20078.648438        0.169906
FIRE:  5806 19:37:52   -20078.638672        0.132978
FIRE:  5807 19:37:52   -20078.660156        0.133056
FIRE:  5808 19:37:53   -20078.648438        0.138144
FIRE:  5809 19:37:53   -20078.654297        0.133136
FIRE:  5810 19:37:53   -20078.662109        0.133061
FIRE:  5811 19:37:54   -20078.679688        0.145413
FIRE:  5812 19:37:54   -20078.705078        0.132295
FIRE:  5813 19:37:54   -20078.718750        0.145259
FIRE:  5814 19:37:55   -20078.748047        0.129359
FIRE:  5815 19:37:55   -20078.765625        0.132280
FIRE:  5816 19:37:55   -20078.791016        0.202132
FIRE:  5817 19:37:56   -20078.845703        0.276431
FIRE:  5818 19:37:56   -20078.847656        0.512811
FIRE:  5819 19:37:56   -20078.892578        1.292863
FIRE:  5820 19:37:57   -20078.927734        2.986163
FIRE:  5821 19:37:57   -20078.980469        0.344909
FIRE:  5822 19:37:57   -20078.912109        3.710538
FIRE:  5823 19:37:58   -20078.951172        2.411800
FIRE:  5824 19:37:58   -20078.982422        0.529829
FIRE:  5825 19:37:58   -20078.978516        1.197531
FIRE:  5826 19:37:59   -20078.980469        1.126959
FIRE:  5827 19:37:59   -20078.978516        0.988574
FIRE:  5828 19:37:59   -20078.976562        0.787568
FIRE:  5829 19:38:00   -20078.984375        0.533321
FIRE:  5830 19:38:00   -20078.992188        0.240595
FIRE:  5831 19:38:00   -20078.996094        0.098167
FIRE:  5832 19:38:01   -20078.988281        0.364780
FIRE:  5833 19:38:01   -20078.988281        0.358765
FIRE:  5834 19:38:01   -20078.988281        0.346514
FIRE:  5835 19:38:02   -20078.986328        0.328774
FIRE:  5836 19:38:02   -20078.984375        0.305524
FIRE:  5837 19:38:03   -20078.994141        0.277696
FIRE:  5838 19:38:03   -20078.992188        0.245362
FIRE:  5839 19:38:03   -20078.994141        0.209875
FIRE:  5840 19:38:04   -20078.988281        0.167685
FIRE:  5841 19:38:04   -20078.990234        0.119260
FIRE:  5842 19:38:04   -20078.994141        0.098088
FIRE:  5843 19:38:05   -20078.998047        0.098080
FIRE:  5844 19:38:05   -20078.996094        0.098061
FIRE:  5845 19:38:05   -20078.996094        0.125642
FIRE:  5846 19:38:06   -20078.998047        0.161614
FIRE:  5847 19:38:06   -20078.990234        0.177771
FIRE:  5848 19:38:06   -20078.998047        0.168262
FIRE:  5849 19:38:07   -20078.992188        0.129039
FIRE:  5850 19:38:07   -20078.998047        0.097815
FIRE:  5851 19:38:07   -20079.009766        0.097723
FIRE:  5852 19:38:08   -20079.013672        0.119225
FIRE:  5853 19:38:08   -20079.029297        0.144286
FIRE:  5854 19:38:08   -20079.042969        0.102749
FIRE:  5855 19:38:09   -20079.042969        0.097051
FIRE:  5856 19:38:09   -20079.041016        0.113785
FIRE:  5857 19:38:09   -20079.054688        0.114184
FIRE:  5858 19:38:10   -20079.060547        0.095648
FIRE:  5859 19:38:10   -20079.058594        0.121996
FIRE:  5860 19:38:10   -20079.080078        0.093437
FIRE:  5861 19:38:11   -20079.093750        0.120864
FIRE:  5862 19:38:11   -20079.117188        0.091961
FIRE:  5863 19:38:11   -20079.142578        0.125231
FIRE:  5864 19:38:12   -20079.162109        0.163875
FIRE:  5865 19:38:12   -20079.173828        0.199726
FIRE:  5866 19:38:12   -20079.197266        0.361393
FIRE:  5867 19:38:13   -20079.277344        0.968841
FIRE:  5868 19:38:13   -20079.300781        2.418367
FIRE:  5869 19:38:13   -20079.341797        0.219323
FIRE:  5870 19:38:14   -20079.312500        2.785923
FIRE:  5871 19:38:14   -20079.330078        1.880697
FIRE:  5872 19:38:14   -20079.363281        0.506263
FIRE:  5873 19:38:15   -20079.349609        0.841543
FIRE:  5874 19:38:15   -20079.339844        0.791011
FIRE:  5875 19:38:15   -20079.355469        0.692756
FIRE:  5876 19:38:16   -20079.355469        0.550957
FIRE:  5877 19:38:16   -20079.361328        0.374031
FIRE:  5878 19:38:17   -20079.357422        0.173593
FIRE:  5879 19:38:17   -20079.361328        0.140274
FIRE:  5880 19:38:17   -20079.367188        0.244230
FIRE:  5881 19:38:18   -20079.355469        0.391543
FIRE:  5882 19:38:18   -20079.357422        0.477740
FIRE:  5883 19:38:18   -20079.365234        0.480081
FIRE:  5884 19:38:19   -20079.371094        0.383157
FIRE:  5885 19:38:19   -20079.380859        0.190285
FIRE:  5886 19:38:19   -20079.375000        0.144242
FIRE:  5887 19:38:20   -20079.371094        0.301370
FIRE:  5888 19:38:20   -20079.376953        0.373038
FIRE:  5889 19:38:20   -20079.392578        0.251392
FIRE:  5890 19:38:21   -20079.400391        0.150884
FIRE:  5891 19:38:21   -20079.402344        0.318403
FIRE:  5892 19:38:21   -20079.421875        0.251422
FIRE:  5893 19:38:22   -20079.417969        0.161228
FIRE:  5894 19:38:22   -20079.449219        0.298418
FIRE:  5895 19:38:22   -20079.455078        0.173118
FIRE:  5896 19:38:23   -20079.476562        0.283344
FIRE:  5897 19:38:23   -20079.503906        0.256164
FIRE:  5898 19:38:23   -20079.535156        0.204215
FIRE:  5899 19:38:24   -20079.574219        0.220501
FIRE:  5900 19:38:24   -20079.628906        0.581037
FIRE:  5901 19:38:24   -20079.707031        1.553855
FIRE:  5902 19:38:25   -20079.669922        3.523399
FIRE:  5903 19:38:25   -20079.781250        0.503565
FIRE:  5904 19:38:25   -20079.687500        4.652061
FIRE:  5905 19:38:26   -20079.755859        2.907120
FIRE:  5906 19:38:26   -20079.800781        0.497481
FIRE:  5907 19:38:26   -20079.789062        1.564782
FIRE:  5908 19:38:27   -20079.794922        1.474635
FIRE:  5909 19:38:27   -20079.796875        1.296761
FIRE:  5910 19:38:27   -20079.796875        1.036737
FIRE:  5911 19:38:28   -20079.802734        0.704713
FIRE:  5912 19:38:28   -20079.810547        0.317004
FIRE:  5913 19:38:28   -20079.808594        0.200889
FIRE:  5914 19:38:29   -20079.806641        0.489107
FIRE:  5915 19:38:29   -20079.806641        0.480424
FIRE:  5916 19:38:29   -20079.806641        0.463680
FIRE:  5917 19:38:30   -20079.810547        0.438727
FIRE:  5918 19:38:30   -20079.804688        0.406673
FIRE:  5919 19:38:31   -20079.804688        0.367637
FIRE:  5920 19:38:31   -20079.802734        0.323066
FIRE:  5921 19:38:31   -20079.804688        0.273999
FIRE:  5922 19:38:32   -20079.798828        0.215671
FIRE:  5923 19:38:32   -20079.800781        0.199369
FIRE:  5924 19:38:32   -20079.812500        0.199100
FIRE:  5925 19:38:33   -20079.806641        0.198745
FIRE:  5926 19:38:33   -20079.802734        0.198300
FIRE:  5927 19:38:33   -20079.804688        0.197736
FIRE:  5928 19:38:34   -20079.808594        0.217055
FIRE:  5929 19:38:34   -20079.818359        0.235472
FIRE:  5930 19:38:34   -20079.816406        0.218884
FIRE:  5931 19:38:35   -20079.824219        0.193765
FIRE:  5932 19:38:35   -20079.822266        0.192071
FIRE:  5933 19:38:35   -20079.832031        0.189910
FIRE:  5934 19:38:36   -20079.835938        0.187142
FIRE:  5935 19:38:36   -20079.849609        0.189029
FIRE:  5936 19:38:36   -20079.855469        0.179019
FIRE:  5937 19:38:37   -20079.867188        0.173057
FIRE:  5938 19:38:37   -20079.869141        0.165241
FIRE:  5939 19:38:37   -20079.878906        0.154959
FIRE:  5940 19:38:38   -20079.890625        0.141431
FIRE:  5941 19:38:38   -20079.900391        0.161894
FIRE:  5942 19:38:38   -20079.921875        0.117414
FIRE:  5943 19:38:39   -20079.937500        0.162423
FIRE:  5944 19:38:39   -20079.962891        0.108922
FIRE:  5945 19:38:39   -20079.988281        0.125789
FIRE:  5946 19:38:40   -20080.046875        0.226854
FIRE:  5947 19:38:40   -20080.060547        0.345264
FIRE:  5948 19:38:40   -20080.105469        0.633990
FIRE:  5949 19:38:41   -20080.152344        1.489190
FIRE:  5950 19:38:41   -20080.142578        3.259109
FIRE:  5951 19:38:41   -20080.242188        0.447567
FIRE:  5952 19:38:42   -20080.138672        4.153214
FIRE:  5953 19:38:42   -20080.187500        2.661936
FIRE:  5954 19:38:42   -20080.218750        0.542842
FIRE:  5955 19:38:43   -20080.226562        1.351358
FIRE:  5956 19:38:43   -20080.230469        1.272953
FIRE:  5957 19:38:43   -20080.218750        1.118815
FIRE:  5958 19:38:44   -20080.216797        0.894536
FIRE:  5959 19:38:44   -20080.228516        0.609135
FIRE:  5960 19:38:45   -20080.224609        0.278284
FIRE:  5961 19:38:45   -20080.238281        0.102637
FIRE:  5962 19:38:45   -20080.234375        0.411346
FIRE:  5963 19:38:46   -20080.240234        0.404253
FIRE:  5964 19:38:46   -20080.224609        0.390285
FIRE:  5965 19:38:46   -20080.244141        0.370232
FIRE:  5966 19:38:47   -20080.230469        0.343764
FIRE:  5967 19:38:47   -20080.240234        0.311960
FIRE:  5968 19:38:47   -20080.246094        0.275360
FIRE:  5969 19:38:48   -20080.230469        0.234982
FIRE:  5970 19:38:48   -20080.242188        0.187082
FIRE:  5971 19:38:48   -20080.234375        0.132011
FIRE:  5972 19:38:49   -20080.251953        0.098522
FIRE:  5973 19:38:49   -20080.253906        0.098546
FIRE:  5974 19:38:49   -20080.248047        0.098572
FIRE:  5975 19:38:50   -20080.242188        0.142369
FIRE:  5976 19:38:50   -20080.250000        0.182218
FIRE:  5977 19:38:50   -20080.240234        0.199797
FIRE:  5978 19:38:51   -20080.244141        0.188319
FIRE:  5979 19:38:51   -20080.242188        0.144000
FIRE:  5980 19:38:51   -20080.234375        0.098697
FIRE:  5981 19:38:52   -20080.236328        0.098657
FIRE:  5982 19:38:52   -20080.228516        0.133855
FIRE:  5983 19:38:52   -20080.234375        0.161784
FIRE:  5984 19:38:53   -20080.267578        0.114066
FIRE:  5985 19:38:53   -20080.279297        0.097691
FIRE:  5986 19:38:53   -20080.292969        0.127642
FIRE:  5987 19:38:54   -20080.314453        0.126821
FIRE:  5988 19:38:54   -20080.328125        0.094892
FIRE:  5989 19:38:54   -20080.330078        0.136780
FIRE:  5990 19:38:55   -20080.353516        0.091004
FIRE:  5991 19:38:55   -20080.365234        0.135719
FIRE:  5992 19:38:55   -20080.359375        0.084110
FIRE:  5993 19:38:56   -20080.386719        0.137031
FIRE:  5994 19:38:56   -20080.394531        0.184919
FIRE:  5995 19:38:56   -20080.462891        0.226088
FIRE:  5996 19:38:57   -20080.470703        0.399563
FIRE:  5997 19:38:57   -20080.503906        1.019713
FIRE:  5998 19:38:57   -20080.515625        2.453684
FIRE:  5999 19:38:58   -20080.570312        0.225555
FIRE:  6000 19:38:58   -20080.511719        2.852467
FIRE:  6001 19:38:58   -20080.541016        1.921133
FIRE:  6002 19:38:59   -20080.566406        0.510929
FIRE:  6003 19:38:59   -20080.572266        0.867921
FIRE:  6004 19:38:59   -20080.570312        0.815965
FIRE:  6005 19:39:00   -20080.564453        0.714330
FIRE:  6006 19:39:00   -20080.566406        0.568299
FIRE:  6007 19:39:01   -20080.566406        0.385464
FIRE:  6008 19:39:01   -20080.560547        0.177705
FIRE:  6009 19:39:01   -20080.578125        0.095725
FIRE:  6010 19:39:02   -20080.566406        0.255223
FIRE:  6011 19:39:02   -20080.576172        0.406843
FIRE:  6012 19:39:02   -20080.568359        0.495713
FIRE:  6013 19:39:03   -20080.589844        0.499242
FIRE:  6014 19:39:03   -20080.572266        0.402054
FIRE:  6015 19:39:03   -20080.585938        0.205568
FIRE:  6016 19:39:04   -20080.578125        0.098734
FIRE:  6017 19:39:04   -20080.585938        0.303758
FIRE:  6018 19:39:04   -20080.595703        0.385848
FIRE:  6019 19:39:05   -20080.587891        0.273450
FIRE:  6020 19:39:05   -20080.601562        0.104006
FIRE:  6021 19:39:05   -20080.591797        0.318491
FIRE:  6022 19:39:06   -20080.599609        0.278569
FIRE:  6023 19:39:06   -20080.613281        0.116652
FIRE:  6024 19:39:06   -20080.652344        0.311185
FIRE:  6025 19:39:07   -20080.679688        0.117799
FIRE:  6026 19:39:07   -20080.673828        0.314468
FIRE:  6027 19:39:07   -20080.705078        0.208461
FIRE:  6028 19:39:08   -20080.710938        0.108338
FIRE:  6029 19:39:08   -20080.750000        0.337583
FIRE:  6030 19:39:08   -20080.785156        0.735011
FIRE:  6031 19:39:09   -20080.812500        1.651396
FIRE:  6032 19:39:09   -20080.830078        0.085849
FIRE:  6033 19:39:09   -20080.810547        1.276699
FIRE:  6034 19:39:10   -20080.820312        1.022871
FIRE:  6035 19:39:10   -20080.820312        0.547585
FIRE:  6036 19:39:10   -20080.839844        0.101947
FIRE:  6037 19:39:11   -20080.826172        0.651924
FIRE:  6038 19:39:11   -20080.839844        0.613728
FIRE:  6039 19:39:11   -20080.826172        0.539439
FIRE:  6040 19:39:12   -20080.830078        0.434851
FIRE:  6041 19:39:12   -20080.824219        0.307792
FIRE:  6042 19:39:12   -20080.832031        0.167553
FIRE:  6043 19:39:13   -20080.833984        0.080160
FIRE:  6044 19:39:13   -20080.833984        0.130937
FIRE:  6045 19:39:13   -20080.835938        0.238988
FIRE:  6046 19:39:14   -20080.833984        0.314095
FIRE:  6047 19:39:14   -20080.837891        0.342067
FIRE:  6048 19:39:15   -20080.847656        0.311626
FIRE:  6049 19:39:15   -20080.851562        0.215662
FIRE:  6050 19:39:15   -20080.847656        0.081072
FIRE:  6051 19:39:16   -20080.839844        0.144810
FIRE:  6052 19:39:16   -20080.837891        0.261638
FIRE:  6053 19:39:16   -20080.855469        0.251706
FIRE:  6054 19:39:17   -20080.845703        0.095797
FIRE:  6055 19:39:17   -20080.861328        0.152994
FIRE:  6056 19:39:17   -20080.861328        0.239033
FIRE:  6057 19:39:18   -20080.871094        0.086703
FIRE:  6058 19:39:18   -20080.888672        0.202660
FIRE:  6059 19:39:18   -20080.882812        0.155159
FIRE:  6060 19:39:19   -20080.886719        0.202945
FIRE:  6061 19:39:19   -20080.910156        0.090675
FIRE:  6062 19:39:19   -20080.929688        0.285214
FIRE:  6063 19:39:20   -20080.974609        0.286379
FIRE:  6064 19:39:20   -20080.988281        0.266822
FIRE:  6065 19:39:20   -20081.041016        0.434933
FIRE:  6066 19:39:21   -20081.085938        1.174641
FIRE:  6067 19:39:21   -20081.058594        2.962051
FIRE:  6068 19:39:21   -20081.142578        0.164700
FIRE:  6069 19:39:22   -20081.058594        3.792953
FIRE:  6070 19:39:22   -20081.101562        2.390634
FIRE:  6071 19:39:22   -20081.140625        0.400321
FIRE:  6072 19:39:23   -20081.126953        1.365849
FIRE:  6073 19:39:23   -20081.121094        1.282504
FIRE:  6074 19:39:23   -20081.125000        1.118411
FIRE:  6075 19:39:24   -20081.142578        0.880076
FIRE:  6076 19:39:24   -20081.136719        0.577463
FIRE:  6077 19:39:24   -20081.136719        0.228313
FIRE:  6078 19:39:25   -20081.136719        0.167914
FIRE:  6079 19:39:25   -20081.144531        0.165086
FIRE:  6080 19:39:25   -20081.140625        0.159615
FIRE:  6081 19:39:26   -20081.142578        0.151441
FIRE:  6082 19:39:26   -20081.140625        0.141181
FIRE:  6083 19:39:26   -20081.140625        0.128706
FIRE:  6084 19:39:27   -20081.146484        0.114120
FIRE:  6085 19:39:27   -20081.140625        0.103658
FIRE:  6086 19:39:27   -20081.126953        0.103653
FIRE:  6087 19:39:28   -20081.138672        0.103649
FIRE:  6088 19:39:28   -20081.126953        0.103642
FIRE:  6089 19:39:28   -20081.148438        0.103647
FIRE:  6090 19:39:29   -20081.138672        0.103641
FIRE:  6091 19:39:29   -20081.140625        0.103626
FIRE:  6092 19:39:30   -20081.142578        0.103623
FIRE:  6093 19:39:30   -20081.136719        0.103615
FIRE:  6094 19:39:30   -20081.138672        0.103608
FIRE:  6095 19:39:31   -20081.150391        0.103587
FIRE:  6096 19:39:31   -20081.150391        0.103582
FIRE:  6097 19:39:31   -20081.150391        0.103554
FIRE:  6098 19:39:32   -20081.146484        0.103519
FIRE:  6099 19:39:32   -20081.148438        0.103484
FIRE:  6100 19:39:32   -20081.154297        0.103416
FIRE:  6101 19:39:33   -20081.164062        0.103319
FIRE:  6102 19:39:33   -20081.177734        0.103171
FIRE:  6103 19:39:33   -20081.171875        0.102950
FIRE:  6104 19:39:34   -20081.191406        0.102633
FIRE:  6105 19:39:34   -20081.187500        0.102143
FIRE:  6106 19:39:34   -20081.193359        0.101437
FIRE:  6107 19:39:35   -20081.212891        0.100377
FIRE:  6108 19:39:35   -20081.226562        0.098865
FIRE:  6109 19:39:35   -20081.242188        0.096711
FIRE:  6110 19:39:36   -20081.253906        0.093708
FIRE:  6111 19:39:36   -20081.296875        0.131641
FIRE:  6112 19:39:36   -20081.343750        0.324657
FIRE:  6113 19:39:37   -20081.357422        1.024640
FIRE:  6114 19:39:37   -20081.367188        2.685050
FIRE:  6115 19:39:37   -20081.429688        0.141115
FIRE:  6116 19:39:38   -20081.365234        3.296909
FIRE:  6117 19:39:38   -20081.400391        2.132782
FIRE:  6118 19:39:38   -20081.417969        0.431357
FIRE:  6119 19:39:39   -20081.425781        1.143169
FIRE:  6120 19:39:39   -20081.427734        1.072741
FIRE:  6121 19:39:39   -20081.427734        0.935298
FIRE:  6122 19:39:40   -20081.431641        0.735903
FIRE:  6123 19:39:40   -20081.429688        0.484727
FIRE:  6124 19:39:40   -20081.431641        0.197146
FIRE:  6125 19:39:41   -20081.441406        0.131394
FIRE:  6126 19:39:41   -20081.439453        0.384965
FIRE:  6127 19:39:41   -20081.435547        0.378430
FIRE:  6128 19:39:42   -20081.439453        0.365158
FIRE:  6129 19:39:42   -20081.441406        0.345603
FIRE:  6130 19:39:42   -20081.443359        0.319940
FIRE:  6131 19:39:43   -20081.441406        0.289273
FIRE:  6132 19:39:43   -20081.445312        0.254059
FIRE:  6133 19:39:43   -20081.445312        0.215029
FIRE:  6134 19:39:44   -20081.451172        0.169021
FIRE:  6135 19:39:44   -20081.445312        0.116040
FIRE:  6136 19:39:45   -20081.447266        0.069616
FIRE:  6137 19:39:45   -20081.445312        0.069577
FIRE:  6138 19:39:45   -20081.445312        0.092728
FIRE:  6139 19:39:46   -20081.443359        0.142237
FIRE:  6140 19:39:46   -20081.447266        0.176777
FIRE:  6141 19:39:46   -20081.441406        0.189242
FIRE:  6142 19:39:47   -20081.435547        0.173803
FIRE:  6143 19:39:47   -20081.445312        0.127137
FIRE:  6144 19:39:47   -20081.449219        0.068931
FIRE:  6145 19:39:48   -20081.437500        0.068747
FIRE:  6146 19:39:48   -20081.443359        0.134383
FIRE:  6147 19:39:48   -20081.445312        0.150895
FIRE:  6148 19:39:49   -20081.447266        0.096319
FIRE:  6149 19:39:49   -20081.453125        0.067578
FIRE:  6150 19:39:49   -20081.482422        0.127902
FIRE:  6151 19:39:50   -20081.486328        0.110343
FIRE:  6152 19:39:50   -20081.480469        0.065854
FIRE:  6153 19:39:50   -20081.488281        0.130329
FIRE:  6154 19:39:51   -20081.488281        0.063960
FIRE:  6155 19:39:51   -20081.496094        0.130878
FIRE:  6156 19:39:51   -20081.517578        0.064356
FIRE:  6157 19:39:52   -20081.537109        0.105591
FIRE:  6158 19:39:52   -20081.562500        0.177453
FIRE:  6159 19:39:52   -20081.570312        0.254438
FIRE:  6160 19:39:53   -20081.582031        0.471097
FIRE:  6161 19:39:53   -20081.644531        1.157496
FIRE:  6162 19:39:53   -20081.617188        2.725458
FIRE:  6163 19:39:54   -20081.703125        0.201966
FIRE:  6164 19:39:54   -20081.613281        3.350731
FIRE:  6165 19:39:54   -20081.679688        2.182677
FIRE:  6166 19:39:55   -20081.689453        0.471027
FIRE:  6167 19:39:55   -20081.685547        1.121995
FIRE:  6168 19:39:55   -20081.687500        1.054169
FIRE:  6169 19:39:56   -20081.691406        0.920775
FIRE:  6170 19:39:56   -20081.697266        0.727931
FIRE:  6171 19:39:56   -20081.691406        0.484913
FIRE:  6172 19:39:57   -20081.699219        0.206123
FIRE:  6173 19:39:57   -20081.689453        0.113107
FIRE:  6174 19:39:57   -20081.699219        0.362663
FIRE:  6175 19:39:58   -20081.697266        0.356495
FIRE:  6176 19:39:58   -20081.683594        0.344067
FIRE:  6177 19:39:58   -20081.695312        0.326174
FIRE:  6178 19:39:59   -20081.689453        0.302588
FIRE:  6179 19:39:59   -20081.693359        0.274305
FIRE:  6180 19:40:00   -20081.699219        0.241692
FIRE:  6181 19:40:00   -20081.693359        0.205481
FIRE:  6182 19:40:00   -20081.695312        0.162905
FIRE:  6183 19:40:01   -20081.691406        0.113776
FIRE:  6184 19:40:01   -20081.693359        0.086955
FIRE:  6185 19:40:01   -20081.695312        0.086930
FIRE:  6186 19:40:02   -20081.705078        0.086886
FIRE:  6187 19:40:02   -20081.710938        0.130361
FIRE:  6188 19:40:02   -20081.703125        0.164201
FIRE:  6189 19:40:03   -20081.728516        0.178062
FIRE:  6190 19:40:03   -20081.722656        0.165655
FIRE:  6191 19:40:03   -20081.716797        0.124168
FIRE:  6192 19:40:04   -20081.716797        0.086451
FIRE:  6193 19:40:04   -20081.714844        0.086283
FIRE:  6194 19:40:04   -20081.712891        0.123038
FIRE:  6195 19:40:05   -20081.718750        0.143301
FIRE:  6196 19:40:05   -20081.720703        0.096527
FIRE:  6197 19:40:05   -20081.734375        0.085185
FIRE:  6198 19:40:06   -20081.757812        0.117457
FIRE:  6199 19:40:06   -20081.730469        0.109178
FIRE:  6200 19:40:06   -20081.753906        0.083363
FIRE:  6201 19:40:07   -20081.759766        0.122807
FIRE:  6202 19:40:07   -20081.757812        0.081013
FIRE:  6203 19:40:07   -20081.763672        0.123016
FIRE:  6204 19:40:08   -20081.800781        0.077179
FIRE:  6205 19:40:08   -20081.820312        0.111803
FIRE:  6206 19:40:08   -20081.828125        0.169273
FIRE:  6207 19:40:09   -20081.865234        0.228726
FIRE:  6208 19:40:09   -20081.890625        0.419455
FIRE:  6209 19:40:09   -20081.921875        1.042403
FIRE:  6210 19:40:10   -20081.925781        2.477253
FIRE:  6211 19:40:10   -20081.974609        0.182289
FIRE:  6212 19:40:10   -20081.929688        2.934431
FIRE:  6213 19:40:11   -20081.939453        1.953466
FIRE:  6214 19:40:11   -20081.957031        0.481343
FIRE:  6215 19:40:11   -20081.976562        0.937192
FIRE:  6216 19:40:12   -20081.957031        0.880457
FIRE:  6217 19:40:12   -20081.947266        0.769347
FIRE:  6218 19:40:12   -20081.960938        0.608917
FIRE:  6219 19:40:13   -20081.951172        0.408008
FIRE:  6220 19:40:13   -20081.951172        0.178758
FIRE:  6221 19:40:13   -20081.972656        0.085991
FIRE:  6222 19:40:14   -20081.958984        0.290902
FIRE:  6223 19:40:14   -20081.953125        0.286260
FIRE:  6224 19:40:14   -20081.960938        0.276695
FIRE:  6225 19:40:15   -20081.960938        0.262617
FIRE:  6226 19:40:15   -20081.958984        0.244238
FIRE:  6227 19:40:15   -20081.945312        0.222357
FIRE:  6228 19:40:16   -20081.966797        0.196823
FIRE:  6229 19:40:16   -20081.958984        0.168734
FIRE:  6230 19:40:17   -20081.964844        0.135278
FIRE:  6231 19:40:17   -20081.964844        0.097029
FIRE:  6232 19:40:17   -20081.972656        0.072844
FIRE:  6233 19:40:18   -20081.951172        0.072872
FIRE:  6234 19:40:18   -20081.955078        0.072900
FIRE:  6235 19:40:18   -20081.982422        0.101860
FIRE:  6236 19:40:19   -20081.974609        0.130485
FIRE:  6237 19:40:19   -20081.951172        0.143391
FIRE:  6238 19:40:19   -20081.957031        0.135568
FIRE:  6239 19:40:20   -20081.968750        0.104242
FIRE:  6240 19:40:20   -20081.962891        0.073298
FIRE:  6241 19:40:20   -20081.974609        0.073424
FIRE:  6242 19:40:21   -20081.984375        0.096827
FIRE:  6243 19:40:21   -20081.994141        0.116204
FIRE:  6244 19:40:21   -20081.968750        0.083029
FIRE:  6245 19:40:22   -20081.986328        0.074243
FIRE:  6246 19:40:22   -20082.009766        0.092532
FIRE:  6247 19:40:22   -20082.007812        0.092508
FIRE:  6248 19:40:23   -20082.000000        0.075377
FIRE:  6249 19:40:23   -20082.013672        0.098795
FIRE:  6250 19:40:23   -20082.023438        0.076516
FIRE:  6251 19:40:24   -20082.005859        0.097708
FIRE:  6252 19:40:24   -20082.025391        0.078082
FIRE:  6253 19:40:24   -20082.060547        0.098845
FIRE:  6254 19:40:25   -20082.083984        0.130857
FIRE:  6255 19:40:25   -20082.099609        0.162600
FIRE:  6256 19:40:25   -20082.132812        0.300426
FIRE:  6257 19:40:26   -20082.177734        0.812717
FIRE:  6258 19:40:26   -20082.197266        2.073757
FIRE:  6259 19:40:26   -20082.236328        0.131377
FIRE:  6260 19:40:27   -20082.203125        2.320221
FIRE:  6261 19:40:27   -20082.220703        1.587655
FIRE:  6262 19:40:27   -20082.244141        0.451600
FIRE:  6263 19:40:28   -20082.240234        0.695344
FIRE:  6264 19:40:28   -20082.240234        0.653065
FIRE:  6265 19:40:28   -20082.238281        0.570382
FIRE:  6266 19:40:29   -20082.238281        0.451966
FIRE:  6267 19:40:29   -20082.240234        0.304334
FIRE:  6268 19:40:29   -20082.242188        0.138230
FIRE:  6269 19:40:30   -20082.230469        0.088220
FIRE:  6270 19:40:30   -20082.240234        0.205729
FIRE:  6271 19:40:30   -20082.251953        0.324739
FIRE:  6272 19:40:31   -20082.244141        0.393371
FIRE:  6273 19:40:31   -20082.242188        0.393941
FIRE:  6274 19:40:32   -20082.246094        0.314058
FIRE:  6275 19:40:32   -20082.236328        0.156323
FIRE:  6276 19:40:32   -20082.244141        0.088787
FIRE:  6277 19:40:33   -20082.244141        0.248588
FIRE:  6278 19:40:33   -20082.253906        0.307646
FIRE:  6279 19:40:33   -20082.259766        0.207571
FIRE:  6280 19:40:34   -20082.251953        0.089719
FIRE:  6281 19:40:34   -20082.265625        0.260518
FIRE:  6282 19:40:34   -20082.263672        0.207576
FIRE:  6283 19:40:35   -20082.257812        0.117519
FIRE:  6284 19:40:35   -20082.277344        0.244525
FIRE:  6285 19:40:35   -20082.285156        0.092632
FIRE:  6286 19:40:36   -20082.314453        0.229661
FIRE:  6287 19:40:36   -20082.316406        0.209151
FIRE:  6288 19:40:36   -20082.328125        0.096478
FIRE:  6289 19:40:37   -20082.353516        0.160719
FIRE:  6290 19:40:37   -20082.394531        0.454997
FIRE:  6291 19:40:37   -20082.423828        1.219423
FIRE:  6292 19:40:38   -20082.402344        2.848145
FIRE:  6293 19:40:38   -20082.457031        0.234843
FIRE:  6294 19:40:38   -20082.388672        3.567826
FIRE:  6295 19:40:39   -20082.427734        2.305860
FIRE:  6296 19:40:39   -20082.464844        0.475915
FIRE:  6297 19:40:39   -20082.460938        1.200763
FIRE:  6298 19:40:40   -20082.466797        1.128578
FIRE:  6299 19:40:40   -20082.455078        0.986580
FIRE:  6300 19:40:40   -20082.462891        0.780731
FIRE:  6301 19:40:41   -20082.466797        0.520485
FIRE:  6302 19:40:41   -20082.480469        0.220659
FIRE:  6303 19:40:41   -20082.488281        0.118055
FIRE:  6304 19:40:42   -20082.482422        0.387868
FIRE:  6305 19:40:42   -20082.482422        0.381018
FIRE:  6306 19:40:42   -20082.478516        0.367917
FIRE:  6307 19:40:43   -20082.484375        0.348017
FIRE:  6308 19:40:43   -20082.482422        0.322911
FIRE:  6309 19:40:43   -20082.482422        0.292050
FIRE:  6310 19:40:44   -20082.480469        0.256581
FIRE:  6311 19:40:44   -20082.480469        0.217633
FIRE:  6312 19:40:44   -20082.480469        0.171244
FIRE:  6313 19:40:45   -20082.482422        0.117913
FIRE:  6314 19:40:45   -20082.478516        0.106825
FIRE:  6315 19:40:45   -20082.482422        0.106849
FIRE:  6316 19:40:46   -20082.476562        0.106878
FIRE:  6317 19:40:46   -20082.482422        0.138866
FIRE:  6318 19:40:46   -20082.488281        0.175186
FIRE:  6319 19:40:47   -20082.494141        0.189443
FIRE:  6320 19:40:47   -20082.486328        0.176041
FIRE:  6321 19:40:48   -20082.494141        0.130835
FIRE:  6322 19:40:48   -20082.494141        0.107235
FIRE:  6323 19:40:48   -20082.486328        0.107345
FIRE:  6324 19:40:49   -20082.482422        0.129239
FIRE:  6325 19:40:49   -20082.482422        0.151791
FIRE:  6326 19:40:49   -20082.488281        0.107810
FIRE:  6327 19:40:50   -20082.498047        0.108023
FIRE:  6328 19:40:50   -20082.490234        0.122171
FIRE:  6329 19:40:50   -20082.482422        0.116355
FIRE:  6330 19:40:51   -20082.496094        0.108851
FIRE:  6331 19:40:51   -20082.494141        0.128505
FIRE:  6332 19:40:51   -20082.517578        0.109507
FIRE:  6333 19:40:52   -20082.513672        0.128157
FIRE:  6334 19:40:52   -20082.519531        0.109968
FIRE:  6335 19:40:52   -20082.513672        0.124971
FIRE:  6336 19:40:53   -20082.539062        0.174966
FIRE:  6337 19:40:53   -20082.572266        0.216804
FIRE:  6338 19:40:53   -20082.587891        0.380439
FIRE:  6339 19:40:54   -20082.619141        0.948670
FIRE:  6340 19:40:54   -20082.613281        2.302484
FIRE:  6341 19:40:54   -20082.648438        0.137752
FIRE:  6342 19:40:55   -20082.605469        2.674535
FIRE:  6343 19:40:55   -20082.634766        1.794026
FIRE:  6344 19:40:55   -20082.658203        0.457005
FIRE:  6345 19:40:56   -20082.648438        0.847984
FIRE:  6346 19:40:56   -20082.650391        0.796097
FIRE:  6347 19:40:56   -20082.654297        0.694572
FIRE:  6348 19:40:57   -20082.656250        0.548246
FIRE:  6349 19:40:57   -20082.654297        0.365459
FIRE:  6350 19:40:57   -20082.660156        0.157703
FIRE:  6351 19:40:58   -20082.660156        0.090695
FIRE:  6352 19:40:58   -20082.666016        0.262794
FIRE:  6353 19:40:58   -20082.671875        0.258385
FIRE:  6354 19:40:59   -20082.671875        0.249670
FIRE:  6355 19:40:59   -20082.667969        0.237049
FIRE:  6356 19:40:59   -20082.666016        0.220551
FIRE:  6357 19:41:00   -20082.669922        0.200392
FIRE:  6358 19:41:00   -20082.666016        0.177531
FIRE:  6359 19:41:00   -20082.669922        0.152029
FIRE:  6360 19:41:01   -20082.669922        0.121775
FIRE:  6361 19:41:01   -20082.669922        0.090508
FIRE:  6362 19:41:01   -20082.666016        0.090479
FIRE:  6363 19:41:02   -20082.667969        0.090434
FIRE:  6364 19:41:02   -20082.662109        0.090382
FIRE:  6365 19:41:02   -20082.664062        0.090780
FIRE:  6366 19:41:03   -20082.667969        0.116858
FIRE:  6367 19:41:03   -20082.667969        0.128673
FIRE:  6368 19:41:03   -20082.669922        0.121817
FIRE:  6369 19:41:04   -20082.673828        0.093252
FIRE:  6370 19:41:04   -20082.677734        0.089684
FIRE:  6371 19:41:04   -20082.679688        0.089455
FIRE:  6372 19:41:05   -20082.691406        0.089174
FIRE:  6373 19:41:05   -20082.695312        0.103955
FIRE:  6374 19:41:06   -20082.687500        0.088391
FIRE:  6375 19:41:06   -20082.685547        0.087847
FIRE:  6376 19:41:06   -20082.687500        0.087169
FIRE:  6377 19:41:07   -20082.705078        0.086311
FIRE:  6378 19:41:07   -20082.714844        0.085225
FIRE:  6379 19:41:07   -20082.724609        0.088648
FIRE:  6380 19:41:08   -20082.730469        0.082047
FIRE:  6381 19:41:08   -20082.742188        0.088217
FIRE:  6382 19:41:08   -20082.734375        0.076766
FIRE:  6383 19:41:09   -20082.750000        0.085235
FIRE:  6384 19:41:09   -20082.792969        0.120607
FIRE:  6385 19:41:09   -20082.814453        0.160099
FIRE:  6386 19:41:10   -20082.847656        0.306373
FIRE:  6387 19:41:10   -20082.867188        0.810568
FIRE:  6388 19:41:10   -20082.898438        2.019421
FIRE:  6389 19:41:11   -20082.933594        0.118066
FIRE:  6390 19:41:11   -20082.904297        2.255242
FIRE:  6391 19:41:11   -20082.910156        1.545118
FIRE:  6392 19:41:12   -20082.929688        0.440725
FIRE:  6393 19:41:12   -20082.931641        0.674905
FIRE:  6394 19:41:12   -20082.933594        0.633652
FIRE:  6395 19:41:13   -20082.927734        0.553039
FIRE:  6396 19:41:13   -20082.931641        0.437337
FIRE:  6397 19:41:13   -20082.925781        0.293500
FIRE:  6398 19:41:14   -20082.941406        0.131112
FIRE:  6399 19:41:14   -20082.941406        0.055651
FIRE:  6400 19:41:14   -20082.937500        0.199709
FIRE:  6401 19:41:15   -20082.937500        0.315022
FIRE:  6402 19:41:15   -20082.947266        0.381701
FIRE:  6403 19:41:15   -20082.937500        0.382748
FIRE:  6404 19:41:16   -20082.937500        0.306523
FIRE:  6405 19:41:16   -20082.939453        0.154380
FIRE:  6406 19:41:16   -20082.947266        0.066783
FIRE:  6407 19:41:17   -20082.943359        0.236437
FIRE:  6408 19:41:17   -20082.949219        0.298207
FIRE:  6409 19:41:17   -20082.949219        0.206654
FIRE:  6410 19:41:18   -20082.960938        0.049391
